term_dir,docket,rank,source,chunk_index,bm25_top10_distinct,filed_after_argument,filed_after_decision,high_precision_outcome_hits,text_head
term_22,20-1199,1,20210225095533757_Students_Appendix.pdf,408,True,False,False,,App. 223 110–11. Harvard argued at the summary judgment stage that the case had become moot because the SFFA members who the Court found had individual standing were no longer participating in the col
term_22,20-1199,2,20220803133941470_Amicus_Brief_of_Human_Rights_Advocates_and_Human_Rights_First.pdf,38,True,False,False,,"16 Univ. of Tex. at Austin, 579 U.S. 365 (2016) (“Fisher II”): The United States legal system provides for special measures when circumstances so warrant. See the discussion under article 2 below and "
term_22,20-1199,3,20220502150330963_21-707_JA_Vol_1.pdf,183,True,False,False,,"JA250 final conclusion of all appellate proceedings. (Sheets, Jamie) (Entered: 01/03/2022) 01/24/2022 264 SUPREME COURT ORDER. The petition for a writ of certiorari before judgment is granted. The pet"
term_22,20-1199,4,20211209161137461_20-1199_student_for_fair_correction_ltr.pdf,0,True,False,False,,"U.S. Department of Justice Off ice of the Solicitor General Washington, D.C. 20530 December 9, 2021 Honorable Scott S. Harris Clerk Supreme Court of the United States Washington, D.C. 20543 Re: Studen"
term_22,20-1199,5,20210329142437694_Amicus_Brief_for_Cert_Ptn._3.29.21.pdf,0,True,False,False,,"No. 20-1199 In the Supreme Court of the United States _______________ STUDENTS FOR FAIR ADMISSIONS, INC., Petitioner, v. PRESIDENT & FELLOWS OF HARVARD COLLEGE, Respondent. ______________ On Petition "
term_22,20-1199,6,20210225095533757_Students_Appendix.pdf,409,True,False,False,,". C. The Supreme Court and Race-Conscious Admissions Although this Court, as it must, relies principally on the Supreme Court’s most recent guidance as set forth in Fisher II, a brief synopsis of the "
term_22,20-1199,7,20220510094724165_SFFA_v._Harvard_AFL_Amicus.pdf,10,True,False,False,,"David A. Strauss, The Supreme Court 2014 Term Foreword: Does The Constitution Mean What It Says?, 129 Harv. L. Rev. 1 (2015) .................................. 20 Adrian Vermeule, Legislative History "
term_22,20-1199,8,20210330140007559_tsac_Speech_First_20-1199_PDFA.pdf,0,True,False,False,,"No. 20-1199 In the Supreme Court of the United States _____________ STUDENTS FOR FAIR ADMISSIONS, INC., Petitioner, v. PRESIDENT & FELLOWS OF HARVARD COLLEGE, Respondent. _____________ ONPETITIONFORAW"
term_22,20-1199,9,20220801104335076_20-1199_21-707_Amicus_Curiae_Brief.pdf,49,True,False,False,,"occurs.”40 Judge Edward M. Chen, the first Asian American appointed to the United States District Court for the Northern District of California, has observed that “[t]he case for diversity is especial"
term_22,20-1199,10,20220509113423067_2022.05.09_20-1199_Amicus_Brief_of_the_Jewish_Coalition_for_Religious_Liberty.pdf,0,True,False,False,,"NO. 20-1199 IN THE Supreme Court of the United States STUDENTS FOR FAIR ADMISSIONS, INC., Petitioner, v. PRESIDENT & FELLOWS OF HARVARD COLLEGE, Respondent. On Writ of Certiorari to the United States "
term_22,21-1043,1,20220328101630459_21-1043_BIO.pdf,14,True,False,False,,". If this Court believes that clarification of that test is warranted, it should issue that clarification in a case where it would make a difference. At a minimum, it should wait for a case where the "
term_22,21-1043,2,20221227154612615_Prof._Dodge_amicus_brief_--_Abitron_v._Hetronic_--_No._21-1043.pdf,0,True,False,False,,"No. 21-1043 IN THE Supreme Court of the United States __________ ABITRON AUSTRIA GMBH, ET AL., Petitioners, v. HETRONIC INTERNATIONAL, INC., Respondent. __________ On Writ of Certiorari to the United "
term_22,21-1043,3,20221227154119470_21-1043_Brief.pdf,0,True,False,False,,"NO. 21-1043 In the Supreme Court of the United States ________________ ABITRON AUSTRIA GMBH, ET AL., Petitioners, v. HETRONIC INTERNATIONAL, INC. Respondent. ________________ On Writ of Certiorari to "
term_22,21-1043,4,20221219183705310_Abitron_-_Brief_for_Petitioners.pdf,0,True,False,False,,"No. 21-1043 IN THE Supreme Court of the United States ———— ABITRON AUSTRIA GMBH, ET AL., Petitioners, v. HETRONIC INTERNATIONAL, INC., Respondent. ———— On Writ of Certiorari to the United States Court"
term_22,21-1043,5,20221227154841716_2022-12-26_AIPLA_Abitron_Amicus_Brief.pdf,0,True,False,False,,"No. 21-1043 IN THE Supreme Court of the United States ____________________ ABITRON AUSTRIA GMBH, et al., Petitioners, v. HETRONIC INTERNATIONAL, INC., Respondent. ____________________ On Writ Of Certi"
term_22,21-1043,6,20221219183705310_Abitron_-_Brief_for_Petitioners.pdf,19,True,False,False,,"xvi TABLE OF AUTHORITIES—Continued Page(s) R. Rayle, The Trend Towards Enhancing Trademark Owners’ Rights—A Comparative Study of U.S. and German Trademark Law, 7 J. Intell. Prop. L. 227 (2000) ......."
term_22,21-1043,7,20221227173944587_21-1043_Abitron_v._Hetronic_FINAL.pdf,10,True,False,False,,"In the Supreme Court of the United States No. 21-1043 ABITRON AUSTRIA GMBH, ET AL., PETITIONERS v. HETRONIC INTERNATIONAL, INC. ON WRIT OF CERTIORARI TO THE UNITED STATES COURT OF APPEALS FOR THE TENT"
term_22,21-1043,8,20221209170857935_Abitron_-_Letter_Motion_for_Deferred_Joint_Appendix.pdf,0,True,False,False,,"Jeffrey A. Lamken MoloLamken LLP The Watergate, Suite 500 600 New Hampshire Avenue, N.W. Washington, D.C. 20037 T: 202.556.2010 jlamken@mololamken.com www.mololamken.com December 9, 2022 BY FEDEX AND "
term_22,21-1043,9,20221221135922053_File_-_Abitron_Austria_GmbH_v._Hetronic_International_Inc._Amicus_-_21-1_0a0494ac.pdf,0,True,False,False,,"No. 21-1043 IN THE Supreme Court of the United States ___________ ABITRON AUSTRIA GMBH, ET AL., Petitioners, v. HETRONIC INTERNATIONAL, INC., Respondent. _________________________________ On Writ of C"
term_22,21-1043,10,20221227130459110_21-1043_Amicus_Brief.pdf,0,True,False,False,,"No. 21-1043 In the Supreme Court of the United States ABITRON AUSTRIA GMBH, et al., Petitioners, v. HETRONIC INTERNATIONAL, INC., Respondent. On Writ of Certiorari to the United States Court of Appeal"
term_22,21-1052,1,20220126231323297_polansky_--_petition_appendix_--_FILED.pdf,119,True,False,False,,". Id. at 1811-14. The Supreme Court began its discussion by noting that the Medicare Act does not contain a definition for Section 1395hh(a)(2)’s phrase “substantive legal standard,” nor does a defini"
term_22,21-1052,2,20220126231323297_polansky_--_petition_appendix_--_FILED.pdf,122,True,False,False,,65a d. This Court Adopts the District of Columbia Circuit’s Definition of “Substantive Legal Standard” Although Allina did not foreclose the possibility that an interpretive rule could be a “substanti
term_22,21-1052,3,20220902172202408_42670_pdf_Cynkar.pdf,0,True,False,False,,No. 21-1052 ================================================================================================================ In The Supreme Court of the United States ---------------------------------
term_22,21-1052,4,20220126231323297_polansky_--_petition_appendix_--_FILED.pdf,118,True,False,False,,"63a for inpatient status. The 1981 Manual introduced the concept of a 24-hour standard, and the 1989 Manual clearly instructed that a 24-hour period be used as a benchmark (the “24-hour policy”). None"
term_22,21-1052,5,20221024151748348_No._21-1052_AMT_bsac.pdf,0,True,False,False,,"No. 21-1052 In the Supreme Court of the United States UNITED STATES OF AMERICA, EX REL. JESS POLANSKY, M.D., M.P.H., PETITIONER v. EXECUTIVE HEALTH RESOURCES, INC., ET AL. ON WRIT OF CERTIORARI TO THE"
term_22,21-1052,6,20221024111431487_2022-10-24_FINAL_Polansky_SCOTUS_Amicus.pdf,0,True,False,False,,"NO. 21-1052 In the Supreme Court of the United States ________________ UNITED STATES OF AMERICA, ex rel. JESSE POLANSKY, M.D., M.P.H., Petitioner, v. EXECUTIVE HEALTH RESOURCES, INC., et al., Responde"
term_22,21-1052,7,20220126231323297_polansky_--_petition_appendix_--_FILED.pdf,120,True,False,False,,64a The significance of Allina’s distinction between “substantive legal standards” under the Medicare Act and “substantive rules” under the APA is that the Supreme Court explicitly left open the possi
term_22,21-1052,8,20220728225020617_polansky_v._ehr_--_ltr_to_clerk_re_blanket_consent_for_amicus_briefs_--__5098a1f5.pdf,0,True,False,False,,"Daniel L. Geyser Direct Tel.: 303.382.6219 Fax: 303.382.6210 daniel.geyser@haynesboone.com VIA ELECTRONIC FILING July 28, 2022 The Honorable Scott S. Harris, Clerk Supreme Court of the United States O"
term_22,21-1052,9,20220826234222199_21-1052_ts.pdf,10,True,False,False,,"In the Supreme Court of the United States No. 21-1052 UNITED STATES OF AMERICA, EX REL. JESSE POLANSKY, M.D., M.P.H., PETITIONER v. EXECUTIVE HEALTH RESOURCES, INC., ET AL. ON WRIT OF CERTIORARI TO TH"
term_22,21-1052,10,20221017173204608_21-1052tsUnitedStates.pdf,11,True,False,False,,"In the Supreme Court of the United States No. 21-1052 UNITED STATES OF AMERICA, EX REL. JESSE POLANSKY, M.D., M.P.H., PETITIONER v. EXECUTIVE HEALTH RESOURCES, INC., ET AL. ON WRIT OF CERTIORARI TO TH"
term_22,21-1086,1,20220426140631987_21-1086_Appendix_Booklet_Volume_1_of_2.pdf,248,True,False,False,,". Although the Supreme Court has not directly decided this question in a case asserting the same claims we must decide, the Supreme Court has decided to rely on the any-part Black metric in a case abo"
term_22,21-1086,2,20220426140631987_21-1086_Appendix_Booklet_Volume_1_of_2.pdf,247,True,False,False,,App. 150 Caster plaintiffs have satisfied their burden to establish numerosity. We reject the second argument because the evidence adduced at the preliminary injunction hearing conclusively disproves 
term_22,21-1086,3,20220331124545051_State_Blanket_Consent.pdf,0,True,False,False,,"STATE OF ALABAMA OFFICE OF THE ATTORNEY GENERAL STEVE MARSHALL 501 WASHINGTON AVENUE ATTORNEY GENERAL MONTGOMERY, AL 36130 (334) 242-7300 ALABAMAAG.GOV March 31, 2022 Via Electronic Filing and Overnig"
term_22,21-1086,4,20220426140631987_21-1086_Appendix_Booklet_Volume_1_of_2.pdf,440,True,False,False,,App. 277 IV. Defendants have not made a strong showing that they are likely to prevail on appeal on their assertion that the equities weigh in favor of a stay. Defendants make seven arguments about th
term_22,21-1086,5,20220426140551627_21-1086_Application_booklet.pdf,0,True,False,False,,"No. 21-1086 (No. 21A375) In the Supreme Court of the United States ────────────────────────── JOHN H. MERRILL, IN HIS OFFICIAL CAPACITY AS THE ALABAMA SECRETARY OF STATE, et al., Applicants, v. EVAN "
term_22,21-1086,6,20220426140653333_21-1086_Appendix_Booklet_Volume_2_of_2.pdf,0,True,False,False,,No. 21-1086 (No. 21A375) ================================================================================================================ In The Supreme Court of the United States --------------------
term_22,21-1086,7,20220426140631987_21-1086_Appendix_Booklet_Volume_1_of_2.pdf,0,True,False,False,,No. 21-1086 (No. 21A375) ================================================================================================================ In The Supreme Court of the United States --------------------
term_22,21-1086,8,20220426141917282_21-1086_Application_Reply_booklet.pdf,0,True,False,False,,"No. 21-1086 (No. 21A375) In the Supreme Court of the United States ────────────────────────── JOHN H. MERRILL, IN HIS OFFICIAL CAPACITY AS THE ALABAMA SECRETARY OF STATE, et al., Applicants, v. EVAN "
term_22,21-1086,9,20220308143423984_Milligan-Caster_App_to_Exceed_Words_FINAL.pdf,0,True,False,False,,"Nos. 21-1086 & 21-1087 In the Supreme Court of the United States ____________________________________________________ JOHN H. MERRILL, IN HIS OFFICIAL CAPACITY AS THE ALABAMA SECRETARY OF STATE, et al"
term_22,21-1086,10,20220425150812318_42140_pdf_Bowdre_IV_Volume_1.pdf,82,True,False,False,,". 11. Alabama’s steadfast refusal to provide Black voters with adequate representation in Congress is a or older and who identify as Any Part Black. In Georgia v. Ashcroft, 539 U.S. 461, 473 n.1 (2003"
term_22,21-1158,1,20220907103607768_FInal_CU_Percoco_v._United_States_Brief.pdf,0,True,False,False,,"No. 21-1158 In the Supreme Court of the United States _____________ JOSEPH PERCOCO, Petitioner, v. UNITED STATES OF AMERICA, Respondent. _____________ On Writ of Certiorari to the United States Court "
term_22,21-1158,2,20220907131947598_2022-09-07_No._21-1158_Chamber_Amicus_Brief_--_Percoco_v_United_States.pdf,0,True,False,False,,"No. 21-1158 In the Supreme Court of the United States JOSEPH PERCOCO, Petitioner, V. UNITED STATES, Respondent. ON WRIT OF CERTIORARI TO THE UNITED STATES COURT OF APPEALS FOR THE SECOND CIRCUIT BRIEF"
term_22,21-1158,3,20220524155849962_21-1158_Percoco_Opp_Final.pdf,5,True,False,False,,V Statutes—Continued: Page 18 U.S.C. 1001(a)(2) ........................................................... 3 N.Y. Penal Code (McKinney Supp. 2022): § 10.00(15)........................................
term_22,21-1158,4,20220831155411175_21-1158_Joint_Appendix_Volume_I.pdf,0,True,False,False,,"No. 21-1158 IN THE Supreme Court of the United States JOSEPH PERCOCO, Petitioner, v. UNITED STATES, Respondent. On Writ Of Certiorari To The United States Court Of Appeals For The Second Circuit JOINT"
term_22,21-1158,5,20221018161559159_21-1158_Percoco.pdf,0,True,False,False,,"No. 21-1158 In the Supreme Court of the United States JOSEPH PERCOCO, PETITIONER v. UNITED STATES OF AMERICA ON WRIT OF CERTIORARI TO THE UNITED STATES COURT OF APPEALS FOR THE SECOND CIRCUIT BRIEF FO"
term_22,21-1158,6,20221018161559159_21-1158_Percoco.pdf,10,True,False,False,,"In the Supreme Court of the United States No. 21-1158 JOSEPH PERCOCO, PETITIONER v. UNITED STATES OF AMERICA ON WRIT OF CERTIORARI TO THE UNITED STATES COURT OF APPEALS FOR THE SECOND CIRCUIT BRIEF FO"
term_22,21-1158,7,20220907160414460_Percoco_v._United_States_No._21-1158_--_NACDL_Amicus.pdf,3,True,False,False,,"IN THE Supreme Court of the United States ———— NO. 21-1158 JOSEPH PERCOCO, Petitioner, v. UNITED STATES, Respondent. ———— On Writ of Certiorari to the United States Court of Appeals for the Second Cir"
term_22,21-1158,8,20220907160414460_Percoco_v._United_States_No._21-1158_--_NACDL_Amicus.pdf,0,True,False,False,,"No. 21-1158 IN THE Supreme Court of the United States ———— JOSEPH PERCOCO, Petitioner, v. UNITED STATES, Respondent. ———— On Writ of Certiorari to the United States Court of Appeals for the Second Cir"
term_22,21-1158,9,20220907103607768_FInal_CU_Percoco_v._United_States_Brief.pdf,13,True,False,False,,"3 at 5, Percoco v. United States, No. 21-1158 (U.S. Feb. 2022); see also Brief for the United States in Opposition, at 4, Percoco v. United States, No. 21-1158 (May 2022). He was convicted, and the co"
term_22,21-1158,10,20220907123357832_21-1158_Percoco_v_USA_Amicus_Brief_of_NY_Council_of_Defense_Lawyers.pdf,0,True,False,False,,"No. 21-1158 In The Supreme Court of the United States d JOSEPH PERCOCO, Petitioner, —v.— UNITED STATES OF AMERICA, Respondent. ON WRIT OF CERTIORARI TO THE UNITED STATES COURT OF APPEALS FOR THE SECON"
term_22,21-1164,1,20220706130017807_Wilkins_Blanket_Consent_Letter_on_Merits.pdf,0,True,False,False,,"July 6, 2022 Honorable Scott Harris, Clerk Supreme Court of the United States One First Street NE Washington, DC 20543-0001 Re: Wilkins v. United States, No. 21-1164 Dear Mr. Harris, I represent Petit"
term_22,21-1164,2,20220811124002922_21-1164tsacLocalGovernmentOrganizations.pdfA.pdf,8,True,False,False,,"2 is represented in the USCM by its chief elected official, the mayor. • The International City/County Management Association (“ICMA”) is a nonprofit professional and educational organization of over "
term_22,21-1164,3,20221020121604373_FINAL_Wilkins_Reply_on_Merits.pdf,0,True,False,False,,"No. 21-1164 In The Supreme Court of the United States ____________________ LARRY STEVEN WILKINS; JANE B. STANTON, Petitioners, v. UNITED STATES OF AMERICA, Respondent. ____________________ On Writ of "
term_22,21-1164,4,20220218113635477_Wilkins_Appendix_to_Cert_Petition.pdf,43,True,False,False,,"Appendix D-4 also Tobar v. United States, 639 F.3d 1191, 1195 (9th Cir. 2011) (“The waiver of sovereign immunity is a prerequisite to federal-court jurisdiction.”). An argument that a party lacks stat"
term_22,21-1164,5,20220505133910783_FINAL_Wilkins_Cert_Reply.pdf,0,True,False,False,,"No. 21-1164 In The Supreme Court of the United States ____________________ LARRY STEVEN WILKINS; JANE B. STANTON, Petitioners, v. UNITED STATES OF AMERICA, Respondent. ____________________ On Petition"
term_22,21-1164,6,20220425150059422_21-1164_-_Wilkins_Opp.pdf,0,True,False,False,,"No. 21-1164 In the Supreme Court of the United States LARRY STEVEN WILKINS, ET AL., PETITIONERS v. UNITED STATES OF AMERICA ON PETITION FOR A WRIT OF CERTIORARI TO THE UNITED STATES COURT OF APPEALS F"
term_22,21-1164,7,20220804132329142_Wilkins_JOINT_APPENDIX.pdf,0,True,False,False,,"No. 21-1164 In The Supreme Court of the United States ____________________ LARRY STEVEN WILKINS; JANE B. STANTON, Petitioners, v. UNITED STATES OF AMERICA, Respondent. ____________________ On Writ of "
term_22,21-1164,8,20220811124002922_21-1164tsacLocalGovernmentOrganizations.pdfA.pdf,0,True,False,False,,"No. 21-1164 IN THE Supreme Court of the United States ———— LARRY STEVEN WILKINS; JANE B. STANTON, Petitioners, v. UNITED STATES OF AMERICA, Respondent. ———— On Writ of Certiorari to the United States "
term_22,21-1164,9,20220804132211036_FINAL_Wilkins_Opening_Brief.pdf,0,True,False,False,,"No. 21-1164 In The Supreme Court of the United States ____________________ LARRY STEVEN WILKINS; JANE B. STANTON, Petitioners, v. UNITED STATES OF AMERICA, Respondent. ____________________ On Writ of "
term_22,21-1164,10,20220920194013410_21-1164bsUnitedStates.pdf,0,True,False,False,,"No. 21-1164 In the Supreme Court of the United States LARRY STEVEN WILKINS, ET AL., PETITIONERS v. UNITED STATES OF AMERICA ON WRIT OF CERTIORARI TO THE UNITED STATES COURT OF APPEALS FOR THE NINTH CI"
term_22,21-1168,1,20220708171454304_PAJ_amicus_Certificate_of_Compliance.pdf,0,True,False,False,,"2311 Douglas Street E-Mail Address: Omaha, Nebraska 68102-1214 contact@cocklelegalbriefs.com 1-800-225-6964 Web Site (402) 342-2831 www.cocklelegalbriefs.com Fax: (402) 342-4850 No. 21-1168 ROBERT MAL"
term_22,21-1168,2,20220902132903225_Mallory_Amicus_Brief_of_Professor_Brilmayer_-Final.pdf,24,True,False,False,,10 clare registration to constitute consent to general jurisdiction. The corporation that registers is nowhere put on notice that Pennsylvania will infer from the fact of registration that the corpora
term_22,21-1168,3,20220715163333350_21-1168_tsac_Public_Citizen_Corrected.pdf,0,True,False,False,,"No. 21-1168 IN THE Supreme Court of the United States ROBERT MALLORY, Petitioner, v. NORFOLK SOUTHERN RAILWAY CO., Respondent. On Writ of Certiorari to the Pennsylvania Supreme Court BRIEF OF AMICUS C"
term_22,21-1168,4,20220708171045319_PAJ_amicus_Brief.pdf,0,True,False,False,,No. 21-1168 ================================================================================================================ In The Supreme Court of the United States ---------------------------------
term_22,21-1168,5,20220705170359860_Mallory_v._Norfolk_Southern_Railway_Co._Petitioners_Brief_on_the_Merits__678fc3f8.pdf,0,True,False,False,,"No. 21-1168 In the Supreme Court of the United States _____________ ROBERT MALLORY, PETITIONER v. NORFOLK SOUTHERN RAILWAY CO., RESPONDENT _____________ On Writ of Certiorari to the Pennsylvania Supre"
term_22,21-1168,6,20220712114511915_AAJ_Amicus_Mallory_Brief_FINAL_7_12_22_efiling.pdf,0,True,False,False,,"NO. 21-1168 IN THE Supreme Court of the United States _______________________________________________ ROBERT MALLORY, Petitioner, v. NORFOLK SOUTHERN RAILWAY CO., Respondent. ________________________ "
term_22,21-1168,7,20220712143844224_Brief_of_Scholars_on_Corporate_Registration_and_Jurisdiction_as_Amici_Cu_d663551f.pdf,0,True,False,False,,No. 21-1168 ================================================================================================================ In The Supreme Court of the United States ---------------------------------
term_22,21-1168,8,20220712112716053_21-1168_AC_United_Policyholders.pdf,0,True,False,False,,"No. 21-1168 IN THE Supreme Court of the United States –––– ♦ –––– ROBERT MALLORY Petitioner, v. NORFOLK SOUTHERN RAILWAY COMPANY Respondent. –––– ♦ –––– On Writ of Certiorari to the Pennsylvania Supre"
term_22,21-1168,9,20220902132903225_Mallory_Amicus_Brief_of_Professor_Brilmayer_-Final.pdf,0,True,False,False,,"No. 21-1168 IN THE Supreme Court of the United States ———— ROBERT MALLORY, Petitioner, v. NORFOLK SOUTHERN RAILWAY CO., Respondent. ———— On Writ of Certiorari to the Pennsylvania Supreme Court ———— BR"
term_22,21-1168,10,20220712113040179_Mallory_Amicus_Brief_-_Final.pdf,0,True,False,False,,"No. 21-1168 ____________________________________________ In The Supreme Court of the United States ___________ ROBERT MALLORY, Petitioner, v. NORFOLK SOUTHERN RAILWAY CO., Respondent. On Writ of Certi"
term_22,21-1170,1,20220829154502902_Ciminelli_Petitioner_Brief_-_For_E_File.pdf,12,True,False,False,,"In The Supreme Court of the United States No. 21-1170 LOUIS CIMINELLI, Petitioner, v. UNITED STATES OF AMERICA, Respondent. ON WRIT OF CERTIORARI TO THE UNITED STATES COURT OF APPEALS FOR THE SECOND C"
term_22,21-1170,2,20220906142615339_21-1170_ac_Chamber_of_Commerce.pdf,0,True,False,False,,"No. 21-1170 IN THE Supreme Court of the United States __________ LOUIS CIMINELLI, Petitioner, v. UNITED STATES, ET AL., Respondents. __________ On Writ of Certiorari To the United States Court of Appe"
term_22,21-1170,3,20220524162050310_21-1158_Percoco_Opp_Final.pdf,5,True,False,False,,V Statutes—Continued: Page 18 U.S.C. 1001(a)(2) ........................................................... 3 N.Y. Penal Code (McKinney Supp. 2022): § 10.00(15)........................................
term_22,21-1170,4,20220829154502902_Ciminelli_Petitioner_Brief_-_For_E_File.pdf,0,True,False,False,,"No. 21-1170 In The Supreme Court of the United States LOUIS CIMINELLI, Petitioner, v. UNITED STATES OF AMERICA, Respondent. ON WRIT OF CERTIORARI TO THE UNITED STATES COURT OF APPEALS FOR THE SECOND C"
term_22,21-1170,5,20220906125350721_21-1170tsacTheAssociatedGeneralContractorsOfAmericaInc.pdf,0,True,False,False,,"No. 21-1170 IN THE Supreme Court of the United States ———— LOUIS CIMINELLI, Petitioner, v. UNITED STATES OF AMERICA, Respondent. ———— On Writ of Certiorari to the United States Court of Appeals for th"
term_22,21-1170,6,20220324150851560_21-1161_Vided_21-1158_21-1169_21-1170_Amicus_Brief_in_Support_of_Petitioners.pdf,0,True,False,False,,"No. 21-1161 Vided 21-1158, 21-1169, 21-1170 IN THE Supreme Court of the United States d No. 21-1161 STEVEN AIELLO and JOSEPH GERARDI, Petitioners, —v.— UNITED STATES OF AMERICA, Respondent. (Captions "
term_22,21-1170,7,20220909123032080_21-1170_Ciminelli_v_USA_Amicus_Brief_of_NY_Council_of_Defense_Lawyers.pdf,0,True,False,False,,"No. 21-1170 In The Supreme Court of the United States d LOUIS CIMINELLI, Petitioner, —v.— UNITED STATES OF AMERICA, Respondent. ON WRIT OF CERTIORARI TO THE UNITED STATES COURT OF APPEALS FOR THE SECO"
term_22,21-1170,8,20220524162050310_21-1158_Percoco_Opp_Final.pdf,0,True,False,False,,"Nos. 21-1158, 21-1161, 21-1169, and 21-1170 In the Supreme Court of the United States JOSEPH PERCOCO, PETITIONER v. UNITED STATES OF AMERICA ON PETITIONS FOR WRITS OF CERTIORARI TO THE UNITED STATES C"
term_22,21-1170,9,20220829155326690_Ciminelli_JA_-_For_E_File.pdf,0,True,False,False,,"No. 21-1170 IN THE Supreme Court of the United States LOUIS CIMINELLI, Petitioner, v. UNITED STATES OF AMERICA, Respondent. On Writ of Certiorari to the United States Court of Appeals for the Second C"
term_22,21-1170,10,20220829124731210_Ciminelli_v._US_8.29.22.pdfA.pdf,0,True,False,False,,"No. 21-1170 In the Supreme Court of the United States ________________ LOUIS CIMINELLI, Petitioner, v. UNITED STATES OF AMERICA et al., Respondents. ________________ On Writ of Certiorari to the Unite"
term_22,21-1195,1,20220517190714740_21-1195_Bittner.pdf,0,True,False,False,,"No. 21-1195 In the Supreme Court of the United States ALEXANDRU BITTNER, PETITIONER v. UNITED STATES OF AMERICA ON PETITION FOR A WRIT OF CERTIORARI TO THE UNITED STATES COURT OF APPEALS FOR THE FIFTH"
term_22,21-1195,2,20220401152820300_21-1195_Amicus_Ctr._Taxpayer_Rights_Supp._Pet.pdf,0,True,False,False,,"No. 21-1195 IN THE Supreme Court of the United States ____________________________________ ALEXANDRU BITTNER, Petitioner, v. UNITED STATES OF AMERICA, Respondent. ____________________________________ "
term_22,21-1195,3,20220825140802041_21-1195_Amicus_Ctr._Taxpayer_Rights_Supp._Pet.final.pdf,0,True,False,False,,"No. 21-1195 In The Supreme Court of the United States ALEXANDRU BITTNER, Petitioner, v. UNITED STATES OF AMERICA, Respondent. On Writ of Certiorari to the United States Court of Appeals for the Fifth "
term_22,21-1195,4,20220823120651346_21-1195_NFIB_amici_brief_Bittner.pdf,10,True,False,False,,"1 In The Supreme Court of the United States No. 21-1195 ALEXANDRU BITTNER, PETITIONER V. UNITED STATES OF AMERICA ON WRIT OF CERTIORARI TO THE UNITED STATES COURT OF APPEALS FOR THE FIFTH CIRCUIT Brie"
term_22,21-1195,5,20220818224918165_21-1195_ts.pdf,0,True,False,False,,"No. 21-1195 In the Supreme Court of the United States ALEXANDRU BITTNER, PETITIONER v. UNITED STATES OF AMERICA ON WRIT OF CERTIORARI TO THE UNITED STATES COURT OF APPEALS FOR THE FIFTH CIRCUIT BRIEF "
term_22,21-1195,6,20220728225159117_bittner_v._united_states_--_ltr_to_clerk_re_blanket_consent_for_amicus_b_83672cad.pdf,0,True,False,False,,"Daniel L. Geyser Direct Tel.: 303.382.6219 Fax: 303.382.6210 daniel.geyser@haynesboone.com VIA ELECTRONIC FILING July 28, 2022 The Honorable Scott S. Harris, Clerk Supreme Court of the United States O"
term_22,21-1195,7,20220401132405167_Bittner_Amicus_Brief.pdf,0,True,False,False,,No. 21-1195 ================================================================================================================ In The Supreme Court of the United States ---------------------------------
term_22,21-1195,8,20220825125724597_42722_pdf_Harris.pdf,0,True,False,False,,No. 21-1195 ========================================================================= In The Supreme Court of the United States ---------------------------------♦--------------------------------- ALEX
term_22,21-1195,9,20220228231536240_bittner_--_petition_appendix_--_FILED.pdf,66,True,False,False,,"39a late to each FBAR form not timely or properly filed rather than to each foreign financial account maintained but not timely or properly reported. In so doing, the Court considers and rejects the G"
term_22,21-1195,10,20220818224918165_21-1195_ts.pdf,10,True,False,False,,"In the Supreme Court of the United States No. 21-1195 ALEXANDRU BITTNER, PETITIONER v. UNITED STATES OF AMERICA ON WRIT OF CERTIORARI TO THE UNITED STATES COURT OF APPEALS FOR THE FIFTH CIRCUIT BRIEF "
term_22,21-1270,1,20220830130947138_42699_pdf_Kuney.pdf,0,True,False,False,,No. 21-1270 ================================================================================================================ In The Supreme Court of the United States ---------------------------------
term_22,21-1270,2,20220520153014909_21-1270_Brief_in_Opp.pdf,0,True,False,False,,"No. 21-1270 In the Supreme Court of the United States MOAC MALL HOLDINGS LLC, Petitioner, v. TRANSFORM HOLDCO LLC, et al., Respondents. On Petition for a Writ of Certiorari to the United States Court "
term_22,21-1270,3,20220906193209159_21-1270tsacUnitedStates.pdf,11,True,False,False,,"In the Supreme Court of the United States No. 21-1270 MOAC MALL HOLDINGS LLC, PETITIONER v. TRANSFORM HOLDCO LLC, ET AL. ON WRIT OF CERTIORARI TO THE UNITED STATES COURT OF APPEALS FOR THE SECOND CIRC"
term_22,21-1270,4,20220829135539782_21-1270_Brief_for_the_Petitioner.pdf,0,True,False,False,,"No. 21-1270 In the Supreme Court of the United States MOAC MALL HOLDINGS LLC, PETITIONER v. TRANSFORM HOLDCO LLC AND SEARS HOLDINGS CORPORATION ON WRIT OF CERTIORARI TO THE UNITED STATES COURT OF APPE"
term_22,21-1270,5,20220829135828821_21-1270_Joint_Appendix_Final.pdf,21,True,False,False,,"21 Date Docket Proceedings No. 03/22/2022 152 LETTER, on behalf of AppellantCross-Appellee MOAC Mall Holdings LLC, hereby provides notice that, on March 17, 2022, MOAC filed a petition for a writ of c"
term_22,21-1270,6,20220906193209159_21-1270tsacUnitedStates.pdf,0,True,False,False,,"No. 21-1270 In the Supreme Court of the United States MOAC MALL HOLDINGS LLC, PETITIONER v. TRANSFORM HOLDCO LLC, ET AL. ON WRIT OF CERTIORARI TO THE UNITED STATES COURT OF APPEALS FOR THE SECOND CIRC"
term_22,21-1270,7,20220823184221637_2022.08.23_Blanket_Consent.pdf,0,True,False,False,,"ROPES & GRAY LLP 2099 PENNSYLVANIA AVENUE, NW WASHINGTON, QC 20006-6807 WWW.ROPESGRAY.COM August 23, 2022 Douglas H. Hallward-Driemeier T + 1 202 508 4776 douglas.hallward-driemeier@ropesgray.com Hono"
term_22,21-1270,8,20220317131511431_21-_MOAC_Petition_and_Appendix.pdf,75,True,False,False,,"34 ruptcy court’s Assignment Order. Because the parties stipulated after the district court’s initial order to maintain the status quo in order to preserve appellate rights, Transform subsequently inc"
term_22,21-1270,9,20220829135539782_21-1270_Brief_for_the_Petitioner.pdf,14,True,False,False,,"X Miscellaneous—Continued: Page(s) H.R. Conf. Rep. 882, 98th Cong., 2d Sess. (1984) .................................................. 11, 25 H.R. Rep. 595, 95th Cong., 1st Sess. (1978) ............. "
term_22,21-1270,10,20220906193209159_21-1270tsacUnitedStates.pdf,28,True,False,False,,"10 court’s jurisdiction across the board, even if a jurisdictional dismissal may occasionally be appropriate in individual cases in which the appellants’ claims for relief are frivolous. Ibid. Respond"
term_22,21-1271,1,20220906163915853_21-1271_Amici_RNC_et_al._Supp._Pet..pdf,9,True,False,False,,"3 INTRODUCTION & SUMMARY OF THE ARGUMENT Shorn of the political histrionics that have surrounded this case from the outset, the constitutional issue presented is both straightforward and uncontroversi"
term_22,21-1271,2,20220902165227183_21-1271_AC_Brief_9-2-22.pdf,34,True,False,False,,"18 Congress to object, debate, and reject votes of a State’s Presidential Electors. To date, there has been no court decision upholding the constitutionality of 3 U.S.C. § 15. Consistently, the U.S. S"
term_22,21-1271,3,20220520133247549_21-1271_BIO_NCLCV.pdf,16,True,False,False,,"3 grant certiorari to referee state-law disputes on issues state courts have not addressed. Second, Petitioners’ arguments come both too early and too late. Their arguments come too early because this"
term_22,21-1271,4,20220906121128633_21-1271_Amicus_Brief_of_Lawyers_Democracy_Fund_and_State_Legislators.pdf,67,True,False,False,,"30 Women Voters, 178 A.3d at 744, 784 (citation omitted). No suit was commenced for years, and that was surely due to the fact that, for years, the majority of seats on the Pennsylvania Supreme Court "
term_22,21-1271,5,20220520133247549_21-1271_BIO_NCLCV.pdf,35,True,False,False,,"14 the people for ratification. Act of July 2, 1969, ch. 1258, § 1, 1969 N.C. Sess. Laws 1461, 1461–62; see N.C. SEC’Y OF STATE, NORTH CAROLINA MANUAL 2001–2002, at 120 (2002). Thus, the legislature p"
term_22,21-1271,6,20221024112958952_21-1271_Amicus_Brief_of_Stephen_M._Shapiro.pdf,0,True,False,False,,"No. 21-1271 IN THE Supreme Court of the United States TIMOTHY K. MOORE, IN HIS OFFICIAL CAPACITY AS SPEAKER OF THE NORTH CAROLINA HOUSE OF REPRESENTATIVES, ET AL., PETITIONERS, v. REBECCA HARPER, ET A"
term_22,21-1271,7,20221019130339119_21-1271_Moore_v_Harper_Non-State_Respondents_Brief_10-19_Final.pdf,51,True,False,False,,". These arguments have no basis in text, structure, history, or precedent. Instead, they show that not even Petitioners believe their claim that the Elections Clause’s text resolves this case in their"
term_22,21-1271,8,20221020135907384_Filed_-_M_v._H_Amicus_-_10-20-22.pdf,0,True,False,False,,"No. 21-1271 IN THE Supreme Court of the United States ___________ REPRESENTATIVE TIMOTHY K. MOORE, ET AL., Petitioners, v. REBECCA HARPER, ET AL., Respondents. ___________ On Writ of Certiorari to the"
term_22,21-1271,9,20221024155648473_2022_10_24_Final_PDFA_Moore_v._Harper_Rosin_Amicus_Brief.pdf,0,True,False,False,,"No. 21-1271 IN THE Supreme Court of the United States TIMOTHY K. MOORE, IN HIS OFFICIAL CAPACITY AS SPEAKER OF THE NORTH CAROLINA HOUSE OF REPRESENTATIVES, ET AL., Petitioners, v. REBECCA HARPER, ET A"
term_22,21-1271,10,20220906160935649_21-1271_TSAC_CCJ.pdf,0,True,False,False,,"i No. 21-1271 In the Supreme Court of the United States TIMOTHY K. MOORE, in his Official Capacity as Speaker of the North Carolina House of Representatives, et al. Petitioners, v. REBECCA HARPER, et "
term_22,21-1326,1,20230201123601432_2023-2-1_Brief_Enlargement_Application.pdf,0,True,False,False,,"Nos. 21-1326, 22-111 ________________________________ In the Supreme Court of the United States ________________________________ UNITED STATES EX REL. TRACY SCHUTTE, ET AL., Petitioners, v. SUPERVALU "
term_22,21-1326,2,20220621143704222_2022-6-21_Supervalu_BIO_FINAL.pdf,0,True,False,False,,"NO. 21-1326 In the Supreme Court of the United States ________________ UNITED STATES OF AMERICA EX. REL. TRACY SCHUTTE AND MICHAEL YARBERRY, Petitioners, v. SUPERVALU INC., et al., Respondents. ______"
term_22,21-1326,3,20221206191513530_21-1326_Schutte_v._SuperValu.pdf,0,True,False,False,,"No. 21-1326 In the Supreme Court of the United States UNITED STATES EX REL. TRACY SCHUTTE, ET AL., PETITIONERS v. SUPERVALU INC., ET AL. ON PETITION FOR A WRIT OF CERTIORARI TO THE UNITED STATES COURT"
term_22,21-1326,4,20230224164441603_Amicus_Brief.pdf,0,True,False,False,,"Nos. 21-1326 and 22-111 In the Supreme Court of the United States UNITED STATES, EX REL. TRACY SCHUTTE, et al., Petitioners, v. SUPERVALU INC., et al., Respondents. UNITED STATES, EX REL. THOMAS PROCT"
term_22,21-1326,5,20220519154806836_21-1326_Amicus_Brief.pdf,0,True,False,False,,"No. 21-1326 In the Supreme Court of the United States UNITED STATES ex rel. TRACY SCHUTTE, et al., Petitioners, v. SUPERVALU INC., et al. Respondents. On Petition for a Writ of Certiorari to the Unite"
term_22,21-1326,6,20230224151138222_21-1326tsacUnitedStates.pdf,0,True,False,False,,"Nos. 21-1326 and 22-111 In the Supreme Court of the United States UNITED STATES, EX REL. TRACY SCHUTTE, ET AL., PETITIONERS v. SUPERVALU INC., ET AL. UNITED STATES, EX REL. THOMAS PROCTOR, PETITIONER "
term_22,21-1326,7,20230224151138222_21-1326tsacUnitedStates.pdf,28,True,False,False,,. at 103a. 4. The court of appeals affirmed in separate divided decisions. a. The court of appeals decided SuperValu’s case first. 21-1326 Pet. App. 1a-58a. The court held that Safeco controlled the i
term_22,21-1326,8,20230224151138222_21-1326tsacUnitedStates.pdf,10,True,False,False,,"In the Supreme Court of the United States No. 21-1326 UNITED STATES, EX REL. TRACY SCHUTTE, ET AL., PETITIONERS v. SUPERVALU INC., ET AL. No. 22-111 UNITED STATES, EX REL. THOMAS PROCTOR, PETITIONER v"
term_22,21-1326,9,20230222210902882_Schutte_States_Amicus_Brief.pdf,0,True,False,False,,Nos. 21-1326 and 22-111 ================================================================================================================ In The Supreme Court of the United States ---------------------
term_22,21-1326,10,20230224092826943_NWC_AMICUS_BRIEF_FINAL.pdf,0,True,False,False,,"Nos. 21-1326 and 22-111 In The Supreme Court of the United States UNITED STATES ex rel. TRACY SCHUTTE, et al., Petitioners, v. SUPERVALU INC., et al., Respondents. UNITED STATES ex rel. THOMAS PROCTOR"
term_22,21-1333,1,20221130182958343_GonzalezJ.App..pdf,12,True,False,False,,"12 the matter en banc. The matter failed to receive a majority of the votes of the nonrecused active judges in favor of en banc consideration. See Fed. R. App. P. 35. Judges Wardlaw, Collins, Bress, a"
term_22,21-1333,2,20221206170253359_2022-12-06_Gonzalez_v._Google_Amicus_Brief_PDFA.pdf,0,True,False,False,,"No. 21-1333 IN THE Supreme Court of the United States REYNALDO GONZALEZ, et al., Petitioners, v. GOOGLE LLC, Respondent. On Writ of Certiorari to the United States Court of Appeals for the Ninth Circu"
term_22,21-1333,3,20221207151224344_No._21-1333_Brief_of_Amici_Curiae.pdf,0,True,False,False,,"No. 21-1333 IN THE Supreme Court of the United States REYNALDO GONZALEZ, et al., Petitioners, v. GOOGLE LLC, Respondent. On Writ of Certiorari to the United States Court of Appeals For the Ninth Circu"
term_22,21-1333,4,20221201132943429_NPA.Gonzalez_-_AC_Br_FINAL.pdf,0,True,False,False,,"No. 21-1333 In the Supreme Court of the United States ____________ Reynaldo Gonzalez, et al. Petitioners v. Google LLC, Respondent ____________ On Writ of Certiorari to the United States Court of Appe"
term_22,21-1333,5,20221207122622093_Gonzalez_Amicus_ISO_Neither_Party_Former_National_Security_Officials.pdf,0,True,False,False,,"No. 21-1333 IN THE Supreme Court of the United States REYNALDO GONZALEZ, et al., Petitioners, v. GOOGLE, LLC, Respondent. On Petition for Writ of Certiorari to the United States Court of Appeals for t"
term_22,21-1333,6,20221206140759761_21-1333tsacFairplay.pdf,0,True,False,False,,"No. 21-1333 IN THE Supreme Court of the United States ———— REYNALDO GONZALEZ, et al., Petitioners, v. GOOGLE LLC, Respondent. ———— On Writ of Certiorari to the United States Court of Appeals for the N"
term_22,21-1333,7,20221207165116723_21-1333acAnti-DefamationLeague.pdf,0,True,False,False,,"No. 21-1333 IN THE Supreme Court of the United States ———— REYNALDO GONZALEZ, et al., Petitioners, v. GOOGLE LLC, Respondent. ———— On Writ of Certiorari to the United States Court of Appeals for the N"
term_22,21-1333,8,20221207104817099_AAJ_Amicus_Brief_Gonzalez_v._Google_Final_202212061618.pdf,0,True,False,False,,"NO. 21-1333 IN THE Supreme Court of the United States _____________________________________________ REYNALDO GONZALEZ, et al., Petitioners, v. GOOGLE LLC, Respondent. _________ On Writ of Certiorari t"
term_22,21-1333,9,20221206173357327_21-1333tsacCommonSenseMedia.pdf,0,True,False,False,,"No. 21-1333 IN THE Supreme Court of the United States ———— REYNALDO GONZALEZ, et al., Petitioners, v. GOOGLE LLC, Respondent. ———— On Writ of Certiorari to the United States Court of Appeals for the N"
term_22,21-1333,10,20221207161120330_21-1333_Amici_Curiae_Brief.pdf,0,True,False,False,,"No. 21-1333 In the Supreme Court of the United States REYNALDO GONZALEZ, et al., Petitioners, v. GOOGLE LLC, Respondent. On Writ of Certiorari to the United States Court of Appeals for the Ninth Circu"
term_22,21-1397,1,20221122122140878_WLF_Amicus_-_In_re_Grand_Jury.pdf,0,True,False,False,,No. 21-1397 In The Supreme Court of the United States ___________ IN RE GRAND JURY ___________ On Writ of Certiorari to the United States Court of Appeals for the Ninth Circuit ___________ BRIEF OF WA
term_22,21-1397,2,20220601131138593_WLF_Amicus_-_In_re_Grand_Jury.pdf,0,True,False,False,,No. 21-1397 In The Supreme Court of the United States ___________ IN RE GRAND JURY ___________ On Petition for Writ of Certiorari to the United States Court of Appeals for the Ninth Circuit __________
term_22,21-1397,3,20221123130509559_21-1397_Brief_for_Amicus_Curiae_The_Buckeye_Institute.pdf,0,True,False,False,,No. 21-1397 In the Supreme Court of the United States In Re Grand Jury On Writ of Certiorari to the United States Court of Appeals for the Ninth Circuit BRIEF FOR AMICUS CURIAE THE BUCKEYE INSTITUTE I
term_22,21-1397,4,20220802153547163_21-1397_In_Re_Grand_Jury.pdf,0,True,False,False,,No. 21-1397 In the Supreme Court of the United States IN RE GRAND JURY ON PETITION FOR A WRIT OF CERTIORARI TO THE UNITED STATES COURT OF APPEALS FOR THE NINTH CIRCUIT BRIEF FOR THE UNITED STATES IN O
term_22,21-1397,5,20221123145020732_CLA_Amicus_Brief.California_Lawyers_Association.pdf,0,True,False,False,,No. 21-1397 In the Supreme Court of the United States __________________ IN RE GRAND JURY __________________ On Writ of Certiorari to the United States Court of Appeals for the Ninth Circuit _________
term_22,21-1397,6,20221027150357858_21-1397_-_Amici_Consent_Letter.pdf,0,True,False,False,,"October 27, 2022 Writer’s Direct Contact (213) 683-9135 (213) 683-5135 FAX daniel.levin@mto.com Scott S. Harris Clerk of the Court Supreme Court of the United States One First Street, NE Washington, D"
term_22,21-1397,7,20220601124711523_21-1397_Amicus_Brief_CLA.pdf,0,True,False,False,,No. 21-1397 In the Supreme Court of the United States __________________ IN RE GRAND JURY __________________ On Petition for Writ of Certiorari to the United States Court of Appeals for the Ninth Circ
term_22,21-1397,8,20221123131814988_42997_pdf_Ebner.pdf,0,True,False,False,,No. 21-1397 ================================================================================================================ In The Supreme Court of the United States ---------------------------------
term_22,21-1397,9,20221123150619742_21-1397_merits_tsac_ACTC.pdf,0,True,False,False,,No. 21-1397 In the Supreme Court of the United States IN RE GRAND JURY On Writ Of Certiorari To the United States Court Of Appeals For the Ninth Circuit BRIEF FOR THE AMERICAN COLLEGE OF TAX COUNSEL A
term_22,21-1397,10,20221123154104131_21-1397acAmericanBarAssociation.pdf,0,True,False,False,,No. 21-1397 IN THE Supreme Court of the United States ———— IN RE GRAND JURY ———— On Writ of Certiorari to the United States Court of Appeals for the Ninth Circuit ———— BRIEF OF AMICUS CURIAE AMERICAN 
term_22,21-1436,1,20221117171718532_21-1436.Petitioners_Brief.pdf,0,True,False,False,,"No. 21-1436 In the Supreme Court of the United States LEON SANTOS-ZACARIA, Petitioner, v. MERRICK GARLAND, U.S. Attorney General, Respondent. On Writ of Certiorari to the United States Court of Appeal"
term_22,21-1436,2,20221123103115417_Santos-Zacaria_Brief_Amici_Curiae.pdf,0,True,False,False,,"No. 21-1436 IN THE Supreme Court of the United States LEON SANTOS-ZACARIA, Petitioner, v. MERRICK GARLAND, U.S. ATTORNEY GENERAL, Respondent. On Writ of Certiorari to the United States Court of Appeal"
term_22,21-1436,3,20220812143127107_21-1436_Santos-Zacaria.pdf,0,True,False,False,,"No. 21-1436 In the Supreme Court of the United States LEON SANTOS-ZACARIA AKA LEON SANTOS-SACARIAS, PETITIONER v. MERRICK B. GARLAND, ATTORNEY GENERAL ON PETITION FOR A WRIT OF CERTIORARI TO THE UNITE"
term_22,21-1436,4,20221123151821975_21-1436_tsac_Legal_Services_Providers.pdf,0,True,False,False,,"No. 21-1436 IN THE Supreme Court of the United States LEON SANTOS-ZACARIA, Petitioner, v. MERRICK B. GARLAND, ATTORNEY GENERAL, Respondent. ON WRIT OF CERTIORARI TO THE UNITED STATES COURT OF APPEALS "
term_22,21-1436,5,20221117172315376_21-1436_Joint_Appx.pdf,0,True,False,False,,"No. 21-1436 In the Supreme Court of the United States LEON SANTOS-ZACARIA, Petitioner, v. MERRICK GARLAND, U.S. Attorney General, Respondent. On Writ of Certiorari to the United States Court of Appeal"
term_22,21-1436,6,20220812143127107_21-1436_Santos-Zacaria.pdf,8,True,False,False,,"In the Supreme Court of the United States No. 21-1436 LEON SANTOS-ZACARIA AKA LEON SANTOS-SACARIAS, PETITIONER v. MERRICK B. GARLAND, ATTORNEY GENERAL ON PETITION FOR A WRIT OF CERTIORARI TO THE UNITE"
term_22,21-1436,7,20221123151821975_21-1436_tsac_Legal_Services_Providers.pdf,52,True,False,False,,". In dissent, however, Judge Jacobs objected that the majority had skirted the exhaustion requirement by considering an argument that petitioner “never raised … to the BIA.” Id. at 92 (Jacobs, J., dis"
term_22,21-1436,8,20221019181049348_21-1436.Pet.pdf,0,True,False,False,,"No. In the Supreme Court of the United States LEON SANTOS-ZACARIA, Petitioner, v. MERRICK GARLAND, U.S. Attorney General, Respondent. On Petition for a Writ of Certiorari to the United States Court of"
term_22,21-1436,9,20221123103115417_Santos-Zacaria_Brief_Amici_Curiae.pdf,18,True,False,False,,"6 is “located in a provision ‘separate’ from those granting federal courts subject-matter jurisdiction” over petitions for review, Reed Elsevier, 559 U.S. at 164, bolstering the argument that its “leg"
term_22,21-1436,10,20221019181049348_21-1436.Pet.pdf,40,True,False,False,,"15 to circuit courts every year (see Jonah B. Gelbach & David Marcus, Rethinking Judicial Review of High Volume Agency Adjudication, 96 TEX. L. REV. 1097, 1105 (2018)), and the noncitizens pursuing th"
term_22,21-1449,1,20221107103421749_Amicus_Brief_v_25-FINAL-11-7-22.pdf,0,True,False,False,,"No. 21-1449 In the Supreme Court of the United States –––––––––––––––––––––––– GLACIER NORTHWEST, INC., D/B/A CALPORTLAND, Petitioner, V. INTERNATIONAL BROTHERHOOD OF TEAMSTERS LOCAL UNION NO. 174 Res"
term_22,21-1449,2,20220715123820849_Glacier_-_Brief_in_Opposition.pdf,4,True,False,False,,". The Company expressly agrees with the legal standard applied by the Washington Supreme Court, contesting only the Court’s conclusion that the strike was arguably protected by the NLRA. As noted by t"
term_22,21-1449,3,20221108133338239_21-1449npacUnitedStates.pdf,11,True,False,False,,"In the Supreme Court of the United States No. 21-1449 GLACIER NORTHWEST, INC., DBA CALPORTLAND, PETITIONER v. INTERNATIONAL BROTHERHOOD OF TEAMSTERS LOCAL UNION NO. 174 ON WRIT OF CERTIORARI TO THE SU"
term_22,21-1449,4,20221101152859725_21-1449_-_Joint_Appendix.pdf,0,True,False,False,,"No. 21-1449 IN THE Supreme Court of the United States GLACIER NORTHWEST, INC., D/B/A CALPORTLAND, Petitioner, v. INTERNATIONAL BROTHERHOOD OF TEAMSTERS LOCAL UNION NO. 174, Respondent. On Writ Of Cert"
term_22,21-1449,5,20220715123820849_Glacier_-_Brief_in_Opposition.pdf,0,True,False,False,,"No. 21-1449 In The Supreme Court of the United States Glacier Northwest, Inc., d/b/a Calportland, Petitioner, v. International Brotherhood Of Teamsters Local Union No. 174, Respondent. On Petition for"
term_22,21-1449,6,20221108131943953_42948_Forys_Main_Document.pdf,0,True,False,False,,No. 21-1449 ================================================================================================================ In The Supreme Court of the United States ---------------------------------
term_22,21-1449,7,20220615162838744_42467_Forys.pdf,0,True,False,False,,No. 21-1449 ================================================================================================================ In The Supreme Court of the United States ---------------------------------
term_22,21-1449,8,20220615133841212_21-1449_Amici_Brief.pdf,13,True,False,False,,"4 in protected activity under the NLRA. Relatedly, the highest courts in Maryland and Arkansas, among others, have held that the NLRA does not preempt employers from enforcing their private property r"
term_22,21-1449,9,20221101152235433_21-1449_-_Brief_for_Petitioner.pdf,0,True,False,False,,"No. 21-1449 IN THE Supreme Court of the United States GLACIER NORTHWEST, INC., D/B/A CALPORTLAND, Petitioner, v. INTERNATIONAL BROTHERHOOD OF TEAMSTERS LOCAL UNION NO. 174, Respondent. On Writ Of Cert"
term_22,21-1449,10,20220615150428076_55T2993-JRC_Buckeye_Institute_Glacier_Northwest_Amicus.pdf,0,True,False,False,,"No. 21-1449 In the Supreme Court of the United States __________________ GLACIER NORTHWEST, INC., D/B/A CALPORTLAND, Petitioner, v. INTERNATIONAL BROTHERHOOD OF TEAMSTERS LOCAL UNION NO. 174, Responde"
term_22,21-1450,1,20220616123542380_21-1450_-_Halkbank_v_US_-_Amicus_Brief_in_Support_of_Petition_for_Certiorari.pdf,0,True,False,False,,"No. 21-1450 IN THE Supreme Court of the United States ___________ TÜRKIYE HALK BANKASI A.Ş., Petitioner, v. UNITED STATES OF AMERICA, Respondent. ___________ On Petition for a Writ of Certiorari to th"
term_22,21-1450,2,20221121134220454_No._21-1450_-_Merits_Amicus_Brief_for_Azerbaijan_Pakistan_and_Qatar.pdf,0,True,False,False,,"No. 21-1450 IN THE Supreme Court of the United States ___________ TÜRKIYE HALK BANKASI A.Ş., Petitioner, v. UNITED STATES OF AMERICA, Respondent. ___________ On Writ of Certiorari to the United States"
term_22,21-1450,3,20221121133013751_1.OKeefe_Brief.pdf,0,True,False,False,,"No. 21-1450 IN THE Supreme Court of the United States ———— TÜRKIYE HALK BANKASI A.Ş., Petitioner, v. UNITED STATES OF AMERICA, Respondent. ———— On Writ of Certiorari to the United States Court of Appe"
term_22,21-1450,4,20221121160056505_21-1450_tsac_Lord_Daniel_Brennan_KC_Final.pdf,0,True,False,False,,"No. 21-1450 IN THE Supreme Court of the United States TURKIYE HALK BANKASI A.S., AKA HALKBANK, Petitioner, v. UNITED STATES OF AMERICA, Respondent. _________ On Writ of Certiorari to the United States"
term_22,21-1450,5,20221114142557738_Halkbank_Joint_Appendix.pdf,0,True,False,False,,"No. 21-1450 In the Supreme Court of the United States TÜRKIYE HALK BANKASI A.Ş., PETITIONER, v. UNITED STATES OF AMERICA, RESPONDENT. ON WRIT OF CERTIORARI TO THE UNITED STATES COURT OF APPEALS FOR TH"
term_22,21-1450,6,20220718193235279_21-1450_Halkbank.Opp.07.18.22.pdf,0,True,False,False,,"No. 21-1450 In the Supreme Court of the United States TURKIYE HALK BANKASI A.S., AKA HALKBANK, PETITIONER v. UNITED STATES OF AMERICA ON PETITION FOR A WRIT OF CERTIORARI TO THE UNITED STATES COURT OF"
term_22,21-1450,7,20221121130024213_Turkiye_v._US_-_SCOTUS_Amicus_Brief.pdf,0,True,False,False,,"No. 21-1450 IN THE Supreme Court of the United States ___________ TURKIYE HALK BANKASI A.S., Petitioner, v. UNITED STATES OF AMERICA, Respondent. ___________ On Writ of Certiorari to the United States"
term_22,21-1450,8,20220513124415134_Halkbank_Cert._Petition.pdf,44,True,False,False,,. Holding that the district court lacked subject-matter jurisdiction would conclusively resolve the case and end the proceedings below. This case presents none of the vehicle problems that accompanied
term_22,21-1450,9,20221121134220454_No._21-1450_-_Merits_Amicus_Brief_for_Azerbaijan_Pakistan_and_Qatar.pdf,9,True,False,False,,"IN THE Supreme Court of the United States _________ No. 21-1450 _________ TÜRKIYE HALK BANKASI A.Ş., Petitioner, v. UNITED STATES OF AMERICA, Respondent. _________ On Writ of Certiorari to the United "
term_22,21-1450,10,20220718193235279_21-1450_Halkbank.Opp.07.18.22.pdf,8,True,False,False,,"In the Supreme Court of the United States No. 21-1450 TURKIYE HALK BANKASI A.S., AKA HALKBANK, PETITIONER v. UNITED STATES OF AMERICA ON PETITION FOR A WRIT OF CERTIORARI TO THE UNITED STATES COURT OF"
term_22,21-1454,1,20221116135004915_No._21-1454_States_Merits-Stage_Amici_Brief.pdf,0,True,False,False,,"No. 21-1454 IN THE Supreme Court of the United States ———— THE OHIO ADJUTANT GENERAL’S DEPARTMENT, ET AL., Petitioners, v. FEDERAL LABOR RELATIONS AUTHORITY, ET AL., Respondents. On Writ of Certiorari"
term_22,21-1454,2,20220616135349046_No._21-1454_States_Amici_Brief.pdf,0,True,False,False,,"No. 21-1454 IN THE Supreme Court of the United States ———— THE OHIO ADJUTANT GENERAL’S DEPARTMENT, ET AL., Petitioners, v. FEDERAL LABOR RELATIONS AUTHORITY, ET AL., Respondents. On Petition for Writ "
term_22,21-1454,3,20221115163108264_AFPI_Amicus.pdf,0,True,False,False,,No. 21-1454 ================================================================================================================ In The Supreme Court of the United States ---------------------------------
term_22,21-1454,4,20220715110517356_AFGE_Opp_Brief_FINAL_OAGD_v._FLRA_21-1454_.pdf,5,True,False,False,,"No. 21-1454 In The Supreme Court of the United States The OhIo AdjuTAnT GenerAl’s DepArTmenT, et al., Petitioners, v. FederAl LAbor RelATIons AuThorITy, Respondent, and AmerIcAn FederATIon of Governme"
term_22,21-1454,5,20221116110911582_21-1454_tsac_South_Carolina.pdf,0,True,False,False,,"No. 21-1454 IN THE Supreme Court of the United States ———— THE OHIO ADJUTANT GENERAL’S DEPARTMENT, ET AL., Petitioners, v. FEDERAL LABOR RELATIONS AUTHORITY, ET AL., Respondents. On Writ of Certiorari"
term_22,21-1454,6,20220715110517356_AFGE_Opp_Brief_FINAL_OAGD_v._FLRA_21-1454_.pdf,0,True,False,False,,"No. 21-1454 In The Supreme Court of the United States The Ohio Adjutant General’s Department, et al., Petitioners, v. Federal Labor Relations Authority, Respondent, and American Federation of Governme"
term_22,21-1454,7,20220718173827302_21-1454_Ohio_Adjutant_General_Final.pdf,9,True,False,False,,"In the Supreme Court of the United States No. 21-1454 THE OHIO ADJUTANT GENERAL’S DEPARTMENT, ET AL., PETITIONERS v. FEDERAL LABOR RELATIONS AUTHORITY, ET AL. ON PETITION FOR A WRIT OF CERTIORARI FOR "
term_22,21-1454,8,20221116140042824_21-1454tsacAmericansForFairTreatment.pdf,0,True,False,False,,"No. 21-1454 IN THE Supreme Court of the United States ———— THE OHIO ADJUTANT GENERAL’S DEPARTMENT, et al., Petitioners, v. FEDERAL LABOR RELATIONS AUTHORITY, et al., Respondents. ———— On Writ of Certi"
term_22,21-1454,9,20221109085706171_Adj._Gen._Joint_Appendix.PDF,0,True,False,False,,"No. 21-1454 In the Supreme Court of the United States ______________________________ THE OHIO ADJUTANT GENERAL’S DEP’T, ET AL., Petitioners, v. FEDERAL LABOR RELATIONS AUTHORITY, ET AL., Respondents. "
term_22,21-1454,10,20220718173827302_21-1454_Ohio_Adjutant_General_Final.pdf,0,True,False,False,,"No. 21-1454 In the Supreme Court of the United States THE OHIO ADJUTANT GENERAL’S DEPARTMENT, ET AL., PETITIONERS v. FEDERAL LABOR RELATIONS AUTHORITY, ET AL. ON PETITION FOR A WRIT OF CERTIORARI FOR "
term_22,21-1484,1,20221219144552562_CO_Brief_AZ_v_Navajo_Nation.pdf,31,True,False,False,,". California, 460 U.S. 605, 622 (1983), discussed in 21-1484 Pet. App. 21-22 and 21-1484 Resp. Br. in Opp’n 9. But the question presented in that case was whether the retention of jurisdiction created"
term_22,21-1484,2,20221219144552562_CO_Brief_AZ_v_Navajo_Nation.pdf,20,True,False,False,,"9 claims were not barred by res judicata. 21-1484 Pet. App. 22-23. Second, it found that an enforceable trust duty existed between the federal government and the Navajo Nation. 21-1484 Pet. App. 38. T"
term_22,21-1484,3,20221219215422061_22-51_Interior_FINAL.pdf,98,True,False,False,,. II. AN ORDER COMPELLING THE GOVERNMENT TO DELIVER WATER FROM THE LOWER COLORADO RIVER MAINSTREAM TO THE NAVAJO RESERVATION WOULD VIOLATE THIS COURT’S DECREE IN ARIZONA v. CALIFORNIA This Court grant
term_22,21-1484,4,20221219144552562_CO_Brief_AZ_v_Navajo_Nation.pdf,16,True,False,False,,"7 claim based on its trust relationship with the federal government. 21-1484 Pet. App. 126-27. Arizona, California, and Nevada, along with their water districts, intervened to protect their rights in "
term_22,21-1484,5,20221219144552562_CO_Brief_AZ_v_Navajo_Nation.pdf,30,True,False,False,,14 exclusive and instead invited modification by the district courts and circuit courts of appeal should any potential claimant choose to pursue their case in separate proceedings.3 The decision below
term_22,21-1484,6,20221219144552562_CO_Brief_AZ_v_Navajo_Nation.pdf,18,True,False,False,,8 Navajo Nation’s complaint could cure the district court’s lack of jurisdiction. The Ninth Circuit reversed. 21-1484 Pet. App. 6. It found that the district court abused its discretion in denying the
term_22,21-1484,7,20220517123841561_2022.05.17_Appendix.pdf,114,True,False,False,,"App. 89 engagement in the resolution of Indian water rights negotiation and implementation activities, does not create the fiduciary duties the Nation alleges. The other statutes, regulations, and exe"
term_22,21-1484,8,20221227151118571_21-1484_and_22-51_Brief.pdf,0,True,False,False,,"Nos. 21-1484 & 22-51 In the Supreme Court of the United States STATE OF ARIZONA, ET AL., PETITIONERS v. NAVAJO NATION, ET AL. DEPARTMENT OF THE INTERIOR, ET AL., PETITIONERS v. NAVAJO NATION, ET AL. O"
term_22,21-1484,9,20221219153723181_2022.12.19_Brief_for_State_Petitioners.pdf,0,True,False,False,,Nos. 21-1484 and 22-51 ================================================================================================================ In The Supreme Court of the United States ----------------------
term_22,21-1484,10,20221219215606777_21-1484_22-51_Joint_Appendix_FINAL.pdf,0,True,False,False,,"Nos. 21-1484 and 22-51 In the Supreme Court of the United States STATE OF ARIZONA, ET AL., PETITIONERS v. NAVAJO NATION, ET AL. DEPARTMENT OF THE INTERIOR, ET AL., PETITIONERS v. NAVAJO NATION, ET AL."
term_22,21-1496,1,20221129134106982_21-1496_ja.pdf,44,True,False,False,,"45 ference set for 3/8/2022 is hereby vacated. (bxs, COURT STAFF) (Filed on 2/17/2022) (Entered: 02/17/2022) 06/01/2022 89 United States Supreme Court Notice that The petition for a writ of certiorari"
term_22,21-1496,2,20221129134106982_21-1496_ja.pdf,24,True,False,False,,"24 relief [to Extend the Time for Issuance of the Mandate]. Date of service: 12/31/2021. [12328331] [18-17192] (Carome, Patrick) [Entered: 12/31/2021 03:55 PM] 01/03/2022 85 Filed order (RONALD M. GOU"
term_22,21-1496,3,20221206160700357_Final_-_Amici_Brief_of_Former_State_Department_Legal_Advisers_300392462_14.PDF,0,True,False,False,,"No. 21-1496 IN THE Supreme Court of the United States ________________________________ TWITTER, INC., Petitioner, v. MEHIER TAAMNEH, et al., Respondents. ________________________________ On Writ of Ce"
term_22,21-1496,4,20220815173733550_TaamnehOppCertPDF.pdf,0,True,False,False,,No. 21-1496 ================================================================================================================ In The Supreme Court of the United States ---------------------------------
term_22,21-1496,5,20221206142930774_2022.12.06_-_Amici_Curiae_Brief.pdf,0,True,False,False,,"No. 21-1496 IN THE Supreme Court of the United States ———— TWITTER, INC., Petitioner, v. MEHIER TAAMNEH, et al., Respondents. ———— On Writ of Certiorari to the United States Court of Appeals for The N"
term_22,21-1496,6,20221206203311570_21-1496tsacUnitedStates.pdf,0,True,False,False,,"No. 21-1496 In the Supreme Court of the United States TWITTER, INC., PETITIONER v. MEHIER TAAMNEH, ET AL. ON WRIT OF CERTIORARI TO THE UNITED STATES COURT OF APPEALS FOR THE NINTH CIRCUIT BRIEF FOR TH"
term_22,21-1496,7,20230111231022489_TaamnehRBrPDF.pdf,0,True,False,False,,No. 21-1496 ================================================================================================================ In The Supreme Court of the United States ---------------------------------
term_22,21-1496,8,20221206173426587_21-1496tsacInteractionAndCharityAndSecurityNetwork.pdf,0,True,False,False,,"No. 21-1496 IN THE Supreme Court of the United States ———— TWITTER, INC., Petitioner, v. MEHIER TAAMNEH, et al., Respondents. ———— On Writ of Certiorari to the United States Court of Appeals for The N"
term_22,21-1496,9,20221129133916710_21-1496_ts.pdf,0,True,False,False,,"No. 21-1496 IN THE Supreme Court of the United States TWITTER, INC., Petitioner, v. MEHIER TAAMNEH, et al., Respondents. ON WRIT OF CERTIORARI TO THE UNITED STATES COURT OF APPEALS FOR THE NINTH CIRCU"
term_22,21-1496,10,20221206112942416_21-1496_Twitter_Inc._v._Mehier_Taamneh_Amicus_Brief.pdf,0,True,False,False,,"No. 21-1496 In the Supreme Court of the United States TWITTER, INC., PETITIONER, v. MEHIER TAAMNEH, ET AL., RESPONDENTS. ON WRIT OF CERTIORARI TO THE UNITED STATES COURT OF APPEALS FOR THE NINTH CIRCU"
term_22,21-1576,1,20221028144714611_21-1576_Smith_Br_in_Opp.pdf,0,True,False,False,,"No. 21-1576 In the Supreme Court of the United States TIMOTHY J. SMITH, PETITIONER v. UNITED STATES OF AMERICA ON PETITION FOR A WRIT OF CERTIORARI TO THE UNITED STATES COURT OF APPEALS FOR THE ELEVEN"
term_22,21-1576,2,20230203155838040_NACDL_Smith_Amicus_Brief_AS_FILED.pdf,0,True,False,False,,"No. 21-1576 IN THE Supreme Court of the United States ___________ TIMOTHY J. SMITH, Petitioner, v. UNITED STATES, Respondent. ___________ On a Writ of Certiorari to the United States Court of Appeals "
term_22,21-1576,3,20230203145310122_Smith_v._US--Amicus_Brief.pdf,0,True,False,False,,"No. 21-1576 In the Supreme Court of the United States TIMOTHY J. SMITH, PETITIONER, v. UNITED STATES OF AMERICA ON WRIT OF CERTIORARI TO THE UNITED STATES COURT OF APPEALS FOR THE ELEVENTH CIRCUIT BRI"
term_22,21-1576,4,20221028144714611_21-1576_Smith_Br_in_Opp.pdf,12,True,False,False,,"In the Supreme Court of the United States No. 21-1576 TIMOTHY J. SMITH, PETITIONER v. UNITED STATES OF AMERICA ON PETITION FOR A WRIT OF CERTIORARI TO THE UNITED STATES COURT OF APPEALS FOR THE ELEVEN"
term_22,21-1576,5,20230127170445190_2023-01-27_-_No._21-1576_-_Smith_Joint_Appendix.pdf,0,True,False,False,,"No. 21-1576 In the Supreme Court of the United States TIMOTHY J. SMITH, Petitioner, V. UNITED STATES OF AMERICA, Respondent. ON WRIT OF CERTIORARI TO THE UNITED STATES COURT OF APPEALS FOR THE ELEVENT"
term_22,21-1576,6,20230127165939742_2023-01-27_No._21-1576_-_Smith_Merits_Brief.pdf,0,True,False,False,,"No. 21-1576 In the Supreme Court of the United States TIMOTHY J. SMITH, Petitioner, V. UNITED STATES OF AMERICA, Respondent. ON WRIT OF CERTIORARI TO THE UNITED STATES COURT OF APPEALS FOR THE ELEVENT"
term_22,21-1576,7,20230203144740733_Smith_v._United_States_--_Merits-Stage_Amicus_Brief.pdf,38,True,False,False,,". The government is flatly incorrect. Neither Cores, nor any other Supreme Court case, has ever held that the fundamental venue right’s primary purpose is mere convenience. To the contrary, and consis"
term_22,21-1576,8,20230127170445190_2023-01-27_-_No._21-1576_-_Smith_Joint_Appendix.pdf,67,True,False,False,,". Throughout the instant litigation, the defendant has repeatedly cited United States v. Auernheimer, 748 F.3d 525 (3rd Cir. 2014) for authority as to his arguments regarding venue. The Auernheimer ca"
term_22,21-1576,9,20230127170445190_2023-01-27_-_No._21-1576_-_Smith_Joint_Appendix.pdf,80,True,False,False,,. In Cabrales the Supreme Court considered whether venue for money laundering activities was proper in Missouri. Cabrales was charged with conspiracy and money laundering based on her actions in depos
term_22,21-1576,10,20230127170445190_2023-01-27_-_No._21-1576_-_Smith_Joint_Appendix.pdf,19,True,False,False,,". Id. In light of Auernheimer, Smith argues that venue is improper as to Counts One and Two because he obtained the relevant information in Mobile, Alabama and accessed this information through server"
term_22,21-1599,1,20221027174522387_21-1599_Polselli_et_al.pdf,0,True,False,False,,"No. 21-1599 In the Supreme Court of the United States HANNA KARCHO POLSELLI, ET AL., PETITIONERS v. INTERNAL REVENUE SERVICE ON PETITION FOR A WRIT OF CERTIORARI TO THE UNITED STATES COURT OF APPEALS "
term_22,21-1599,2,20230130161712716_01-Polselli_v_IRS_-_Chamber_Amicus_Brief.pdf,0,True,False,False,,"No. 21-1599 IN THE Supreme Court of the United States ___________ HANNA KARCHO POLSELLI, ABRAHAM & ROSE, P.L.C., AND JERRY R. ABRAHAM, P.C., Petitioners, v. INTERNAL REVENUE SERVICE, Respondent. _____"
term_22,21-1599,3,20230130173338897_21-1599.tsac.pdf,0,True,False,False,,"No. 21-1599 In the Supreme Court of the United States HANNA KARCHO POLSELLI, ABRAHAM & ROSE, P.L.C., AND JERRY R. ABRAHAM, P.C., Petitioners, v. UNITED STATES DEPARTMENT OF THE TREASURY— INTERNAL REVE"
term_22,21-1599,4,20230123154433489_Polselli_v._IRS_Merits_Brief_for_Petitioners_FILE.pdf,0,True,False,False,,"No. 21-1599 In the Supreme Court of the United States ________________________________________ HANNA KARCHO POLSELLI, ABRAHAM & ROSE, P.L.C., AND JERRY R. ABRAHAM, P.C., PETITIONERS v. INTERNAL REVENU"
term_22,21-1599,5,20230202145321163_Brief_of_Amicus_Curiae_Institute_for_Justice_.pdf,0,True,False,False,,"No. 21-1599 In The Supreme Court of the United States HANNA KARCHO POLSELLI, ET AL., Petitioners, v. UNITED STATES DEPARTMENT OF THE TREASURY— INTERNAL REVENUE SERVICE, Respondent. On Certiorari to th"
term_22,21-1599,6,20230130161832300_NTUF_Brief_Polselli_v._IRS_No_21-1599.pdf,0,True,False,False,,"No. 21-1599 IN THE Supreme Court of the United States __________________ HANNA KARCHO POLSELLI, ABRHAM & ROSE, P.L.C., AND JERRY R. ABRAHAM, P.C., Petitioners, v. INTERNAL REVENUE SERVICE, Respondent."
term_22,21-1599,7,20221027174522387_21-1599_Polselli_et_al.pdf,8,True,False,False,,"VI Miscellaneous—Continued: Page Antonin Scalia & Bryan A. Garner, Reading Law: The Interpretation of Legal Texts (2012) ............... 18 In the Supreme Court of the United States No. 21-1599 HANNA "
term_22,21-1599,8,20220728141114962_2022-07-28_No._21-1599_Center_for_Taxpayer_Rights_Amicus_Brief_iso_Petit_b159f770.pdf,0,True,False,False,,"No. 21-1599 In the Supreme Court of the United States HANNA KARCHO POLSELLI, ET AL., Petitioners, V. UNITED STATES DEPARTMENT OF THE TREASURY— INTERNAL REVENUE SERVICE, Respondent. ON PETITION FOR A W"
term_22,21-1599,9,20230130140249396_2023-01-30_No._21-1599_Center_for_Taxpayer_Rights_Merits_Stage_Amici_Br__eac2da70.pdf,0,True,False,False,,"No. 21-1599 In the Supreme Court of the United States HANNA KARCHO POLSELLI, ET AL., Petitioners, V. UNITED STATES DEPARTMENT OF THE TREASURY— INTERNAL REVENUE SERVICE, Respondent. ON WRIT OF CERTIORA"
term_22,21-1599,10,20220624111252302_Polselli_v._IRS_Cert_Petition_FILE.pdf,37,True,False,False,,14 determine whether Petitioners will have a chance to present their merits arguments to a federal judge. The decision below is also wrong. The Sixth and Seventh Circuits’ rule contravenes § 7609’s te
term_22,21-376,1,20220812233254031_21-376tsUnitedStates.pdf,33,True,False,False,,"In the Supreme Court of the United States No. 21-376 DEB HAALAND, SECRETARY OF THE INTERIOR, ET AL., PETITIONERS v. CHAD EVERET BRACKEEN, ET AL. No. 21-377 CHEROKEE NATION, ET AL., PETITIONERS v. CHAD"
term_22,21-376,2,20220819162422867_Bradshaw-Brief-and-App.pdf,83,True,False,False,,". 1(a). No adoption placement agreement has been executed for this child. For these reasons, the issue of whether the §1915(a) placement 2 The letter filed and oral arguments made by Mr. Rehm on behal"
term_22,21-376,3,20220819163105655_21-376_21-377_21-378_21-380ac497Tribesand62TribalOrganizations.pdfA.pdf,38,True,False,False,,". Rather, this Court has held that the Constitution “singles Indians out as a proper subject for separate legislation,” and—due to the unique legal status of Tribes—grants Congress vast discretion to "
term_22,21-376,4,20220818145927333_21-376_21-377_21-378_21-380acTheAmericanBarAssociation.pdfA.pdf,17,True,False,False,,"4 is thus well positioned to provide an important, balanced perspective on legal questions implicating these policy areas. SUMMARY OF ARGUMENT This case presents important questions at the intersectio"
term_22,21-376,5,20220329155047771_21-376_DEB_Haalan_sec_Word_Limit_Appl_FINAL.pdf,5,True,False,False,,"5 2. The questions presented implicate numerous issues of constitutional law, including Article III’s case-or-controversy requirement, Congress’s power over Indian affairs, the anticommandeering doctr"
term_22,21-376,6,20220819094125802_Brackeen_CAC_Brief_Final.pdf,0,True,False,False,,"Nos. 21-376, 21-377, 21-378, & 21-380 IN THE Supreme Court of the United States DEB HAALAND, SECRETARY, U.S. DEPARTMENT OF THE INTERIOR, et al., Petitioners, v. CHAD EVERET BRACKEEN, et al., Responden"
term_22,21-376,7,20220819150745119_21-376_Brief_of_Amici_Family_Defense_Providers_PDFA.pdf,0,True,False,False,,"Nos. 21-376, 21-377, 21-378, 21-380 In the Supreme Court of the United States DEB HAALAND, SECRETARY OF THE INTERIOR, ET AL., Petitioners, v. CHAD EVERET BRACKEEN, ET AL., Respondents. On Writs of Cer"
term_22,21-376,8,20210903170208145_Brackeen_v._Haaland_App..pdf,1111,True,False,False,,"569a Since Plaintiffs seek to nullify a federal statute and regulation, Nevada and Minnesota are not indispensable parties. Bermudez v. U.S. Dep’t of Agric., 490 F.2d 718, 724 (D.C. Cir. 1973). Rather"
term_22,21-376,9,20211008140343477_Casey_Cert_Amicus-Final.pdf,14,True,False,False,,. 21-376 and 21-377 that the Fifth Circuit erred in invalidating several provisions of ICWA; that ICWA is essential and serves vital interests in protecting Indian children and families; and that the 
term_22,21-376,10,20220601155110941_PLF_Amicus_Brief_-_BRACKEEN_-_2022.06.01_-_FINAL.pdf,14,True,False,False,,"3 who believe in the primacy of individual rights over collective interests. In addition to its involvement in Foster Parents’ successful award of legal custody, PLF has extensive litigation experienc"
term_22,21-432,1,20220513135416039_Arellano_SCOTUS_Opening_Brief_051322.pdf,0,True,False,False,,"No. 21-432 IN THE Supreme Court of the United States ADOLFO R. ARELLANO, Petitioner, v. DENIS MCDONOUGH, SECRETARY OF VETERANS AFFAIRS, Respondent. ON WRIT OF CERTIORARI TO THE UNITED STATES COURT OF "
term_22,21-432,2,20211222153332345_No._21-432_Arellano_v._McDonough_Final.pdf,0,True,False,False,,"No. 21-432 In the Supreme Court of the United States ADOLFO R. ARELLANO, PETITIONER v. DENIS R. MCDONOUGH, SECRETARY OF VETERANS AFFAIRS ON PETITION FOR A WRIT OF CERTIORARI TO THE UNITED STATES COURT"
term_22,21-432,3,20220520121831718_21-432_tsac_FCBA.pdf,0,True,False,False,,"No. 21-432 In the Supreme Court of the United States __________________ ADOLFO R. ARELLANO, Petitioner, v. DENIS R. MCDONOUGH, SECRETARY OF VETERANS AFFAIRS, Respondent. __________________ On Writ of "
term_22,21-432,4,20220519095002865_2022.05.19_Arellano_amicus_brief_for_filing.pdf,0,True,False,False,,"No. 21-432 IN THE Supreme Court of the United States ADOLFO R. ARELLANO, Petitioner, v. DENIS R. MCDONOUGH, SECRETARY OF VETERANS AFFAIRS, Respondent. ON WRIT OF CERTIORARI TO THE UNITED STATES COURT "
term_22,21-432,5,20211021120224980_MVA_Arellano_S._Ct._Amicus_Brief.pdf,0,True,False,False,,"No. 21-432 IN THE Supreme Court of the United States ___________________________ ADOLFO R. ARELLANO, Petitioner, v. DENIS R. MCDONOUGH, SECRETARY OF VETERANS AFFAIRS, Respondent. _____________________"
term_22,21-432,6,20220520171349923_Arellano_Brief.pdf,0,True,False,False,,No. 21-432 ================================================================================================================ In The Supreme Court of the United States ---------------------------------♦
term_22,21-432,7,20220718173458614_21-432bsUnitedStates.pdf,0,True,False,False,,"No. 21-432 In the Supreme Court of the United States ADOLFO R. ARELLANO, PETITIONER v. DENIS R. MCDONOUGH, SECRETARY OF VETERANS AFFAIRS ON WRIT OF CERTIORARI TO THE UNITED STATES COURT OF APPEALS FOR"
term_22,21-432,8,20220718173458614_21-432bsUnitedStates.pdf,12,True,False,False,,"In the Supreme Court of the United States No. 21-432 ADOLFO R. ARELLANO, PETITIONER v. DENIS R. MCDONOUGH, SECRETARY OF VETERANS AFFAIRS ON WRIT OF CERTIORARI TO THE UNITED STATES COURT OF APPEALS FOR"
term_22,21-432,9,20220520143138229_MVA_Arellano_S._Ct._Merits_Amicus_Brief.pdf,0,True,False,False,,"No. 21-432 IN THE Supreme Court of the United States _________________________________________________ ADOLFO R. ARELLANO, Petitioner, v. DENIS R. MCDONOUGH, SECRETARY OF VETERANS AFFAIRS, Respondent."
term_22,21-432,10,20220520091515810_Arellano_CAC_Brief.pdf,0,True,False,False,,"No. 21-432 IN THE Supreme Court of the United States ADOLFO R. ARELLANO, Petitioner, v. DENIS MCDONOUGH, SECRETARY OF VETERANS AFFAIRS, Respondent. On Writ of Certiorari to the United States Court of "
term_22,21-442,1,20220708120824169_21-442_Amicus_Brief_of_Chase_Baumgartner.pdf,0,True,False,False,,"No. 21-442 IN THE Supreme Court of the United States RODNEY REED, PETITIONER v. BRYAN GOERTZ, etal. ONWRITOFCERTIORARITOTHE UNITEDSTATESCOURTOFAPPEALSFORTHE FIFTHCIRCUIT BRIEF FOR CHASE BAUMGARTNER AS"
term_22,21-442,2,20220707135324733_20220707_Retired_Judges_Merits_Amicus_Brief.pdf,0,True,False,False,,"No. 21-442 IN THE Supreme Court of the United States _________ RODNEY REED, Petitioner, v. BRYAN GOERTZ, Respondent. _________ On Writ of Certiorari to the United States Court of Appeals for the Fifth"
term_22,21-442,3,20220708082004015_Reed_CAC_Merits_Amicus_FINAL_FINAL.pdf,0,True,False,False,,"No. 21-442 IN THE Supreme Court of the United States ___________ RODNEY REED, Petitioner, v. BRYAN GOERTZ, Respondent. ___________ On Writ of Certiorari to the United States Court of Appeals for the F"
term_22,21-442,4,20220119174014665_Reed_BIO_FINAL_cover.pdf,0,True,False,False,,"No. 21-442 IN THE Supreme Court of the United States _________________________ RODNEY REED, Petitioner, vs. BRYAN GOERTZ, ET AL., Respondents. _________________________ On Petition for Writ of Certior"
term_22,21-442,5,20220708164940081_21-442_merits_tsac_Texas_Exonerees_et_al.pdf,0,True,False,False,,"No. 21-442 IN THE Supreme Court of the United States RODNEY REED, Petitioner, v. BRYAN GOERTZ, Respondent. On Writ of Certiorari to the United States Court of Appeals for the Fifth Circuit BRIEF OF TE"
term_22,21-442,6,20211022150137315_21-442_cert_tsac_Texas_Exonerees_et_al.pdf,0,True,False,False,,"No. 21-442 IN THE Supreme Court of the United States RODNEY REED, Petitioner, v. BRYAN GOERTZ, ET AL., Respondents. On Petition for a Writ of Certiorari to the United States Court of Appeals for the F"
term_22,21-442,7,20220708154812057_42625_pdf_Davy.pdf,0,True,False,False,,No. 21-442 ================================================================================================================ In The Supreme Court of the United States ---------------------------------♦
term_22,21-442,8,20220622143157874_Reed_v._Goertz_Blanket_Consent_Letter_FILE.pdf,0,True,False,False,,"SKADDEN, ARPS, SLATE, MEAGHER & FLOM LLP 1440 NEW YORK AVENUE, N.W. WASHINGTON, D.C. 20005-2111 FIRM/AFFILIATE----------- OFFICES ________ BOSTON CHICAGO TEL: (202) 371-7000 HOUSTON FAX: (202) 393-576"
term_22,21-442,9,20220701095716634_Reed_v._Goertz_Merits_Brief_FILE.pdf,49,True,False,False,,". Ex parte Young is Reed’s only remedy, and Goertz’s contrary arguments would bar the very claim the Court suggested in Osborne and greenlit in Skinner. Finally, Goertz’s attempt to recast his Ex part"
term_22,21-442,10,20220708144054970_21-442-Amicus_Brief.pdf,9,True,False,False,,". Resp. Brief in Opp. at 21-22, Reed v. Goertz, No. 21-442 (Jan. 19, 2022) (“[T]he thrust of Reed’s allegations [are] that the CCA’s application of Chapter 64 was unconstitutional as to him. . . . Bec"
term_22,21-454,1,20210928152457805_Sackett_Blanket_Consent_Letter.pdf,0,True,False,False,,"September 28, 2021 Mr. Scott S. Harris Office of the Clerk Supreme Court of the United States 1 First Street, N.E. Washington, DC 20543-0001 Re: Sackett v. U.S. Environmental Protection Agency, No. 21"
term_22,21-454,2,20220418131535551_21-454_tsac_CCJ_.pdf,0,True,False,False,,"i No. 21-454 In the Supreme Court of the United States MICHAEL SACKETT, ET UX., Petitioners, v. ENVIRONMENTAL PROTECTION AGENCY, ET AL., Respondents. On Writ of Certiorari to the United States Court o"
term_22,21-454,3,20220418120921558_Sackett_04.15.2022PDFA_FINAL.pdf,0,True,False,False,,"No. 21-454 In The Supreme Court of the United States MICHAEL SACKETT, ET UX., Petitioners, v. ENVIRONMENTAL PROTECTION AGENCY, ET AL. Respondents. On Writ of Certiorari to the United States Court of A"
term_22,21-454,4,20220414115946837_2022.4.14.AFPF_Amicus.Sackett_v._EPA.No._21_454.pdf,0,True,False,False,,"No. 21-454 IN THE Supreme Court of the United States _________________________________________________ MICHAEL SACKETT, ET UX., Petitioners, v. ENVIRONMENTAL PROTECTION AGENCY, ET AL., Respondents. __"
term_22,21-454,5,20220617121832811_Sackett_CAC_Amicus_FINAL.pdf,0,True,False,False,,"No. 21-454 IN THE Supreme Court of the United States MICHAEL SACKETT & CHANTELL SACKETT, Petitioners, v. ENVIRONMENTAL PROTECTION AGENCY, ET AL., Respondents. On Writ of Certiorari to the United State"
term_22,21-454,6,20220617124552018_Sackett_Amicus_Brief_final_pdfa.pdf,0,True,False,False,,"No. 21-454 IN THE Supreme Court of the United States _______________ MICHAEL SACKETT; CHANTELL SACKETT, Petitioners, v. UNITED STATES ENVIRONMENTAL PROTECTION AGENCY; MICHAEL S. REGAN, ADMINISTRATOR, "
term_22,21-454,7,20220418132055286_21-454_Brief.pdf,0,True,False,False,,"No. 21-454 IN THE Supreme Court of the United States MICHAEL SACKETT, ET UX., Petitioners, v. ENVIRONMENTAL PROTECTION AGENCY, ET AL., Respondents. On Writ of Certiorari to the United States Court of "
term_22,21-454,8,20210922172429945_FINAL_Sackett_Appendix_to_Cert_Petition.pdf,77,True,False,False,,"Appendix A-50 Four justices, in a dissenting opinion authored by Justice Stevens, concluded that EPA’s and the Corps’ interpretation of “waters of the United States” was a reasonable interpretation of"
term_22,21-454,9,20220415130636235_21-454_FINAL_NAFO_Amicus_4.15.22.pdf,0,True,False,False,,"No. 21-454 IN THE Supreme Court of the United States _____________ MICHAEL SACKETT; CHANTELL SACKETT, Petitioners, V. UNITED STATES ENVIRONMENTAL PROTECTION AGENCY; MICHAEL S. REGAN, Administrator, Re"
term_22,21-454,10,20220418132543637_42188_pdf_Wilson_br.pdf,0,True,False,False,,No. 21-454 ================================================================================================================ In The Supreme Court of the United States ---------------------------------♦
term_22,21-468,1,20220617165638428_21-468_Brief_for_Amicus_Curiae_Protect_the_Harvest.pdf,12,True,False,False,,". Amicus also presents legal arguments that support application of the dormant Commerce Clause in this case as advocated by Petitioners. 1. Pursuant to Supreme Court Rule 37.3(a), all parties have con"
term_22,21-468,2,20220617165638428_21-468_Brief_for_Amicus_Curiae_Protect_the_Harvest.pdf,11,True,False,False,,"1 INTEREST OF AMICUS CURIAE1 Protect the Harvest is a nonprofit organization that promotes agriculture, animal welfare, animal ownership, and favorable food security policies in the United States. As "
term_22,21-468,3,20211208164234281_Humane_Society_-_NPPC_-_BIO.pdf,31,True,False,False,,"11 wholly out of state conduct.” 784 F.3d at 1324. If the statute in Eleveurs constituted a regulation of purely outof-state conduct that lacked any in-state health, safety, or other interest, it sure"
term_22,21-468,4,20220622163308906_National_Pork_Producers_Council_v_Ross_Amicus_.pdf,0,True,False,False,,"No. 21-468 IN THE Supreme Court of the United States ____________________________ NATIONAL PORK PRODUCERS COUNCIL, ET AL., Petitioners, v. KAREN ROSS, ET AL., Respondents. On Writ of Certiorari to the"
term_22,21-468,5,20220617142130293_21-468_ac_Lea_Brilmayer.pdf,0,True,False,False,,"No. 21-468 IN THE Supreme Court of the United States ____________________ NATIONAL PORK PRODUCERS COUNCIL & AMERICAN FARM BUREAU FEDERATION, Petitioners, v. KAREN ROSS, ET AL., Respondents. __________"
term_22,21-468,6,20220617195711500_No._21-468_Natl_Pork_Producers_v._Ross_Final.pdf,10,True,False,False,,"In the Supreme Court of the United States No. 21-468 NATIONAL PORK PRODUCERS COUNCIL, ET AL., PETITIONERS v. KAREN ROSS, IN HER OFFICIAL CAPACITY AS SECRETARY OF THE CALIFORNIA DEPARTMENT OF FOOD & AG"
term_22,21-468,7,20220617124444846_NAMI_Amicus_Brief_-_June_17_2022_-_Final.pdf,0,True,False,False,,"No. 21-468 IN THE Supreme Court of the United States ___________ NATIONAL PORK PRODUCERS COUNCIL & AMERICAN FARM BUREAU FEDERATION, Petitioners, v. KAREN ROSS, ET AL., Respondents. ___________ On Writ"
term_22,21-468,8,20211118142729577_MN_IA_Farmer_Amici_Brief_Final.pdf,0,True,False,False,,"No. 21-468 In the Supreme Court of the United States NATIONAL PORK PRODUCERS COUNCIL & AMERICAN FARM BUREAU FEDERATION, Petitioners, v. KAREN ROSS, ET AL., Respondents. On Petition for a Writ of Certi"
term_22,21-468,9,20211012102728645_21-468_Petitioners_Consent_for_amicus_curiae_briefs.pdf,0,True,False,False,,"Mayer Brown LLP 71 South Wacker Drive Chicago, IL 60606 United States of America T: +1 312 782 0600 F: +1 312 701 7711 mayerbrown.com Timothy S. Bishop T: +1 312 701 7829 F: +1 312 706 8607 TBishop@ma"
term_22,21-468,10,20220617125858968_21-468_NPPCvRoss_AmicusBrief_2022-06-17.pdf,0,True,False,False,,"No. 21-468 In The Supreme Court of the United States NATIONAL PORK PRODUCERS COUNCIL, et al., Petitioners, v. KAREN ROSS, IN HER OFFICIAL CAPACITY AS SECRETARY OF THE CALIFORNIA DEPARTMENT OF FOOD & A"
term_22,21-476,1,20220602164837493_303_Creative_amicus_brief.pdf,12,True,False,False,,3 SUMMARY OF ARGUMENT This case presents the Court with another opportunity to review the Colorado law which empowers militant homosexual activists and their allies in government to destroy private bu
term_22,21-476,2,20210924115918275_USSC_Petition_for_Writ_of_Certiorari.pdf,300,True,False,False,,"119a Simultaneously with the Complaint, Ms. Smith sought a preliminary injunction (#6) to restrain the CCRC from enforcing the Communication Clause against her and 303. The parties eventually agreed t"
term_22,21-476,3,20220602102911906_FRC_Final_Draft.pdf,14,True,False,False,,". But what is so clear to the Arizona Supreme Court about Constitutional law has been elusive in other jurisdictions (see pt. II, infra). This means business owners face a patchwork of national legal "
term_22,21-476,4,20210924115918275_USSC_Petition_for_Writ_of_Certiorari.pdf,388,True,False,False,,"169a the merits due to the pendency of Masterpiece Cakeshop, Ltd. v. Colo. Civil Rights Comm’n, 16-111 (U.S. filed Jul. 22, 2016) before the United States Supreme Court. As noted, the factual and lega"
term_22,21-476,5,20220526141251289_21-476_Joint_Appendix.pdf,388,True,False,False,,"341 Date Filed Docket Text Garcia, Ajay Menon, Miguel Rene Elias, Richard Lewis, Kendra Anderson, Sergio Cordova, Jessica Pocock, and Phil Weiser and against Plaintiffs 303 Creative LLC and Lorie Smit"
term_22,21-476,6,20210924115918275_USSC_Petition_for_Writ_of_Certiorari.pdf,357,True,False,False,,"150a challenge [part of the CADA], the [c]ourt declines to rule on the merits due to the pendency of Masterpiece Cakeshop . . . before the United States Supreme Court. As noted, the factual and legal "
term_22,21-476,7,20220526141251289_21-476_Joint_Appendix.pdf,179,True,False,False,,"165 COME NOW Defendants, by and through counsel, and pursuant to Fed. R. Civ. P. 56, who respond to Plaintiffs’ motion for summary judgment (# 48 ) as follows. The reason this litigation was initiated"
term_22,21-476,8,20210924115918275_USSC_Petition_for_Writ_of_Certiorari.pdf,280,True,False,False,,". The Court has considered those filings and, for the reasons set forth in May 17, 2019 Order, as supplemented herein, finds that judgment in favor of the Defendants is appropriate. The Court deems it"
term_22,21-476,9,20220531123150697_21-476_Amicus_Br_Concerned_Women_for_America.pdf,0,True,False,False,,"No. 21-476 In the Supreme Court of the United States 303 CREATIVE LLC, et al., Petitioners, v. AUBREY ELENIS, et al., Respondents. On Writ of Certiorari to the United States Court of Appeals for the T"
term_22,21-476,10,20220602155931061_21-476_Amicus_Catholic_Vote_Supp_Pet.pdf,0,True,False,False,,"No. 21-476 In the Supreme Court of the United States _________________________ 303 CREATIVE LLC AND LORIE SMITH, Petitioners, v. AUBREY ELENIS, ET AL., Respondents. _________________________ On Writ o"
term_22,21-757,1,20230103165153285_21-757_Brief_of_Abbvie_Inc._as_Amicus_Curiae.pdf,0,True,False,False,,"No. 21-757 IN THE Supreme Court of the United States AMGEN, INC. ET AL., Petitioners, v. SANOFI. ET AL., Respondents. ON WRIT OF CERTIORARI TO THE U.S. COURT OF APPEALS FOR THE FEDERAL CIRCUIT BRIEF O"
term_22,21-757,2,20221201154024824_Amgen_Amicus_Consent_Letter.pdf,0,True,False,False,,"Jeffrey A. Lamken MoloLamken LLP The Watergate, Suite 500 600 New Hampshire Avenue, N.W. Washington, D.C. 20037 T: 202.556.2010 F: 202.536.2010 F: 202.556.2001 jlamken@mololamken.com www.mololamken.co"
term_22,21-757,3,20211118155938529_PCSK9_Cert_Petition_-_For_Filing.pdf,195,True,False,False,,"68a The much-cited Wands case is the signature authority on the issue. See In re Wands, 858 F.2d 731, 735 (Fed. Cir. 1988) (explaining that “we review enablement as a question of law.”) (emphasis adde"
term_22,21-757,4,20211222161335343_41859_pdf_Karshtedt_br.pdf,0,True,False,False,,No. 21-757 ================================================================================================================ In The Supreme Court of the United States ---------------------------------♦
term_22,21-757,5,20230103091512711_2022_12_29_Instil_Bio_amicus_brief.pdf,0,True,False,False,,"No. 21-757 In the Supreme Court of the United States ———— AMGEN INC., ET AL., Petitioners, v. SANOFI, ET AL., Respondents. ———— On Writ of Certiorari to the United States Court of Appeals for the Fede"
term_22,21-757,6,20230103165345590_A-Amgen_Sanofi_Amicus_Brief_-_FINAL.pdf,0,True,False,False,,"No. 21-757 IN THE Supreme Court of the United States ___________ AMGEN INC., AMGEN MANUFACTURING, LIMITED, AND AMGEN USA, INC., Petitioners, v. SANOFI, AVENTISUB LLC, FKA AVENTIS PHARMACEUTICALS INC.,"
term_22,21-757,7,20230103170940524_No._21-757_Brief.pdf,0,True,False,False,,"No. 21-757 In the Supreme Court of the United States AMGEN INC., ET AL. Petitioners, v. SANOFI, ET AL., Respondents. ON A WRIT OF CERTIORARI TO THE UNITED STATES COURT OF APPEALS FOR THE FEDERAL CIRCU"
term_22,21-757,8,20230103110133507_21-757_Amicus_Curiae_Brief.pdf,0,True,False,False,,"NO. 21-757 In the Supreme Court of the United States ________________ AMGEN INC., et al., Petitioners, v. SANOFI, AVENTISUB LLC, et al., Respondents. ________________ On Writ of Certiorari to the Unit"
term_22,21-757,9,20230103145224215_21-757_Amicus_Brief.pdf,0,True,False,False,,"NO. 21-757 In the Supreme Court of the United States ________________ AMGEN, INC., ET AL., PETITIONERS, v. SANOFI, ET AL., RESPONDENTS. ________________ ONWRITOFCERTIORARI TOTHEUNITEDSTATESCOURTOFAPPE"
term_22,21-757,10,20211227111915011_Amicus_in_No._21-757.pdf,0,True,False,False,,"No. 21-757 IN THE Supreme Court of the United States ___________ AMGEN INC., AMGEN MANUFACTURING, LIMITED, AND AMGEN USA, INC., Petitioners, v. SANOFI, AVENTISUB LLC, FKA AVENTIS PHARMACEUTICALS INC.,"
term_22,21-806,1,20220718180444399_2022-07-18_Final_Talevski_JA_PDF-A.pdf,7,True,False,False,,7 Date Dkt. No. Docket Text 1664] (CG) [Entered: 08/25/2021 08:53 AM] 09/02/21 72 Mandate issued. No record to be returned. [72] [7183096] [201664] (GW) [Entered: 09/02/2021 09:46 AM] 12/02/21 73 File
term_22,21-806,2,20220506153314717_Blanket_Consent_Letter.pdf,0,True,False,False,,"Lawrence S. Robbins Partner 2000 K Street NW, 4th Floor T 202.907.7163 Washington, DC 20006 F 202.775.4510 T 202.775.4500 lrobbins@kramerlevin.com F 202.775.4510 May 6, 2022 Scott Harris, Clerk United"
term_22,21-806,3,20220728120657409_21-806_tsac_StateAndLocalGovernmentOrgs-Corrected.pdf,3,True,False,False,,"In the Supreme Court of the United States No. 21-806 HEALTH AND HOSPITAL CORPORATION OF MARION COUNTY, ET AL., Petitioners, v. GORGI TALEVSKI, BY HIS NEXT FRIEND IVANKA TALEVSKI, Respondent. On Petiti"
term_22,21-806,4,20220718180444399_2022-07-18_Final_Talevski_JA_PDF-A.pdf,0,True,False,False,,"No. 21-806 In The Supreme Court of the United States HEALTH AND HOSPITAL CORPORATION OF MARION COUNTY, ET AL., Petitioners, v. IVANKA TALEVSKI, PERSONAL REPRESENTATIVE OF THE ESTATE OF GORGI TALEVSKI,"
term_22,21-806,5,20220725115812248_21-806_Amicus_Brief_of_Robert_M_Kerr.pdf,0,True,False,False,,"NO. 21-806 IN THE Supreme Court of the United States HEALTH AND HOSPITAL CORPORATION OF MARION COUNTY, ET AL., Petitioners, v. GORGI TALEVSKI, BY HIS NEXT FRIEND IVANKA TALEVSKI, Respondent. On Writ o"
term_22,21-806,6,20220718175856195_2022-07-18_Final_Brief_HHC_v._Talevski_PDF-A.pdf,0,True,False,False,,"No. 21-806 In The Supreme Court of the United States HEALTH AND HOSPITAL CORPORATION OF MARION COUNTY, ET AL., Petitioners, v. IVANKA TALEVSKI, PERSONAL REPRESENTATIVE OF THE ESTATE OF GORGI TALEVSKI,"
term_22,21-806,7,20220725195544307_21-806_-_US_Amicus_Br_-_Talevski_FINAL.pdf,15,True,False,False,,"In the Supreme Court of the United States No. 21-806 HEALTH AND HOSPITAL CORPORATION OF MARION COUNTY, ET AL., PETITIONERS v. IVANKA TALEVSKI, PERSONAL REPRESENTATIVE OF THE ESTATE OF GORGI TALEVSKI, "
term_22,21-806,8,20220725151159424_21-806_-_tsac_Indiana_and_21_Other_States.pdf,0,True,False,False,,"No. 21-806 IN THE Supreme Court of the United States ____________________________________ HEALTH AND HOSPITAL CORPORATION OF MARION COUNTY, et al., Petitioners, v. IVANKA TALEVSKI, Personal Representa"
term_22,21-806,9,20220311113635645_42201_Tutt_Talevski_Brief_in_Opposition.pdf,0,True,False,False,,"No. 21-806 In the Supreme Court of the United States HEALTH AND HOSPITAL CORPORATION OF MARION COUNTY, INDIANA, ET AL., PETITIONERS v. GORGI TALEVSKI, BY HIS NEXT FRIEND IVANKA TALEVSKI ON PETITION FO"
term_22,21-806,10,20220728120657409_21-806_tsac_StateAndLocalGovernmentOrgs-Corrected.pdf,0,True,False,False,,"No. 21-806 In the Supreme Court of the United States HEALTH AND HOSPITAL CORPORATION OF MARION COUNTY, ET AL., Petitioners, v. GORGI TALEVSKI, BY HIS NEXT FRIEND IVANKA TALEVSKI, Respondent. On Writ o"
term_22,21-846,1,20220621150341908_Cruz_ACRP-AACJ_Amicus_Brief_Master_-_final.pdf,0,True,False,False,,"No. 21-846 IN THE Supreme Court of the United States _________ JOHN MONTENEGRO CRUZ, Petitioner, v. STATE OF ARIZONA, Respondent. _________ On Writ of Certiorari to the Arizona Supreme Court _________"
term_22,21-846,2,20220613124558307_21-846_Joint_Appendix_6-10-22_Final.pdf,0,True,False,False,,"No. 21-846 IN THE Supreme Court of the United States _________ JOHN MONTENEGRO CRUZ, Petitioner, v. STATE OF ARIZONA, Respondent. _________ On Writ of Certiorari to the Arizona Supreme Court _________"
term_22,21-846,3,20220106131349196_220102a_Amicus_Brief_for_efiling.pdf,0,True,False,False,,"No. 21-846 IN THE Supreme Court of the United States ________________ JOHN MONTENEGRO CRUZ, Petitioner, v. STATE OF ARIZONA, Respondent. ________________ ON PETITION FOR A WRIT OF CERTIORARI TO THE AR"
term_22,21-846,4,20220107141136663_21-846_Amicus_Brief.pdf,0,True,False,False,,"No. 21-846 In the Supreme Court of the United States JOHN MONTENEGRO CRUZ, Petitioner, v. ARIZONA, Respondent. On Petition for a Writ of Certiorari to the Supreme court of Arizona BRIEF OF AMICUS CURI"
term_22,21-846,5,20220621144102532_21-846_Amicus_Brief.pdf,0,True,False,False,,"No. 21-846 In the Supreme Court of the United States JOHN MONTENEGRO CRUZ, Petitioner, v. STATE OF ARIZONA, Respondent. On Writ of Certiorari to the Supreme Court of Arizona BRIEF OF AMICI CURIAE LATI"
term_22,21-846,6,20220819121926264_Cruz_FINAL.pdf,0,True,False,False,,"No. 21-846 In the Supreme Court of the United States _____________ JOHN MONTENEGRO CRUZ, PETITIONER v. STATE OF ARIZONA, RESPONDENT _____________ ON WRIT OF CERTIORARI TO THE SUPREME COURT OF ARIZONA "
term_22,21-846,7,20220812115309616_Response_Brief_Booklet_Form_12.pdf,39,True,False,False,,. Cruz conceded as much in his Petition for Writ of Certiorari when he complained that the Arizona Supreme Court failed to address his arguments under federal law. See Cert. Pet. at 19 (“But when the 
term_22,21-846,8,20220621135219544_2022-06-21_No._21-846_OJPC_and_MJC_Merits_Amici_Brief.pdf,0,True,False,False,,"No. 21-846 In the Supreme Court of the United States ———————————— JOHN MONTENEGRO CRUZ, Petitioner, v. STATE OF ARIZONA, Respondent. ———————————— ON WRIT OF CERTIORARI TO THE ARIZONA SUPREME COURT ———"
term_22,21-846,9,20220621135219544_2022-06-21_No._21-846_OJPC_and_MJC_Merits_Amici_Brief.pdf,10,True,False,False,,". Without addressing Cruz’s arguments under federal law, the Arizona Supreme Court denied Cruz’s claim under Arizona Rule of Criminal Procedure 32.1(g). That Rule enables petitioners like Cruz to seek"
term_22,21-846,10,20211203161249846_Cruz_Petition_Appendix.pdf,8,True,False,False,,"6a sentenced to life in prison); State v. Lynch (Lynch I), 238 Ariz. 84, 103 ¶ 65, 357 P.3d 119, 138 (2015), rev’d Lynch II (stating that “Simmons applies only to instances where, as a legal matter, t"
term_22,21-857,1,20220603135758125_Blanket_Consent_060322.pdf,0,True,False,False,,"UNIVERSITY OF VIRGINIA SCHOOL OF LAW Supreme Court Litigation Clinic Directors Matthew X. Etchemendy Jeremy C. Marwell Daniel R. Ortiz June 3, 2022 Hon. Scott S. Harris Clerk of the Court Supreme Cour"
term_22,21-857,2,20220714094933784_21-857_Brief_for_Petitioner.pdf,0,True,False,False,,"No. 21-857 In the Supreme Court of the United States MARCUS DEANGELO JONES, PETITIONER, v. DEWAYNE HENDRIX, WARDEN ON A WRIT OF CERTIORARI TO THE UNITED STATES COURT OF APPEALS FOR THE EIGHTH CIRCUIT "
term_22,21-857,3,20220714094518825_21-857_Joint_Appendix.pdf,0,True,False,False,,"No. 21-857 In the Supreme Court of the United States MARCUS DEANGELO JONES, PETITIONER, v. DEWAYNE HENDRIX, WARDEN ON A WRIT OF CERTIORARI TO THE UNITED STATES COURT OF APPEALS FOR THE EIGHTH CIRCUIT "
term_22,21-857,4,20220721160230164_No._21-857_AmicusBr.pdf,0,True,False,False,,"No. 21-857 IN THE Supreme Court of the United States _______________________ MARCUS DEANGELO JONES, Petitioner, v. DEWAYNE HENDRIX, WARDEN, Respondent. _______________________ On Writ of Certiorari to"
term_22,21-857,5,20220721141200446_21-857tsacHabeasScholars.pdf,0,True,False,False,,"No. 21-857 In the Supreme Court of the United States ———— MARCUS DEANGELO JONES, PETITIONER, v. DEWAYNE HENDRIX, WARDEN ———— ON WRIT OF CERTIORARI TO THE UNITED STATES COURT OF APPEALS FOR THE EIGHTH "
term_22,21-857,6,20220727094618744_Jones_Amicus_Br_-_Revised.pdf,0,True,False,False,,"No. 21-857 IN THE Supreme Court of the United States ____________________ MARCUS DEANGELO JONES, Petitioner, v. DEWAYNE HENDRIX, Respondent. ____________________ On Writ of Certiorari to the United St"
term_22,21-857,7,20220808182056765_21-857bsUnitedStates.pdf,0,True,False,False,,"No. 21-857 In the Supreme Court of the United States MARCUS DEANGELO JONES, PETITIONER v. DEWAYNE HENDRIX, WARDEN ON WRIT OF CERTIORARI TO THE UNITED STATES COURT OF APPEALS FOR THE EIGHTH CIRCUIT BRI"
term_22,21-857,8,20220808182056765_21-857bsUnitedStates.pdf,11,True,False,False,,"In the Supreme Court of the United States No. 21-857 MARCUS DEANGELO JONES, PETITIONER v. DEWAYNE HENDRIX, WARDEN ON WRIT OF CERTIORARI TO THE UNITED STATES COURT OF APPEALS FOR THE EIGHTH CIRCUIT BRI"
term_22,21-857,9,20220330142846870_21-857_Jones_Opp.pdf,6,True,False,False,,"In the Supreme Court of the United States No. 21-857 MARCUS DEANGELO JONES, PETITIONER v. DEWAYNE HENDRIX, WARDEN ON PETITION FOR A WRIT OF CERTIORARI TO THE UNITED STATES COURT OF APPEALS FOR THE EIG"
term_22,21-857,10,20220721160230164_No._21-857_AmicusBr.pdf,19,True,False,False,,". . . seems to get at legal inadequacies, not practical ones.”). And, although Prost and its progeny, including the case at bar, purport to focus on text, their textual"
term_22,21-86,1,20210802144844847_Axon_Blanket_Consent_FNAL.pdf,0,True,False,False,,"1301 Pennsylvania Avenue, N.W. Washington, D.C. 20004 Paul D. Clement, P.C. To Call Writer Directly: (202) 389-5000 Facsimile: (202) 389-5013 (202) 389-5200 paul.clement@kirkland.com www.kirkland.com "
term_22,21-86,2,20220323154356242_2022-03-23_Axon_Merits_Blanket_Consent.pdf,0,True,False,False,,"1301 Pennsylvania Avenue, N.W. Washington, D.C. 20004 Paul D. Clement, P.C. United States To Call Writer Directly: Facsimile: +1 202 389 5000 +1 202 389 5000 +1 202 389 5200 paul.clement@kirkland.com "
term_22,21-86,3,20220516104318127_42071_pdf_Ebner.pdf,0,True,False,False,,No. 21-86 ================================================================================================================ In The Supreme Court of the United States ---------------------------------♦-
term_22,21-86,4,20210806134125200_WLF_Amicus_-_Axon_v._FTC.pdf,10,True,False,False,,". Over the past twenty-seven years, twelve courts of appeals have addressed the issue. Those decisions show that the lower courts need more guidance on deciding when a party may challenge an agency’s "
term_22,21-86,5,20220511110154121_2022.5.11.AFPF_Amicus_Br.Axon_v._FTC.No.21.86.pdf,0,True,False,False,,"No. 21-86 IN THE Supreme Court of the United States _________________________________________________ AXON ENTERPRISE, INC., Petitioner, v. FEDERAL TRADE COMMISSION, ET AL., Respondents. _____________"
term_22,21-86,6,20210820093704062_2021.08.20.AFPF_Amicus.Axon_v._FTC.No.21.86.pdf,0,True,False,False,,"No. 21-86 IN THE Supreme Court of the United States _________________________________________________ AXON ENTERPRISE, INC., Petitioner, v. FEDERAL TRADE COMMISSION, ET AL., Respondents. _____________"
term_22,21-86,7,20210720121402024_Axon_Pet._Appendix_FINAL.pdf,129,True,False,False,,App-70 statutory scheme that vests reviewable authority in a non-Article III entity that has jurisdiction over an action but cannot finally decide the legal question to which the facts pertain.” Elgin
term_22,21-86,8,20220509120815179_2022-05-09_FINAL_Axon_Opening_Brief.pdf,0,True,False,False,,"NO. 21-86 In the Supreme Court of the United States ________________ AXON ENTERPRISE, INC., Petitioner, v. FEDERAL TRADE COMMISSION, et al., Respondents. ________________ On Writ of Certiorari to the "
term_22,21-86,9,20220516160044061_21-86_tsac_Committee_for_JusticeFinal.pdf,0,True,False,False,,"No. 21-86 IN THE Supreme Court of the United States AXON ENTERPRISE, INC., Petitioner, v. FEDERAL TRADE COMMISSION, et al., Respondents. ON WRIT OF CERTIORARI TO THE UNITED STATES COURT OF APPEALS FOR"
term_22,21-86,10,20220516072718845_NTEU_Axon_Amicus_Brief_5.16.22.pdf,0,True,False,False,,"No. 21-86 In The Supreme Court of the United States Axon Enterprise, Inc., Petitioner, v. Federal Trade Commission, et al., Respondent. On Writ of Certiorari to the United States Court of Appeals for "
term_22,21-869,1,20220617145155864_42371_pdf_Tushnet_br.pdf,0,True,False,False,,No. 21-869 ================================================================================================================ In The Supreme Court of the United States ---------------------------------♦
term_22,21-869,2,20220617150443086_42458_pdf_Gellis.pdf,0,True,False,False,,No. 21-869 ================================================================================================================ In The Supreme Court of the United States ---------------------------------♦
term_22,21-869,3,20220110122345284_41727_pdf_Tushnet.pdf,0,True,False,False,,No. 21-869 ================================================================================================================ In The Supreme Court of the United States ---------------------------------♦
term_22,21-869,4,20220617142829138_21-869_ac_Copyright_Alliance.pdf,0,True,False,False,,"No. 21-869 IN THE Supreme Court of the United States _________ THE ANDY WARHOL FOUNDATION FOR THE VISUAL ARTS, INC., Petitioner, v. LYNN GOLDSMITH AND LYNN GOLDSMITH, LTD., Respondents. ________ On Wr"
term_22,21-869,5,20220112160558432_Warhol_v._Goldsmith_foundation-museum_amicus_brief_final.pdf,0,True,False,False,,"No. 21-869 IN THE Supreme Court of the United States THE ANDY WARHOL FOUNDATION FOR THE VISUAL ARTS, INC., Petitioner, v. LYNN GOLDSMITH AND LYNN GOLDSMITH, LTD., Respondents. On Petition for a Writ o"
term_22,21-869,6,20220616190601481_42518_pdf_Dupree_br.pdf,0,True,False,False,,No. 21-869 ================================================================================================================ In The Supreme Court of the United States ---------------------------------♦
term_22,21-869,7,20220112160259213_41934_pdf_Abner.pdf,0,True,False,False,,No. 21-869 ================================================================================================================ In The Supreme Court of the United States ---------------------------------♦
term_22,21-869,8,20220617132803415_21-869_AuthorsAlliance_AmicusBrief.pdf,0,True,False,False,,No. 21-869 ================================================================================================================ In The Supreme Court of the United States ---------------------------------♦
term_22,21-869,9,20211209140512568_2021-12-09_Andy_Warhol_Foundation_Cert_Petition_with_appendix.pdf,78,True,False,False,,". Oracle America, Inc., 141 S. Ct. 1183, 209 L.Ed.2d 311 (2021), which discussed the fair-use factors implicated in this case. Shortly thereafter, Plaintiff-Appellee filed a “Petition for Panel Rehear"
term_22,21-869,10,20220615133335172_42544_pdf_Parker_br.pdf,0,True,False,False,,No. 21-869 ================================================================================================================ In The Supreme Court of the United States ---------------------------------♦
term_22,21-887,1,20221014111811158_2022-10-14_No._21-887_Perez_merits_blanket_consent.pdf,0,True,False,False,,"Roman Martinez 555 Eleventh Street, N.W., Suite 1000 Direct Dial: (202) 637-3377 Washington, D.C. 20004-1304 roman.martinez@lw.com Tel: +1.202.637.2200 Fax: +1.202.637.2201 www.lw.com FIRM / AFFILIATE"
term_22,21-887,2,20220112140312384_Filing_Brief_Amicus_23_Law_Profs_pdf_.pdf,0,True,False,False,,No. 21-887 ================================================================================================================ In The Supreme Court of the United States ---------------------------------♦
term_22,21-887,3,20221116162753038_21-887_Perez_v_Sturgis_Brief_for_Amici_Curiae_Advocates_for_Children_of_NY_et_al.pdf,0,True,False,False,,"No. 21-887 IN THE Supreme Court of the United States d MIGUEL LUNA PEREZ, Petitioner, —v.— STURGIS PUBLIC SCHOOLS, ET AL., Respondents. ON WRIT OF CERTIORARI TO THE UNITED STATES COURT OF APPEALS FOR "
term_22,21-887,4,20220824163230846_21-887_Perez_US_Invitation_Br.pdf,0,True,False,False,,"No. 21-887 In the Supreme Court of the United States MIGUEL LUNA PEREZ, PETITIONER v. STURGIS PUBLIC SCHOOLS, ET AL. ON PETITION FOR A WRIT OF CERTIORARI TO THE UNITED STATES COURT OF APPEALS FOR THE "
term_22,21-887,5,20221116150342060_Former_US_Educ_Dept_Officials_amicus_brief_-_Perez_v._Sturgis_Pub._Sch.__bae0928c.pdf,0,True,False,False,,"No. 21-887 IN THE Supreme Court of the United States __________ MIGUEL LUNA PEREZ, Petitioner, v. STURGIS PUBLIC SCHOOLS, ET AL., Respondents. __________ On Writ of Certiorari to the United States Cou"
term_22,21-887,6,20220824163230846_21-887_Perez_US_Invitation_Br.pdf,10,True,False,False,,"In the Supreme Court of the United States No. 21-887 MIGUEL LUNA PEREZ, PETITIONER v. STURGIS PUBLIC SCHOOLS, ET AL. ON PETITION FOR A WRIT OF CERTIORARI TO THE UNITED STATES COURT OF APPEALS FOR THE "
term_22,21-887,7,20221116142542997_21-887_tsac_Senator_Tom_Harkin.pdf,0,True,False,False,,"No. 21-887 IN THE Supreme Court of the United States _________ MIGUEL LUNA PEREZ, Petitioner, v. STURGIS PUBLIC SCHOOLS; STURGIS PUBLIC SCHOOLS BOARD OF EDUCATION, Respondents. ________ On Writ of Cer"
term_22,21-887,8,20221116150743271_43051_pdf_Valderrama_br.pdf,0,True,False,False,,No. 21-887 ================================================================================================================ In The Supreme Court of the United States ---------------------------------♦
term_22,21-887,9,20211213140147005_2021-12-13_Perez_Petition_For_Certiorari_with_appendix.pdf,155,True,False,False,,45a magistrate judge. 28 U.S.C. § 636(b)(1); Fed. R. Civ. P. 72(b). Analysis I. Motion to Dismiss Standard Perez’s first objection is that Magistrate Judge Kent applied an incorrect legal standard to 
term_22,21-887,10,20211213140147005_2021-12-13_Perez_Petition_For_Certiorari_with_appendix.pdf,142,True,False,False,,". As the Supreme Court explained in Honig, the statute’s principal author made clear that exhaustion was not to be required when it would be “futile either as a legal or practical matter.” Honig, 484 "
term_22,21-908,1,20220726162414930_21-908_Amicus_Brief.pdf,0,True,False,False,,"No. 21-908 In the Supreme Court of the United States KATE MARIE BARTENWERFER, Petitioner, v. KIERAN BUCKLEY, Respondent. ON WRIT OF CERTIORARI TO THE UNITED STATES COURT OF APPEALS FOR THE NINTH CIRCU"
term_22,21-908,2,20220601124854137_Bartenwerfer_Blanket_Consent.pdf,0,True,False,False,,"LISA S. BLATT (202) 434-5050 lblatt@wc.com June 1, 2022 Scott S. Harris Clerk of Court Supreme Court of the United States One First Street, NE Washington, DC 20543 Re: Kate Marie Bartenwerfer v. Kiera"
term_22,21-908,3,20220726125133088_21-908tsacLawProfessors.pdf,0,True,False,False,,"No. 21-908 IN THE Supreme Court of the United States ———— KATE MARIE BARTENWERFER, Petitioner, v. KIERAN BUCKLEY, Respondent. ———— On Writ of Certiorari to the United States Court of Appeals for the N"
term_22,21-908,4,20220922123540131_21-908_Buckley_Br..pdf,31,True,False,False,,". at 5a (quoting Strang, 114 U.S. at 561). The court accordingly determined that “the bankruptcy court applied the incorrect legal standard,” and found petitioner’s debt “nondischargeable regardless o"
term_22,21-908,5,20220721165247155_42595_pdf_Kuney.pdf,0,True,False,False,,No. 21-908 ================================================================================================================ In The Supreme Court of the United States ---------------------------------♦
term_22,21-908,6,20220929135654610_21-908bsacUnitedStates.pdf,12,True,False,False,,"In the Supreme Court of the United States No. 21-908 KATE MARIE BARTENWERFER, PETITIONER v. KIERAN BUCKLEY ON WRIT OF CERTIORARI TO THE UNITED STATES COURT OF APPEALS FOR THE NINTH CIRCUIT BRIEF FOR T"
term_22,21-908,7,20220719144933986_Bartenwerfer_Joint_Appendix.pdf,0,True,False,False,,"No. 21-908 In the Supreme Court of the United States KATE MARIE BARTENWERFER, Petitioner, v. KIERAN BUCKLEY, Respondent. ON WRIT OF CERTIORARI TO THE UNITED STATES COURT OF APPEALS FOR THE NINTH CIRCU"
term_22,21-908,8,20220719144833977_Bartenwerfer_Opening_Brief.pdf,0,True,False,False,,"No. 21-908 In the Supreme Court of the United States KATE MARIE BARTENWERFER, PETITIONER, v. KIERAN BUCKLEY, RESPONDENT. ON WRIT OF CERTIORARI TO THE UNITED STATES COURT OF APPEALS FOR THE NINTH CIRCU"
term_22,21-908,9,20220726145731387_Bartenwerfer_v._Buckley_--_Amicus_Brief.pdf,0,True,False,False,,"No. 21-908 IN THE Supreme Court of the United States _______________ KATE MARIE BARTENWERFER, Petitioner, v. KIERAN BUCKLEY, Respondent. _______________ On Writ Of Certiorari To The United States Cour"
term_22,21-908,10,20220321123204426_Bartenwerfer_v._Buckley_-_Brief_in_Opposition.pdf,6,True,False,False,,"In the Supreme Court of the United States NO. 21-908 KATE MARIE BARTENWERFER, PETITIONER v. KIERAN BUCKLEY ON PETITION FOR A WRIT OF CERTIORARI TO THE UNITED STATES COURT OF APPEALS FOR THE NINTH CIRC"
term_22,21-984,1,20220125102307772_Helix_-_amicus_consent_letter.pdf,0,True,False,False,,"1301 Pennsylvania Avenue, N.W. Washington, D.C. 20004 Paul D. Clement To Call Writer Directly: (202) 389-5000 Facsimile: (202) 389-5000 (202) 389-5200 paul.clement@kirkland.com www.kirkland.com Januar"
term_22,21-984,2,20220321143005224_21-984_Brief_in_Opposition.pdf,0,True,False,False,,"No. 21-984 In the Supreme Court of the United States __________________ HELIX ENERGY SOLUTIONS GROUP, INC.; HELIX WELL OPS, INC., Petitioners, v. MICHAEL J. HEWITT, Respondent. __________________ On P"
term_22,21-984,3,20220715124247480_No._21-984_States_Merits-Stage_Amicus_Brief.pdf,0,True,False,False,,"No. 21-984 IN THE Supreme Court of the United States ———— HELIX ENERGY SOLUTIONS GROUP, INC.; HELIX WELL OPS, INC., Petitioners, v. MICHAEL J. HEWITT, Respondent. On Writ of Certiorari to the United S"
term_22,21-984,4,20220713110818980_Amicus_brief_4868-2930-8940_7-13-22.pdf,0,True,False,False,,"No. 21-984 In the Supreme Court of the United States __________________ HELIX ENERGY SOLUTIONS GROUP, INC.; HELIX WELL OPS, INC., Petitioners, v. MICHAEL J. HEWITT, Respondent. __________________ On W"
term_22,21-984,5,20220708144534986_2022-07-08_Final_Helix_JA.pdf,0,True,False,False,,"NO. 21-984 In the Supreme Court of the United States ________________ HELIX ENERGY SOLUTIONS GROUP, INC.; HELIX WELL OPS, INC., Petitioners, v. MICHAEL J. HEWITT, Respondent. ________________ On Writ "
term_22,21-984,6,20220210094426291_Amicus_brief_4868-2930-8940_2-8-22.pdf,0,True,False,False,,"No. 21-984 In the Supreme Court of the United States __________________ HELIX ENERGY SOLUTIONS GROUP, INC.; HELIX WELL OPS, INC., Petitioners, v. MICHAEL J. HEWITT, Respondent. __________________ On P"
term_22,21-984,7,20220321143005224_21-984_Brief_in_Opposition.pdf,49,True,False,False,,"28 In short: [A]mici’s arguments are at war with the text. So we cannot credit them, no matter how important (or upset) the industry may be. If the court’s ruling today is bad for the industry (notwit"
term_22,21-984,8,20220708144352095_2022-07-08_Helix_Merits_Opening_Brief_Final.pdf,0,True,False,False,,"NO. 21-984 In the Supreme Court of the United States ________________ HELIX ENERGY SOLUTIONS GROUP, INC.; HELIX WELL OPS, INC., Petitioners, v. MICHAEL J. HEWITT, Respondent. ________________ On Writ "
term_22,21-984,9,20220209152435795_Brief_of_Amici_Curiae_in_Support_of_Petitioners.pdf,0,True,False,False,,No. 21-984 ================================================================================================================ In The Supreme Court of the United States ---------------------------------♦
term_22,21-984,10,20220715161628661_Amicus_Brief_-_Tx_Oil_and_Gas.pdf,0,True,False,False,,No. 21-984 ================================================================================================================ In The Supreme Court of the United States ---------------------------------♦
term_22,22-10,1,20221208205435623_22-10_Blanket_Consent_to_File_Merits_AC_Brief.pdf,0,True,False,False,,"Supreme Court Litigation Clinic Crown Quadrangle 559 Nathan Abbott Way Stanford, CA 94305-8610 Tel 650 724.1900 Fax 650 723.4426 sup.ct.clinic@law.stanford.edu December 9, 2022 Honorable Scott S. Harr"
term_22,22-10,2,20221227120528346_Dubin_Amicus_Brief_FINAL.pdf,0,True,False,False,,"No. 22-10 In the Supreme Court of the United States DAVID DUBIN, PETITIONER v. UNITED STATES ON WRIT OF CERTIORARI TO THE UNITED STATES COURT OF APPEALS FOR THE FIFTH CIRCUIT BRIEF FOR PROFESSOR JOEL "
term_22,22-10,3,20221223152458753_22-10_JointAppendix.pdf,0,True,False,False,,"No. 22-10 IN THE Supreme Court of the United States DAVID DUBIN, Petitioner, v. UNITED STATES OF AMERICA, Respondent. On Writ of Certiorari to the United States Court of Appeals for the Fifth Circuit "
term_22,22-10,4,20221229113523666_Dubin_Amicus_Brief_FINAL.pdf,0,True,False,False,,"No. 22-10 IN THE Supreme Court of the United States _______________________ DAVID DUBIN, Petitioner, v. UNITED STATES OF AMERICA, Respondent. _______________________ On Writ of Certiorari to the Unite"
term_22,22-10,5,20221229145655695_22-10tsacNationalAssociationOfCriminalDefenseLawyers.pdf,0,True,False,False,,"No. 22-10 IN THE Supreme Court of the United States ———— DAVID FOX DUBIN, Petitioner, v. UNITED STATES OF AMERICA, Respondent. ———— On Writ of Certiorari to the United States Court of Appeals for the "
term_22,22-10,6,20220802131745535_22-10acNationalAssociationOfCriminalDefenseLawyers.pdfA.pdf,0,True,False,False,,"No. 22-10 IN THE Supreme Court of the United States ———— DAVID FOX DUBIN, Petitioner, v. UNITED STATES OF AMERICA, Respondent. ———— On Petition for a Writ of Certiorari to the United States Court of A"
term_22,22-10,7,20220908173738553_22-10_Dubin_v._USA_.pdf,0,True,False,False,,"No. 22-10 In the Supreme Court of the United States DAVID FOX DUBIN, PETITIONER v. UNITED STATES OF AMERICA ON PETITION FOR A WRIT OF CERTIORARI TO THE UNITED STATES COURT OF APPEALS FOR THE FIFTH CIR"
term_22,22-10,8,20220908173738553_22-10_Dubin_v._USA_.pdf,7,True,False,False,,"In the Supreme Court of the United States No. 22-10 DAVID FOX DUBIN, PETITIONER v. UNITED STATES OF AMERICA ON PETITION FOR A WRIT OF CERTIORARI TO THE UNITED STATES COURT OF APPEALS FOR THE FIFTH CIR"
term_22,22-10,9,20220630145230860_Dubin_-_Pet_App.pdf,64,True,False,False,,". Cf. Eberhart v. United States, 546 U.S. 12, 19 (2005) (the government forfeited its defense of untimeliness to a tardy new-trial motion). And it does so now only half-heartedly, suggesting that the "
term_22,22-10,10,20221227120528346_Dubin_Amicus_Brief_FINAL.pdf,19,True,False,False,,"8 supplemental rule that limits the legal effect of a text that conveys a semantic meaning that is irreducibly indeterminate. By engaging in vagueness avoidance, the Court can usually remove the deleg"
term_22,22-1008,1,20231120132356232_Final_-_Corner_Post_Merits_Amicus.pdf,0,True,False,False,,"No. 22-1008 In the Supreme Court of the United States _____________________ CORNER POST, INC., Petitioner, v. BOARD OF GOVERNORS OF THE FEDERAL RESERVE SYSTEM, Respondent. _____________________ On Pet"
term_22,22-1008,2,20231120102909088_2023.11.20.AFPF_Amicus.Corner_Post_v._Board.No.22.1008_.pdf,0,True,False,False,,"No. 22-1008 IN THE Supreme Court of the United States _________________________________________________ CORNER POST, INC., Petitioner, v. BOARD OF GOVERNORS OF THE FEDERAL RESERVE SYSTEM, Respondent. "
term_22,22-1008,3,20231117150051522_Corner_Post_PLF_AC_Brief.pdf,0,True,False,False,,"No. 22-1008 In the Supreme Court of the United States ____________________ CORNER POST, INC., Petitioner, v. BOARD OF GOVERNORS OF THE FEDERAL RESERVE SYSTEM, Respondent. ____________________ On Writ "
term_22,22-1008,4,20230517124335281_22-1008_Amicus_Brief_of_John_Kendrick.pdf,0,True,False,False,,"No. 22-1008 In the Supreme Court of the United States _____________________ CORNER POST, INC., Petitioner, v. BOARD OF GOVERNORS OF THE FEDERAL RESERVE SYSTEM, Respondent. _____________________ On Pet"
term_22,22-1008,5,20231120212553702_Corner_Post_brief_--_FINAL.pdf,0,True,False,False,,"No. 22-1008 In the Supreme Court of the United States _______________ CORNER POST, INC., Petitioner, v. BOARD OF GOVERNORS OF THE FEDERAL RESERVE SYSTEM, Respondent. _______________ On Writ of Certior"
term_22,22-1008,6,20231120170253721_Corner_Post_v_Board-_NCLA_Amicus_for_E-Filing.pdf,0,True,False,False,,"No. 22-1008 IN THE Supreme Court of the United States CORNER POST, INC., Petitioner, v. BOARD OF GOVERNORS OF THE FEDERAL RESERVE SYSTEM, Respondent. On Writ of Certiorari to the United States Court o"
term_22,22-1008,7,20231220125019472_2023.12.20_FOR_FILING_-_DF_Corner_Post_Brief.pdf,46,True,False,False,,". at 31, the record in this case shows precisely the opposite—parties making the same arguments as Corner Post obtained judicial review of these claims in federal court. The arguments were tested unsu"
term_22,22-1008,8,20230517155049730_43754_Bondank_Brief.pdf,0,True,False,False,,"No. 22-1008 IN THE Supreme Court of the United States _______________ CORNER POST, INC., Petitioner, v. BOARD OF GOVERNORS OF THE FEDERAL RESERVE SYSTEM, Respondent. _______________ On Petition for a "
term_22,22-1008,9,20231120131508998_Corner_Post_States_Amicus.pdf,0,True,False,False,,"No. 22-1008 In the Supreme Court of the United States CORNER POST, INC., Petitioner, V. BOARD OF GOVERNORS OF THE FEDERAL RESERVE SYSTEM, Respondent. —————— ON WRIT OF CERTIORARI TO THE UNITED STATES "
term_22,22-1008,10,20230517112739869_22-1008acNationalFederationOfIndependentBusinessSmallBusinessLegalCenterInc..pdf,0,True,False,False,,"No. 22-1008 IN THE Supreme Court of the United States ———— CORNER POST, INC., Petitioner, v. BOARD OF GOVERNORS OF THE FEDERAL RESERVE SYSTEM, Respondent. ———— On Petition for a Writ of Certiorari to "
term_22,22-1025,1,20231211163518776_Brief_for_Petitioner.pdf,0,True,False,False,,"No. 22-1025 In The Supreme Court of the United States SYLVIA GONZALEZ, Petitioner, v. EDWARD TREVINO, II, MAYOR OF CASTLE HILLS, SUED IN HIS INDIVIDUAL CAPACITY, ET AL., Respondents. On Writ of Certio"
term_22,22-1025,2,20231218131500946_Gonzalez_v._Trevino_Amicus_Natl_Police_Accountability_Project.pdf,0,True,False,False,,"No. 22-1025 In the Supreme Court of the United States SYLVIA GONZALEZ, Petitioner, v. EDWARD TREVINO, II, MAYOR OF CASTLE HILLS, SUED IN HIS INDIVIDUAL CAPACITY, ET AL., Respondents. On Writ of Certio"
term_22,22-1025,3,20240126182630907_NsaTrevino_Amicus_Document_January_25_2024_EFile.pdf,0,True,False,False,,"NO. 22-1025 In the Supreme Court of the United States SYLVIA GONZALEZ, Petitioner, v. EDWARD TREVINO, II, MAYOR OF CASTLE HILLS, SUED IN HIS INDIVIDUAL CAPACITY, ET AL., Respondents. _________________"
term_22,22-1025,4,20240131143452347_Certificate_Word_Count.pdf,0,True,False,False,,"BECKER GALLAGHER Supreme Court of the United States Briefs and Records United States Courts of Appeals CERTIFICATE OF COMPLIANCE No. 22-1025 SYLVIA GONZALEZ, Petitioner, V. EDWARD TREVINO, II, ET AL.,"
term_22,22-1025,5,20230608153325617_22-1025_Brief_in_Opp.pdf,0,True,False,False,,"No. 22-1025 In The Supreme Court of the United States SYLVIA GONZALEZ, Petitioner, v. EDWARD TREVINO, II, MAYOR OF CASTLE HILLS, SUED IN HIS INDIVIDUAL CAPACITY, ET AL., Respondents. On Petition for W"
term_22,22-1025,6,20240131143446034_22-1025_bsac_LGLC.pdf,0,True,False,False,,"No. 22-1025 In the Supreme Court of the United States ________________ SYLVIA GONZALEZ, Petitioner, v. EDWARD TREVINO, II, et al., Respondents. ________________ On Writ of Certiorari to the United Sta"
term_22,22-1025,7,20231218150037716_Gonzalez_MJC_Brief_ISO_Petr_Brief_-_final.pdf,0,True,False,False,,"No. 22-1025 IN THE Supreme Court of the United States _______________________ SYLVIA GONZALEZ, Petitioner, v. EDWARD TREVINO, II, MAYOR OF CASTLE HILLS, SUED IN HIS INDIVIDUAL CAPACITY; JOHN SIEMENS, "
term_22,22-1025,8,20230614175947185_2023.06.14_TPPF_Amicus_Brief.pdf,0,True,False,False,,No. 22-1025 ================================================================================================================ In The Supreme Court of the United States ---------------------------------
term_22,22-1025,9,20240131150622428_22-1025_Amicus_Brief.pdf,0,True,False,False,,"No. 22-1025 IN THE Supreme Court of the United States SYLVIA GONZALEZ, PETITIONER v. EDWARD TREVINO, II, MAYOR OF CASTLE HILLS, SUED IN HIS INDIVIDUAL CAPACITY, ET AL. ON WRIT OF CERTIORARI TO THE UNI"
term_22,22-1025,10,20240131153348197_22-1025_Amicus_BOM_Texas_Association_-_PDFA.pdf,0,True,False,False,,"No. 22-1025 IN THE Supreme Court of the United States SYLVIA GONZALEZ, Petitioner, v. EDWARD TREVINO, II, ET AL., Respondents. ON WRIT OF CERTIORARI TO THE UNITED STATES COURT OF APPEALS FOR THE FIFTH"
term_22,22-105,1,20230120144010468_22-105_Joint_Appendix_Volume_I_-_Final.pdf,326,True,False,False,,"201 7. The next day, Coinbase filed a letter with the Supreme Court, attached as Exhibit 1 here. In the letter, Coinbase notified the Supreme Court that Coinbase’s appeal had been set for argument on "
term_22,22-105,2,20230120144010468_22-105_Joint_Appendix_Volume_I_-_Final.pdf,351,True,False,False,,"216 2023 oral argument date, but not deliver its opinion until after the Supreme Court issues its own decision. That would alleviate any mootness concerns, but would minimize delay by ensuring that th"
term_22,22-105,3,20230120144010468_22-105_Joint_Appendix_Volume_I_-_Final.pdf,325,True,False,False,,". See Joint Pet., Coinbase, Inc. v. Bielski, No. 22-105 (U.S.) (filed July 29, 2022). The petition for certiorari asked the Supreme Court to review the rule this Court established in Britton. The peti"
term_22,22-105,4,20230120144010468_22-105_Joint_Appendix_Volume_I_-_Final.pdf,341,True,False,False,,"211 be promoted.” Landis v. N. Am. Co., 299 U.S. 248, 256 (1936). All of those practical considerations favor allowing the Supreme Court to resolve Coinbase’s entitlement to a stay pending appeal befo"
term_22,22-105,5,20230120144010468_22-105_Joint_Appendix_Volume_I_-_Final.pdf,328,True,False,False,,"202 the Supreme Court’s decision in Coinbase, Inc. v. Bielski, No. 22-105 (U.S.). December 10, 2022 Respectfully submitted, /s/ Neal Kumar Katyal Neal Kumar Katyal Jessica L. Ellsworth William E. Have"
term_22,22-105,6,20230120144010468_22-105_Joint_Appendix_Volume_I_-_Final.pdf,301,True,False,False,,"187 offset a weaker showing of another.” Id. (quotation marks omitted). A district court’s stay decision is reviewed de novo. See Index Newspapers LLC v. United States Marshals Serv., 977 F.3d 817, 82"
term_22,22-105,7,20230120144010468_22-105_Joint_Appendix_Volume_I_-_Final.pdf,342,True,False,False,,". Coinbase, No. 22-105 (U.S. Aug. 8, 2022) (“Respondent does not agree that” exception to mootness applies). While Coinbase believes that the proceedings would not be moot under the “capable of repeti"
term_22,22-105,8,20230127120028025_43264_pdf_Ebner.pdf,0,True,False,False,,No. 22-105 ================================================================================================================ In The Supreme Court of the United States ---------------------------------♦
term_22,22-105,9,20230120144010468_22-105_Joint_Appendix_Volume_I_-_Final.pdf,343,True,False,False,,"212 Mootness is a jurisdictional question, which means that the Supreme Court would be required to address that antecedent constitutional question before resolving the question it granted certiorari t"
term_22,22-105,10,20230127152035656_22-105_tsac_National_Retail_Federation_PDFA.pdf,0,True,False,False,,"No. 22-105 In the Supreme Court of the United States COINBASE, INC., Petitioner, v. ABRAHAM BIELSKI, Respondent. COINBASE, INC., Petitioner, v. DAVID SUSKI, et al., Respondents. On Writ of Certiorari "
term_22,22-1074,1,20230605153607949_22-1074_Amicus_Brief_Buckeye_Institute_Final.pdf,0,True,False,False,,"No. 22-1074 In The Supreme Court of the United States GEORGE SHEETZ, Petitioner, v. COUNTY OF EL DORADO, CALIFORNIA, Respondent. On Petition for Writ of Certiorari To the California Court of Appeal, T"
term_22,22-1074,2,20230705152230773_230705_Opposition_to_Petition_for_Writ_of_Certiorari.pdf,34,True,False,False,,"18 the government can place on an individual permitseeker,” PLF Brief, 4; and “a least in California, there is no effective state court review of fees if they are characterized as ‘legislative,’ as pl"
term_22,22-1074,3,20231120125417881_22-1074_tsac_NAR.pdf,0,True,False,False,,"No. 22-1074 IN THE Supreme Court of the United States GEORGE SHEETZ, Petitioner, v. COUNTY OF EL DORADO, CALIFORNIA, Respondent. On Writ of Certiorari to the California Court of Appeal, Third Appellat"
term_22,22-1074,4,20230502160314229_Final_Appendix_Combined.pdf,102,True,False,False,,"Appendix B-28 to promote the general welfare commonly burdens some more than others”]; Usery v. Turner Elkhorn Mining Co. (1976) 428 U.S. 1, 19, 96 S.Ct. 2882, 49 L.Ed.2d 752 [wisdom of particular cos"
term_22,22-1074,5,20231120161325049_22-1074_tsac_BOM_Bay_Area_Council_Final.pdf,0,True,False,False,,"No. 22-1074 In the Supreme Court of the United States __________________ GEORGE SHEETZ, Petitioner, v. COUNTY OF EL DORADO, CALIFORNIA, Respondent. __________________ On Writ of Certiorari to the Cour"
term_22,22-1074,6,20231120144126762_22-1074_Amicus_Brief_ISO_Petitioner.pdf,0,True,False,False,,"No. 22-1074 IN THE Supreme Court of the United States __________________ GEORGE SHEETZ, Petitioner, v. COUNTY OF EL DORADO, Respondent. __________________ On Writ of Certiorari to the California Court"
term_22,22-1074,7,20231120170351560_SheetzSfaa_Amicus_Document_November_20_2023_EFile.pdf,0,True,False,False,,"NO. 22-1074 In the Supreme Court of the United States GEORGE SHEETZ, Petitioner, v. COUNTY OF EL DORADO, CALIFORNIA, Respondent. __________________________ On Writ of Certiorari to the Court of Appeal"
term_22,22-1074,8,20231113151853167_Joint_Appendix_v3_-_Final_as_of_10.30.23.pdf,0,True,False,False,,"No. 22-1074 In The Supreme Court of the United States ____________________ GEORGE SHEETZ, Petitioner, v. COUNTY OF EL DORADO, CALIFORNIA Respondent. ____________________ On Writ of Certiorari to the C"
term_22,22-1074,9,20231120123306178_22-1074_tsac_Buckeye_Institute_Final.pdf,0,True,False,False,,"No. 22-1074 In The Supreme Court of the United States GEORGE SHEETZ, Petitioner, v. COUNTY OF EL DORADO, CALIFORNIA, Respondent. On Writ of Certiorari to the California Court of Appeal, Third Appellat"
term_22,22-1074,10,20231120164758362_22-1074_Amicus_BOM_American_Planning_Association_Final.pdf,0,True,False,False,,"No. 22-1074 In the Supreme Court of the United States __________________ GEORGE SHEETZ, Petitioner, v. COUNTY OF EL DORADO, CALIFORNIA, Respondent. __________________ On Writ of Certiorari to the Cour"
term_22,22-1078,1,20231201155535024_Ochoa_Amicus_FINAL_2023-12-01.pdf,0,True,False,False,,"No. 22-1078 IN THE Supreme Court of the United States WARNER CHAPPELL MUSIC, INC., et al., Petitioners, v. SHERMAN NEALY, et al., Respondents. On Writ of Certiorari to the United States Court of Appea"
term_22,22-1078,2,20231204150417716_22-1078tsacAssociationOfAmericanPublishers.pdf,0,True,False,False,,"No. 22-1078 IN THE Supreme Court of the United States ———— WARNER CHAPPELL MUSIC, INC., ET AL., Petitioners, v. SHERMAN NEALY, ET AL., Respondents. ———— On Writ of Certiorari to the United States Cour"
term_22,22-1078,3,20231204110310393_22-1078_tsac_U.S._Chamber_of_Commerce.pdf,0,True,False,False,,"No. 22-1078 IN THE Supreme Court of the United States __________ WARNER CHAPPELL MUSIC, INC. AND ARTIST PUBLISHING GROUP, LLC, Petitioners, v. SHERMAN NEALY AND MUSIC SPECIALIST, INC., Respondents. __"
term_22,22-1078,4,20230615144417415_Brief_in_Opposition_-_Pet_for_Cert.pdf,0,True,False,False,,No. 22-1078 ================================================================================================================ In The Supreme Court of the United States ---------------------------------
term_22,22-1078,5,20231127084742415_Warner_brief_for_petitioners.pdf,0,True,False,False,,"No. 22-1078 In the Supreme Court of the United States WARNER CHAPPELL MUSIC, INC., AND ARTIST PUBLISHING GROUP, LLC, PETITIONERS v. SHERMAN NEALY AND MUSIC SPECIALIST, INC. ON WRIT OF CERTIORARI TO TH"
term_22,22-1078,6,20231204142428439_22-1078_AC_McHale_Slavin.pdf,0,True,False,False,,"No. 22-1078 In the Supreme Court of the United States WARNER CHAPPEL MUSIC, INC. AND ARTIST PUBLISHING GROUP, LLC., Petitioners, v. SHERMAN NEALY AND MUSIC SPECIALIST, INC., Respondents. ON WRIT OF CE"
term_22,22-1078,7,20230605161414922_22-1078_tsac_Chamber_of_Commerce.pdf,0,True,False,False,,"No. 22-1078 IN THE Supreme Court of the United States __________ WARNER CHAPPELL MUSIC, INC. AND ARTIST PUBLISHING GROUP, LLC, Petitioners, v. SHERMAN NEALY AND MUSIC SPECIALIST, INC., Respondents. __"
term_22,22-1078,8,20230602172439606_Cavazos_Amicus_Project_Brief_-_Warner_Chappell_v._Nealy_.pdf,0,True,False,False,,"No. 22-1078 In The Supreme Court of the United States _______________ WARNER CHAPPELL MUSIC, INC., AND ARTIST PUBLISHING GROUP, LLC, PETITIONERS, v. SHERMAN NEALY AND MUSIC SPECIALISTS, INC., RESPONDE"
term_22,22-1078,9,20231201120056357_22-1078_AC_AIPLA.pdf,0,True,False,False,,"No. 22-1078 IN THE Supreme Court of the United States WARNER CHAPPELL MUSIC, INC. AND ARTIST PUBLISHING GROUP, LLC, Petitioners, —v.— SHERMAN NEALY AND MUSIC SPECIALIST, INC., Respondents. ON WRIT OF "
term_22,22-1078,10,20231127084742415_Warner_brief_for_petitioners.pdf,16,True,False,False,,"In the Supreme Court of the United States No. 22-1078 WARNER CHAPPELL MUSIC, INC., AND ARTIST PUBLISHING GROUP, LLC, PETITIONERS v. SHERMAN NEALY AND MUSIC SPECIALIST, INC. ON WRIT OF CERTIORARI TO TH"
term_22,22-1079,1,20231214120120410_Truck_Ins._Exch_Amicus.pdf,0,True,False,False,,"No. 22-1079 IN THE Supreme Court of the United States _____________ TRUCK INSURANCE EXCHANGE, Petitioner, v. KAISER GYPSUM COMPANY, INC., ET AL., Respondents. _____________ On Writ of Certiorari to th"
term_22,22-1079,2,20240131164335108_AAJ_Amicus_Brief_Truck_v._Kaiser_22-1079_FINAL_01312024.pdf,0,True,False,False,,"No. 22-1079 IN THE Supreme Court of the United States TRUCK INSURANCE EXCHANGE, Petitioner, v. KAISER GYPSUM COMPANY, INC., ET AL., Respondents. On Writ of Certiorari to the United States Court of App"
term_22,22-1079,3,20240131132035882_Truck_UP_Amicus_Merits_Brf_FINAL.pdf,0,True,False,False,,"No. 22-1079 In the Supreme Court of the United States TRUCK INSURANCE EXCHANGE, Petitioner, v. KAISER GYPSUM COMPANY, INC., ET AL., Respondents. ____________________ ON WRIT OF CERTIORARI TO THE UNITE"
term_22,22-1079,4,20230605163903860_22-1079_Amici_Brief_Professors_Final.pdf,0,True,False,False,,"No. 22-1079 In the Supreme Court of the United States TRUCK INSURANCE EXCHANGE, Petitioner, v. KAISER GYPSUM COMPANY, INC., ET AL., Respondents. On Petition for a Writ of Certiorari to the United Stat"
term_22,22-1079,5,20230905093547860_22-1079_Brief_in_Opp.pdf,0,True,False,False,,"NO. 22-1079 IN THE Supreme Court of the United States TRUCK INSURANCE EXCHANGE, Petitioner, v. KAISER GYPSUM COMPANY, INC., ET AL., Respondents. On Petition for a Writ of Certiorari to the United Stat"
term_22,22-1079,6,20231207144346136_Truck_Opening_Brief.pdf,0,True,False,False,,"No. 22-1079 IN THE Supreme Court of the United States ___________________ TRUCK INSURANCE EXCHANGE, Petitioner, v. KAISER GYPSUM COMPANY, INC., ET AL., Respondents. ___________________ On Writ Of Cert"
term_22,22-1079,7,20231213174838359_22-1079_Professors_Merits_Brief.pdf,0,True,False,False,,No. 22-1079 ================================================================================================================ In The Supreme Court of the United States ---------------------------------
term_22,22-1079,8,20231214144945869_22-1079tsacUnited_States.pdf,12,True,False,False,,"In the Supreme Court of the United States No. 22-1079 TRUCK INSURANCE EXCHANGE, PETITIONER v. KAISER GYPSUM COMPANY, INC., ET AL. ON WRIT OF CERTIORARI TO THE UNITED STATES COURT OF APPEALS FOR THE FO"
term_22,22-1079,9,20240124170609899_Claimants_resp._brief.pdf,0,True,False,False,,"No. 22-1079 IN THE Supreme Court of the United States __________ TRUCK INSURANCE EXCHANGE, Petitioner, v. KAISER GYPSUM COMPANY, INC., ET AL., Respondents. __________ On Writ of Certiorari to the Unit"
term_22,22-1079,10,20231214144945869_22-1079tsacUnited_States.pdf,0,True,False,False,,"No. 22-1079 In the Supreme Court of the United States TRUCK INSURANCE EXCHANGE, PETITIONER v. KAISER GYPSUM COMPANY, INC., ET AL. ON WRIT OF CERTIORARI TO THE UNITED STATES COURT OF APPEALS FOR THE FO"
term_22,22-1165,1,20231113155738638_22-1165_brief.pdf,4,True,False,False,,"In the Supreme Court of the United States No. 22-1165 MACQUARIE INFRASTRUCTURE CORP., ET AL., PETITIONERS v. MOAB PARTNERS, L.P., ET AL. ON WRIT OF CERTIORARI TO THE UNITED STATES COURT OF APPEALS FOR"
term_22,22-1165,2,20231120111854620_22-1165_Brief.pdf,0,True,False,False,,"No. 22-1165 In the Supreme Court of the United States MACQUARIE INFRASTRUCTURE CORPORATION, et al., Petitioners, v. MOAB PARTNERS, L.P., et al., Respondents. On Writ of Certiorari to the United States"
term_22,22-1165,3,20230703120939833_22-1165_Amicus_WLF_Supp._Petitioners_final.pdf,0,True,False,False,,"No. 22-1165 In The Supreme Court of the United States ________________ MACQUARIE INFRASTRUCTURE CORPORATION, ET AL., Petitioners, v. MOAB PARTNERS, L.P., ET AL., Respondents. ________________ On Petit"
term_22,22-1165,4,20231120161931215_No._22-1165_Brief.pdf,0,True,False,False,,"No. 22-1165 In the Supreme Court of the United States MACQUARIE INFRASTRUCTURE CORPORATION, et al., Petitioners, v. MOAB PARTNERS, L.P., et al., Respondents. On Writ of Certiorari to the United States"
term_22,22-1165,5,20230703174412116_22-1165_Macquarie_--_SIFMA_and_Chamber_Amici_Brief.pdf,0,True,False,False,,"No. 22-1165 IN THE Supreme Court of the United States MACQUARIE INFRASTRUCTURE CORP., ET AL., Petitioners, v. MOAB PARTNERS, L.P., ET AL., Respondents. On Petition for a Writ of Certiorari to the Unit"
term_22,22-1165,6,20230811120911684_Moab_BIO.pdf,0,True,False,False,,"No. 22-1165 IN THE Supreme Court of the United States __________ MACQUARIE INFRASTRUCTURE CORPORATION, ET AL., Petitioners, v. MOAB PARTNERS, L.P., ET AL., Respondents. __________ On Petition for a Wr"
term_22,22-1165,7,20231120180903858_Macquarie_SIFMA_Chamber_and_Business_Roundtable_Amici_Brief.pdf,0,True,False,False,,"No. 22-1165 IN THE Supreme Court of the United States MACQUARIE INFRASTRUCTURE CORP., ET AL., Petitioners, v. MOAB PARTNERS, L.P., ET AL., Respondents. On Writ of Certiorari to the United States Court"
term_22,22-1165,8,20231120155917297_22-1165_Amicus_WLF_Supp._Pet..pdf,0,True,False,False,,"No. 22-1165 In The Supreme Court of the United States ________________ MACQUARIE INFRASTRUCTURE CORPORATION ET AL., Petitioners, v. MOAB PARTNERS, L.P., ET AL., Respondents. ________________ On Writ o"
term_22,22-1165,9,20230530162842862_No._PETITION_FOR_A_WRIT_OF_CERTIORARI_MIC_Appendix.pdf,123,True,False,False,,"75a Date filed Case 5/6/2022 Joyce v. Amazon.com (W.D. Wash. No. 22-617)  76a APPENDIX G List of Law Firm Communications and Commentary Addressing MD&A Disclosures: 1. When Rules Collide – Leidos, the"
term_22,22-1165,10,20231120111854620_22-1165_Brief.pdf,8,True,False,False,,"1 INTEREST OF THE AMICUS CURIAE 1 Established in 1977, the Atlantic Legal Foundation (ALF) is a national, nonprofit, nonpartisan, public interest law firm whose mission is to advance the rule of law a"
term_22,22-1178,1,20230905142203690_22-1178_Fikre_cert_reply.pdf,0,True,False,False,,"No. 22-1178 In the Supreme Court of the United States FEDERAL BUREAU OF INVESTIGATION, ET AL., PETITIONERS v. YONAS FIKRE ON PETITION FOR A WRIT OF CERTIORARI TO THE UNITED STATES COURT OF APPEALS FOR"
term_22,22-1178,2,20230821151450103_22-1178_Brief_in_Opposition.pdf,0,True,False,False,,"No. 22-1178 IN THE Supreme Court of the United States ____________________ FEDERAL BUREAU OF INVESTIGATION, ET AL., Petitioners, v. YONAS FIKRE, Respondent. ____________________ On Petition for a Writ"
term_22,22-1178,3,20231117171306154_FBI_v._Fikre_Amicus_Brief_FINAL.pdf,0,True,False,False,,"No. 22-1178 In the Supreme Court of the United States __________ FEDERAL BUREAU OF INVESTIGATION, et al., Petitioners, v. YONAS FIKRE, Respondent. __________ ON WRIT OF CERTIORARI TO THE UNITED STATES"
term_22,22-1178,4,20231113154203186_22-1178ts_FBI_v._Fikre_FILE.pdf,0,True,False,False,,"No. 22-1178 In the Supreme Court of the United States FEDERAL BUREAU OF INVESTIGATION, ET AL., PETITIONERS v. YONAS FIKRE ON WRIT OF CERTIORARI TO THE UNITED STATES COURT OF APPEALS FOR THE NINTH CIRC"
term_22,22-1178,5,20230905142203690_22-1178_Fikre_cert_reply.pdf,3,True,False,False,,"In the Supreme Court of the United States No. 22-1178 FEDERAL BUREAU OF INVESTIGATION, ET AL., PETITIONERS v. YONAS FIKRE ON PETITION FOR A WRIT OF CERTIORARI TO THE UNITED STATES COURT OF APPEALS FOR"
term_22,22-1178,6,20231113154203186_22-1178ts_FBI_v._Fikre_FILE.pdf,10,True,False,False,,"In the Supreme Court of the United States No. 22-1178 FEDERAL BUREAU OF INVESTIGATION, ET AL., PETITIONERS v. YONAS FIKRE ON WRIT OF CERTIORARI TO THE UNITED STATES COURT OF APPEALS FOR THE NINTH CIRC"
term_22,22-1178,7,20231117171306154_FBI_v._Fikre_Amicus_Brief_FINAL.pdf,11,True,False,False,,"4 Meanwhile, cases against the government—often involving the Constitution and often of great interest to the wider public—are exactly the cases for which the public interest in settling important leg"
term_22,22-1178,8,20230602180319346_FBI_v._Fikre_Final.pdf,174,True,False,False,,". Indeed, neither party has cited a Ninth Circuit case that has explicitly considered the question of whether stigmatizing government conduct can form the basis of a stigma-plus claim. See Tr. [163] a"
term_22,22-1178,9,20230602180319346_FBI_v._Fikre_Final.pdf,168,True,False,False,,". Resp. [152] at 25. That won’t cut it. If I had found the arguments made in Mr. Fikre’s last round of briefing compelling, I would not have granted Defendants’ previous motion to dismiss. I thus decl"
term_22,22-1178,10,20230602180319346_FBI_v._Fikre_Final.pdf,52,True,False,False,,. 2. The question presented is important. This Court has explained that “no principle is more fundamental to the judiciary’s proper role in our system of government than the constitutional limitation 
term_22,22-1218,1,20240226232149365_22-1218_--_joint_appendix_--_FILED.pdf,156,True,False,False,,". §§ 1 et seq., and the decision of the Supreme Court in Epiq Sys. Corp. v. Lewis, 138 S. Ct. 1612 (2018) (relying in part on Gilmer v. Interstate/Johnson Lane Corp., 500 U. S. 20, 32 (1991)), there i"
term_22,22-1218,2,20240304160049209_AAJ_Amicus_Brief_Smith_v._Spizzirri_22-1218_Final.pdf,0,True,False,False,,"No. 22-1218 IN THE Supreme Court of the United States WENDY SMITH, ET AL., Petitioners, v. KEITH SPIZZIRRI, ET AL., Respondents. On Writ of Certiorari to the United States Court of Appeals for the Nin"
term_22,22-1218,3,20231204111737023_Spizzirri_BIO.pdf,0,True,False,False,,"No. 22-1218 IN THE Supreme Court of the United States __________________________________________________ WENDY SMITH, ET AL., Petitioners, v. KEITH SPIZZIRRI, ET AL., Respondents. ____________________"
term_22,22-1218,4,20240226231922948_22-1218_ts.pdf,0,True,False,False,,"No. 22-1218 In the Supreme Court of the United States WENDY SMITH, ET AL., PETITIONERS v. KEITH SPIZZIRRI, ET AL. ON WRIT OF CERTIORARI TO THE UNITED STATES COURT OF APPEALS FOR THE NINTH CIRCUIT BRIE"
term_22,22-1218,5,20240226232149365_22-1218_--_joint_appendix_--_FILED.pdf,0,True,False,False,,"No. 22-1218 In the Supreme Court of the United States WENDY SMITH, ET AL., PETITIONERS v. KEITH SPIZZIRRI, ET AL. ON WRIT OF CERTIORARI TO THE UNITED STATES COURT OF APPEALS FOR THE NINTH CIRCUIT JOIN"
term_22,22-1218,6,20240304162907197_Smith_v._Spizzirri_Chamber_Amicus_Brief.pdf,0,True,False,False,,"No. 22-1218 In the Supreme Court of the United States WENDY SMITH, ET AL. Petitioners, v. KEITH SPIZZIRRI, ET AL., Respondents. On Writ of Certiorari to the United States Court of Appeals for the Nint"
term_22,22-1218,7,20240226231922948_22-1218_ts.pdf,9,True,False,False,,"VI Page Miscellaneous: C. Drahozal, Mandatory Stay or Discretion to Dismiss? Interpreting Section 3 Of the Federal Arbitration Act, 39.1 Ohio St. J. on Disp. Res. 109 (2023) ................. 17, 22 I"
term_22,22-1218,8,20230614224229269_forrest_v._spizzirri_--_cert._petition_--_FILED.pdf,35,True,False,False,,". Family Dollar Stores of Mich., LLC, 3 F.4th 832, 836-837 (6th Cir. 2021); see also, e.g., Anderson v. Charter Commc’ns, Inc., 860 F. App’x 374, 379 (6th Cir. 2021) (“[t]he Supreme Court has repeated"
term_22,22-1218,9,20231204111737023_Spizzirri_BIO.pdf,14,True,False,False,,". App. 7a. Petitioners have since abandoned any such argument, conceding that the district court’s dismissal was a sound exercise of discretion. Pet. 5 n.1, 7 n.2, 28 n.11. Judge Graber, joined by Jud"
term_22,22-1218,10,20230614224241555_forrest_--_petition_appendix_--_FILED.pdf,9,True,False,False,,". City of Seattle, 56 F.4th 1179, 1190 (9th Cir. 2022) (quoting Miller v. Gammie, 335 F.3d 889, 893 (9th Cir. 2003) (en banc)). There is no such intervening higher authority here. Third, Plaintiffs ar"
term_22,22-138,1,20220809155927708_Petition_--_ready_to_file_-_TO_PRINT.pdf,55,True,False,False,,". Ct. at 854 (Sotomayor, J., concurring in denial of cert.), the decision below squarely addressed the question, explaining that the Colorado Supreme Court had ""Ulust last year"" adopted an ""an objecti"
term_22,22-138,2,20230306152840110_Counterman_v_Colorado_Jordan_Amicus_Brief_3-6-2023.pdf,0,True,False,False,,No. 22-138 ================================================================================================================ In The Supreme Court of the United States ---------------------------------♦
term_22,22-138,3,20220912170840255_Counterman_v._Colorado_Cato_amicus_brief.pdf,0,True,False,False,,"No. 22-138 In the Supreme Court of the United States __________ Billy Raymond Counterman, Petitioner, v. The People of the State of Colorado, Respondent. __________ On Petition for a Writ of Certiorar"
term_22,22-138,4,20230301171119140_22-138_Brief.pdf,11,True,False,False,,". The SPLC provides free legal information and educational material for student journalists, and its legal staff jointly authors the widely used media-law reference 1. Pursuant to Supreme Court Rule 3"
term_22,22-138,5,20220912161703840_22-138_Amicus_Rutherford_Inst._Supp._Pet..pdf,0,True,False,False,,"No. 22-138 In The Supreme Court of the United States BILLY RAYMOND COUNTERMAN, Petitioner, v. COLORADO, Respondent. On Petition for a Writ of Certiorari to the Colorado Court of Appeals, Division II B"
term_22,22-138,6,20230228184944891_Counterman_v._Colorado_Cato_Rutherford_amicus_brief.pdf,0,True,False,False,,"No. 22-138 In the Supreme Court of the United States __________ Billy Raymond Counterman, Petitioner, v. The People of the State of Colorado, Respondent. __________ On Writ of Certiorari to the Colora"
term_22,22-138,7,20230222155744400_Brief_for_the_Petitioner.pdf,58,True,False,False,,". New York Supreme Court Justice (later Chief Justice and Chancellor) James Kent authored the leading opinion, adopting Hamilton’s arguments and noting that, unlike the English, “the people of this co"
term_22,22-138,8,20230306105003781_22-138_Amicus_Brief_of_Alliance_Defending_Freedom.pdf,0,True,False,False,,"NO. 22-138 IN THE Supreme Court of the United States BILLY RAYMOND COUNTERMAN, Petitioner, v. THE PEOPLE OF THE STATE OF COLORADO, Respondent. On Writ of Certiorari to the Colorado Court of Appeals, D"
term_22,22-138,9,20230222155744400_Brief_for_the_Petitioner.pdf,22,True,False,False,,"In the Supreme Court of the United States No. 22-138 BILLY RAYMOND COUNTERMAN, PETITIONER v. THE PEOPLE OF THE STATE OF COLORADO ON WRIT OF CERTIORARI TO THE COLORADO COURT OF APPEALS, DIVISION II BRI"
term_22,22-138,10,20230222163153962_Counterman_Joint_Appendix_Volume_2.pdf,0,True,False,False,,No. 22-138 ========================================================== In The Supreme Court of the United States ------------------------------------------------------------------ BILLY RAYMOND COUNTE
term_22,22-148,1,20230119104845411_22-148_Brief.pdf,0,True,False,False,,"No. 22-148 In the Supreme Court of the United States Jack Daniel’s Properties, Inc., Petitioner, v. VIP Products LLC, Respondent. On Writ of Certiorari to the United States Court of Appeals for the Ni"
term_22,22-148,2,20221202145043177_Jack_Daniels_Blanket_Consent.pdf,0,True,False,False,,"LISA S. BLATT (202) 434-5050 lblatt@wc.com December 2, 2022 Via Electronic Filing Hon. Scott S. Harris Clerk of the Court Supreme Court of the United States One First Street, N.E. Washington, DC 20543"
term_22,22-148,3,20220916105049642_Brief_for_Campbell_Soup_Company_as_Amicus_Curiae.pdf,0,True,False,False,,"No. 22-148 In the Supreme Court of the United States JACK DANIEL’S PROPERTIES, INC., Petitioner, v. VIP PRODUCTS LLC, Respondent. On Petition for a Writ of Certiorari to the United States Court of App"
term_22,22-148,4,20230118140337670_Brief_of_Amicus_Curiae_Campbell_Soup_Company.pdf,0,True,False,False,,"No. 22-148 In the Supreme Court of the United States JACK DANIEL’S PROPERTIES, INC., Petitioner, v. VIP PRODUCTS LLC, Respondent. On Writ of Certiorari to the United States Court of Appeals for the Ni"
term_22,22-148,5,20230118173036134_22-148_Jack_Daniels_Props_v_VIP_Prods.pdf,11,True,False,False,,"In the Supreme Court of the United States No. 22-148 JACK DANIEL’S PROPERTIES, INC., PETITIONER v. VIP PRODUCTS LLC ON WRIT OF CERTIORARI TO THE UNITED STATES COURT OF APPEALS FOR THE NINTH CIRCUIT BR"
term_22,22-148,6,20230111151701242_Jack_Daniels_petitioners_brief_1.11.23.pdf,0,True,False,False,,"No. 22-148 In the Supreme Court of the United States JACK DANIEL’S PROPERTIES, INC., PETITIONER, v. VIP PRODUCTS LLC, RESPONDENT. ON A WRIT OF CERTIORARI TO THE UNITED STATES COURT OF APPEALS FOR THE "
term_22,22-148,7,20230118172546181_22-148tsacNikeInc..pdf,0,True,False,False,,"No. 22-148 IN THE Supreme Court of the United States ———— JACK DANIEL’S PROPERTIES, INC., Petitioner, v. VIP PRODUCTS LLC, Respondent. ———— On Writ of Certiorari to the United States Court of Appeals "
term_22,22-148,8,20220916150224509_22-148_Amicus_Brief.pdf,0,True,False,False,,"No. 22-148 In the Supreme Court of the United States JACK DANIEL’S PROPERTIES, INC., Petitioner, v. VIP PRODUCTS LLC, Respondent. On Petition for a Writ of Certiorari to the United States Court of App"
term_22,22-148,9,20230118133619704_23.01.18_FINAL_Amicus.pdf,0,True,False,False,,"No. 22-148 In the Supreme Court of the United States __________________ JACK DANIEL’S PROPERTIES, INC., Petitioner, v. VIP PRODUCTS LLC, Respondent. __________________ On Writ of Certiorari to the Uni"
term_22,22-148,10,20230111151919429_Jack_Daniels_Joint_Appendix.pdf,0,True,False,False,,"No. 22-148 In the Supreme Court of the United States JACK DANIEL’S PROPERTIES, INC., PETITIONER, v. VIP PRODUCTS LLC, RESPONDENT. ON PETITION FOR A WRIT OF CERTIORARI TO THE UNITED STATES COURT OF APP"
term_22,22-166,1,20230227174156602_Tyler_Joint_Appendix.pdf,98,True,False,False,,". City of Escondido, 503 U.S. 519, 534 (1992). So long as a takings claim is raised below, a plaintiff may assert “separate arguments in support of a single claim” on appeal. Id. at 535. In Yee, the S"
term_22,22-166,2,20230306144455692_Amicus_Brief.pdf,0,True,False,False,,"No. 22-166 In the Supreme Court of the United States GERALDINE TYLER, Petitioner, v. HENNEPIN COUNTY, MINNESOTA, etal., Respondents. On Writ Of Certiorari To The United States Court Of Appeals For The"
term_22,22-166,3,20220909123018148_Petitioners_Blanket_Consent.pdf,0,True,False,False,,"September 9, 2022 Mr. Scott S. Harris Clerk of Court Supreme Court of the United States 1 First Street, N.E. Washington, DC 20543-0001 Re: Geraldine Tyler v. Hennepin County, No. 22-166 Blanket Consen"
term_22,22-166,4,20230302132457647_22-166_CCJ_ISO_Petitioner.pdf,0,True,False,False,,"i No. 22-166 In the Supreme Court of the United States GERALDINE TYLER, Petitioner, v. HENNEPIN COUNTY, MINNESOTA, ET AL., Respondents. On Writ of Certiorari to the United States Court of Appeals for "
term_22,22-166,5,20230306134337252_2023.3.6.AFPF_Amicus.Tyler_v._Hennepin.No._22.166.pdf,0,True,False,False,,"No. 22-166 IN THE Supreme Court of the United States _________________________________________________ GERALDINE TYLER, Petitioner, v. HENNEPIN COUNTY, MINNESOTA, ET AL., Respondents. ________________"
term_22,22-166,6,20230303111322424_43360_Ebner_CR_cv_BR_combined.pdf,0,True,False,False,,No. 22-166 ================================================================================================================ In The Supreme Court of the United States ---------------------------------♦
term_22,22-166,7,20230306125018441_Public_Citizen_Amicus_Brief_FINAL.pdf,0,True,False,False,,"No. 22-166 IN THE Supreme Court of the United States GERALDINE TYLER, ON BEHALF OF HERSELF AND ALL OTHERS SIMILARLY SITUATED, Petitioner, v. HENNEPIN COUNTY, AND DANIEL P. ROGAN, AUDITOR-TREASURER, IN"
term_22,22-166,8,20220922113207496_22-166_Amici_Brief_AARP.pdf,0,True,False,False,,"No. 22-166 In the Supreme Court of the United States _______________________ GERALDINE TYLER, on behalf of herself and all others similarly situated, Petitioner, v. HENNEPIN COUNTY, and MARK V. CHAPIN"
term_22,22-166,9,20230306090413475_Tyler_brief_FINAL.pdf,0,True,False,False,,"No. 22-166 IN THE Supreme Court of the United States GERALDINE TYLER, on behalf of herself and all others similarly situated, Petitioner, v. HENNEPIN COUNTY and MARK V. CHAPIN, Auditor-Treasurer, in h"
term_22,22-166,10,20230306140008337_NTUF_Mackinac_Brief_in_Tyler_v._Hennepin_County_No._22-166.pdf,0,True,False,False,,"No. 22-166 IN THE Supreme Court of the United States __________________ GERALDINE TYLER, Petitioner, v. HENNEPIN COUNTY, MINNESOTA and DANIEL P. ROGAN, AUDITOR-TREASURER, in his official capacity, Res"
term_22,22-174,1,20230227122753669_22-174_tsac_Catholic_Vote_Final.pdf,0,True,False,False,,"NO. 22-174 IN THE Supreme Court of the United States GERALD E. GROFF, Petitioner, v. LOUIS DEJOY, Postmaster General, Respondent. On Writ of Certiorari to the United States Court of Appeals for the Th"
term_22,22-174,2,20230228093940175_Groff_v_DeJoy_Brief_Final.pdf,0,True,False,False,,"No. 22-174 In the Supreme Court of the United States _____________ GERALD E. GROFF Petitioner, v. LOUIS DEJOY, POSTMASTER GENERAL, UNITED STATES POSTAL SERVICE, Respondent. _____________ On Writ of Ce"
term_22,22-174,3,20230228153443070_Groff_Amicus_Brief.pdf,0,True,False,False,,No. 22-174 ================================================================================================================ In The Supreme Court of the United States ---------------------------------♦
term_22,22-174,4,20230227200145368_Groff_v._DeJoy_ACLL_Amicus_Merits_PDF-A.pdf,0,True,False,False,,"No. 22-174 IN THE Supreme Court of the United States __________ GERALD E. GROFF, Petitioner, v. LOUIS DEJOY, POSTMASTER GENERAL, UNITED STATES POSTAL SERVICE, Respondent. __________ On Writ of Certior"
term_22,22-174,5,20220922160356814_Groff_v._DeJoy_ACLL_Amicus_PDF-A.pdf,0,True,False,False,,"No. 22-174 IN THE Supreme Court of the United States __________ ·GERALD E. GROFF, Petitioner, v. LOUIS DEJOY, POSTMASTER GENERAL, UNITED STATES POSTAL SERVICE, Respondent. __________ On Petition for W"
term_22,22-174,6,20221128172439118_22-174_Groff_opp_-_final.pdf,0,True,False,False,,"No. 22-174 In the Supreme Court of the United States GERALD E. GROFF, PETITIONER v. LOUIS DEJOY, POSTMASTER GENERAL ON PETITION FOR A WRIT OF CERTIORARI TO THE UNITED STATES COURT OF APPEALS FOR THE T"
term_22,22-174,7,20220926105438238_22-174_Amicus_Brief_of_Members_of_the_United_States_Senate_and_House_of__d385d00f.pdf,0,True,False,False,,"No. 22-174 IN THE Supreme Court of the United States GERALD E. GROFF, Petitioner, v. LOUIS DEJOY, POSTMASTER GENERAL, UNITED STATES POSTAL SERVICE, Respondent. On Petition for a Writ of Certiorari to "
term_22,22-174,8,20230228143330165_2023-02-28_Groff_Amicus_Brief.pdf,0,True,False,False,,"No. 22-174 In the Supreme Court of the United States GERALD E. GROFF, Petitioner, v. LOUIS DEJOY, POSTMASTER GENERAL, UNITED STATES POSTAL SERVICE, Respondent. On Writ of Certiorari to the United Stat"
term_22,22-174,9,20230228103010282_Amicus_Brief_of_United_States_Senators_and_Representatives.pdf,0,True,False,False,,"No. 22-174 IN THE Supreme Court of the United States GERALD E. GROFF, Petitioner, v. LOUIS DEJOY, POSTMASTER GENERAL, UNITED STATES POSTAL SERVICE, Respondent. On Writ of Certiorari to the United Stat"
term_22,22-174,10,20230228112654338_22-174_Amicus_Brief_of_the_American_Center_for_Law_Justice.pdf,0,True,False,False,,"No. 22-174 IN THE Supreme Court of the United States ______________ GERALD E. GROFF, Petitioner, v. LOUIS DEJOY, POSTMASTER GENERAL, UNITED STATES POSTAL SERVICE, Respondent. On Writ of Certiorari to "
term_22,22-179,1,20221114132121351_22-179_Hansen_final.pdf,4,True,False,False,,"In the Supreme Court of the United States No. 22-179 UNITED STATES OF AMERICA, PETITIONER v. HELAMAN HANSEN ON PETITION FOR A WRIT OF CERTIORARI TO THE UNITED STATES COURT OF APPEALS FOR THE NINTH CIR"
term_22,22-179,2,20221114132121351_22-179_Hansen_final.pdf,0,True,False,False,,"No. 22-179 In the Supreme Court of the United States UNITED STATES OF AMERICA, PETITIONER v. HELAMAN HANSEN ON PETITION FOR A WRIT OF CERTIORARI TO THE UNITED STATES COURT OF APPEALS FOR THE NINTH CIR"
term_22,22-179,3,20221028115959968_22-179_USA_v_Hansen_Brief_in_Opposition.pdf,0,True,False,False,,"No. 22-179 IN THE Supreme Court of the United States d UNITED STATES OF AMERICA, Petitioner, —v.— HELAMAN HANSEN, Respondent. ON PETITION FOR A WRIT OF CERTIORARI TO THE UNITED STATES COURT OF APPEALS"
term_22,22-179,4,20230125113642959_USA_v._Hansen_-_States_Amicus_ISO_Petr_Clean.pdf,0,True,False,False,,"No. 22-179 _______________________________________________ In the Supreme Court of the United States _____________ UNITED STATES OF AMERICA, Petitioner, v. HELAMAN HANSEN, Respondent. _____________ On"
term_22,22-179,5,20230118184805409_U.S._v._Hansen_J.A_-_Guarnieri_-_final.pdf,0,True,False,False,,"No. 22-179 In the Supreme Court of the United States UNITED STATES OF AMERICA, PETITIONER v. HELAMAN HANSEN ON WRIT OF CERTIORARI TO THE UNITED STATES COURT OF APPEALS FOR THE NINTH CIRCUIT JOINT APPE"
term_22,22-179,6,20230203101807602_Amicus_22-179.pdf,0,True,False,False,,"No. 22-179 In the Supreme Court of the United States UNITED STATES OF AMERICA, Petitioner, v. HELAMAN HANSEN, Respondent. On Writ of Certiorari to the United States Court of Appeals for the Ninth Circ"
term_22,22-179,7,20220825181609931_USA_v._Hansen_Petition_-_FINAL_with_App.pdf,87,True,False,False,,26a THE COURT: But as of this point there is no authority to—that justifies what you are saying. MR. RIORDAN: There is no Ninth Circuit case to address this precise question. But there is—we believe t
term_22,22-179,8,20220928140718301_22-179_Amici_Brief_States_Arizona.pdf,0,True,False,False,,"No. 22-179 In the Supreme Court of the United States UNITED STATES OF AMERICA, Petitioner, v. HELAMAN HANSEN, Respondent. On Petition for Writ of Certiorari to the United States Court of Appeals for t"
term_22,22-179,9,20230118184710475_22-179tsUnitedStates.pdf,0,True,False,False,,"No. 22-179 In the Supreme Court of the United States UNITED STATES OF AMERICA, PETITIONER v. HELAMAN HANSEN ON WRIT OF CERTIORARI TO THE UNITED STATES COURT OF APPEALS FOR THE NINTH CIRCUIT BRIEF FOR "
term_22,22-179,10,20220825181609931_USA_v._Hansen_Petition_-_FINAL_with_App.pdf,56,True,False,False,,"5a as a narrow prohibition on speech integral to criminal conduct, specifically solicitation and aiding and abetting. As an initial matter, two courts of appeals, both in non-precedential decisions, h"
term_22,22-193,1,20231011135701738_Muldrow_Merits_Response_Brief.pdf,101,True,False,False,,"51 that her assignment to the Fifth District resulted in no change to her pay, rank, or supervisory role, and did not harm her career prospects in any way. Pet. App. 10a, 41a-42a. In her brief in this"
term_22,22-193,2,20230901153639646_44090_pdf_Davy.pdf,0,True,False,False,,No. 22-193 ================================================================================================================ In The Supreme Court of the United States ---------------------------------♦
term_22,22-193,3,20230518151910097_22-193_Muldrow_v._City_of_St._Louis_CVSG.pdf,52,True,False,False,,". As to that challenge, which was the primary focus of the decision below, the Eighth Circuit relied solely on its restrictive interpretation of Title VII’s “terms, conditions, or privileges” language"
term_22,22-193,4,20230905161556485_22-193tsacUnitedStates.pdf,10,True,False,False,,"In the Supreme Court of the United States No. 22-193 JATONYA CLAYBORN MULDROW, PETITIONER v. CITY OF ST. LOUIS, MISSOURI, ET AL. ON WRIT OF CERTIORARI TO THE UNITED STATES COURT OF APPEALS FOR THE EIG"
term_22,22-193,5,20230518151910097_22-193_Muldrow_v._City_of_St._Louis_CVSG.pdf,53,True,False,False,,"23 fact that respondent would have alternative arguments on remand provides no reason to decline to review the Eighth Circuit’s legal holding, which implicates a disagreement among the circuits on an "
term_22,22-193,6,20220930145633706_Muldrow_Amicus_Brief.pdf,0,True,False,False,,No. 22-193 ================================================================================================================ In The Supreme Court of the United States ---------------------------------♦
term_22,22-193,7,20230831160056467_Brief_of_Professors_Suja_A_Thomas_and_Amy_J_Wildermuth_as_Amici_Curiae_i_e48cd201.pdf,0,True,False,False,,"No. 22-193 In The Supreme Court of the United States ----------------------------------------------------------------------- JATONYA CLAYBORN MULDROW, Petitioner, v. CITY OF ST. LOUIS, STATE OF MISSOU"
term_22,22-193,8,20230905150534777_22-193_ac_District_of_Columbia.pdf,0,True,False,False,,"No. 22-193 IN THE Supreme Court of the United States ———— JATONYA CLAYBORN MULDROW, Petitioner, v. CITY OF ST. LOUIS, MISSOURI, et al., Respondents. ———— On Writ of Certiorari to the United States Cou"
term_22,22-193,9,20230905161556485_22-193tsacUnitedStates.pdf,0,True,False,False,,"No. 22-193 In the Supreme Court of the United States JATONYA CLAYBORN MULDROW, PETITIONER v. CITY OF ST. LOUIS, MISSOURI, ET AL. ON WRIT OF CERTIORARI TO THE UNITED STATES COURT OF APPEALS FOR THE EIG"
term_22,22-193,10,20230518151910097_22-193_Muldrow_v._City_of_St._Louis_CVSG.pdf,0,True,False,False,,"No. 22-193 In the Supreme Court of the United States JATONYA CLAYBORN MULDROW, PETITIONER v. CITY OF ST. LOUIS, MISSOURI, ET AL. ON PETITION FOR A WRIT OF CERTIORARI TO THE UNITED STATES COURT OF APPE"
term_22,22-196,1,20230125102312857_22-196_jointappendix.pdf,0,True,False,False,,"No. 22-196 In the Supreme Court of the United States ADAM SAMIA, PETITIONER v. UNITED STATES OF AMERICA ON WRIT OF CERTIORARI TO THE UNITED STATES COURT OF APPEALS FOR THE SECOND CIRCUIT JOINT APPENDI"
term_22,22-196,2,20230201122925882_22-196_Amicus_Brief_for_National_Association_of_Federal_Defenders.pdf,0,True,False,False,,"No. 22-196 In the Supreme Court of the United States _______________ ADAM SAMIA, Petitioner, v. UNITED STATES OF AMERICA, Respondent _________________________ On Writ of Certiorari to the United State"
term_22,22-196,3,20230201144309481_22-196_Samia_v_USA_Amicus_Brief_in_Support_of_Petitioner.pdf,0,True,False,False,,"No. 22-196 IN THE Supreme Court of the United States d ADAM SAMIA, aka SAL, aka ADAM SAMIC, Petitioner, —v.— UNITED STATES OF AMERICA, Respondent. ON WRIT OF CERTIORARI TO THE UNITED STATES COURT OF A"
term_22,22-196,4,20230125102002705_22-196_meritsbrief.pdf,0,True,False,False,,"No. 22-196 In the Supreme Court of the United States ADAM SAMIA, PETITIONER v. UNITED STATES OF AMERICA ON WRIT OF CERTIORARI TO THE UNITED STATES COURT OF APPEALS FOR THE SECOND CIRCUIT BRIEF FOR THE"
term_22,22-196,5,20221102142847928_22-196_-_Samia_Opp.pdf,0,True,False,False,,"No. 22-196 In the Supreme Court of the United States ADAM SAMIA, AKA SAL, AKA ADAM SAMIC, PETITIONER v. UNITED STATES OF AMERICA ON PETITION FOR A WRIT OF CERTIORARI TO THE UNITED STATES COURT OF APPE"
term_22,22-196,6,20221102142847928_22-196_-_Samia_Opp.pdf,5,True,False,False,,"In the Supreme Court of the United States No. 22-196 ADAM SAMIA, AKA SAL, AKA ADAM SAMIC, PETITIONER v. UNITED STATES OF AMERICA ON PETITION FOR A WRIT OF CERTIORARI TO THE UNITED STATES COURT OF APPE"
term_22,22-196,7,20230201132355221_22-196_Samia_Amicus.pdf,0,True,False,False,,"No. 22-196 IN THE Supreme Court of the United States ____________________ ADAM SAMIA, Petitioner, v. UNITED STATES OF AMERICA, Respondent. ____________________ On Writ of Certiorari to the United Stat"
term_22,22-196,8,20230201122925882_22-196_Amicus_Brief_for_National_Association_of_Federal_Defenders.pdf,7,True,False,False,,"In the Supreme Court of the United States _______________ NO. 22-196 ADAM SAMIA, Petitioner, v. UNITED STATES OF AMERICA, Respondent _________________________ On Writ of Certiorari to the United State"
term_22,22-196,9,20230125102002705_22-196_meritsbrief.pdf,79,True,False,False,,"39 lar, the Court expressed concern in Richardson that considering all of the evidence at trial would make pretrial determination of admissibility impossible and would “result in numerous mistrials an"
term_22,22-196,10,20230125102002705_22-196_meritsbrief.pdf,7,True,False,False,,"VII Page Miscellaneous—continued: J.M. Beattie, Scales of Justice: Defense Counsel and the English Criminal Trial in the Eighteenth and Nineteenth Centuries, 9 L. & Hist. Rev. 221 (1991) ............."
term_22,22-200,1,20230203092637001_22-200_Slack_TechnologiesWLF_amicus_brief.pdf,0,True,False,False,,"No. 22-200 IN THE Supreme Court of the United States ________________ SLACK TECHNOLOGIES, LLC (F/K/A SLACK TECHNOLOGIES, INC.) ET AL., Petitioners, v. FIYYAZ PIRANI, Respondent. ________________ On Wr"
term_22,22-200,2,20230306144206897_22-200_Amicus_Brief_of_Institutional_Investors.pdf,0,True,False,False,,"No. 22-200 IN THE Supreme Court of the United States __________ SLACK TECHNOLOGIES, LLC, ET AL., Petitioners, v. FIYYAZ PIRANI, Respondent. ___________ On Writ of Certiorari to the United States Court"
term_22,22-200,3,20230203160500846_Brief_of_Amici_Curiae_The_Honorable_Jay_Clayton_and_The_Honorable_Joseph_25977c66.pdf,0,True,False,False,,"No. 22-200 IN THE Supreme Court of the United States d SLACK TECHNOLOGIES, LLC, (F/K/A SLACK TECHNOLOGIES, INC.), et al., Petitioners, —v.— FIYYAZ PIRANI, Respondent. ON WRIT OF CERTIORARI TO THE UNIT"
term_22,22-200,4,20230127145522420_22-200_Joint_Appendix.pdf,0,True,False,False,,"No. 22-200 IN THE Supreme Court of the United States SLACK TECHNOLOGIES, LLC (F/K/A SLACK TECHNOLOGIES, INC.) et al., Petitioners, v. FIYYAZ PIRANI, Respondent. On Writ of Certiorari to the United Sta"
term_22,22-200,5,20230214154848008_Slack_v._Pirani_--_Letter_re_Enlarged_Charts.pdf,0,True,False,False,,"Thomas G. Hungar Direct: +1 202.887.3784 Fax: +1 202.530.4213 THungar@gibsondunn.com February 14, 2023 VIA COURIER AND ELECTRONIC FILING Scott S. Harris Clerk of Court Supreme Court of the United Stat"
term_22,22-200,6,20230306151800801_22-200_bsac_Nokota_Capital_Management_Final.pdf,0,True,False,False,,"No. 22-200 IN THE Supreme Court of the United States __________________ SLACK TECHNOLOGIES, LLC (F/K/A SLACK TECHNOLOGIES, INC.), ET AL., Petitioners, v. FIYYAZ PIRANI, Respondent. __________________ "
term_22,22-200,7,20230306171423271_22-200_Amicus_Brief.pdf,0,True,False,False,,"No. 22-200 In the Supreme Court of the United States SLACK TECHNOLOGIES, LLC, FKA SLACK TECHNOLOGIES, INC., et al., Petitioners, v. FIYYAZ PIRANI, Respondent. On Writ of Certiorari to the United State"
term_22,22-200,8,20230306132220637_22-200_Brief.pdf,0,True,False,False,,"No. 22-200 In the Supreme Court of the United States SLACK TECHNOLOGIES, LLC, FKA SLACK TECHNOLOGIES, INC., et al., Petitioners, v. FIYYAZ PIRANI, Respondent. On Writ of Certiorari to the United State"
term_22,22-200,9,20220907160435318_Slack_v._Pirani_--_Blanket_Consent.pdf,0,True,False,False,,"Thomas G. Hungar Direct: +1 202.887.3784 Fax: +1 202.530.4213 THungar@gibsondunn.com September 7, 2022 VIA ELECTRONIC FILING Scott S. Harris Clerk of Court Supreme Court of the United States One First"
term_22,22-200,10,20230127144311686_22-200_Brief_for_Petitioners.pdf,0,True,False,False,,"No. 22-200 IN THE Supreme Court of the United States SLACK TECHNOLOGIES, LLC (F/K/A SLACK TECHNOLOGIES, INC.) et al., Petitioners, v. FIYYAZ PIRANI, Respondent. On Writ of Certiorari to the United Sta"
term_22,22-210,1,20230306154702234_DRI_-_Dupree_v_Younger_Amicus_Curiae_Brief.pdf,0,True,False,False,,"No. 22-210 IN THE Supreme Court of the United States NEIL DUPREE, Petitioner, v. KEVIN YOUNGER, Respondent. On Writ of Certiorari to the United States Court of Appeals for the Fourth Circuit _________"
term_22,22-210,2,20230306162739778_2023-03-05_FINAL-Law-Prof-Amici_Brief_-_TO_PRINTER.pdf,0,True,False,False,,"No. 22-210 In the Supreme Court of the United States NEIL DUPREE, PETITIONER v. KEVIN YOUNGER ON WRIT OF CERTIORARI TO THE UNITED STATES COURT OF APPEALS FOR THE FOURTH CIRCUIT BRIEF FOR LAW PROFESSOR"
term_22,22-210,3,20230227171616191_Dupree--FINAL_Brief_for_Petitioner_-_camera_ready_02-27-2023.pdf,0,True,False,False,,"No. 22-210 In the Supreme Court of the United States NEIL DUPREE, PETITIONER v. KEVIN YOUNGER ON WRIT OF CERTIORARI TO THE UNITED STATES COURT OF APPEALS FOR THE FOURTH CIRCUIT BRIEF FOR PETITIONER AA"
term_22,22-210,4,20230227172236611_Dupree--Joint_Appendix_-_camera_ready.pdf,0,True,False,False,,"No. 22-210 ========================================================== In The Supreme Court of the United States ---------------------------------♦--------------------------------- NEIL DUPREE, Petitio"
term_22,22-210,5,20221123163059728_Younger_BIO.pdf,0,True,False,False,,"No. 22-210 In the Supreme Court of the United States NEIL DUPREE, PETITIONER, v. KEVIN YOUNGER, RESPONDENT. ON PETITION FOR A WRIT OF CERTIORARI TO THE UNITED STATES COURT OF APPEALS FOR THE FOURTH CI"
term_22,22-210,6,20221123163059728_Younger_BIO.pdf,8,True,False,False,,"In the Supreme Court of the United States NO. 22-210 NEIL DUPREE, PETITIONER, v. KEVIN YOUNGER, RESPONDENT. ON PETITION FOR A WRIT OF CERTIORARI TO THE UNITED STATES COURT OF APPEALS FOR THE FOURTH CI"
term_22,22-210,7,20230227171616191_Dupree--FINAL_Brief_for_Petitioner_-_camera_ready_02-27-2023.pdf,23,True,False,False,,"In the Supreme Court of the United States No. 22-210 NEIL DUPREE, PETITIONER v. KEVIN YOUNGER ON WRIT OF CERTIORARI TO THE UNITED STATES COURT OF APPEALS FOR THE FOURTH CIRCUIT BRIEF FOR PETITIONER OP"
term_22,22-210,8,20220906160650083_Dupree_--_Petition_-_camera-ready_09.02.2022.pdf,48,True,False,False,,"19 nationwide—every circuit other than the Eleventh has weighed the arguments and chosen a side. Neither bloc will change enough to resolve the split; to the contrary, any further changes are bound on"
term_22,22-210,9,20230227172236611_Dupree--Joint_Appendix_-_camera_ready.pdf,400,True,False,False,,"341 2016), as in each, the Court found unavailability despite the fact that the administrative remedy process was known and used by the inmate-plaintiff, who is the best example of the “ordinary inmat"
term_22,22-210,10,20230227171616191_Dupree--FINAL_Brief_for_Petitioner_-_camera_ready_02-27-2023.pdf,92,True,False,False,,. This case is a perfect example. Even Mr. Younger does not contend that this case involves a disguised factual issue. The district court’s denial of Lieutenant Dupree’s PLRA exhaustion defense was in
term_22,22-227,1,20221012105102551_22-227_NAFSA_Amicus_Brief_Final.pdf,0,True,False,False,,"No. 22-227 In the Supreme Court of the United States LAC DU FLAMBEAU BAND OF LAKE SUPERIOR CHIPPEWA INDIANS, ET AL., Petitioners, v. BRIAN W. COUGHLIN, Respondent. On Petition for a Writ of Certiorari"
term_22,22-227,2,20230301125705409_22-227_tsac_Indian_Law_Professors.pdf,0,True,False,False,,"No. 22-227 IN THE Supreme Court of the United States LAC DU FLAMBEAU BAND OF LAKE SUPERIOR CHIPPEWA INDIANS, ET AL., Petitioners, v. BRIAN W. COUGHLIN, Respondent. On Writ of Certiorari to the United "
term_22,22-227,3,20221108112102771_Coughlin_BIO_-_Lac_duc_Flambeau_-_No._22-227.pdf,0,True,False,False,,"No. 22-227 IN THE Supreme Court of the United States __________ LAC DU FLAMBEAU BAND OF LAKE SUPERIOR CHIPPEWA INDIANS, ET AL., Petitioners, v. BRIAN W. COUGHLIN, Respondent. __________ On Petition fo"
term_22,22-227,4,20230222122719725_No._22-227_Brief_For_Petitioners.pdf,94,True,False,False,,". Rec. S8380 (daily ed. Apr. 3, 1978) (statement of Sen. Hatch) (arguing with respect to proposed treaty regarding Panama Canal that Constitution does not permit President to cede territory via self-e"
term_22,22-227,5,20221122120846726_No_22-227_ReplyBriefForPetitioners.pdf,3,True,False,False,,The brief in opposition underscores the need for this Court’s review. Respondent concedes the deepening of an “irreconcilable” circuit split on whether the Bankruptcy Code unequivocally abrogates trib
term_22,22-227,6,20221122120846726_No_22-227_ReplyBriefForPetitioners.pdf,11,True,False,False,,"6 (represented by Respondent’s counsel in this case) should dispel it. According to that petition, which was later dismissed pursuant to a settlement, the “result” of Krystal Energy, Inre Greektown, a"
term_22,22-227,7,20230301152046839_43478_Arce_Brief_of_Amici_Curiae.pdf,12,True,False,False,,. The Gila River Indian Community is a sovereign Indian nation and federally-recognized Indian tribe in Arizona comprised of two peoples—the Akimel O’otham and Pee-Posh—who have lived and farmed along
term_22,22-227,8,20220908121718702_No_PetitionForWrit.pdf,1,True,False,False,,iii RULE 29.6 STATEMENT No Petitioner is a “nongovernmental corporation” within the meaning of Supreme Court Rule 29.6. The Lac du Flambeau Band of Lake Superior Chippewa Indians wholly owns L.D.F. Bu
term_22,22-227,9,20220908121726837_No_PetitionAppendix.pdf,19,True,False,False,,"12a automatic stay), 507(a)(8) (giving priority to certain tax claims), 523(a) (prohibiting discharge of fines and taxes), 1305 (allowing post-petition tax claims). Thus, in practice, tribes benefit f"
term_22,22-227,10,20221108112102771_Coughlin_BIO_-_Lac_duc_Flambeau_-_No._22-227.pdf,27,True,False,False,,"10 opinions in this case suggest that percolation may have benefits. The majority noted that the dissent had made at least three arguments that the parties had not briefed, App. 16a, 20a & n.13; the d"
term_22,22-23,1,20230126183354534_letter_22-23_22-331.pdf,0,True,False,False,,"U.S. Department of Justice Off ice of the Solicitor General The Solicitor General Washington, D.C. 20530 January 26, 2023 Honorable Scott S. Harris Clerk Supreme Court of the United States Washington,"
term_22,22-23,2,20230317162659026_22-23_Brief_for_Petitioner.pdf,0,True,False,False,,"No. 22-23 In The Supreme Court of the United States JEAN FRANCOIS PUGIN, Petitioner, v. MERRICK B. GARLAND, ATTORNEY GENERAL, Respondent. ON WRIT OF CERTIORARI TO THE UNITED STATES COURT OF APPEALS FO"
term_22,22-23,3,20230317162659026_22-23_Brief_for_Petitioner.pdf,16,True,False,False,,xvi TABLE OF AUTHORITIES (continued) Page(s) Rules and Guidelines Fed. R. Evid. 615 ........................................................ 36 U.S.S.G. § 2J1.2 (U.S. Sent’g Comm’n 1995) .............
term_22,22-23,4,20230203182530590_22-23_BIO.pdf,0,True,False,False,,"No. 22-23 In the Supreme Court of the United States JEAN FRANCOIS PUGIN, PETITIONER v. MERRICK B. GARLAND, ATTORNEY GENERAL ON PETITION FOR A WRIT OF CERTIORARI TO THE UNITED STATES COURT OF APPEALS F"
term_22,22-23,5,20230215205223562_22-23_Garland_Merits_Br.pdf,0,True,False,False,,"Nos. 22-23 and 22-331 In the Supreme Court of the United States JEAN FRANCOIS PUGIN, PETITIONER v. MERRICK B. GARLAND, ATTORNEY GENERAL MERRICK B. GARLAND, ATTORNEY GENERAL, PETITIONER v. FERNANDO COR"
term_22,22-23,6,20221021100815802_22-23_Reply_Brief.pdf,0,True,False,False,,"No. 22-23 IN THE Supreme Court of the United States ____________________ JEAN FRANCOIS PUGIN, Petitioner, v. MERRICK B. GARLAND, ATTORNEY GENERAL, Respondent. ____________________ ON PETITION FOR A WR"
term_22,22-23,7,20230203182530590_22-23_BIO.pdf,7,True,False,False,,"VI Miscellaneous—Continued: Page Merriam-Webster’s Dictionary of Law (1996) ........... 7, 9, 11 Va. Model Crim. Jury Instr. 3.300(4) (Sept. 2019) ............... 3 In the Supreme Court of the United "
term_22,22-23,8,20230317162659026_22-23_Brief_for_Petitioner.pdf,110,True,False,False,,". The issue is also preserved. See Pet’r C.A. Br. 11, 31-32 & n.17; Reply Br. 15-18. Petitioner also exhausted the issue before the BIA by challenging application of the BIA’s obstruction definition i"
term_22,22-23,9,20230215205223562_22-23_Garland_Merits_Br.pdf,27,True,False,False,,XVI Miscellaneous—Continued: Page Art. 241: § 241.6 .................................................................... 33-35 § 241.7 .................................................................
term_22,22-23,10,20221021100815802_22-23_Reply_Brief.pdf,20,True,False,False,,". Pet. 25-36. But the time to fully address these arguments will be on the merits, if and when this Court grants review. 2. If the Court holds that an existing proceeding or investigation is required "
term_22,22-277,1,20230814145135723_NetChoice_Invitation_Brief_8.9_--_For_Final.pdf,53,True,False,False,,"24 viewpoint-discriminatory purposes if it grants the State’s petition in Moody, because NetChoice would be “free to raise [its] viewpoint-discrimination arguments as an alternative basis for affirmin"
term_22,22-277,2,20221024144150183_Blanket_Consent_v.f.pdf,0,True,False,False,,"OFFICE OF THE ATTORNEY GENERAL Henry C. Whitaker Solicitor General PL-01 The Capitol Tallahassee, FL 32399-1050 Phone (850) 414-3300 ASHLEY MOODY Fax (850) 410-2672 ATTORNEY GENERAL henry.whitaker@myf"
term_22,22-277,3,20231207144151585_22-277bsacPenAmericanCenterAndLibraryFutures.pdf,38,True,False,False,,". 22-555 at 18 (referring to the companies’ “censorship decisions”); Pet., No. 22-277 at 2 (stating that the companies “censor speech”). But that is merely a rhetorical flourish, not a legal argument—"
term_22,22-277,4,20231206154412053_22-555_-_22-277_Amicus_Brief.pdf,0,True,False,False,,"Nos. 22-555 & 22-277 In The Supreme Court of the United States NETCHOICE, LLC, D/B/A NETCHOICE, ET AL., Petitioners, v. KEN PAXTON, ATTORNEY GENERAL OF TEXAS, Respondent. On Petition for Writs of Cert"
term_22,22-277,5,20231207150927259_22-277_-555_Amici_Brief_of_Nat_Sec_Officials_Final.pdf,0,True,False,False,,"Nos. 22-277 and 22-555 IN THE Supreme Court of the United States ASHLEY MOODY, ATTORNEY GENERAL OF FLORIDA, ET AL., PETITIONERS v. NETCHOICE, LLC, DBA NETCHOICE, ET AL. NETCHOICE, LLC, DBA NETCHOICE, "
term_22,22-277,6,20231205170151755_RCFP_-_NetChoice_v._Paxton_for_Filing_PDF-A.pdf,0,True,False,False,,"Nos. 22-277 and 22-555 IN THE Supreme Court of the United States ASHLEY MOODY, IN HER OFFICIAL CAPACITY AS ATTORNEY GENERAL OF FLORIDA, ET AL. Petitioners, v. NETCHOICE, LLC; AND COMPUTER & COMMUNICAT"
term_22,22-277,7,20221024133439836_Moody_v_NetChoice_Petition-Stage_Amicus_FINAL.pdf,8,True,False,False,,"2 Amicus became involved with the questions underlying this case in response to a request at a meeting of minority Christians, who felt oppressed by the Platform’s censorship. He therefore largely fra"
term_22,22-277,8,20231207121646702_22-277_22-555_Amicus_Brief.pdf,0,True,False,False,,"Nos. 22-277 and 22-555 In the Supreme Court of the United States Ashley Moody, Attorney General of Florida, et al., Petitioners, v. NetChoice, LLC, d/b/a NetChoice, et al., Respondents. NetChoice, LLC"
term_22,22-277,9,20231207134256722_Marketplace_Industry_Association_et_al_Amicus_Brief_in_Support_of_NetCho_c8b75827.pdf,4,True,False,False,,"In the Supreme Court of the United States _______________ Nos. 22-277 AND 22-555 ASHLEY MOODY, ATTORNEY GENERAL OF FLORIDA, ET AL., PETITIONERS v. NETCHOICE, LLC DBA NETCHOICE, ET AL. ________________"
term_22,22-277,10,20231207161302153_Nos._22-277_and_22-555_Amicus_Brief_of_Center_for_Democracy_and_Technology.pdf,51,True,False,False,,". National Institute of Family Life Advocates v. Becerra, 138 S. Ct. 2361, 2371 (2018); Hurley, 515 U.S. at 573. The States cannot satisfy that demanding standard. See 22-277 Pet. App. 58a-62a (holdin"
term_22,22-324,1,20230314132121805_22-324_cert_tssb.pdf,8,True,False,False,,". 12-15. In short, the difference in the legal standards is plain and fundamental. B. Tellingly, despite denying the circuit split, the City Manager never asserted, much less attempted to show, that t"
term_22,22-324,2,20230314132121805_22-324_cert_tssb.pdf,11,True,False,False,,"6 Manager whose social-media activity was “atypical of litigation in this area,” id. at 18, as he primarily posted about purely personal matters such as his family life, while also sometimes re-sharin"
term_22,22-324,3,20230815173031323_22-324_bsac_FINAL_-_PT1_-Oconnor-Ratcliff_v._Garnier.pdf,0,True,False,False,,"No. 22-324 In the Supreme Court of the United States MICHELLE O’CONNOR-RATCLIFF, ET AL., Petitioners, v. CHRISTOPHER GARNIER, ET UX. On Writ of Certiorari to the United States Court of Appeals for the"
term_22,22-324,4,20230630154114835_22-324tsacUnitedStates.pdf,8,True,False,False,,"In the Supreme Court of the United States No. 22-324 MICHELLE O’CONNOR-RATCLIFF, ET AL., PETITIONERS v. CHRISTOPHER GARNIER AND KIMBERLY GARNIER ON WRIT OF CERTIORARI TO THE UNITED STATES COURT OF APP"
term_22,22-324,5,20230815130443141_22-324acAmericanAtheistsInc_FINAL.pdf,0,True,False,False,,"No. 22-324 IN THE Supreme Court of the United States ———— MICHELLE O’CONNOR-RATCLIFF, et al., Petitioners, v. CHRISTOPHER GARNIER, et ux., Respondents. ———— On Writ of Certiorari to the United States "
term_22,22-324,6,20230630132312129_22-324_and_22-611_Amicus_Brief.pdf,0,True,False,False,,"Nos. 22-324, 22-611 IN THE Supreme Court of the United States MICHELLE O’CONNOR-RATCLIFF, ET AL., Petitioners, v. CHRISTOPHER GARNIER, ET UX., Respondents. KEVIN LINDKE, Petitioner, v. JAMES R. FREED,"
term_22,22-324,7,20230630170055858_22-324_Amicus_BOM_IMLA.pdf,0,True,False,False,,"No. 22-324 In the Supreme Court of the United States __________________ MICHELLE O’CONNOR-RATCLIFF, ET AL., Petitioners, v. CHRISTOPHER GARNIER, ET UX., Respondents. __________________ On Writ of Cert"
term_22,22-324,8,20230713154608960_22-324_and_22-611_Amicus_Brief.pdf,0,True,False,False,,"Nos. 22-324 and 22-611 In the Supreme Court of the United States Michelle O’Connor-Ratcliff, et al., Petitioners, v. Christopher Garnier, et ux., Respondents. Kevin Lindke, Petitioner, v. James R. Fre"
term_22,22-324,9,20230815115536291_22-324_Amicus_Brief_of_Manhattan_Institute.pdf,0,True,False,False,,"NO. 22-324 IN THE Supreme Court of the United States MICHELLE O’CONNOR-RATCLIFF AND T.J. ZANE, Petitioners, v. CHRISTOPHER GARNIER AND KIMBERLY GARNIER, Respondents. On Writ of Certiorari to the Unite"
term_22,22-324,10,20230905144013630_22-324_Joint_Appendix.pdf,24,True,False,False,,25 MOVING PARTY’S OPPOSING MOVING UNDISPUTED PARTY’S PARTY’S MATERIAL FACTS RESPONSE REPLY AND AND AND SUPPORTING SUPPORTING SUPPORTING EVIDENCE: EVIDENCE: EVIDENCE: as he did on any during Board The 
term_22,22-340,1,20230526120434497_2023.5.26.AFPF_Amicus.Pulsifer_v._US.22.340.pdf,0,True,False,False,,"No. 22-340 IN THE Supreme Court of the United States _________________________________________________ MARK E. PULSIFER, Petitioner, v. UNITED STATES, Respondent. _____________________________________"
term_22,22-340,2,20230724211315733_22-340bsUnitedStates.pdf,18,True,False,False,,"In the Supreme Court of the United States No. 22-340 MARK E. PULSIFER, PETITIONER v. UNITED STATES OF AMERICA ON WRIT OF CERTIORARI TO THE UNITED STATES COURT OF APPEALS FOR THE EIGHTH CIRCUIT BRIEF F"
term_22,22-340,3,20221007105808137_Pulsifer_v._United_States_Cert_Petition_FILE.pdf,46,True,False,False,,". at *20. What matters, as the Senate manual makes clear, “is the conjunction at the end of the list.” Id. Finally, Judge Wood addressed the textual arguments for a distributive reading. For starters,"
term_22,22-340,4,20230526173841166_22-340_Amicus_Brief_Professors_Final.pdf,0,True,False,False,,"No. 22-340 In the Supreme Court of the United States MARK E. PULSIFER, Petitioner, v. UNITED STATES, Respondent. ON WRIT OF CERTIORARI TO THE UNITED STATES COURT OF APPEALS FOR THE EIGHTH CIRCUIT BRIE"
term_22,22-340,5,20230519142156758_Pulsifer_v._United_States_Merits_Brief_FILE.pdf,0,True,False,False,,"No. 22-340 In the Supreme Court of the United States ________________________________________ MARK E. PULSIFER, PETITIONER v. UNITED STATES ________________________________________ ON WRIT OF CERTIORA"
term_22,22-340,6,20230113133503784_22-340_Pulsifer.pdf,4,True,False,False,,"In the Supreme Court of the United States No. 22-340 MARK E. PULSIFER, PETITIONER v. UNITED STATES OF AMERICA ON PETITION FOR A WRIT OF CERTIORARI TO THE UNITED STATES COURT OF APPEALS FOR THE EIGHTH "
term_22,22-340,7,20230113133503784_22-340_Pulsifer.pdf,0,True,False,False,,"No. 22-340 In the Supreme Court of the United States MARK E. PULSIFER, PETITIONER v. UNITED STATES OF AMERICA ON PETITION FOR A WRIT OF CERTIORARI TO THE UNITED STATES COURT OF APPEALS FOR THE EIGHTH "
term_22,22-340,8,20230724211315733_22-340bsUnitedStates.pdf,0,True,False,False,,"No. 22-340 In the Supreme Court of the United States MARK E. PULSIFER, PETITIONER v. UNITED STATES OF AMERICA ON WRIT OF CERTIORARI TO THE UNITED STATES COURT OF APPEALS FOR THE EIGHTH CIRCUIT BRIEF F"
term_22,22-340,9,20230526120253328_22-340_Brief.pdf,0,True,False,False,,"No. 22-340 IN THE Supreme Court of the United States ___________ MARK PULSIFER, Petitioner, v. UNITED STATES, Respondent. ___________ ON WRIT OF CERTIORARI TO THE UNITED STATES COURT OF APPEALS FOR TH"
term_22,22-340,10,20221007105808137_Pulsifer_v._United_States_Cert_Petition_FILE.pdf,5,True,False,False,,"iv TABLE OF CONTENTS (continued) Page D. Only this Court can resolve the circuit conflict. .......................................................... 21 II. The question presented is important, and th"
term_22,22-381,1,20230227155919431_22-381_Brief.pdf,13,False,False,False,,"IN THE Supreme Court of the United States Nos. 22-381 and 22-383 ASHOT YEGIAZARYAN, aka ASHOT EGIAZARYAN Petitioner, v. VITALY IVANOVICH SMAGIN, et al., Respondents. CMB MONACO, FKA COMPAGNIE MONÉGASQ"
term_22,22-381,2,20221123123703514_22-381_-383_Brief_in_Opposition.pdf,0,False,False,False,,"Nos. 22-381 and 22-383 In the Supreme Court of the United States __________________ ASHOT YEGIAZARYAN, AKA ASHOT EGIAZARYAN, Petitioner, v. VITALY IVANOVICH SMAGIN, ET AL., Respondents. --------------"
term_22,22-381,3,20221202140024747_22-381_Reply_Brief.pdf,0,False,False,False,,"No. 22-381 In the Supreme Court of the United States ASHOT YEGIAZARYAN, AKA ASHOT EGIAZARYAN, Petitioner, v. VITALY IVANOVICH SMAGIN, et al., Respondents. On Petition for a Writ of Certiorari to the U"
term_22,22-381,4,20230227155919431_22-381_Brief.pdf,0,False,False,False,,"22-381 and 22-383 In the Supreme Court of the United States ASHOT YEGIAZARYAN, AKA ASHOT EGIAZARYAN, Petitioner, v. VITALY IVANOVICH SMAGIN, et al., Respondents. CMB MONACO, FKA COMPAGNIE MONÉGASQUE D"
term_22,22-381,5,20230306122146357_Amicus_Brief.pdf,0,False,False,False,,"Nos. 22-381 and 22-383 IN THE Supreme Court of the United States ASHOT YEGIAZARYAN, AKA ASHOT EGIAZARYAN, Petitioner, v. VITALY IVANOVICH SMAGIN, et al., Respondents. ___________ CMB MONACO, FKA COMPA"
term_22,22-381,6,20230227160438618_Joint_Appendix.pdf,0,False,False,False,,"22-381 and 22-383 In the Supreme Court of the United States ASHOT YEGIAZARYAN, AKA ASHOT EGIAZARYAN, Petitioner, v. VITALY IVANOVICH SMAGIN, et al., Respondents. CMB MONACO, FKA COMPAGNIE MONÉGASQUE D"
term_22,22-381,7,20230227160438618_Joint_Appendix.pdf,238,False,False,False,,"153a 166. Claimant, on the other hand, takes the view that the 2008 Agreement became binding, was enforceable and was in fact performed, albeit partially. 167. The arguments of both Claimant and Secon"
term_22,22-381,8,20221020125724708_Petition.pdf,64,False,False,False,judgment_issued,"16a injury to its intangible property, even if that property is a judgment issued by a United States district court, is a foreign injury. Id. at 1095. We agree with the Third Circuit that the Seventh "
term_22,22-381,9,20230227160438618_Joint_Appendix.pdf,29,False,False,False,judgment_issued,"16a injury to its intangible property, even if that property is a judgment issued by a United States district court, is a foreign injury. Id. at 1095. We agree with the Third Circuit that the Seventh "
term_22,22-381,10,20230227160438618_Joint_Appendix.pdf,230,False,False,False,,"146a agreement is to be viewed and treated as separate from the commercial contract in which it is included, it is also accepted that the same factual circumstances may be relevant with respect to bot"
term_22,22-429,1,20221104110538361_Acheson_v._Laufer_-_cert._petition.pdf,97,True,False,False,,". See 141 S. Ct. at 2214. Moreover, we’ve called “suspect” arguments that the Supreme Court implicitly overruled one of its prior decisions. See United States v. Symonevich, 688 F.3d 12, 19 n.4 (1st C"
term_22,22-429,2,20230612182635037_22-429npacUnitedStates.pdf,0,True,False,False,,"No. 22-429 In the Supreme Court of the United States ACHESON HOTELS, LLC, PETITIONER v. DEBORAH LAUFER ON WRIT OF CERTIORARI TO THE UNITED STATES COURT OF APPEALS FOR THE FIRST CIRCUIT BRIEF FOR THE U"
term_22,22-429,3,20230612180405421_22-429_Amicus_Brief_NAHB_Final.pdf,0,True,False,False,,"No. 22-429 In The Supreme Court of the United States ACHESON HOTELS, LLC, Petitioner, v. DEBORAH LAUFER, Respondent. On Writ of Certiorari To The United States Court Of Appeals For the First Circuit B"
term_22,22-429,4,20230612120927649_43631_Ebner_brief.pdf,0,True,False,False,,No. 22-429 ================================================================================================================ In The Supreme Court of the United States ---------------------------------♦
term_22,22-429,5,20221208174247206_43179_pdf_Spencer.pdf,0,True,False,False,,No. 22-429 ================================================================================================================ In The Supreme Court of the United States ---------------------------------♦
term_22,22-429,6,20230612182635037_22-429npacUnitedStates.pdf,54,True,False,False,,"22 analysis and can “elevate” a real-world harm into a cognizable injury) (quoting Spokeo, 578 U.S. at 341). C. Acheson’s Broader Arguments Lack Merit A determination that Laufer lacks standing becaus"
term_22,22-429,7,20230605160706820_22-429_Joint_Appendix.pdf,0,True,False,False,,"No. 22-429 IN THE Supreme Court of the United States _________ ACHESON HOTELS, LLC, Petitioner, v. DEBORAH LAUFER, Respondent. ________ On Writ of Certiorari to the United States Court of Appeals for "
term_22,22-429,8,20230612182635037_22-429npacUnitedStates.pdf,29,True,False,False,,". Havens Realty, 455 U.S. at 374. C. That conclusion fully resolves the question this Court granted certiorari to decide. Acheson, however, also advances a variety of broader arguments that would curt"
term_22,22-429,9,20221104110538361_Acheson_v._Laufer_-_cert._petition.pdf,96,True,False,False,,"19a to render any distinction insufficiently material. We’re thus bound by that decision unless the Supreme Court tells us that TransUnion overruled it. 4 Under Laufer’s theory, she had a right to the"
term_22,22-429,10,20221208141735528_No._22-429_Brief_of_Amicus_Curiae.pdf,0,True,False,False,,"No. 22-429 In the Supreme Court of the United States ACHESON HOTELS, LLC, Petitioner, v. DEBORAH LAUFER, Respondent. ON PETITION FOR WRIT OF CERTIORARI TO THE UNITED STATES COURT OF APPEALS FOR THE FI"
term_22,22-448,1,20230113130438937_22-448_bio.pdf,0,True,False,False,,"No. 22-448 IN THE Supreme Court of the United States CONSUMER FINANCIAL PROTECTION BUREAU, ET AL., Petitioners, v. COMMUNITY FINANCIAL SERVICES ASSOCIATION OF AMERICA, LIMITED, ET AL., Respondents. On"
term_22,22-448,2,20230515154002854_Consumer_Advocates_Amicus_brief_-_CFPB_v_CFSA_FINAL_for_printing.pdf,0,True,False,False,,"No. 22-448 IN THE Supreme Court of the United States CONSUMER FINANCIAL PROTECTION BUREAU, ET AL., Petitioners, v. COMMUNITY FINANCIAL SERVICES ASSOCIATION OF AMERICA, LIMITED, ET AL., Respondents. On"
term_22,22-448,3,20230515093528505_22-448_Amicus_Brief_of_Military_and_Veterans_Organizations.pdf,0,True,False,False,,"No. 22-448 IN THE Supreme Court of the United States __________ CONSUMER FINANCIAL PROTECTION BUREAU, ET AL., Petitioners, v. COMMUNITY FINANCIAL SERVICES ASSOCIATION OF AMERICA, LIMITED, ET AL., Resp"
term_22,22-448,4,20230707141206150_2023.7.7.AFPF_Amicus.CFPB_v._CFSA.No.22.448.pdf,0,True,False,False,,"No. 22-448 IN THE Supreme Court of the United States _________________________________________________ CONSUMER FINANCIAL PROTECTION BUREAU, ET AL., Petitioners, v. COMMUNITY FINANCIAL SERVICES ASSOCI"
term_22,22-448,5,20230515134812270_22-448_Final_AARP_CFPB_brief.pdf,0,True,False,False,,"No. 22-448 In the Supreme Court of the United States CONSUMER FINANCIAL PROTECTION BUREAU, ET AL., Petitioners, v. COMMUNITY FINANCIAL SERVICES ASSOCIATION OF AMERICA, LIMITED, ET AL., Respondents. On"
term_22,22-448,6,20230706121101671_43535_pdf_Ebner.pdf,0,True,False,False,,No. 22-448 ================================================================================================================ In The Supreme Court of the United States ---------------------------------♦
term_22,22-448,7,20230710123433465_22-448_bsac_Mulvaney_Final.pdf,0,True,False,False,,"No. 22-448 In the Supreme Court of the United States CONSUMER FINANCIAL PROTECTION BUREAU, ET AL., Petitioners, v. COMMUNITY FINANCIAL SERVICES ASSOCIATION OF AMERICA, LIMITED, ET AL., Respondents. On"
term_22,22-448,8,20230710140635378_22-448_Amicus_Brief_of_132_Members_of_Congress.pdf,0,True,False,False,,"No. 22-448 IN THE Supreme Court of the United States _________ CONSUMER FINANCIAL PROTECTION BUREAU, ET AL., Petitioners, v. COMMUNITY FINANCIAL SERVICES ASSOCIATION OF AMERICA, LIMITED, ET AL., Respo"
term_22,22-448,9,20230515111929890_CFPB_v._CFSA_Professors_Amicus_Brief_-_FINAL.pdf,0,True,False,False,,"No. 22-448 IN THE Supreme Court of the United States CONSUMER FINANCIAL PROTECTION BUREAU, ET AL., Petitioners, v. COMMUNITY FINANCIAL SERVICES ASSOCIATION OF AMERICA, LIMITED, ET AL., Respondents. On"
term_22,22-448,10,20230512171508936_CFSA_v._CFPB_Brief_of_Ag_Orgs_in_Support_of_Petitioners_FINAL_for_printing_5.12.23.pdf,0,True,False,False,,"No. 22-448 In the Supreme Court of the United States CONSUMER FINANCIAL PROTECTION BUREAU, ET AL., Petitioners, v. COMMUNITY FINANCIAL SERVICES ASSOCIATION OF AMERICA, LIMITED, ET AL., Respondents. On"
term_22,22-451,1,20221117152507703_Blanket_Consent_Letter_Loper_Bright_Enterprises.pdf,0,True,False,False,,"November 17, 2022 By eFile Scott S. Harris Clerk of Court Supreme Court of the United States 1 First Street, NE Washington, DC 20543 Re: Loper Bright Enterprises v. Raimondo, No. 22-451 Dear Mr. Harri"
term_22,22-451,2,20230721132159336_22-451_CCJ_TSAC.pdf,0,True,False,False,,"i No. 22-451 In the Supreme Court of the United States LOPER BRIGHT ENTERPRISES, ET AL., Petitioners, v. GINA RAIMONDO, SECRETARY OF COMMERCE, ET AL., Respondents. On Writ of Certiorari to the United "
term_22,22-451,3,20230720091857380_tsac_TechFreedom_No._22-451.pdf,0,True,False,False,,"No. 22-451 IN THE Supreme Court of the United States ___________ LOPER BRIGHT ENTERPRISES, et al., Petitioners, v. GINA RAIMONDO, in her official capacity as Secretary of Commerce, et al., Respondents"
term_22,22-451,4,20230721124931443_22-451acProfessorThomasW.Merrill.pdf,60,True,False,False,,". See, e.g., Becerra v. 13 Christopher J. Walker, Most Cited Supreme Court Administrative Law Decisions, Yale J. Reg. Notice & Comment (Oct. 9, 2014), https://www.yalejreg.com/nc/most-cited-supremecou"
term_22,22-451,5,20230925134742353_2023-09-22_Loper_Brief_FINAL.pdf,0,True,False,False,,"No. 22-451 IN THE Supreme Court of the United States ____________________ LOPER BRIGHT ENTERPRISES, ET AL., Petitioners, v. GINA RAIMONDO, SECRETARY OF COMMERCE, ET AL., Respondents. _________________"
term_22,22-451,6,20230713115147182_43770_pdf_Ebner_combined.pdf,0,True,False,False,,No. 22-451 ================================================================================================================ In The Supreme Court of the United States ---------------------------------♦
term_22,22-451,7,20230922132108343_22-451_Amici_Brief.pdf,0,True,False,False,,"No. 22-451 In the Supreme Court of the United States LOPER BRIGHT ENTERPRISES, et al., Petitioners, v. GINA RAIMONDO, SECRETARY OF COMMERCE, et al., Respondents. On Writ of Certiorari to the United St"
term_22,22-451,8,20230724143335950_22-451_Amicus_Brief_of_NSSF.pdf,0,True,False,False,,"No. 22-451 In the Supreme Court of the United States LOPER BRIGHT ENTERPRISES, ET AL., Petitioners, v. GINA RAIMONDO, SECRETARY OF COMMERCE, ET AL. On Writ of Certiorari to the United States Court of "
term_22,22-451,9,20230922085636754_Loper_Bright_Amicus_FINAL.pdf,0,True,False,False,,"No. 22-451 IN THE Supreme Court of the United States LOPER BRIGHT ENTERPRISES, ET AL., Petitioners, v. GINA RAIMONDO, SECRETARY OF COMMERCE, ET AL., Respondents. On Writ of Certiorari to the United St"
term_22,22-451,10,20230724105732487_22-451_Merits_Amicus_Brief_of_Christian_Employers_Alliance.pdf,0,True,False,False,,"NO. 22-451 IN THE Supreme Court of the United States LOPER BRIGHT ENTERPRISES, INC., ET AL., Petitioners, v. GINA RAIMONDO, IN HER OFFICIAL CAPACITY AS SECRETARY OF COMMERCE, ET AL., Respondents. On W"
term_22,22-49,1,20230127132249241_43251_pdf_Sungaila.pdf,0,True,False,False,,No. 22-49 ================================================================================================================ In The Supreme Court of the United States ---------------------------------♦-
term_22,22-49,2,20230127153135500_22_49_Amicus_Brief_of_NACDL.pdf,0,True,False,False,,No. 22-49 ================================================================================================================ In The Supreme Court of the United States ---------------------------------♦-
term_22,22-49,3,20221028132500285_22-49_Lora_Opp.pdf,0,True,False,False,,"No. 22-49 In the Supreme Court of the United States EFRAIN LORA, PETITIONER v. UNITED STATES OF AMERICA ON PETITION FOR A WRIT OF CERTIORARI TO THE UNITED STATES COURT OF APPEALS FOR THE SECOND CIRCUI"
term_22,22-49,4,20221028132500285_22-49_Lora_Opp.pdf,6,True,False,False,,"In the Supreme Court of the United States No. 22-49 EFRAIN LORA, PETITIONER v. UNITED STATES OF AMERICA ON PETITION FOR A WRIT OF CERTIORARI TO THE UNITED STATES COURT OF APPEALS FOR THE SECOND CIRCUI"
term_22,22-49,5,20220715142454176_Lora_v._United_States_-_Cert_Petition_-_Appendix.pdf,18,True,False,False,,"11a existing drug territory against threats made by Balcarran. Viewing this evidence in the light most favorable to the government, we believe a jury could rationally determine that the government sho"
term_22,22-49,6,20230120180222246_22-49_Brief_for_Petitioner.pdf,0,True,False,False,,"No. 22-49 IN THE Supreme Court of the United States EFRAIN LORA, Petitioner, v. UNITED STATES OF AMERICA, Respondent. On Writ Of Certiorari To The United States Court Of Appeals For The Second Circuit"
term_22,22-49,7,20230127132249241_43251_pdf_Sungaila.pdf,7,True,False,False,,". Just. 10, 10, 14 (Winter 2009). When the final volume of the first edition of the ABA Standards was published in 1974, Warren Burger, Chair of the ABA Standards project until his appointment as Chie"
term_22,22-49,8,20220715142446442_Lora_v._United_States_-_Cert_Petition.pdf,0,True,False,False,,"No. 22-____ IN THE Supreme Court of the United States EFRAIN LORA, Petitioner, v. UNITED STATES OF AMERICA, Respondent. On Petition For A Writ Of Certiorari To The United States Court Of Appeals For T"
term_22,22-49,9,20230127132249241_43251_pdf_Sungaila.pdf,17,True,False,False,,". . . . [S]entencing courts are the bestpositioned governmental actors to make such casespecific judgments. By institutional training, judges have long experience in rendering particularized outcomes "
term_22,22-49,10,20221028132500285_22-49_Lora_Opp.pdf,21,True,False,False,,"9 Petitioner’s reliance (Pet. 22) on the rule of lenity is likewise misplaced. That canon “only applies if, after considering text, structure, history, and purpose, there remains a grievous ambiguity "
term_22,22-500,1,20230602161617726_2023-06-02_Brief_of_Amici_Curiae_AIMU_et_al_ISO_Petitioner.pdf,0,True,False,False,,No. 22-500 ================================================================================================================ In The Supreme Court of the United States ---------------------------------♦
term_22,22-500,2,20230602101143265_01-Great_Lakes_amicus_brief_for_Chamber_and_APCIA.pdf,0,True,False,False,,"No. 22-500 IN THE Supreme Court of the United States ___________ GREAT LAKES INSURANCE SE, Petitioner, v. RAIDERS RETREAT REALTY CO., LLC, Respondent. __________ On Writ of Certiorari to the United St"
term_22,22-500,3,20230526140910603_22-500_Great_Lakes_Brief_Merits.pdf,63,True,False,False,,". at 13-15. Although the case was filed in Florida, see id. at 3-5, the Court said not one word about Florida law or policy. Third, the parties in The Bremen framed their arguments solely in terms of "
term_22,22-500,4,20230531110903539_No._22-500_Brief.pdf,0,True,False,False,,"No. 22-500 IN THE Supreme Court of the United States GREAT LAKES INSURANCE SE, Petitioner, v. RAIDERS RETREAT REALTY CO., LLC, Respondent. On Writ of Certiorari to the United States Court of Appeals f"
term_22,22-500,5,20230605141539019_6_1_23_No._22-500_CORRECTED_merits-stage_amicus_brief_of_New_England_Leg_b4ab0847.pdf,0,True,False,False,,"NO. 22-500 IN THE Supreme Court of the United States GREAT LAKES INSURANCE SE, Petitioner, v. RAIDERS RETREAT REALTY CO., LLC, Respondent. ON A WRIT OF CERTIORARI TO THE UNITED STATES COURT OF APPEALS"
term_22,22-500,6,20230526140910603_22-500_Great_Lakes_Brief_Merits.pdf,0,True,False,False,,"No. 22-500 In the Supreme Court of the United States GREAT LAKES INSURANCE SE, PETITIONER, v. RAIDERS RETREAT REALTY CO., LLC ON WRIT OF CERTIORARI TO THE UNITED STATES COURT OF APPEALS FOR THE THIRD "
term_22,22-500,7,20230526140910603_22-500_Great_Lakes_Brief_Merits.pdf,12,True,False,False,,"XII Other authorities—Continued: William A. Fletcher, The General Common Law and Section 34 of the Judiciary Act of 1789: The Example of Marine Insurance, 97 Harv. L. Rev. 1513 (1984) ................"
term_22,22-500,8,20230106141923233_GreatLakesVsRaidersRetreat--BriefInOpposition--FINAL--010623.pdf,18,True,False,False,,"9 conclusion that Pennsylvania law, rather than New York law, applied to Raiders’ three counterclaims at issue. See Raiders, 521 F. Supp. 3d at 587. Although recognizing that some other courts have ap"
term_22,22-500,9,20221123124025212_Great_Lakes_Insurance_SE_PETITION_FOR_A_WRIT_OR_CERTIORARI.pdf,87,True,False,False,,". Id. at 587-88. The Supreme Court analyzed the case under the framework laid out in The Bremen to evaluate the “reasonableness of the forum clause,” “refin[ing]” the latter case’s analysis “to accoun"
term_22,22-500,10,20221123124025212_Great_Lakes_Insurance_SE_PETITION_FOR_A_WRIT_OR_CERTIORARI.pdf,86,True,False,False,,"10a Appendix A provision would be “unreasonable and unjust,” including, among other things, situations where enforcement would “contravene a strong public policy of the forum in which suit is brought,"
term_22,22-506,1,20230104223046549_22-506_Biden_v._Nebraska_J.A._Final.pdf,211,True,False,False,,"167 against limiting the scope of an injunction in other contexts, here the Secretary’s universal suspension of both loan payments and interest on student loans weighs against delving into such uncert"
term_22,22-506,2,20230111114927420_Biden_v_Nebraska_Amicus_Br_of_ArchCity_Defenders_and_LSEM_1-11-23.pdf,0,True,False,False,,No. 22-506 ================================================================================================================ In The Supreme Court of the United States ---------------------------------♦
term_22,22-506,3,20230111114724413_Brief_of_LAS_as_amicus_Final_Final.pdf,0,True,False,False,,"Nos. 22-506 and 22-535 _________ In the Supreme Court of the United States _________ JOSEPH R. BIDEN, JR., PRESIDENT OF THE UNITED STATES, ET AL., Petitioners, v. STATE OF NEBRASKA, ET AL., Respondent"
term_22,22-506,4,20230111114724413_Brief_of_LAS_as_amicus_Final_Final.pdf,11,True,False,False,,"4 Since the Constitution only grants “appellate” jurisdiction, and not “original” jurisdiction, the Court is wholly without power to act as the district court or to grant certiorari in a case in the d"
term_22,22-506,5,20230111141538206_Brief_of_Amici_Curiae_Legal_Scholars_in_Support_of_Petitioners.pdf,0,True,False,False,,"Nos. 22-506 and 22-535 In the Supreme Court of the United States JOSEPH R. BIDEN, PRESIDENT OF THE UNITED STATES, ET AL., Petitioners, v. STATE OF NEBRASKA, ET AL., Respondents. DEPARTMENT OF EDUCATIO"
term_22,22-506,6,20230111145635015_Biden_v._Nebraska_--_Local_Govt_Amicus_Brief_--_TSAC_--_FINAL.pdf,0,True,False,False,,"Nos. 22-506 and 22-535 IN THE Supreme Court of the United States ___________ JOSEPH R. BIDEN, PRESIDENT OF THE UNITED STATES, ET AL., Petitioners, v. STATE OF NEBRASKA, ET AL., Respondents. __________"
term_22,22-506,7,20230111201811101_22506_Amicus_Brief_of_Six_Veterans_Organizations.pdf,0,True,False,False,,"Nos. 22-506 and 22-535 In the Supreme Court of the United States JOSEPH R. BIDEN, JR., PRESIDENT OF THE UNITED STATES, et al., Petitioners, v. STATE OF NEBRASKA, et al., Respondents. DEPARTMENT OF EDU"
term_22,22-506,8,20230112111032891_43235_pdf_Ebner.pdf,0,True,False,False,,Nos. 22-506 & 22-535 ================================================================================================================ In The Supreme Court of the United States ------------------------
term_22,22-506,9,20230111120302047_Biden_v_NE_NAACP_Brief.pdf,0,True,False,False,,"No. 22-506 IN THE Supreme Court of the United States ___________________________ JOSEPH R. BIDEN, PRESIDENT OF THE UNITED STATES, ET AL., Petitioners, v. STATE OF NEBRASKA, ET AL., Respondents. ______"
term_22,22-506,10,20230111123719748_2023-01-11_Nos._22-506_22-535_Amici_Curiae_Bray_and_Baude_Br.pdf,0,True,False,False,,"Nos. 22-506 & 22-535 In the Supreme Court of the United States JOSEPH R. BIDEN, PRESIDENT OF THE UNITED STATES, ET AL., Petitioners, V. STATE OF NEBRASKA, ET AL., Respondents. DEPARTMENT OF EDUCATION,"
term_22,22-529,1,20221205155237486_Cantero_Petition_Appendix.pdf,46,True,False,False,,". All parties seem to agree that these provisions had no effect on the NBA’s preemption standards, and so do we. But despite this concession, both sets of Plaintiffs nevertheless raise arguments based"
term_22,22-529,2,20231214161611307_Cantero_Amicus_Brief.pdf,0,True,False,False,,"No. 22-529 IN THE Supreme Court of the United States ALEX CANTERO, SAUL R. HYMES, and ILANA HARWAYNE-GIDANSKY, individually and on behalf of all others similarly situated, Petitioners, v. BANK OF AMER"
term_22,22-529,3,20231215173321886_22-529_Cantero_et_al_v._Bank_of_America.pdf,11,True,False,False,,"In the Supreme Court of the United States No. 22-529 ALEX CANTERO, ET AL., INDIVIDUALLY AND ON BEHALF OF ALL OTHERS SIMILARLY SITUATED, PETITIONERS v. BANK OF AMERICA, N.A. ON WRIT OF CERTIORARI TO TH"
term_22,22-529,4,20231215173321886_22-529_Cantero_et_al_v._Bank_of_America.pdf,0,True,False,False,,"No. 22-529 In the Supreme Court of the United States ALEX CANTERO, ET AL., INDIVIDUALLY AND ON BEHALF OF ALL OTHERS SIMILARLY SITUATED, PETITIONERS v. BANK OF AMERICA, N.A. ON WRIT OF CERTIORARI TO TH"
term_22,22-529,5,20230830163453839_22-349_22-529_Flagstar_Bank_v._Kivett_Cantero_v._Bank_of_America.pdf,0,True,False,False,,"Nos. 22-349 and 22-529 In the Supreme Court of the United States FLAGSTAR BANK, N.A., PETITIONER v. WILLIAM KIVETT, ET AL. ALEX CANTERO, ET AL., INDIVIDUALLY AND ON BEHALF OF ALL OTHERS SIMILARLY SITU"
term_22,22-529,6,20231215112448234_22-529_tsac_CSBS_and_AARMR_final.pdf,0,True,False,False,,"No. 22-529 In the Supreme Court of the United States ALEX CANTERO, ET AL., INDIVIDUALLY AND ON BEHALF OF ALL OTHERS SIMILARLY SITUATED, Petitioners, v. BANK OF AMERICA, N.A., Respondent. On Writ of Ce"
term_22,22-529,7,20231215163412073_22-529_tsac_Flagstar_Plaintiffs_Final.pdf,0,True,False,False,,"No. 22-529 IN THE Supreme Court of the United States ALEX CANTERO, SAUL R. HYMES, and ILANA HARWAYNE-GIDANSKY, individually and behalf of all others similarly situated, Petitioners, V. BANK OF AMERICA"
term_22,22-529,8,20221205155237486_Cantero_Petition_Appendix.pdf,50,True,False,False,,". Sonotone Corp., 442 U.S. 330, 341 (1979)). Barnett Bank was explicit that it was applying the “ordinary legal principles of pre-emption,” not announcing a new standard. 517 U.S. at 37. Even under Pl"
term_22,22-529,9,20230830163453839_22-349_22-529_Flagstar_Bank_v._Kivett_Cantero_v._Bank_of_America.pdf,8,True,False,False,,"In the Supreme Court of the United States No. 22-349 FLAGSTAR BANK, N.A., PETITIONER v. WILLIAM KIVETT, ET AL. No. 22-529 ALEX CANTERO, ET AL., INDIVIDUALLY AND ON BEHALF OF ALL OTHERS SIMILARLY SITUA"
term_22,22-529,10,20221205155237486_Cantero_Petition_Appendix.pdf,47,True,False,False,,-App. 26athe exercise by the national bank of its powers”; or (C) if the law “is preempted by a provision of Federal law other than title 62 of the Revised Statutes.” 12 U.S.C. § 25b(b)(1). At issue i
term_22,22-535,1,20230104223306224_22-506_Biden_v._Nebraska_J.A._Final.pdf,0,True,False,False,,"Nos. 22-506 and 22-535 In the Supreme Court of the United States JOSEPH R. BIDEN, PRESIDENT OF THE UNITED STATES, ET AL., PETITIONERS v. STATE OF NEBRASKA, ET AL. DEPARTMENT OF EDUCATION, ET AL., PETI"
term_22,22-535,2,20230104223306224_22-506_Biden_v._Nebraska_J.A._Final.pdf,399,True,False,False,,"309 (ORDER LIST: 598 U.S.) MONDAY, DECEMBER 12, 2022 CERTIORARI GRANTED 22-535 (22A489) DEPT. OF EDUCATION, ET AL. V. BROWN, MYRA, ET AL. Consideration of the application for stay presented to Justice"
term_22,22-535,3,20230104223200307_22-506tsUnitedStates.pdf,18,True,False,False,,"XI Miscellaneous—Continued: Page U.S. Gov’t Accountability Office, Student Loans: Education Has Increased Federal Cost Estimates of Direct Loans by Billions due to Programmatic and Other Changes (July"
term_22,22-535,4,20230104223200307_22-506tsUnitedStates.pdf,0,True,False,False,,"Nos. 22-506 and 22-535 In the Supreme Court of the United States JOSEPH R. BIDEN, PRESIDENT OF THE UNITED STATES, ET AL., PETITIONERS v. STATE OF NEBRASKA, ET AL. DEPARTMENT OF EDUCATION, ET AL., PETI"
term_22,22-535,5,20230104223306224_22-506_Biden_v._Nebraska_J.A._Final.pdf,377,True,False,False,,". First, the HEROES Act does not mention loan forgiveness. If Congress provided clear congressional authorization for $400 billion in student loan forgiveness via the HEROES Act, it would have mention"
term_22,22-535,6,20230104223306224_22-506_Biden_v._Nebraska_J.A._Final.pdf,209,True,False,False,,"166 “Crafting a preliminary injunction is an exercise of discretion and judgment, often dependent as much on the equities of a given case as the substance of the legal issues it presents.” Trump v. In"
term_22,22-535,7,20230104223306224_22-506_Biden_v._Nebraska_J.A._Final.pdf,14,True,False,False,,7 17. Leslie Rutledge is the Attorney General of Arkansas. General Rutledge is authorized to “maintain and defend the interests of the state in matters before the United States Supreme Court and all o
term_22,22-535,8,20230104223306224_22-506_Biden_v._Nebraska_J.A._Final.pdf,211,True,False,False,,"167 against limiting the scope of an injunction in other contexts, here the Secretary’s universal suspension of both loan payments and interest on student loans weighs against delving into such uncert"
term_22,22-535,9,20221208111925596_22A489_Brown_Reply_FINAL.pdf,16,True,False,False,,"9 nearly all substantive challenges could be reconceptualized as procedural claims, providing a ready end-run around the “normal standards for redressability and immediacy.” Lujan v. Defenders of Wild"
term_22,22-535,10,20230104223306224_22-506_Biden_v._Nebraska_J.A._Final.pdf,162,True,False,False,,"135 UNITED STATES DISTRICT COURT FOR THE EASTERN DISTRICT OF MISSOURI EASTERN DIVISION 4:22CV01040-HEA STATE OF NEBRASKA ET AL., PLAINTIFFS v. JOSEPH R. BIDEN, JR. ET AL., DEFENDANTS Filed: Oct. 20, 2"
term_22,22-58,1,20220919122904219_U.S._v._Texas_Brief_-_Former_Officials.pdf,0,True,False,False,,"No. 22-58 IN THE Supreme Court of the United States UNITED STATES, ET AL., Petitioners, v. TEXAS, ET AL., Respondents. On Writ of Certiorari to the United States Court of Appeals for the Fifth Circuit"
term_22,22-58,2,20220919134043984_US_v_Texas_NIJC_amicus_final_for_filing.pdf,0,True,False,False,,"No. 22-58 IN THE Supreme Court of the United States UNITED STATES OF AMERICA, ET AL., Petitioners, v. THE STATE OF TEXAS AND THE STATE OF LOUISIANA, Respondents. On Writ of Certiorari Before Judgment "
term_22,22-58,3,20220912202039589_22-58_U.S._v._Texas_J.A._with_foldouts.pdf,0,True,False,False,,"No. 22-58 In the Supreme Court of the United States UNITED STATES OF AMERICA, ET AL., PETITIONERS v. TEXAS AND LOUISIANA ON WRIT OF CERTIORARI BEFORE JUDGMENT TO THE UNITED STATES COURT OF APPEALS FOR"
term_22,22-58,4,20220912202039589_22-58_U.S._v._Texas_J.A._with_foldouts.pdf,443,True,False,False,,". No. 153-8 at 50); (Dkt. No. 153-9 at 4). 135. Texas’s purported agreement with DHS was terminated as of August 1, 2021. (Dkt. No. 109 at 20). II. STANDING The Court now turns to the legal analysis. "
term_22,22-58,5,20220922104355438_22-58_tsac_Vladeck_revised.pdf,0,True,False,False,,"No. 22-58 IN THE Supreme Court of the United States ______________ UNITED STATES OF AMERICA, ET AL., Petitioners, v. STATE OF TEXAS AND STATE OF LOUISIANA, Respondents. ______________ On Writ of Certi"
term_22,22-58,6,20220919141017914_22-58_tsac_Administrative_Law_Professors.pdfA.pdf,0,True,False,False,,"No. 22-58 IN THE Supreme Court of the United States ———— UNITED STATES, ET AL., Petitioners, v. STATE OF TEXAS, ET AL., Respondents. ———— On Writ of Certiorari to the United States Court of Appeals fo"
term_22,22-58,7,20220916165033339_NIP_Amicus_Document_September_16_2022_EFile.pdf,0,True,False,False,,"NO. 22-58 In the Supreme Court of the United States UNITED STATES OF AMERICA, ET AL., Petitioners, v. STATE OF TEXAS AND STATE OF LOUISIANA, Respondents. __________________________ On Writ of Certiora"
term_22,22-58,8,20220912202039589_22-58_U.S._v._Texas_J.A._with_foldouts.pdf,74,True,False,False,,"71 DATE PROCEEDINGS United States Customs and Border Protection, DHS, ICE and USA on 07/08/2022. Supreme Court Number: 22-58. [2240367] (SCV) 7/28/22 SUPREME COURT ORDER received granting petition for"
term_22,22-58,9,20220919124024441_22-58_tsac_Public_Citizen.pdf,0,True,False,False,,"No. 22-58 IN THE Supreme Court of the United States UNITED STATES, ET AL., Petitioners, v. TEXAS, ET AL., Respondents. On Writ of Certiorari to the United States Court of Appeals for the Fifth Circuit"
term_22,22-58,10,20220919122601752_22-58_USA_v_State_of_Texas_Amicus_Brief_of_ACLU_et_al.pdf,0,True,False,False,,"No. 22-58 IN THE Supreme Court of the United States d UNITED STATES OF AMERICA, et al., Petitioners, —v.— STATE OF TEXAS and STATE OF LOUISIANA, Respondents. ON WRIT OF CERTIORARI BEFORE JUDGMENT TO T"
term_22,22-585,1,20221221180300269_Culley_Appendix_December_21_2022_EFile.pdf,101,True,False,False,,". This may be a novel approach by the Plaintiff, but as it is an ultimate legal determination, the Court must determine whether she states a 9 Plaintiff cites United States v. Kajakajian, 521 U.S. 321"
term_22,22-585,2,20230629110829932_1-Brief_of_Amici_Curiae_in_Support_of_Petitioners.pdf,0,True,False,False,,"No. 22-585 In The Supreme Court of the United States HALIMA TARIFFA CULLEY, ET AL., Petitioners, v. STEVEN T. MARSHALL, ATTORNEY GENERAL OF ALABAMA, ET AL., Respondents. On Writ of Certiorari to the U"
term_22,22-585,3,20230629142005255_22-585_tsac_Buckey_Inst_Final.pdf,0,True,False,False,,"No. 22-585 In The Supreme Court of the United States HALIMA TARIFFA CULLEY, ET AL., Petitioners, v. STEVEN T. MARSHALL, ATTORNEY GENERAL OF ALABAMA, ET AL. , Respondents. On Writ of Certiorari To the "
term_22,22-585,4,20230216155922500_22-585_cert-stage_tsac_Restore_the_Fourth_Inc.pdf,9,True,False,False,,". 43, 53 (1993). These three factors—or Mathews test—are the paramount rule for assessing what due process requires “under any given set of circumstances.” Morrissey, 408 U.S. at 481–82 (bold added). "
term_22,22-585,5,20230814135515561_22-585BriefForRespondentsCityOfSatsumaAndTownOfLeesburgAlabama.pdf,46,True,False,False,,". On the day they were served with the civil forfeiture complaints, Culley and Sutton could have filed summary judgment motions and requested expedited hearings to make legal arguments and to provide "
term_22,22-585,6,20230818142536274_Amicus_Brief_Wayne_County.pdf,0,True,False,False,,No. 22-585 ================================================================================================================ In The Supreme Court of the United States ---------------------------------♦
term_22,22-585,7,20230821124919018_08.21.2023_FINAL_Culley_Amicus_For_Printing.pdf,0,True,False,False,,"No. 22-585 IN THE Supreme Court of the United States HALIMA TARIFFA CULLEY, ET AL., Petitioners, v. STEVEN T. MARSHALL, ATTORNEY GENERAL OF ALABAMA, ET AL., Respondents. ON WRIT OF CERTIORARI TO THE U"
term_22,22-585,8,20230821155831398_44145_pdf_Georgia.pdf,0,True,False,False,,"No. 22-585 In The Supreme Court of the United States ----------------------------------------------------------------------- HALIMA TARIFFA CULLEY, et al., Petitioners, v. STEVEN T. MARSHALL, Attorney"
term_22,22-585,9,20230821171523980_22-585_Culley_et_al._v._Marshall_et_al.pdf,11,True,False,False,,"In the Supreme Court of the United States No. 22-585 HALIMA TARIFFA CULLEY, ET AL., PETITIONERS v. STEVEN T. MARSHALL, ATTORNEY GENERAL OF ALABAMA, ET AL. ON WRIT OF CERTIORARI TO THE UNITED STATES CO"
term_22,22-585,10,20230629125804450_22-585TheNationalFederationOfIndependentSmallBusinessLegalCenterInc..pdf,0,True,False,False,,"No. 22-585 IN THE Supreme Court of the United States ———— HALIMA TARIFFA CULLEY, et al., Petitioners, v. STEVEN T. MARSHALL, ATTORNEY GENERAL OF ALABAMA, et al., Respondents. ———— On Writ of Certiorar"
term_22,22-611,1,20230630132720480_22-324_and_22-611_Amicus_Brief.pdf,0,True,False,False,,"Nos. 22-324, 22-611 IN THE Supreme Court of the United States MICHELLE O’CONNOR-RATCLIFF, ET AL., Petitioners, v. CHRISTOPHER GARNIER, ET UX., Respondents. KEVIN LINDKE, Petitioner, v. JAMES R. FREED,"
term_22,22-611,2,20230815175747110_22-611bsacUnitedStates.pdf,7,True,False,False,,"VI Miscellaneous: @CoCapWatch on X, https://twitter.com/cocapwatch ...... 24 @HouseFloor on X, https://twitter.com/housefloor ........ 24 @oyez on X, https://twitter.com/oyez.........................."
term_22,22-611,3,20230630141010553_22-611tsacAmericanAtheistsInc.pdf,0,True,False,False,,"No. 22-611 IN THE Supreme Court of the United States ———— KEVIN LINDKE, Petitioner, v. JAMES R. FREED, Respondent. ———— On Writ of Certiorari to the United States Court of Appeals for the Sixth Circui"
term_22,22-611,4,20230630170439817_22-611_Amicus_BOM_IMLA.pdf,0,True,False,False,,"No. 22-611 In the Supreme Court of the United States __________________ KEVIN LINDKE, Petitioner, v. JAMES R. FREED, Respondent. __________________ On Writ of Certiorari to the United States Court of "
term_22,22-611,5,20230303135823259_22-611_Brief_in_Opposition.pdf,0,True,False,False,,"No. 22-611 In the Supreme Court of the United States Kevin Lindke, Petitioner, v. James R. Freed, Respondent. On Petition for a Writ of Certiorari to the United States Court of Appeals for the Sixth C"
term_22,22-611,6,20230808164032379_22-611_Brief_of_Respondent.pdf,0,True,False,False,,"No. 22-611 In the Supreme Court of the United States KEVIN LINDKE, Petitioner, v. JAMES R. FREED Respondent. On Writ of Certiorari to the United States Court of Appeals for the Sixth Circuit BRIEF OF "
term_22,22-611,7,20230623142720841_22-611_--_Joint_Appendix_-_06-21-2023_-_JA1-JA200_rtf.pdf,0,True,False,False,,"No. 22-611 IN THE Supreme Court of the United States ———— KEVIN LINDKE, Petitioner, v. JAMES R. FREED, Respondent. ———— ON WRIT OF CERTIORARI TO THE UNITED STATES COURT OF APPEALS FOR THE SIXTH CIRCUI"
term_22,22-611,8,20230713155024790_22-324_and_22-611_Amicus_Brief.pdf,0,True,False,False,,"Nos. 22-324 and 22-611 In the Supreme Court of the United States Michelle O’Connor-Ratcliff, et al., Petitioners, v. Christopher Garnier, et ux., Respondents. Kevin Lindke, Petitioner, v. James R. Fre"
term_22,22-611,9,20230630145059071_22-611_Amicus_Brief.pdf,0,True,False,False,,"No. 22-611 In The Supreme Court of the United States KEVIN LINDKE, Petitioner, v. JAMES R. FREED, Respondent. On Writ of Certiorari to the United States Court of Appeals for the Sixth Circuit BRIEF OF"
term_22,22-611,10,20230630142957524_22-611_Lindke_v._Freed_Amicus_Brief.pdf,0,True,False,False,,"No. 22-611 IN THE Supreme Court of the United States d KEVIN LINDKE, Petitioner, —v.— JAMES R. FREED, Respondent. ON WRIT OF CERTIORARI TO THE UNITED STATES COURT OF APPEALS FOR THE SIXTH CIRCUIT BRIE"
term_22,22-660,1,20230705145122599_22-660_tsac_Academy_of_Rail_Labor_Attorneys.pdf,0,True,False,False,,"No. 22-660 In The Supreme Court of the United States ____________________________________ TREVOR MURRAY, Petitioner, v. UBS SECURITIES, LLC AND UBS AG, Respondents. ___________________________________"
term_22,22-660,2,20230630133443013_NWC_FINAL_UBS_v._Murray_Amicus_Brief.pdf,0,True,False,False,,"No. 22-660 In The Supreme Court of the United States TREVOR MURRAY, Petitioner, v. UBS SECURITIES LLC, AND UBS AG, Respondents. On Writ of Certiorari to the United States Court of Appeals for the Seco"
term_22,22-660,3,20230705142518131_22-660tsacUnitedStates.pdf,16,True,False,False,,"In the Supreme Court of the United States No. 22-660 TREVOR MURRAY, PETITIONER v. UBS SECURITIES, LLC, ET AL. ON WRIT OF CERTIORARI TO THE UNITED STATES COURT OF APPEALS FOR THE SECOND CIRCUIT BRIEF F"
term_22,22-660,4,20230705122809495_Murray_Merits_Stage_Amicus_FINAL.pdf,0,True,False,False,,"No. 22-660 IN THE Supreme Court of the United States TREVOR MURRAY, Petitioner, v. UBS SECURITIES, LLC AND UBS AG, Respondents. On Writ of Certiorari to the United States Court of Appeals for the Seco"
term_22,22-660,5,20230217140257020_Murray_Amicus_FINAL.pdf,0,True,False,False,,"No. 22-660 IN THE Supreme Court of the United States TREVOR MURRAY, Petitioner, v. UBS SECURITIES, LLC AND UBS AG, Respondents. On Petition for a Writ of Certiorari to the United States Court of Appea"
term_22,22-660,6,20230705142518131_22-660tsacUnitedStates.pdf,0,True,False,False,,"No. 22-660 In the Supreme Court of the United States TREVOR MURRAY, PETITIONER v. UBS SECURITIES, LLC, ET AL. ON WRIT OF CERTIORARI TO THE UNITED STATES COURT OF APPEALS FOR THE SECOND CIRCUIT BRIEF F"
term_22,22-660,7,20230630121816723_Murray_Merits_Congressional_Amicus_Brief_-Printer.pdf,0,True,False,False,,"No. 22-660 In The Supreme Court of the United States TREVOR MURRAY, Petitioner, v. UBS SECURITIES, LLC AND UBS AG, Respondents. On Writ of Certiorari to the United States Court of Appeals for the Seco"
term_22,22-660,8,20230630121816723_Murray_Merits_Congressional_Amicus_Brief_-Printer.pdf,5,True,False,False,,. Senator Grassley thus has a strong interest in ensuring that the Court interprets SOX in accordance with the plain text and congressional intent. Amicus Senator Ron Wyden serves as ViceChairman of t
term_22,22-660,9,20230627161442900_22-660_ja_final.pdf,0,True,False,False,,"No. 22-660 IN THE TREVOR MURRAY, Petitioner, v. UBS SECURITIES, LLC AND UBS AG, Respondents.. On Writ of Certiorari to the United States Court of Appeals for the Second Circuit JOINT APPENDIX Eugene S"
term_22,22-660,10,20230630133443013_NWC_FINAL_UBS_v._Murray_Amicus_Brief.pdf,7,True,False,False,,"4 ARGUMENT I. A BURDEN OF PROOF STANDARD REFLECTS A THOUGHTFUL ALLOCATION OF RISK IN LIGHT OF SOCIETAL INTERESTS. The Supreme Court has spoken on the general purpose, functions, and implications of bu"
term_22,22-674,1,20230727180042024_Merit_Extension_Letter_22-674_22-884.pdf,0,True,False,False,,"U.S. Department of Justice Off ice of the Solicitor General The Solicitor General Washington, D.C. 20530 July 27, 2023 Honorable Scott S. Harris Clerk Supreme Court of the United States Washington, D."
term_22,22-674,2,20231117141706794_22-674rbUnitedStates.pdf,0,True,False,False,,"Nos. 22-674 and 22-884 In the Supreme Court of the United States MORIS ESMELIS CAMPOS-CHAVES, PETITIONER v. MERRICK B. GARLAND, ATTORNEY GENERAL MERRICK B. GARLAND, ATTORNEY GENERAL, PETITIONER v. VAR"
term_22,22-674,3,20231018165607795_231018_Campos-Chaves_Response_Brief_22-674.pdf,0,True,False,False,,"No. 22-674 IN THE Supreme Court of the United States ________ MORIS ESMELIS CAMPOS-CHAVES, Petitioner, v. MERRICK B. GARLAND, ATTORNEY GENERAL, Respondent. __________________ On Writ of Certiorari to "
term_22,22-674,4,20230830130701479_22-674bsUnitedStates.pdf,0,True,False,False,,"Nos. 22-674 and 22-884 In the Supreme Court of the United States MORIS ESMELIS CAMPOS-CHAVES, PETITIONER v. MERRICK B. GARLAND, ATTORNEY GENERAL MERRICK B. GARLAND, ATTORNEY GENERAL, PETITIONER v. VAR"
term_22,22-674,5,20231031134947831_22-674_-884_Linguist_Amici_Brief_Final.pdf,0,True,False,False,,"Nos. 22-674 & 22-884 In the Supreme Court of the United States MORIS ESMELIS CAMPOS-CHAVES, Petitioner, v. MERRICK B. GARLAND, ATTORNEY GENERAL, Respondent. ------------- MERRICK B. GARLAND, ATTORNEY "
term_22,22-674,6,20231117141706794_22-674rbUnitedStates.pdf,9,True,False,False,,"In the Supreme Court of the United States No. 22-674 MORIS ESMELIS CAMPOS-CHAVES, PETITIONER v. MERRICK B. GARLAND, ATTORNEY GENERAL No. 22-884 MERRICK B. GARLAND, ATTORNEY GENERAL, PETITIONER v. VARI"
term_22,22-674,7,20231025105727867_22-674_and_22-884_bsac_National_Immigrant_Justice_Center.pdf,0,True,False,False,,"Nos. 22-674 and 22-884 IN THE Supreme Court of the United States ____________________ MORIS ESMELIS CAMPOS-CHAVES, Petitioner, v. MERRICK B. GARLAND, ATTORNEY GENERAL, Respondent. ____________________"
term_22,22-674,8,20240612111810736_22-674_BIO_Campos-Chaves_032423.1.pdf,5,True,False,False,,"In the Supreme Court of the United States No. 22-674 MORIS ESMELIS CAMPOS-CHAVES, PETITIONER v. MERRICK B. GARLAND, ATTORNEY GENERAL ON PETITION FOR A WRIT OF CERTIORARI TO THE UNITED STATES COURT OF "
term_22,22-674,9,20230830130916833_22-674_22-884_Singh_Campos_Chaves_JA.pdf,0,True,False,False,,"Nos. 22-674 and 22-884 In the Supreme Court of the United States MORIS ESMELIS CAMPOS-CHAVES, PETITIONER v. MERRICK B. GARLAND, ATTORNEY GENERAL MERRICK B. GARLAND, ATTORNEY GENERAL, PETITIONER v. VAR"
term_22,22-674,10,20230830130701479_22-674bsUnitedStates.pdf,14,True,False,False,,"IX Miscellaneous—Continued: Page H.R. Rep. No. 469, 104th Cong., 2d Sess. Pt. 1 (1996) .......................................... 47, 48, 49, 51 Antonin Scalia & Bryan A. Garner, Reading Law (2012) .."
term_22,22-704,1,20230905184138600_Elster_Merits_Brief.pdf,0,True,False,False,,"No. 22-704 In the Supreme Court of the United States KATHERINE K. VIDAL, Under Secretary of Commerce for Intellectual Property and Director, United States Patent and Trademark Office, Petitioner, v. S"
term_22,22-704,2,20230905084328489_Brief_of_Amicus_Curiae_Samuel_F_Ernst_in_Support_of_Respondent.pdf,18,True,False,False,,"restriction, because it discriminates-6based on the subject matter being discussed, it is nonetheless subject to strict scrutiny under the Court’s precedent. At the very least the provision is subject"
term_22,22-704,3,20230801131335328_AIPLA_Elster_Amicus_Brief-07262023.pdf,0,True,False,False,,"No. 22-704 IN THE Supreme Court of the United States ____________________ KATHERINE K. VIDAL, UNDER SECRETARY OF COMMERCE FOR INTELLECTUAL PROPERTY AND DIRECTOR, UNITED STATES PATENT AND TRADEMARK OFF"
term_22,22-704,4,20230801154808094_44041_Handal_Amicus_Brief.pdf,0,True,False,False,,No. 22-704 ================================================================================================================ In The Supreme Court of the United States ---------------------------------♦
term_22,22-704,5,20230905084328489_Brief_of_Amicus_Curiae_Samuel_F_Ernst_in_Support_of_Respondent.pdf,0,True,False,False,,"No. 22-704 In the Supreme Court of the United States KATHERINE K. VIDAL, Under Secretary of Commerce for Intellectual Property and Director, United States Patent and Trademark Office, Petitioner, v. S"
term_22,22-704,6,20230801160049732_2023.07.31_Vidal_v_Elster_amicus_brief_-_final.pdf,0,True,False,False,,"No. 22-704 IN THE Supreme Court of the United States KATHERINE K. VIDAL, UNDER SECRETARY OF COMMERCE FOR INTELLECTUAL PROPERTY AND DIRECTOR, UNITED STATES PATENT AND TRADEMARK OFFICE, Petitioner, v. S"
term_22,22-704,7,20230221202516427_Handal_Amicus_Brief.pdf,0,True,False,False,,No. 22-704 ================================================================================================================ In The Supreme Court of the United States ---------------------------------♦
term_22,22-704,8,20230905084328489_Brief_of_Amicus_Curiae_Samuel_F_Ernst_in_Support_of_Respondent.pdf,19,True,False,False,,". Accordingly, most of the government’s case relies on arguments that section 3 It is unclear precisely which standard of review the government is advocating. The government brief never comes right ou"
term_22,22-704,9,20230801170554931_22-704_Amicus_Brief.pdf,0,True,False,False,,"No. 22-704 In the Supreme Court of the United States Katherine K. Vidal, Under Secretary of Commerce for Intellectual Property and Director, United States Patent and Trademark Office, Petitioner, v. S"
term_22,22-704,10,20230801154808094_44041_Handal_Amicus_Brief.pdf,35,True,False,False,,23 an interest actually exists. But Section 2(c) goes far beyond preventing deception or false association and gives the public figure a means to deny registration to marks when no deception or false 
term_22,22-714,1,20230228093837752_WLF_Amicus_-_Calcutt_v._FDIC.pdf,0,True,False,False,,"No. 22-714 In The Supreme Court of the United States ___________ HARRY C. CALCUTT III, Petitioner, v. FEDERAL DEPOSIT INSURANCE CORPORATION, Respondent. ___________ On Petition for a Writ of Certiorar"
term_22,22-714,2,20230403162750485_22-714_Calcutt_v._Fed._Deposit_Insurance_Corp.pdf,0,True,False,False,,"No. 22-714 In the Supreme Court of the United States HARRY C. CALCUTT, III, PETITIONER v. FEDERAL DEPOSIT INSURANCE CORPORATION ON PETITION FOR A WRIT OF CERTIORARI TO THE UNITED STATES COURT OF APPEA"
term_22,22-714,3,20230224141327527_2023.2.24.AFPF_Cert_Amicus_Br.Calcutt_v._FDIC.No.22.714.pdf,0,True,False,False,,"No. 22-714 IN THE Supreme Court of the United States _________________________________________________ HARRY C. CALCUTT, III, Petitioner, v. FEDERAL DEPOSIT INSURANCE CORPORATION, Respondent. ________"
term_22,22-714,4,20230302083631060_22-714_Amicus_Brief_of_Separation_of_Powers_Clinic.pdf,0,True,False,False,,"No. 22-714 IN THE Supreme Court of the United States _________ HARRY C. CALCUTT, III, Petitioner, v. FEDERAL DEPOSIT INSURANCE CORPORATION, Respondent. _________ On Petition for a Writ of Certiorari t"
term_22,22-714,5,20230303132729176_22-714_Amicus_Brief.pdf,0,True,False,False,,"No. 22-714 IN THE Supreme Court of the United States HARRY C. CALCUTT, III, Petitioner, v. FEDERAL DEPOSIT INSURANCE CORPORATION, Respondent. On Petition For A Writ Of Certiorari To The United States "
term_22,22-714,6,20230303151832793_22-714_Amicus_NCLA_Supp._Pet.pdf,0,True,False,False,,"No. 22-714 IN THE Supreme Court of the United States _________________________ HARRY C. CALCUTT, III, Petitioner, v. FEDERAL DEPOSIT INSURANCE CORPORATION, Respondent. _________________________ On Pet"
term_22,22-714,7,20230130164739630_Calcutt_Pet.App..pdf,788,True,False,False,,436a within any other such component … constitutes a “Departmen[t]’ for the purposes of the Appointments Clause”); 5 U.S.C. § 105 (an “Executive Agency” under Title 5 includes a Government corporation
term_22,22-714,8,20230403162750485_22-714_Calcutt_v._Fed._Deposit_Insurance_Corp.pdf,6,True,False,False,,"In the Supreme Court of the United States No. 22-714 HARRY C. CALCUTT, III, PETITIONER v. FEDERAL DEPOSIT INSURANCE CORPORATION ON PETITION FOR A WRIT OF CERTIORARI TO THE UNITED STATES COURT OF APPEA"
term_22,22-714,9,20230130164739630_Calcutt_Pet.App..pdf,790,True,False,False,,437a the Public Company Accounting Oversight Board (“PCAOB”) “subvert[ed] the President's ability to ensure that the laws are faithfully executed.” 561 U.S. at 498. A “double removal restriction” exis
term_22,22-714,10,20230130164704445_1.30_Calcutt_Petition.pdf,0,True,False,False,,"No. In the Supreme Court of the United States HARRY C. CALCUTT, III, PETITIONER, v. FEDERAL DEPOSIT INSURANCE CORPORATION, RESPONDENT. ON PETITION FOR A WRIT OF CERTIORARI TO THE UNITED STATES COURT O"
term_22,22-721,1,20230405141644813_22-721_Resp._Br..pdf,41,True,False,False,,"20 II. McElrath could have raised these arguments previously and chose not to do so. Setting aside the merits of whether repugnant verdicts preclude retrial, this case is a poor vehicle to decide that"
term_22,22-721,2,20231013150739490_McElrath_Response_Br..pdf,0,True,False,False,,"No. 22-721 In The Supreme Court of the United States ----------------------------------------------------------------------- DAMIAN MCELRATH, Petitioner, v. THE STATE OF GEORGIA, Respondent. ---------"
term_22,22-721,3,20230405141644813_22-721_Resp._Br..pdf,13,True,False,False,,". And given the Georgia Supreme Court’s treatment of repugnant verdicts in Turner, 283 Ga. at 19–21, it may very well accept those arguments, rendering McElrath’s follow-on double jeopardy arguments p"
term_22,22-721,4,20230405141644813_22-721_Resp._Br..pdf,0,True,False,False,,No. 22-721 ================================================================================================================ In The Supreme Court of the United States ----------------------------------
term_22,22-721,5,20230405141644813_22-721_Resp._Br..pdf,12,True,False,False,,"4 is that the Georgia Supreme Court erred by vacating his acquittal after determining that his verdicts were repugnant and therefore void. As a matter of Georgia law, that may or may not be correct. B"
term_22,22-721,6,20230405141644813_22-721_Resp._Br..pdf,45,True,False,False,,"23 are, again, exceedingly rare) is free to press the arguments in the Georgia Supreme Court that McElrath failed to make during his first appeal and now seeks to repackage here. And, again, it is qui"
term_22,22-721,7,20230405141644813_22-721_Resp._Br..pdf,2,True,False,False,,ii TABLE OF CONTENTS Page Question Presented ............................................. i Table of Authorities ............................................. iii Introduction .......................
term_22,22-721,8,20230905173213344_Amicus_Brief.pdf,0,True,False,False,,"No. 22-721 In the Supreme Court of the United States DAMIAN MCELRATH, Petitioner, v. GEORGIA, Respondent. On Writ of Certiorari to the Supreme Court of the State of Georgia BRIEF OF AMICUS CURIAE GEOR"
term_22,22-721,9,20230405141644813_22-721_Resp._Br..pdf,43,True,False,False,,". For that very reason, it is also not clear that the court would ever repeat that decision in a future case. In McElrath II, 315 Ga. at 128, the court rejected McElrath’s attempts to reopen the quest"
term_22,22-721,10,20230414161633035_22-721_Reply_Brief.pdf,12,True,False,False,,"11 Supra, 3–7. Even if this holding affected only a small number of cases, it would warrant review by this Court because it authorizes the State and its courts to deny defendants in Georgia a fundamen"
term_22,22-800,1,20230906115344056_44045_Ebner_combined.pdf,8,True,False,False,,"5 language meant to confine [the changes] to income taxes alone.”) (internal quotation marks omitted); see also Erik M. Jensen, The Taxing Power, the Sixteenth Amendment, and the Meaning of “Incomes,”"
term_22,22-800,2,20230906131442418_Moore_v._United_States_No._22-800_Brief_of_Individual_Taxpayers_as_Amici_bbbce043.pdf,0,True,False,False,,"No. 22-800 In the Supreme Court of the United States CHARLES G. MOORE AND KATHLEEN F. MOORE, Petitioners, v. UNITED STATES OF AMERICA, Respondent. On Writ of Certiorari to the U.S. Court of Appeals fo"
term_22,22-800,3,20230907135608976_NTUF_Amicus_-_Moore_v_United_States_for_filing.pdf,0,True,False,False,,"No. 22-800 IN THE Supreme Court of the United States __________________ CHARLES G. MOORE, ET UX., Petitioners, v. UNITED STATES, Respondent. __________________________ On Writ of Certiorari to the Uni"
term_22,22-800,4,20231011152527608_Moore_v_US_Amicus_Brief_of_Theodore_Seto.pdf,0,True,False,False,,No. 22-800 ================================================================================================================ In The Supreme Court of the United States ---------------------------------♦
term_22,22-800,5,20230908232057992_43920_pdf_Amicus_Moore_as_submitted.pdf,0,True,False,False,,No. 22-800 ================================================================================================================ In The Supreme Court of the United States ---------------------------------♦
term_22,22-800,6,20230516164014148_22-800_Moore_v._USA.pdf,0,True,False,False,,"No. 22-800 In the Supreme Court of the United States CHARLES G. MOORE, ET AL., PETITIONERS v. UNITED STATES OF AMERICA ON PETITION FOR A WRIT OF CERTIORARI TO THE UNITED STATES COURT OF APPEALS FOR TH"
term_22,22-800,7,20230906161504962_PRI_Amicus_Brief.pdf,0,True,False,False,,"No. 22-800 In the Supreme Court of the United States CHARLES G. MOORE, ET UX., Petitioners, v. UNITED STATES On Writ of Certiorari to the United States Court of Appeals for the Ninth Circuit BRIEF OF "
term_22,22-800,8,20230905172124116_44049_pdf_Cooperstein.pdf,0,True,False,False,,No. 22-800 ================================================================================================================ In The Supreme Court of the United States ---------------------------------♦
term_22,22-800,9,20230906121314854_22-800_Amicus_BOM_Sixteenth_Amendment_Insights.pdf,0,True,False,False,,"No. 22-800 In the Supreme Court of the United States __________________ CHARLES G. MOORE, ET UX., Petitioners, v. UNITED STATES, Respondent. __________________ On Writ of Certiorari to the United Stat"
term_22,22-800,10,20230516164014148_22-800_Moore_v._USA.pdf,25,True,False,False,,". And because the MRT is a one-time tax applicable only to pre-2018 income, the case lacks pressing prospective importance. This Court’s review is unwarranted. 1. The court of appeals correctly held t"
term_22,22-807,1,20230714170332410_Alexander_Amicus_Brief_22-807_revised.pdf,0,True,False,False,,"No. 22-807 In the Supreme Court of the United States THOMAS C. ALEXANDER, IN HIS OFFICIAL CAPACITY AS PRESIDENT OF THE SOUTH CAROLINA SENATE, ET AL., APPELLANTS v. THE SOUTH CAROLINA STATE CONFERENCE "
term_22,22-807,2,20230714170332410_Alexander_Amicus_Brief_22-807_revised.pdf,6,True,False,False,,"In the Supreme Court of the United States No. 22-807 THOMAS C. ALEXANDER, IN HIS OFFICIAL CAPACITY AS PRESIDENT OF THE SOUTH CAROLINA SENATE, ET AL., APPELLANTS v. THE SOUTH CAROLINA STATE CONFERENCE "
term_22,22-807,3,20230223140757233_Corrected_Alexander_v._S.C._State_Conference_of_the_NAACP_-_Jurisdiction_eeb28e2d.pdf,21,True,False,False,,". Upon completion of the trial testimony, the Court directed the parties to submit proposed findings of fact and conclusions of law and then conducted closing arguments on November 29, 2022. The case "
term_22,22-807,4,20230714091446920_22-807_Amicus_Brief.pdf,0,True,False,False,,"No. 22-807 In the Supreme Court of the United States THOMAS C. ALEXANDER, in His Official Capacity as President of the South Carolina Senate, et al., Appellants, v. THE SOUTH CAROLINA STATE CONFERENCE"
term_22,22-807,5,20230714125050308_22-807_Amicus_NRRT_Supp._Appellants.pdf,0,True,False,False,,"No. 22-807 In The Supreme Court of the United States THOMAS C. ALEXANDER, et al., Appellants, v. THE SOUTH CAROLINA STATE CONFERENCE OF THE NAACP, et al., Appellees. On Appeal from the United States D"
term_22,22-807,6,20230707124157639_SC_Redistricting_-_Merits_Brief_FINAL_.pdf,0,True,False,False,,"No. 22-807 IN THE Supreme Court of the United States THOMAS C. ALEXANDER, ET AL., Appellants, v. THE SOUTH CAROLINA STATE CONFERENCE OF THE NAACP, ET AL., Appellees. On Appeal from the United States D"
term_22,22-807,7,20230223140757233_Corrected_Alexander_v._S.C._State_Conference_of_the_NAACP_-_Jurisdiction_eeb28e2d.pdf,36,True,False,False,,19a determine whether race predominated in the drawing of any of the challenged congressional districts.4 A review of the history in this case must also consider the significant legal developments whi
term_22,22-807,8,20230714091446920_22-807_Amicus_Brief.pdf,11,True,False,False,,". Redistricting cases across the country (indeed, voting cases generally) see plaintiffs assert flimsy arguments and take baseless positions that, in other, more run-of-the-mill cases, would never esc"
term_22,22-807,9,20230329173240622_22-807_NRRT_Amicus_Brief_Supp._Appellants2.pdf,0,True,False,False,,"No. 22-807 In The Supreme Court of the United States THOMAS C. ALEXANDER, et al., Appellants, v. THE SOUTH CAROLINA STATE CONFERENCE OF THE NAACP, et al., Appellees. On Appeal from the United States D"
term_22,22-807,10,20230714110057209_22-807_Amicus_Brief_Nancy_Mace_et_al..pdf,0,True,False,False,,"No. 22-807 In The Supreme Court of the United States THOMAS C. ALEXANDER, et al., Appellants, v. THE SOUTH CAROLINA STATE CONFERENCE OF THE NAACP, et al., Appellees. On Appeal from the United States D"
term_22,22-842,1,20240116144620506_22-842npacUSA_-_NRA_v_Vullo_-_file.pdf,8,True,False,False,,"In the Supreme Court of the United States No. 22-842 NATIONAL RIFLE ASSOCIATION OF AMERICA, PETITIONER v. MARIA T. VULLO ON WRIT OF CERTIORARI TO THE UNITED STATES COURT OF APPEALS FOR THE SECOND CIRC"
term_22,22-842,2,20240116170640165_NRA_v_Vullo_merits_amicus_brief.pdf,8,True,False,False,,". The Presidential Coalition, LLC is a political committee under IRC section 527. Many of these amici also filed a brief amicus curiae in this case at the Petition stage.2 1 It is hereby certified tha"
term_22,22-842,3,20240112110950139_AFPF_amicus_NRA_v_Vullo.pdf,0,True,False,False,,"No. 22-842 IN THE Supreme Court of the United States ———— THE NATIONAL RIFLE ASSOCIATION OF AMERICA, Petitioner, v. MARIA T VULLO, Respondent. _________________________________________________________"
term_22,22-842,4,20240116154238624_22-842_Amicus_Brief_NCLA_Supp._Pet..pdf,0,True,False,False,,"No. 22-842 IN THE Supreme Court of the United States _______________________________ NATIONAL RIFLE ASSOCIATION OF AMERICA, Petitioner, v. MARIA T. VULLO, Respondent. _______________________________ 2"
term_22,22-842,5,20240112113504491_22-842_Amicus_Brief_of_The_American_Center_for_Law_Justice.pdf,0,True,False,False,,"No. 22-842 In the Supreme Court of the United States ______________ NATIONAL RIFLE ASSOCIATION OF AMERICA, Petitioner, v. MARIA T. VULLO, Respondent. On Writ of Certiorari to the United States Court o"
term_22,22-842,6,20230707161615481_Vullo_Reply_File.pdf,0,True,False,False,,No. 22-842 ================================================================================================================ In The Supreme Court of the United States ---------------------------------♦
term_22,22-842,7,20240603163337432_22-842_Appx.pdf,248,True,False,False,,"App. 143 at 126 (internal quotation marks and citations omitted). To satisfy prudential standing, a “plaintiff generally must assert [its] own legal rights and interests, and cannot rest [its] claim t"
term_22,22-842,8,20230405125945734_22-842_NRA_v._Vullo_-_States_Amicus_ISO_Cert_Final.pdf,0,True,False,False,,"No. 22-842 _______________________________________________ In the Supreme Court of the United States _____________ NATIONAL RIFLE ASSOCIATION OF AMERICA, Petitioner, v. MARIA T. VULLO, Respondent. ___"
term_22,22-842,9,20240116181832614_22-842_NRA_v._Vullo_tsac_States_Final.pdf,0,True,False,False,,"No. 22-842 _______________________________________________ In the Supreme Court of the United States _____________ NATIONAL RIFLE ASSOCIATION OF AMERICA, Petitioner, v. MARIA T. VULLO, Respondent. ___"
term_22,22-842,10,20240110093154767_22-842_Amicus_Brief_of_Financial_and_Business_Law_Scholars.pdf,0,True,False,False,,"No. 22-842 IN THE Supreme Court of the United States _________ THE NATIONAL RIFLE ASSOCIATION OF AMERICA, Petitioner, v. MARIA T. VULLO, Respondent. _________ On Writ of Certiorari to the United State"
term_22,22-859,1,20230905160924030_2023.9.1_Amicus_FINAL.pdf,0,True,False,False,,"No. 22-859 IN THE Supreme Court of the United States SECURITIES AND EXCHANGE COMMISSION, Petitioner, v. GEORGE R. JARKESY, JR., ET AL., Respondents. On Writ of Certiorari to the United States Court of"
term_22,22-859,2,20231010140114015_22-859_bsac_Morris_Amicus.pdf,0,True,False,False,,"No. 22-859 IN THE Supreme Court of the United States SECURITIES AND EXCHANGE COMMISSION, Petitioner, v. GEORGE R. JARKESY, JR. AND PATRIOT28, L.L.C., Respondents. On Writ Of Certiorari To The United S"
term_22,22-859,3,20231016134949510_2023.10.16.AFPF_Amicus.SEC_v._Jarkesy.22.859.pdf,0,True,False,False,,"No. 22-859 IN THE Supreme Court of the United States _________________________________________________ SECURITIES AND EXCHANGE COMMISSION, Petitioner, v. GEORGE R. JARKESY, JR., ET AL., Respondents. _"
term_22,22-859,4,20230822142355247_SABINO_AMICUS_Jarkesy_BRIEF.pdf,0,True,False,False,,No. 22-859 ================================================================================================================ In The Supreme Court of the United States ---------------------------------♦
term_22,22-859,5,20230905100351697_22-859_Brief.pdf,0,True,False,False,,"No. 22-859 IN THE Supreme Court of the United States ———————— SECURITIES AND EXCHANGE COMMISSION, Petitioner, v. GEORGE R. JARKESY, JR., ET AL., Respondents. ———————— On a Writ of Certiorari to the Un"
term_22,22-859,6,20230828161610160_Forum_ALJ_Amicus_Document_August_28_2023_EFile.pdf,0,True,False,False,,"NO. 22-859 In the Supreme Court of the United States SECURITIES AND EXCHANGE COMMISSION, Petitioner, v. GEORGE R. JARKESY, JR., ET AL., Respondents. __________________________ On Writ of Certiorari to"
term_22,22-859,7,20230912152455496_Jarkesy_Amicus_Brief_-_Printer._-_Corrected._docx.pdf,0,True,False,False,,"No. 22-859 IN THE Supreme Court of the United States SECURITIES AND EXCHANGE COMMISSION, Petitioner, v. GEORGE R. JARKESY, JR., AND PATRIOT28 LLC, Respondents. On Writ of Certiorari to the United Stat"
term_22,22-859,8,20230905083240135_NTEU_Jarkesy_amicus.pdf,0,True,False,False,,"No. 22-859 In The Supreme Court of the United States Securities and Exchange Commission, Petitioner, v. George R. Jarkesy, Jr., et al., Respondents. On Writ of Certiorari to the United States Court of"
term_22,22-859,9,20230523153849113_Jarkesy_Word_Count_--_Opp_Brief.pdf,0,True,False,False,,"No. 22-859 In The Supreme Court of the United States SECURITIES AND EXCHANGE COMMISSION Petitioner, v. GEORGE R. JARKESY, JR., and PATRIOT28 LLC Respondents. CERTIFICATE OF WORD COUNT I hereby certify"
term_22,22-859,10,20231017084533994_WLF_Amicus_-_SEC_v._Jarkesy.pdf,0,True,False,False,,"No. 22-859 IN THE Supreme Court of the United States ____________ SECURITIES AND EXCHANGE COMMISSION, Petitioner, v. GEORGE R. JARKESY, JR. AND PATRIOT28, L.L.C., Respondents. ____________ On Writ of "
term_22,22-888,1,20230313150838514_PETITION_FOR_A_WRIT_OF_CERTIORARI.pdf,104,True,False,False,,". While this GI bill expired in 1956, it was extended as the Montgomery GI bill, then the Post-9/11 Bill, and, most recently, the Forever GI Bill. The Supreme Court, too, has long recognized the Veter"
term_22,22-888,2,20230814155541493_Doerre_Amicus_Main_E_FILE_Aug_14_23.pdf,0,True,False,False,,"No. 22-888 In the Supreme Court of the United States ___________________________ JAMES R. RUDISILL, Petitioner, v. DENIS R. MCDONOUGH, SECRETARY OF VETERANS AFFAIRS Respondent. _______________________"
term_22,22-888,3,20230817120658775_2023.08.17_Rudisill_VFW_Amicus_Brief_FINAL.pdf,0,True,False,False,,"No. 22-888 In the Supreme Court of the United States ________________ JAMES R. RUDISILL, Petitioner, v. DENIS R. MCDONOUGH, SECRETARY OF VETERANS AFFAIRS, Respondent. ________________ On Writ of Certi"
term_22,22-888,4,20230817130325563_NIMJ_Amicus_Brief_-_Rudisill.PDF,0,True,False,False,,"NO. 22-888 IN THE Supreme Court of the United States JAMES R. RUDISILL, Petitioner, v. DENIS R. MCDONOUGH, SECRETARY OF VETERANS AFFAIRS, Respondent. On Writ of Certiorari to the United States Court o"
term_22,22-888,5,20230817130031533_2023-08-17_No._22-888_Rudisill_-_Amici_Brief.pdf,0,True,False,False,,"No. 22-888 In the Supreme Court of the United States —————————— JAMES R. RUDISILL, Petitioner, v. DENIS R. MCDONOUGH, SECRETARY OF VETERANS AFFAIRS, Respondent. —————————— ON WRIT OF CERTIORARI TO THE"
term_22,22-888,6,20230817131717786_2023.08.17_Military-Advocacy_Amicus_Br.pdf,0,True,False,False,,"No. 22-888 IN THE Supreme Court of the United States ________________ JAMES R. RUDISILL, Petitioner, v. DENIS R. MCDONOUGH, SECRETARY OF VETERAN AFFAIRS, Respondent. ________________ ON WRIT OF CERTIO"
term_22,22-888,7,20230817122708892_tsac_22-888_Iraq_and_Afghanistan_Veterans_of_America.pdf,0,True,False,False,,"No. 22-888 IN THE Supreme Court of the United States _____ JAMES R. RUDISILL, Petitioner, v. DENIS R. MCDONOUGH, SECRETARY OF VETERANS AFFAIRS, Respondent. _____ On Writ of Certiorari to the United St"
term_22,22-888,8,20230414164840750_22-888_Rudisill_v_McDonough_-_Amicus_Brief_of_Virginia_FINAL.pdf,0,True,False,False,,"No. 22-888 In the Supreme Court of the United States JAMES R. RUDISILL, Petitioner, v. DENIS MCDONOUGH, SECRETARY OF VETERANS AFFAIRS, Respondent. On Petition for Writ of Certiorari to the United Stat"
term_22,22-888,9,20230817163812820_22-888_Rudisill_v_McDonough_-_Amicus_Brief_of_Virginia_FINAL.pdf,0,True,False,False,,"No. 22-888 In the Supreme Court of the United States JAMES R. RUDISILL, Petitioner, v. DENIS MCDONOUGH, SECRETARY OF VETERANS AFFAIRS, Respondent. On Writ of Certiorari to the United States Court of A"
term_22,22-888,10,20230515153127893_22-888_Rudisill_v._McDonough.pdf,0,True,False,False,,"No. 22-888 In the Supreme Court of the United States JAMES R. RUDISILL, PETITIONER v. DENIS R. MCDONOUGH, SECRETARY OF VETERANS AFFAIRS ON PETITION FOR A WRIT OF CERTIORARI TO THE UNITED STATES COURT "
term_22,22-899,1,20231113141836999_22-899_Brief_for_the_Petitioner.pdf,13,True,False,False,,"In the Supreme Court of the United States _______________ NO. 22-899 JASON SMITH, Petitioner, v. STATE OF ARIZONA, Respondent. _________________________ On Writ of Certiorari to the Court of Appeals o"
term_22,22-899,2,20231120172852449_Friedman_Amicus_MAIN_E_FILE_Nov_20_23.pdf,0,True,False,False,,"NO. 22-899 In the Supreme Court of the United States JASON SMITH, Petitioner, v. ARIZONA, Respondent. __________________________ On Writ of Certiorari to the Court of Appeals of Arizona, Division One "
term_22,22-899,3,20230316140125584_Smith_Petition_for_Writ_of_Certiorari.pdf,9,True,False,False,,"In the Supreme Court of the United States _______________ JASON SMITH, Petitioner, v. STATE OF ARIZONA, Respondent. _________________________ On Petition for a Writ of Certiorari to the Court of Appea"
term_22,22-899,4,20231113150325027_22-899_Joint_Appendix.pdf,0,True,False,False,,"No. 22-899 In the Supreme Court of the United States _______________ JASON SMITH, Petitioner, v. STATE OF ARIZONA, Respondent On Writ of Certiorari to the Court of Appeals of the State of Arizona, Div"
term_22,22-899,5,20231120160246446_22-899npacUnitedStates.pdf,10,True,False,False,,"In the Supreme Court of the United States No. 22-899 JASON SMITH, PETITIONER v. STATE OF ARIZONA ON WRIT OF CERTIORARI TO THE COURT OF APPEALS OF ARIZONA, DIVISION ONE BRIEF FOR THE UNITED STATES AS A"
term_22,22-899,6,20231117143158209_NCDD.SmithvArizona.Amicus.pdf,0,True,False,False,,No. 22-899 ================================================================================================================ In The Supreme Court of the United States ---------------------------------♦
term_22,22-899,7,20231120103320323_22-899tsacTheAlamedaCountyPublicDefenderAndCaliforniaPublicDefendersAssociation.pdf,0,True,False,False,,"No. 22-899 IN THE Supreme Court of the United States ———— JASON SMITH, Petitioner, v. STATE OF ARIZONA, Respondent. ———— On Writ of Certiorari to the Arizona Court of Appeals ———— BRIEF OF THE ALAMEDA"
term_22,22-899,8,20231120160246446_22-899npacUnitedStates.pdf,0,True,False,False,,"No. 22-899 In the Supreme Court of the United States JASON SMITH, PETITIONER v. STATE OF ARIZONA ON WRIT OF CERTIORARI TO THE COURT OF APPEALS OF ARIZONA, DIVISION ONE BRIEF FOR THE UNITED STATES AS A"
term_22,22-899,9,20231120161057166_2023.11.20_Smith_v._Arizona_Amicus.pdf,11,True,False,False,,3 SUMMARY OF ARGUMENT The Court will decide in Mr. Smith’s case whether the Sixth Amendment’s confrontation right permits the prosecution in a criminal trial to present testimonial statements of a non
term_22,22-899,10,20230316140147710_Smith_Appendix.pdf,72,True,False,False,,". THE COURT: What’s the Williams cite again? MR. DAVIS-SALSBURY: The Williams cite is 132 Supreme Court 221. And there’s other cases I can direct the Court to as well such as State V. Pesqueira, 234 A"
term_22,22-913,1,20230623111627781_1_-_Reply_Brief_for_the_Petitioners.pdf,10,True,False,False,,5 question presented in this case asks whether property owners may bring complete Takings Clause claims at all in the absence of a legislatively created remedy. The panel below says property owners ca
term_22,22-913,2,20230623111627781_1_-_Reply_Brief_for_the_Petitioners.pdf,11,True,False,False,,". At bottom, Texas’s argument is that it has other legal arguments that it believes are meritorious. Perhaps. But Texas is hardly the first litigant in this Court to believe it will have good alternat"
term_22,22-913,3,20230623111627781_1_-_Reply_Brief_for_the_Petitioners.pdf,12,True,False,False,,"6 alternative arguments on remand.” Brownback v. King, 141 S. Ct. 740, 747 n.4 (2021) (quotation marks omitted). But Texas’s alternative arguments are also wrong. For example, the brief in opposition "
term_22,22-913,4,20230329103948305_2_Supplemental_Appendix.pdf,33,True,False,False,,"62a Fourteenth Amendment, “of its own force, furnish[es] a basis for a court to award money damages against the government.” Id. at *14. In defending this contention, the United States claimed that “t"
term_22,22-913,5,20230510161915981_Devillier_v._Texas_-_Cert_Amicus_FINAL.pdf,0,True,False,False,,No. 22-913 ================================================================================================================ In The Supreme Court of the United States ---------------------------------♦
term_22,22-913,6,20231117163000234_Devillier_v._Texas_-_Merits_Amicus_FINAL.pdf,0,True,False,False,,No. 22-913 ================================================================================================================ In The Supreme Court of the United States ---------------------------------♦
term_22,22-913,7,20230510133641788_Devillier_AC_Brief_FINAL.pdf,0,True,False,False,,"No. 22-913 In The Supreme Court of the United States ____________________ RICHARD DEVILLIER, ET AL., Petitioners, v. STATE OF TEXAS, Respondent. ____________________ On Petition for Writ of Certiorari"
term_22,22-913,8,20230609142037476_22-913_Brief_in_Opposition.pdf,0,True,False,False,,"No. 22-913 In the Supreme Court of the United States RICHARD DEVILLIER, ET AL., PETITIONERS v. STATE OF TEXAS ON PETITION FOR A WRIT OF CERTIORARI TO THE UNITED STATES COURT OF APPEALS FOR THE FIFTH C"
term_22,22-913,9,20231120134229165_Devillier_Amicus_Brief.pdf,0,True,False,False,,"No. 22-913 IN THE Supreme Court of the United States RICHARD DEVILLIER, ET AL., Petitioners, v. STATE OF TEXAS, Respondent. On Writ of Certiorari To the United States Court of Appeals For the Fifth Ci"
term_22,22-913,10,20231120150228557_22-913_Amicus_Brief.pdf,0,True,False,False,,"No. 22-913 In the Supreme Court of the United States RICHARD DEVILLIER, ET AL., PETITIONERS, v. STATE OF TEXAS, RESPONDENT. ON WRIT OF CERTIORARI TO THE UNITED STATES COURT OF APPEALS FOR THE FIFTH CI"
term_22,22-915,1,20230817181101159_Amicus_Curiae_Brief_of_Patrick_J._Charles_ISO_Neither_Party.PDF,55,True,False,False,,". The case cannot be found in the Missouri Supreme Court’s Historical Database. It was, however, briefly reported in an 1878 issue of The Central Law Journal. See Abstract of Decisions of the Supreme "
term_22,22-915,2,20230817181101159_Amicus_Curiae_Brief_of_Patrick_J._Charles_ISO_Neither_Party.PDF,39,True,False,False,,". 12 A recent Ninth Circuit opinion weighs this out. See Teter, No. 20-15948, slip op. at 20-21. 13 The only case on point is the 1846 case State v. Huntly, wherein the North Carolina Supreme Court he"
term_22,22-915,3,20230821150326690_AEquitas_Amicus_Brief.pdf,0,True,False,False,,"No. 22-915 IN THE Supreme Court of the United States ____________________ UNITED STATES, Petitioner, v. ZACKEY RAHIMI, Respondent. ____________________ On Writ of Certiorari to the United States Court"
term_22,22-915,4,20230821165003177_22-915_Amicus_Brief.pdf,0,True,False,False,,"No. 22-915 In the Supreme Court of the United States United States, Petitioner, – v. – Zackey Rahimi Respondent. On Writ of Certiorari to the United States Court of Appeals for the Fifth Circuit Amicu"
term_22,22-915,5,20230818153524733_Amicus_Curiae_Brief_of_the_California_Legislative_Womens_Caucus_Supporti_0bdb5b00.pdf,0,True,False,False,,No. 22-915 ================================================================================================================ In The Supreme Court of the United States ---------------------------------♦
term_22,22-915,6,20230817181101159_Amicus_Curiae_Brief_of_Patrick_J._Charles_ISO_Neither_Party.PDF,70,True,False,False,,31 treasure-house of history is so rich that all kinds of precedents can be drawn from it. . . . An ingenious and industrious advocate can always find in the history the arguments he [or she] wants. B
term_22,22-915,7,20230420131432513_22-915_Amicus_Brief_Texas_Advocacy_Project_Final_.pdf,0,True,False,False,,"No. 22-915 In the Supreme Court of the United States UNITED STATES OF AMERICA, Petitioner, v. ZACKEY RAHIMI, Respondent. On Petition for Writ of Certiorari to the United States Court of Appeals for th"
term_22,22-915,8,20230821113640778_3Z52799-22-915_Amicus_Brief_of_Professor_Mary_Anne_Franks_-_PDF-A.PDF,0,True,False,False,,"No. 22-915 In the Supreme Court of the United States UNITED STATES OF AMERICA, Petitioner, v. ZACKEY RAHIMI, Respondent. ________________________________________________ On Writ of Certiorari to the U"
term_22,22-915,9,20230821132826195_US_v_Rahimi_-_Public_Health_Scholars_and_Lawyers_Amicus_Brief.pdf,0,True,False,False,,"No. 22-915 In the Supreme Court of the United States UNITED STATES OF AMERICA, Petitioner, v. ZACKEY RAHIMI, Respondent. On Writ of Certiorari to the United States Court of Appeals for the Fifth Circu"
term_22,22-915,10,20230821152138388_No._22-915_Brief.pdf,0,True,False,False,,"No. 22-915 In the Supreme Court of the United States UNITED STATES, Petitioner, v. ZACKEY RAHIMI, Respondent. On Writ of Certiorari to the United States Court of Appeals for the Fifth Circuit BRIEF OF"
term_22,22-96,1,20221123150006811_22-96_FOMB_v._CPI.pdf,14,True,False,False,,"In the Supreme Court of the United States No. 22-96 FINANCIAL OVERSIGHT AND MANAGEMENT BOARD FOR PUERTO RICO, PETITIONER v. CENTRO DE PERIODISMO INVESTIGATIVO, INC. ON WRIT OF CERTIORARI TO THE UNITED"
term_22,22-96,2,20220720143446058_Petition.pdf,86,True,False,False,,"18a Appendix A here, we can (and do) resolve the Eleventh Amendment immunity issue without any need to explore or resolve either the Board’s arguments about statutory immunity pursuant to PROMESA § 10"
term_22,22-96,3,20220823152515012_Brief_in_Opposition_-_CPI_v._FOMB.pdf,8,True,False,False,,"VII Other Authorities: Adam D. Chandler, Puerto Rico’s Eleventh Amendment Status Anxiety, 120 Yale L.J. 2183, 2191 (2011) .............................. 13 Constitution of Puerto Rico, art. II, § 4 .."
term_22,22-96,4,20221108141516891_22-096_Consent_Letter.pdf,0,True,False,False,,"Proskauer Rose LLP Eleven Times Square New York, NY 10036-8299 Martin J. Bienenstock November 8, 2022 Member of the Firm d +1.212.969.4530 Scott S. Harris f 212.969.2900 mbienenstock@proskauer.com Cle"
term_22,22-96,5,20221123150006811_22-96_FOMB_v._CPI.pdf,27,True,False,False,,"8 various exemptions to disclosure obligations that the Puerto Rico Supreme Court has recognized. Id. at 100a. Following that ruling, the Board began to produce some of the requested documents while w"
term_22,22-96,6,20221123150006811_22-96_FOMB_v._CPI.pdf,0,True,False,False,,"No. 22-96 In the Supreme Court of the United States FINANCIAL OVERSIGHT AND MANAGEMENT BOARD FOR PUERTO RICO, PETITIONER v. CENTRO DE PERIODISMO INVESTIGATIVO, INC. ON WRIT OF CERTIORARI TO THE UNITED"
term_22,22-96,7,20220728130555091_20220728-130335-95757268-00000673.pdf,51,True,False,False,,"172a Appendix J issues they might have regarding the process of producing the documents. The Magistrate shall, in his discretion, hold hearings or create case management orders. All discovery issues s"
term_22,22-96,8,20220720143446058_Petition.pdf,78,True,False,False,,"14a Appendix A immunity grounds (as well as that P.R. Const. § 4 preempts CPI’s claims). Later on, when the Board filed a limited objection to the R&R about the privilege log, the Board included a sta"
term_22,22-96,9,20220823152515012_Brief_in_Opposition_-_CPI_v._FOMB.pdf,0,True,False,False,,"No. 22-96 In the Supreme Court of the United States FINANCIAL OVERSIGHT AND MANAGEMENT BOARD FOR PUERTO RICO PETITIONER, v. CENTRO DE PERIODISMO INVESTIGATIVO, INC. RESPONDENT. ON PETITION FOR A WRIT "
term_22,22-96,10,20220728130555091_20220728-130335-95757268-00000673.pdf,35,True,False,False,,"162a Appendix I state and local governments that enter into tax abatement agreements to disclose certain information about those agreements, including the specific tax, eligibility criteria, and any c"
term_22,22-976,1,20231226101409181_22-976_Amicus_Brief.pdf,0,True,False,False,,"No. 22-976 In the Supreme Court of the United States Merrick B. Garland, Attorney General, et al., Petitioners, v. Michael Cargill, Respondent. On Writ of Certiorari to the United States Court of Appe"
term_22,22-976,2,20230607180529147_22-976_Garland_v_Cargill_Brief_in_Opp.pdf,0,True,False,False,,"No. 22-976 In the Supreme Court of the United States _____________ MERRICK B. GARLAND, ATTORNEY GENERAL, ET AL., PETITIONERS v. MICHAEL CARGILL, RESPONDENT _____________ ON PETITION FOR A WRIT OF CERT"
term_22,22-976,3,20231218165926873_Revised_Cargill_J.A_-Suri.pdf,0,True,False,False,,"No. 22-976 In the Supreme Court of the United States MERRICK B. GARLAND, ATTORNEY GENERAL, ET AL., PETITIONERS v. MICHAEL CARGILL ON WRIT OF CERTIORARI TO THE UNITED STATES COURT OF APPEALS FOR THE FI"
term_22,22-976,4,20231226152712794_Cargill_Amicus_Brief.pdf,0,True,False,False,,"No. 22-976 IN THE Supreme Court of the United States _______________ MERRICK B. GARLAND, ATTORNEY GENERAL, ET AL., Petitioners, v. MICHAEL CARGILL, Respondent. _______________ On Writ of Certiorari to"
term_22,22-976,5,20230508145446304_Cargill_Amicus_Brief.pdf,0,True,False,False,,"No. 22-976 IN THE Supreme Court of the United States ______________________ MERRICK B. GARLAND, ATTORNEY GENERAL, ET AL., Petitioners, v. MICHAEL CARGILL, Respondent. ______________________ On Petitio"
term_22,22-976,6,20231222125432827_Garland_v._Cargill_22-976_City_of_Chicago_Amicus_Curiae_Brief.pdf,0,True,False,False,,"No. 22-976 IN THE Supreme Court of the United States ________________________ MERRICK B. GARLAND, ATTORNEY GENERAL, ET AL., Petitioners, v. MICHAEL CARGILL, Respondent. ________________________ On Wri"
term_22,22-976,7,20240126095415734_22-976_Amicus_Brief.pdf,0,True,False,False,,"No. 22-976 In the Supreme Court of the United States MERRICK B. GARLAND, ATTORNEY GENERAL, ET AL., Petitioners, v. MICHAEL CARGILL, Respondent. ON WRIT OF CERTIORARI TO THE UNITED STATES COURT OF APPE"
term_22,22-976,8,20230406221131265_Garland_v._Cargill_petition.pdf,315,True,False,False,,"133a Lewis, 138 S. Ct. 1612 (2018), the Supreme Court found Chevron deference inappropriate where “the Executive seems of two minds” about the result it prefers. Id. at 1630 (noting conflict between b"
term_22,22-976,9,20231226152028923_Garland_v._Cargill_Brief_12.26.23_-_as_filed.pdf,0,True,False,False,,"No. 22-976 IN THE Supreme Court of the United States ———— MERRICK B. GARLAND, ATTORNEY GENERAL, et al., Petitioners, v. MICHAEL CARGILL, Respondent. ———— On Writ of Certiorari to the United States Cou"
term_22,22-976,10,20231221151634047_Cargill_-_Merits_Amicus_Brief.pdf,0,True,False,False,,"No. 22-976 IN THE Supreme Court of the United States ______________________ MERRICK B. GARLAND, ATTORNEY GENERAL, ET AL., Petitioners, v. MICHAEL CARGILL, Respondent. ______________________ On Writ of"
term_22,22-982,1,20240129173415535_22-982_Joint_Appendix.pdf,0,True,False,False,,"No. 22-982 In the Supreme Court of the United States RYAN THORNELL, Petitioner, v. DANNY LEE JONES, Respondent. On Writ of Certiorari to the United States Court of Appeals for the Ninth Circuit JOINT "
term_22,22-982,2,20230406135721638_Thornell_PFC_APX.pdf,386,True,False,False,,"App. 224 (1) resulted in a decision that was contrary to, or involved an unreasonable application of, clearly established Federal law, as determined by the Supreme Court of the United States; or (2) r"
term_22,22-982,3,20240205150151406_Thornell_v_Jones_Amicus_SD_Brief_.pdf,0,True,False,False,,No. 22-982 ================================================================================================================ In The Supreme Court of the United States ---------------------------------♦
term_22,22-982,4,20230823234332124_22-982bio.pdf,0,True,False,False,,"No. 22-982 IN THE Supreme Court of the United States _____________ RYAN THORNELL, Petitioner, v. DANNY LEE JONES, Respondent. _____________ On Petition for a Writ of Certiorari to the United States Co"
term_22,22-982,5,20230831122806190_22-982_Reply_Brief_Final.pdf,0,True,False,False,,"No. 22-982 In the Supreme Court of the United States RYAN THORNELL, Petitioner, v. DANNY LEE JONES, Respondent. On Petition for a Writ of Certiorari to the United States Court of Appeals for the Ninth"
term_22,22-982,6,20240313160728027_22-982_Respondent_BOM_PDFA.pdf,0,True,False,False,,"No. 22-982 - CAPITAL CASE In the Supreme Court of the United States __________________ RYAN THORNELL, Petitioner, v. DANNY LEE JONES, Respondent. __________________ On Writ of Certiorari to the United"
term_22,22-982,7,20230406135721638_Thornell_PFC_APX.pdf,67,True,False,False,,". 9 The Arizona Supreme Court concluded that Jones’s chaotic and abusive childhood and mental illness, discussed below, did not constitute mitigating factors because Jones failed to demonstrate a conn"
term_22,22-982,8,20240129173415535_22-982_Joint_Appendix.pdf,75,True,False,False,,"JA69 circumstances. And it was probably done more effectively in oral argument. [p.56] THE COURT: Mr. Goldberg. MR. GOLDBERG: I would just point out, your Honor, that what -- this is the only thing I’"
term_22,22-982,9,20230406135721638_Thornell_PFC_APX.pdf,119,True,False,False,,"App. 71 relief. Ryan v. Jones, 563 U.S. 932 (2011). The panel’s amended opinion grants habeas relief again. But in doing so, the panel improperly and materially lowered Strickland’s1 highly demanding "
term_22,22-982,10,20240129173415535_22-982_Joint_Appendix.pdf,59,True,False,False,,"JA53 [p.39] contacted. So it would be pretty difficult to show prejudice. However, I would still point out that there were many, many statements in closing and rebuttal closing by the prosecutor that "
term_22,22O145,1,20211220143440005_Nos._145_and_146_Orig_AppendixTo_Reply_Of_Defendants_-_Volume_I_-_compressed.pdf,17,True,False,False,,"6 bought should be presumed to be the State of the sender’s residence.” Pennsylvania, 407 U.S. at 212. 16. One of Pennsylvania’s arguments in favor of ignoring Supreme Court precedent was that “Wester"
term_22,22O145,2,20211118144218253_Moneygram_Appendix_11.18.21_-_Volume_I.pdf,165,True,False,False,,". See Clark Report 3. The Disputed Instruments, on the other hand, are issued by Moneygram and sold to a purchaser who determines to whom the instrument will be made payable. Because the Disputed Inst"
term_22,22O145,3,20211118144218253_Moneygram_Appendix_11.18.21_-_Volume_I.pdf,204,True,False,False,,"103 On July 24, 2017, these proceedings were bifurcated, to deal in the first phase with the priorities of entitlement to escheat the Disputed Instruments, and thereafter litigating damages. Dkt. No. "
term_22,22O145,4,20211118144218253_Moneygram_Appendix_11.18.21_-_Volume_I.pdf,16,True,False,False,,"6 instrument was purchased, rather than to the issuer’s State of incorporation. On July 24, 2017, these proceedings were bifurcated, to deal in the first phase with the priorities of entitlement to es"
term_22,22O145,5,20211124112147727_ABA_Amicus.pdf,0,True,False,False,,"Nos. 22O145 & 22O146 IN THE Supreme Court of the United States ___________ DELAWARE, Plaintiff, v. PENNSYLVANIA AND WISCONSIN, Defendants. ___________ ARKANSAS, et al., Plaintiffs, v. DELAWARE, Defend"
term_22,22O145,6,20211118144218253_Moneygram_Appendix_11.18.21_-_Volume_I.pdf,17,True,False,False,,". References to “22O146 Dkt. No.” refer to the docket established for use in Arkansas v. Delaware, No. 22O146 ORG, http://ww2.ca2.uscourts.gov/specialmaster/special_146.html. (After the two cases were"
term_22,22O145,7,20211118144218253_Moneygram_Appendix_11.18.21_-_Volume_I.pdf,391,True,False,False,,208 COVINGTON BEIJING BRUSSELS DUBAI FRANKFURT JOHANNESBURG LONDON LOS ANGELES NEW YORK PALO ALTO SAN FRANCISCO SEOUL SHANGHAI WASHINGTON Beth S. Brinkmann Covington & Burling LLP One CityCenter 850 T
term_22,22O145,8,20211118144218253_Moneygram_Appendix_11.18.21_-_Volume_I.pdf,194,True,False,False,,97 entitlement to damages and/or other relief. The Special Master shall submit further Reports to this Court on such matters as may be raised before him or that he may direct the parties to address if
term_22,22O145,9,20211118144218253_Moneygram_Appendix_11.18.21_-_Volume_I.pdf,115,True,False,False,,". Accordingly, I have refrained from adopting any firm definition of “money order” and urge the Supreme Court to do the same. To decide the question raised by this case — whether Moneygram’s Disputed "
term_22,22O145,10,20220119140401873_Delaware_v._Pennsylvania_Sur-reply_1-19-22_Final.pdf,0,True,False,False,,"Nos. 22O145 & 22O146 IN THE Supreme Court of the United States _________ DELAWARE, Plaintiff, v. PENNSYLVANIA AND WISCONSIN, Defendants. _________ ARKANSAS, et al., Plaintiffs, v. DELAWARE, Defendant."
term_22,22O156,1,20221028165615396_NEW_YORK_AMICUS_CURIAE_BRIEF_USSC_22O156.pdf,0,True,False,False,,"No. 22O156 IN THE Supreme Court of the United States STATE OF NEW YORK, Plaintiff, v. STATE OF NEW JERSEY, Defendant. ON CROSS-MOTIONS FOR JUDGMENT ON THE PLEADINGS BRIEF OF AMICUS CURIAE STATE OF ORE"
term_22,22O156,2,20220513105052060_22O156BriefInRespponseOfDefendantNewJersey.pdf,19,True,False,False,,"7 On March 14, 2022, New York filed a motion for leave to file a Bill of Complaint, complaint, motion for preliminary injunction, and motion to expedite in this Court. On March 24, this Court granted "
term_22,22O156,3,20220523181928656_22O156_Reply_Brief_on_Motion_to_File_Bill_of_Complaint.pdf,0,True,False,False,,"No. 22O156 IN THE Supreme Court of the United States State of NEW YORK, Plaintiff, v. State of NEW JERSEY, Defendant. REPLY BRIEF ON MOTION TO FILE BILL OF COMPLAINT LETITIA JAMES Attorney General Sta"
term_22,22O156,4,20220513105052060_22O156BriefInRespponseOfDefendantNewJersey.pdf,7,True,False,False,,INTRODUCTION This Court should grant New York’s motion for leave to file the Bill of Complaint. The question presented in this case is whether the Waterfront Commission Compact permits New Jersey to w
term_22,22O156,5,20220513105052060_22O156BriefInRespponseOfDefendantNewJersey.pdf,0,True,False,False,,"No. 22O156 IN THE Supreme Court of the United States ———— STATE OF NEW YORK, Plaintiff, v. STATE OF NEW JERSEY, Defendant. ———— BRIEF IN RESPONSE OF DEFENDANT NEW JERSEY ———— MATTHEW J. PLATKIN Acting"
term_22,22O156,6,20220513105052060_22O156BriefInRespponseOfDefendantNewJersey.pdf,22,True,False,False,,. The parties’ joint motion explains that this Court has repeatedly permitted parties in the original action to brief dispositive questions of law—including on the merits—at the outset. See Stern & Gr
term_22,22O156,7,20220513105052060_22O156BriefInRespponseOfDefendantNewJersey.pdf,20,True,False,False,,". North Carolina, 560 U.S. 330, 338 (2010) (exercising jurisdiction to determine whether a State could withdraw from another compact). Indeed, the legal question this case presents is important and is"
term_22,22O156,8,20221028170642923_Amicus_Brief_of_Professors_Jeffrey_B_Litwak_Et_Al.pdf,43,True,False,False,,"18 powers were yielded, and that is best determined from the language of the Compact, with no thumb on the scales.”). At bottom, the Waterfront Compact is just like any ordinary delegation to an admin"
term_22,22O156,9,20220523181928656_22O156_Reply_Brief_on_Motion_to_File_Bill_of_Complaint.pdf,3,True,False,False,,". New Jersey, 142 S. Ct. 1410 (Mem.) (2022). At this juncture, New York and New Jersey agree that their dispute falls squarely under the Court’s original (and exclusive) jurisdiction. See Mot. for Lea"
term_22,22O156,10,20220829162504548_156_OriginalbsacUnitedStates.pdf,59,True,False,False,,"26 compacts that expressly authorize unilateral withdrawal. See p. 10, supra; see generally N.J. Br. App. c. Finally, New York argues that permitting unilateral withdrawal “would undermine the fundame"
term_23,22-1008,1,20231120132356232_Final_-_Corner_Post_Merits_Amicus.pdf,0,True,False,False,,"No. 22-1008 In the Supreme Court of the United States _____________________ CORNER POST, INC., Petitioner, v. BOARD OF GOVERNORS OF THE FEDERAL RESERVE SYSTEM, Respondent. _____________________ On Pet"
term_23,22-1008,2,20231120102909088_2023.11.20.AFPF_Amicus.Corner_Post_v._Board.No.22.1008_.pdf,0,True,False,False,,"No. 22-1008 IN THE Supreme Court of the United States _________________________________________________ CORNER POST, INC., Petitioner, v. BOARD OF GOVERNORS OF THE FEDERAL RESERVE SYSTEM, Respondent. "
term_23,22-1008,3,20231117150051522_Corner_Post_PLF_AC_Brief.pdf,0,True,False,False,,"No. 22-1008 In the Supreme Court of the United States ____________________ CORNER POST, INC., Petitioner, v. BOARD OF GOVERNORS OF THE FEDERAL RESERVE SYSTEM, Respondent. ____________________ On Writ "
term_23,22-1008,4,20230517124335281_22-1008_Amicus_Brief_of_John_Kendrick.pdf,0,True,False,False,,"No. 22-1008 In the Supreme Court of the United States _____________________ CORNER POST, INC., Petitioner, v. BOARD OF GOVERNORS OF THE FEDERAL RESERVE SYSTEM, Respondent. _____________________ On Pet"
term_23,22-1008,5,20231120212553702_Corner_Post_brief_--_FINAL.pdf,0,True,False,False,,"No. 22-1008 In the Supreme Court of the United States _______________ CORNER POST, INC., Petitioner, v. BOARD OF GOVERNORS OF THE FEDERAL RESERVE SYSTEM, Respondent. _______________ On Writ of Certior"
term_23,22-1008,6,20231120170253721_Corner_Post_v_Board-_NCLA_Amicus_for_E-Filing.pdf,0,True,False,False,,"No. 22-1008 IN THE Supreme Court of the United States CORNER POST, INC., Petitioner, v. BOARD OF GOVERNORS OF THE FEDERAL RESERVE SYSTEM, Respondent. On Writ of Certiorari to the United States Court o"
term_23,22-1008,7,20231220125019472_2023.12.20_FOR_FILING_-_DF_Corner_Post_Brief.pdf,46,True,False,False,,". at 31, the record in this case shows precisely the opposite—parties making the same arguments as Corner Post obtained judicial review of these claims in federal court. The arguments were tested unsu"
term_23,22-1008,8,20230517155049730_43754_Bondank_Brief.pdf,0,True,False,False,,"No. 22-1008 IN THE Supreme Court of the United States _______________ CORNER POST, INC., Petitioner, v. BOARD OF GOVERNORS OF THE FEDERAL RESERVE SYSTEM, Respondent. _______________ On Petition for a "
term_23,22-1008,9,20231120131508998_Corner_Post_States_Amicus.pdf,0,True,False,False,,"No. 22-1008 In the Supreme Court of the United States CORNER POST, INC., Petitioner, V. BOARD OF GOVERNORS OF THE FEDERAL RESERVE SYSTEM, Respondent. —————— ON WRIT OF CERTIORARI TO THE UNITED STATES "
term_23,22-1008,10,20230517112739869_22-1008acNationalFederationOfIndependentBusinessSmallBusinessLegalCenterInc..pdf,0,True,False,False,,"No. 22-1008 IN THE Supreme Court of the United States ———— CORNER POST, INC., Petitioner, v. BOARD OF GOVERNORS OF THE FEDERAL RESERVE SYSTEM, Respondent. ———— On Petition for a Writ of Certiorari to "
term_23,22-1025,1,20231211163518776_Brief_for_Petitioner.pdf,0,True,False,False,,"No. 22-1025 In The Supreme Court of the United States SYLVIA GONZALEZ, Petitioner, v. EDWARD TREVINO, II, MAYOR OF CASTLE HILLS, SUED IN HIS INDIVIDUAL CAPACITY, ET AL., Respondents. On Writ of Certio"
term_23,22-1025,2,20231218131500946_Gonzalez_v._Trevino_Amicus_Natl_Police_Accountability_Project.pdf,0,True,False,False,,"No. 22-1025 In the Supreme Court of the United States SYLVIA GONZALEZ, Petitioner, v. EDWARD TREVINO, II, MAYOR OF CASTLE HILLS, SUED IN HIS INDIVIDUAL CAPACITY, ET AL., Respondents. On Writ of Certio"
term_23,22-1025,3,20240126182630907_NsaTrevino_Amicus_Document_January_25_2024_EFile.pdf,0,True,False,False,,"NO. 22-1025 In the Supreme Court of the United States SYLVIA GONZALEZ, Petitioner, v. EDWARD TREVINO, II, MAYOR OF CASTLE HILLS, SUED IN HIS INDIVIDUAL CAPACITY, ET AL., Respondents. _________________"
term_23,22-1025,4,20240131143452347_Certificate_Word_Count.pdf,0,True,False,False,,"BECKER GALLAGHER Supreme Court of the United States Briefs and Records United States Courts of Appeals CERTIFICATE OF COMPLIANCE No. 22-1025 SYLVIA GONZALEZ, Petitioner, V. EDWARD TREVINO, II, ET AL.,"
term_23,22-1025,5,20230608153325617_22-1025_Brief_in_Opp.pdf,0,True,False,False,,"No. 22-1025 In The Supreme Court of the United States SYLVIA GONZALEZ, Petitioner, v. EDWARD TREVINO, II, MAYOR OF CASTLE HILLS, SUED IN HIS INDIVIDUAL CAPACITY, ET AL., Respondents. On Petition for W"
term_23,22-1025,6,20240131143446034_22-1025_bsac_LGLC.pdf,0,True,False,False,,"No. 22-1025 In the Supreme Court of the United States ________________ SYLVIA GONZALEZ, Petitioner, v. EDWARD TREVINO, II, et al., Respondents. ________________ On Writ of Certiorari to the United Sta"
term_23,22-1025,7,20231218150037716_Gonzalez_MJC_Brief_ISO_Petr_Brief_-_final.pdf,0,True,False,False,,"No. 22-1025 IN THE Supreme Court of the United States _______________________ SYLVIA GONZALEZ, Petitioner, v. EDWARD TREVINO, II, MAYOR OF CASTLE HILLS, SUED IN HIS INDIVIDUAL CAPACITY; JOHN SIEMENS, "
term_23,22-1025,8,20230614175947185_2023.06.14_TPPF_Amicus_Brief.pdf,0,True,False,False,,No. 22-1025 ================================================================================================================ In The Supreme Court of the United States ---------------------------------
term_23,22-1025,9,20240131150622428_22-1025_Amicus_Brief.pdf,0,True,False,False,,"No. 22-1025 IN THE Supreme Court of the United States SYLVIA GONZALEZ, PETITIONER v. EDWARD TREVINO, II, MAYOR OF CASTLE HILLS, SUED IN HIS INDIVIDUAL CAPACITY, ET AL. ON WRIT OF CERTIORARI TO THE UNI"
term_23,22-1025,10,20240131153348197_22-1025_Amicus_BOM_Texas_Association_-_PDFA.pdf,0,True,False,False,,"No. 22-1025 IN THE Supreme Court of the United States SYLVIA GONZALEZ, Petitioner, v. EDWARD TREVINO, II, ET AL., Respondents. ON WRIT OF CERTIORARI TO THE UNITED STATES COURT OF APPEALS FOR THE FIFTH"
term_23,22-1074,1,20230605153607949_22-1074_Amicus_Brief_Buckeye_Institute_Final.pdf,0,True,False,False,,"No. 22-1074 In The Supreme Court of the United States GEORGE SHEETZ, Petitioner, v. COUNTY OF EL DORADO, CALIFORNIA, Respondent. On Petition for Writ of Certiorari To the California Court of Appeal, T"
term_23,22-1074,2,20230705152230773_230705_Opposition_to_Petition_for_Writ_of_Certiorari.pdf,34,True,False,False,,"18 the government can place on an individual permitseeker,” PLF Brief, 4; and “a least in California, there is no effective state court review of fees if they are characterized as ‘legislative,’ as pl"
term_23,22-1074,3,20231120125417881_22-1074_tsac_NAR.pdf,0,True,False,False,,"No. 22-1074 IN THE Supreme Court of the United States GEORGE SHEETZ, Petitioner, v. COUNTY OF EL DORADO, CALIFORNIA, Respondent. On Writ of Certiorari to the California Court of Appeal, Third Appellat"
term_23,22-1074,4,20230502160314229_Final_Appendix_Combined.pdf,102,True,False,False,,"Appendix B-28 to promote the general welfare commonly burdens some more than others”]; Usery v. Turner Elkhorn Mining Co. (1976) 428 U.S. 1, 19, 96 S.Ct. 2882, 49 L.Ed.2d 752 [wisdom of particular cos"
term_23,22-1074,5,20231120161325049_22-1074_tsac_BOM_Bay_Area_Council_Final.pdf,0,True,False,False,,"No. 22-1074 In the Supreme Court of the United States __________________ GEORGE SHEETZ, Petitioner, v. COUNTY OF EL DORADO, CALIFORNIA, Respondent. __________________ On Writ of Certiorari to the Cour"
term_23,22-1074,6,20231120144126762_22-1074_Amicus_Brief_ISO_Petitioner.pdf,0,True,False,False,,"No. 22-1074 IN THE Supreme Court of the United States __________________ GEORGE SHEETZ, Petitioner, v. COUNTY OF EL DORADO, Respondent. __________________ On Writ of Certiorari to the California Court"
term_23,22-1074,7,20231120170351560_SheetzSfaa_Amicus_Document_November_20_2023_EFile.pdf,0,True,False,False,,"NO. 22-1074 In the Supreme Court of the United States GEORGE SHEETZ, Petitioner, v. COUNTY OF EL DORADO, CALIFORNIA, Respondent. __________________________ On Writ of Certiorari to the Court of Appeal"
term_23,22-1074,8,20231113151853167_Joint_Appendix_v3_-_Final_as_of_10.30.23.pdf,0,True,False,False,,"No. 22-1074 In The Supreme Court of the United States ____________________ GEORGE SHEETZ, Petitioner, v. COUNTY OF EL DORADO, CALIFORNIA Respondent. ____________________ On Writ of Certiorari to the C"
term_23,22-1074,9,20231120123306178_22-1074_tsac_Buckeye_Institute_Final.pdf,0,True,False,False,,"No. 22-1074 In The Supreme Court of the United States GEORGE SHEETZ, Petitioner, v. COUNTY OF EL DORADO, CALIFORNIA, Respondent. On Writ of Certiorari to the California Court of Appeal, Third Appellat"
term_23,22-1074,10,20231120164758362_22-1074_Amicus_BOM_American_Planning_Association_Final.pdf,0,True,False,False,,"No. 22-1074 In the Supreme Court of the United States __________________ GEORGE SHEETZ, Petitioner, v. COUNTY OF EL DORADO, CALIFORNIA, Respondent. __________________ On Writ of Certiorari to the Cour"
term_23,22-1078,1,20231201155535024_Ochoa_Amicus_FINAL_2023-12-01.pdf,0,True,False,False,,"No. 22-1078 IN THE Supreme Court of the United States WARNER CHAPPELL MUSIC, INC., et al., Petitioners, v. SHERMAN NEALY, et al., Respondents. On Writ of Certiorari to the United States Court of Appea"
term_23,22-1078,2,20231204150417716_22-1078tsacAssociationOfAmericanPublishers.pdf,0,True,False,False,,"No. 22-1078 IN THE Supreme Court of the United States ———— WARNER CHAPPELL MUSIC, INC., ET AL., Petitioners, v. SHERMAN NEALY, ET AL., Respondents. ———— On Writ of Certiorari to the United States Cour"
term_23,22-1078,3,20231204110310393_22-1078_tsac_U.S._Chamber_of_Commerce.pdf,0,True,False,False,,"No. 22-1078 IN THE Supreme Court of the United States __________ WARNER CHAPPELL MUSIC, INC. AND ARTIST PUBLISHING GROUP, LLC, Petitioners, v. SHERMAN NEALY AND MUSIC SPECIALIST, INC., Respondents. __"
term_23,22-1078,4,20230615144417415_Brief_in_Opposition_-_Pet_for_Cert.pdf,0,True,False,False,,No. 22-1078 ================================================================================================================ In The Supreme Court of the United States ---------------------------------
term_23,22-1078,5,20231127084742415_Warner_brief_for_petitioners.pdf,0,True,False,False,,"No. 22-1078 In the Supreme Court of the United States WARNER CHAPPELL MUSIC, INC., AND ARTIST PUBLISHING GROUP, LLC, PETITIONERS v. SHERMAN NEALY AND MUSIC SPECIALIST, INC. ON WRIT OF CERTIORARI TO TH"
term_23,22-1078,6,20231204142428439_22-1078_AC_McHale_Slavin.pdf,0,True,False,False,,"No. 22-1078 In the Supreme Court of the United States WARNER CHAPPEL MUSIC, INC. AND ARTIST PUBLISHING GROUP, LLC., Petitioners, v. SHERMAN NEALY AND MUSIC SPECIALIST, INC., Respondents. ON WRIT OF CE"
term_23,22-1078,7,20230605161414922_22-1078_tsac_Chamber_of_Commerce.pdf,0,True,False,False,,"No. 22-1078 IN THE Supreme Court of the United States __________ WARNER CHAPPELL MUSIC, INC. AND ARTIST PUBLISHING GROUP, LLC, Petitioners, v. SHERMAN NEALY AND MUSIC SPECIALIST, INC., Respondents. __"
term_23,22-1078,8,20230602172439606_Cavazos_Amicus_Project_Brief_-_Warner_Chappell_v._Nealy_.pdf,0,True,False,False,,"No. 22-1078 In The Supreme Court of the United States _______________ WARNER CHAPPELL MUSIC, INC., AND ARTIST PUBLISHING GROUP, LLC, PETITIONERS, v. SHERMAN NEALY AND MUSIC SPECIALISTS, INC., RESPONDE"
term_23,22-1078,9,20231201120056357_22-1078_AC_AIPLA.pdf,0,True,False,False,,"No. 22-1078 IN THE Supreme Court of the United States WARNER CHAPPELL MUSIC, INC. AND ARTIST PUBLISHING GROUP, LLC, Petitioners, —v.— SHERMAN NEALY AND MUSIC SPECIALIST, INC., Respondents. ON WRIT OF "
term_23,22-1078,10,20231127084742415_Warner_brief_for_petitioners.pdf,16,True,False,False,,"In the Supreme Court of the United States No. 22-1078 WARNER CHAPPELL MUSIC, INC., AND ARTIST PUBLISHING GROUP, LLC, PETITIONERS v. SHERMAN NEALY AND MUSIC SPECIALIST, INC. ON WRIT OF CERTIORARI TO TH"
term_23,22-1079,1,20231214120120410_Truck_Ins._Exch_Amicus.pdf,0,True,False,False,,"No. 22-1079 IN THE Supreme Court of the United States _____________ TRUCK INSURANCE EXCHANGE, Petitioner, v. KAISER GYPSUM COMPANY, INC., ET AL., Respondents. _____________ On Writ of Certiorari to th"
term_23,22-1079,2,20240131164335108_AAJ_Amicus_Brief_Truck_v._Kaiser_22-1079_FINAL_01312024.pdf,0,True,False,False,,"No. 22-1079 IN THE Supreme Court of the United States TRUCK INSURANCE EXCHANGE, Petitioner, v. KAISER GYPSUM COMPANY, INC., ET AL., Respondents. On Writ of Certiorari to the United States Court of App"
term_23,22-1079,3,20240131132035882_Truck_UP_Amicus_Merits_Brf_FINAL.pdf,0,True,False,False,,"No. 22-1079 In the Supreme Court of the United States TRUCK INSURANCE EXCHANGE, Petitioner, v. KAISER GYPSUM COMPANY, INC., ET AL., Respondents. ____________________ ON WRIT OF CERTIORARI TO THE UNITE"
term_23,22-1079,4,20230605163903860_22-1079_Amici_Brief_Professors_Final.pdf,0,True,False,False,,"No. 22-1079 In the Supreme Court of the United States TRUCK INSURANCE EXCHANGE, Petitioner, v. KAISER GYPSUM COMPANY, INC., ET AL., Respondents. On Petition for a Writ of Certiorari to the United Stat"
term_23,22-1079,5,20230905093547860_22-1079_Brief_in_Opp.pdf,0,True,False,False,,"NO. 22-1079 IN THE Supreme Court of the United States TRUCK INSURANCE EXCHANGE, Petitioner, v. KAISER GYPSUM COMPANY, INC., ET AL., Respondents. On Petition for a Writ of Certiorari to the United Stat"
term_23,22-1079,6,20231207144346136_Truck_Opening_Brief.pdf,0,True,False,False,,"No. 22-1079 IN THE Supreme Court of the United States ___________________ TRUCK INSURANCE EXCHANGE, Petitioner, v. KAISER GYPSUM COMPANY, INC., ET AL., Respondents. ___________________ On Writ Of Cert"
term_23,22-1079,7,20231213174838359_22-1079_Professors_Merits_Brief.pdf,0,True,False,False,,No. 22-1079 ================================================================================================================ In The Supreme Court of the United States ---------------------------------
term_23,22-1079,8,20231214144945869_22-1079tsacUnited_States.pdf,12,True,False,False,,"In the Supreme Court of the United States No. 22-1079 TRUCK INSURANCE EXCHANGE, PETITIONER v. KAISER GYPSUM COMPANY, INC., ET AL. ON WRIT OF CERTIORARI TO THE UNITED STATES COURT OF APPEALS FOR THE FO"
term_23,22-1079,9,20240124170609899_Claimants_resp._brief.pdf,0,True,False,False,,"No. 22-1079 IN THE Supreme Court of the United States __________ TRUCK INSURANCE EXCHANGE, Petitioner, v. KAISER GYPSUM COMPANY, INC., ET AL., Respondents. __________ On Writ of Certiorari to the Unit"
term_23,22-1079,10,20231214144945869_22-1079tsacUnited_States.pdf,0,True,False,False,,"No. 22-1079 In the Supreme Court of the United States TRUCK INSURANCE EXCHANGE, PETITIONER v. KAISER GYPSUM COMPANY, INC., ET AL. ON WRIT OF CERTIORARI TO THE UNITED STATES COURT OF APPEALS FOR THE FO"
term_23,22-1165,1,20231113155738638_22-1165_brief.pdf,4,True,False,False,,"In the Supreme Court of the United States No. 22-1165 MACQUARIE INFRASTRUCTURE CORP., ET AL., PETITIONERS v. MOAB PARTNERS, L.P., ET AL. ON WRIT OF CERTIORARI TO THE UNITED STATES COURT OF APPEALS FOR"
term_23,22-1165,2,20231120111854620_22-1165_Brief.pdf,0,True,False,False,,"No. 22-1165 In the Supreme Court of the United States MACQUARIE INFRASTRUCTURE CORPORATION, et al., Petitioners, v. MOAB PARTNERS, L.P., et al., Respondents. On Writ of Certiorari to the United States"
term_23,22-1165,3,20230703120939833_22-1165_Amicus_WLF_Supp._Petitioners_final.pdf,0,True,False,False,,"No. 22-1165 In The Supreme Court of the United States ________________ MACQUARIE INFRASTRUCTURE CORPORATION, ET AL., Petitioners, v. MOAB PARTNERS, L.P., ET AL., Respondents. ________________ On Petit"
term_23,22-1165,4,20231120161931215_No._22-1165_Brief.pdf,0,True,False,False,,"No. 22-1165 In the Supreme Court of the United States MACQUARIE INFRASTRUCTURE CORPORATION, et al., Petitioners, v. MOAB PARTNERS, L.P., et al., Respondents. On Writ of Certiorari to the United States"
term_23,22-1165,5,20230703174412116_22-1165_Macquarie_--_SIFMA_and_Chamber_Amici_Brief.pdf,0,True,False,False,,"No. 22-1165 IN THE Supreme Court of the United States MACQUARIE INFRASTRUCTURE CORP., ET AL., Petitioners, v. MOAB PARTNERS, L.P., ET AL., Respondents. On Petition for a Writ of Certiorari to the Unit"
term_23,22-1165,6,20230811120911684_Moab_BIO.pdf,0,True,False,False,,"No. 22-1165 IN THE Supreme Court of the United States __________ MACQUARIE INFRASTRUCTURE CORPORATION, ET AL., Petitioners, v. MOAB PARTNERS, L.P., ET AL., Respondents. __________ On Petition for a Wr"
term_23,22-1165,7,20231120180903858_Macquarie_SIFMA_Chamber_and_Business_Roundtable_Amici_Brief.pdf,0,True,False,False,,"No. 22-1165 IN THE Supreme Court of the United States MACQUARIE INFRASTRUCTURE CORP., ET AL., Petitioners, v. MOAB PARTNERS, L.P., ET AL., Respondents. On Writ of Certiorari to the United States Court"
term_23,22-1165,8,20231120155917297_22-1165_Amicus_WLF_Supp._Pet..pdf,0,True,False,False,,"No. 22-1165 In The Supreme Court of the United States ________________ MACQUARIE INFRASTRUCTURE CORPORATION ET AL., Petitioners, v. MOAB PARTNERS, L.P., ET AL., Respondents. ________________ On Writ o"
term_23,22-1165,9,20230530162842862_No._PETITION_FOR_A_WRIT_OF_CERTIORARI_MIC_Appendix.pdf,123,True,False,False,,"75a Date filed Case 5/6/2022 Joyce v. Amazon.com (W.D. Wash. No. 22-617)  76a APPENDIX G List of Law Firm Communications and Commentary Addressing MD&A Disclosures: 1. When Rules Collide – Leidos, the"
term_23,22-1165,10,20231120111854620_22-1165_Brief.pdf,8,True,False,False,,"1 INTEREST OF THE AMICUS CURIAE 1 Established in 1977, the Atlantic Legal Foundation (ALF) is a national, nonprofit, nonpartisan, public interest law firm whose mission is to advance the rule of law a"
term_23,22-1178,1,20230905142203690_22-1178_Fikre_cert_reply.pdf,0,True,False,False,,"No. 22-1178 In the Supreme Court of the United States FEDERAL BUREAU OF INVESTIGATION, ET AL., PETITIONERS v. YONAS FIKRE ON PETITION FOR A WRIT OF CERTIORARI TO THE UNITED STATES COURT OF APPEALS FOR"
term_23,22-1178,2,20230821151450103_22-1178_Brief_in_Opposition.pdf,0,True,False,False,,"No. 22-1178 IN THE Supreme Court of the United States ____________________ FEDERAL BUREAU OF INVESTIGATION, ET AL., Petitioners, v. YONAS FIKRE, Respondent. ____________________ On Petition for a Writ"
term_23,22-1178,3,20231117171306154_FBI_v._Fikre_Amicus_Brief_FINAL.pdf,0,True,False,False,,"No. 22-1178 In the Supreme Court of the United States __________ FEDERAL BUREAU OF INVESTIGATION, et al., Petitioners, v. YONAS FIKRE, Respondent. __________ ON WRIT OF CERTIORARI TO THE UNITED STATES"
term_23,22-1178,4,20231113154203186_22-1178ts_FBI_v._Fikre_FILE.pdf,0,True,False,False,,"No. 22-1178 In the Supreme Court of the United States FEDERAL BUREAU OF INVESTIGATION, ET AL., PETITIONERS v. YONAS FIKRE ON WRIT OF CERTIORARI TO THE UNITED STATES COURT OF APPEALS FOR THE NINTH CIRC"
term_23,22-1178,5,20230905142203690_22-1178_Fikre_cert_reply.pdf,3,True,False,False,,"In the Supreme Court of the United States No. 22-1178 FEDERAL BUREAU OF INVESTIGATION, ET AL., PETITIONERS v. YONAS FIKRE ON PETITION FOR A WRIT OF CERTIORARI TO THE UNITED STATES COURT OF APPEALS FOR"
term_23,22-1178,6,20231113154203186_22-1178ts_FBI_v._Fikre_FILE.pdf,10,True,False,False,,"In the Supreme Court of the United States No. 22-1178 FEDERAL BUREAU OF INVESTIGATION, ET AL., PETITIONERS v. YONAS FIKRE ON WRIT OF CERTIORARI TO THE UNITED STATES COURT OF APPEALS FOR THE NINTH CIRC"
term_23,22-1178,7,20231117171306154_FBI_v._Fikre_Amicus_Brief_FINAL.pdf,11,True,False,False,,"4 Meanwhile, cases against the government—often involving the Constitution and often of great interest to the wider public—are exactly the cases for which the public interest in settling important leg"
term_23,22-1178,8,20230602180319346_FBI_v._Fikre_Final.pdf,174,True,False,False,,". Indeed, neither party has cited a Ninth Circuit case that has explicitly considered the question of whether stigmatizing government conduct can form the basis of a stigma-plus claim. See Tr. [163] a"
term_23,22-1178,9,20230602180319346_FBI_v._Fikre_Final.pdf,168,True,False,False,,". Resp. [152] at 25. That won’t cut it. If I had found the arguments made in Mr. Fikre’s last round of briefing compelling, I would not have granted Defendants’ previous motion to dismiss. I thus decl"
term_23,22-1178,10,20230602180319346_FBI_v._Fikre_Final.pdf,52,True,False,False,,. 2. The question presented is important. This Court has explained that “no principle is more fundamental to the judiciary’s proper role in our system of government than the constitutional limitation 
term_23,22-1218,1,20240226232149365_22-1218_--_joint_appendix_--_FILED.pdf,156,True,False,False,,". §§ 1 et seq., and the decision of the Supreme Court in Epiq Sys. Corp. v. Lewis, 138 S. Ct. 1612 (2018) (relying in part on Gilmer v. Interstate/Johnson Lane Corp., 500 U. S. 20, 32 (1991)), there i"
term_23,22-1218,2,20240304160049209_AAJ_Amicus_Brief_Smith_v._Spizzirri_22-1218_Final.pdf,0,True,False,False,,"No. 22-1218 IN THE Supreme Court of the United States WENDY SMITH, ET AL., Petitioners, v. KEITH SPIZZIRRI, ET AL., Respondents. On Writ of Certiorari to the United States Court of Appeals for the Nin"
term_23,22-1218,3,20231204111737023_Spizzirri_BIO.pdf,0,True,False,False,,"No. 22-1218 IN THE Supreme Court of the United States __________________________________________________ WENDY SMITH, ET AL., Petitioners, v. KEITH SPIZZIRRI, ET AL., Respondents. ____________________"
term_23,22-1218,4,20240226231922948_22-1218_ts.pdf,0,True,False,False,,"No. 22-1218 In the Supreme Court of the United States WENDY SMITH, ET AL., PETITIONERS v. KEITH SPIZZIRRI, ET AL. ON WRIT OF CERTIORARI TO THE UNITED STATES COURT OF APPEALS FOR THE NINTH CIRCUIT BRIE"
term_23,22-1218,5,20240226232149365_22-1218_--_joint_appendix_--_FILED.pdf,0,True,False,False,,"No. 22-1218 In the Supreme Court of the United States WENDY SMITH, ET AL., PETITIONERS v. KEITH SPIZZIRRI, ET AL. ON WRIT OF CERTIORARI TO THE UNITED STATES COURT OF APPEALS FOR THE NINTH CIRCUIT JOIN"
term_23,22-1218,6,20240304162907197_Smith_v._Spizzirri_Chamber_Amicus_Brief.pdf,0,True,False,False,,"No. 22-1218 In the Supreme Court of the United States WENDY SMITH, ET AL. Petitioners, v. KEITH SPIZZIRRI, ET AL., Respondents. On Writ of Certiorari to the United States Court of Appeals for the Nint"
term_23,22-1218,7,20240226231922948_22-1218_ts.pdf,9,True,False,False,,"VI Page Miscellaneous: C. Drahozal, Mandatory Stay or Discretion to Dismiss? Interpreting Section 3 Of the Federal Arbitration Act, 39.1 Ohio St. J. on Disp. Res. 109 (2023) ................. 17, 22 I"
term_23,22-1218,8,20230614224229269_forrest_v._spizzirri_--_cert._petition_--_FILED.pdf,35,True,False,False,,". Family Dollar Stores of Mich., LLC, 3 F.4th 832, 836-837 (6th Cir. 2021); see also, e.g., Anderson v. Charter Commc’ns, Inc., 860 F. App’x 374, 379 (6th Cir. 2021) (“[t]he Supreme Court has repeated"
term_23,22-1218,9,20231204111737023_Spizzirri_BIO.pdf,14,True,False,False,,". App. 7a. Petitioners have since abandoned any such argument, conceding that the district court’s dismissal was a sound exercise of discretion. Pet. 5 n.1, 7 n.2, 28 n.11. Judge Graber, joined by Jud"
term_23,22-1218,10,20230614224241555_forrest_--_petition_appendix_--_FILED.pdf,9,True,False,False,,". City of Seattle, 56 F.4th 1179, 1190 (9th Cir. 2022) (quoting Miller v. Gammie, 335 F.3d 889, 893 (9th Cir. 2003) (en banc)). There is no such intervening higher authority here. Third, Plaintiffs ar"
term_23,22-1238,1,20231120103055988_22-1238acTheInstituteForProfessionalsInTaxation.pdf,0,True,False,False,,"No. 22-1238 IN THE Supreme Court of the United States ———— OFFICE OF THE UNITED STATES TRUSTEE, Petitioner, v. JOHN Q. HAMMONS FALL 2006, LLC, ET AL. Respondents. ———— On Writ of Certiorari to the Uni"
term_23,22-1238,2,20230724175954202_22-1238_Brief_in_Opposition_Final.pdf,62,True,False,False,,"31 not contain a determination that remedy was a question of “substantial legal and practical importance.” Petition at 23-24. Rather, the Court determined that as “a court of review, not of first view"
term_23,22-1238,3,20231109202839032_22-1238_John_Q_Hammons_merits.pdf,0,True,False,False,,"No. 22-1238 In the Supreme Court of the United States OFFICE OF THE UNITED STATES TRUSTEE, PETITIONER v. JOHN Q. HAMMONS FALL 2006, LLC, ET AL. ON WRIT OF CERTIORARI TO THE UNITED STATES COURT OF APPE"
term_23,22-1238,4,20230724175954202_22-1238_Brief_in_Opposition_Final.pdf,38,True,False,False,,18 already paid fees pursuant under an unconstitutional statute. Id. at 25-26. The petitioner was a liquor distributor who had paid increased taxes under an unconstitutional Florida law that favored i
term_23,22-1238,5,20230724175954202_22-1238_Brief_in_Opposition_Final.pdf,0,True,False,False,,"No. 22-1238 In the Supreme Court of the United States __________________ OFFICE OF THE UNITED STATES TRUSTEE, Petitioner, v. JOHN Q. HAMMONS FALL 2006, LLC, ET AL., Respondents. __________________ On "
term_23,22-1238,6,20230724175954202_22-1238_Brief_in_Opposition_Final.pdf,27,True,False,False,,"12 and took the same approach for the petition in respondents’ case and two similar petitions. Upon remand, the Tenth Circuit ordered the parties to submit briefing on the issue of remedy. App. to Pet"
term_23,22-1238,7,20230724175954202_22-1238_Brief_in_Opposition_Final.pdf,34,True,False,False,,16 Supreme Court had correctly held that the tax assessment was unlawful. Id. at 504. But the Court found this holding could not suffice as remedy because invalidating the tax after it had already bee
term_23,22-1238,8,20231109202839032_22-1238_John_Q_Hammons_merits.pdf,16,True,False,False,,"In the Supreme Court of the United States No. 22-1238 OFFICE OF THE UNITED STATES TRUSTEE, PETITIONER v. JOHN Q. HAMMONS FALL 2006, LLC, ET AL. ON WRIT OF CERTIORARI TO THE UNITED STATES COURT OF APPE"
term_23,22-1238,9,20230623142114369_John_Q_Hammons_petition_final.pdf,96,True,False,False,,"20a doesn’t operate retroactively. The presumption against retroactivity applies only when ‘‘the new provision attaches new legal consequences to events completed before its enactment.’’ Landgraf, 511"
term_23,22-1238,10,20230623142114369_John_Q_Hammons_petition_final.pdf,58,True,False,False,,". 2022). Those decisions should not serve as the last word on this important legal question. In addition to the legal importance of the question presented, the practical stakes are considerable. If th"
term_23,22-193,1,20231011135701738_Muldrow_Merits_Response_Brief.pdf,101,True,False,False,,"51 that her assignment to the Fifth District resulted in no change to her pay, rank, or supervisory role, and did not harm her career prospects in any way. Pet. App. 10a, 41a-42a. In her brief in this"
term_23,22-193,2,20230901153639646_44090_pdf_Davy.pdf,0,True,False,False,,No. 22-193 ================================================================================================================ In The Supreme Court of the United States ---------------------------------♦
term_23,22-193,3,20230905161556485_22-193tsacUnitedStates.pdf,10,True,False,False,,"In the Supreme Court of the United States No. 22-193 JATONYA CLAYBORN MULDROW, PETITIONER v. CITY OF ST. LOUIS, MISSOURI, ET AL. ON WRIT OF CERTIORARI TO THE UNITED STATES COURT OF APPEALS FOR THE EIG"
term_23,22-193,4,20230518151910097_22-193_Muldrow_v._City_of_St._Louis_CVSG.pdf,52,True,False,False,,". As to that challenge, which was the primary focus of the decision below, the Eighth Circuit relied solely on its restrictive interpretation of Title VII’s “terms, conditions, or privileges” language"
term_23,22-193,5,20230518151910097_22-193_Muldrow_v._City_of_St._Louis_CVSG.pdf,53,True,False,False,,"23 fact that respondent would have alternative arguments on remand provides no reason to decline to review the Eighth Circuit’s legal holding, which implicates a disagreement among the circuits on an "
term_23,22-193,6,20220930145633706_Muldrow_Amicus_Brief.pdf,0,True,False,False,,No. 22-193 ================================================================================================================ In The Supreme Court of the United States ---------------------------------♦
term_23,22-193,7,20230831160056467_Brief_of_Professors_Suja_A_Thomas_and_Amy_J_Wildermuth_as_Amici_Curiae_i_e48cd201.pdf,0,True,False,False,,"No. 22-193 In The Supreme Court of the United States ----------------------------------------------------------------------- JATONYA CLAYBORN MULDROW, Petitioner, v. CITY OF ST. LOUIS, STATE OF MISSOU"
term_23,22-193,8,20230905150534777_22-193_ac_District_of_Columbia.pdf,0,True,False,False,,"No. 22-193 IN THE Supreme Court of the United States ———— JATONYA CLAYBORN MULDROW, Petitioner, v. CITY OF ST. LOUIS, MISSOURI, et al., Respondents. ———— On Writ of Certiorari to the United States Cou"
term_23,22-193,9,20230905161556485_22-193tsacUnitedStates.pdf,0,True,False,False,,"No. 22-193 In the Supreme Court of the United States JATONYA CLAYBORN MULDROW, PETITIONER v. CITY OF ST. LOUIS, MISSOURI, ET AL. ON WRIT OF CERTIORARI TO THE UNITED STATES COURT OF APPEALS FOR THE EIG"
term_23,22-193,10,20230518151910097_22-193_Muldrow_v._City_of_St._Louis_CVSG.pdf,0,True,False,False,,"No. 22-193 In the Supreme Court of the United States JATONYA CLAYBORN MULDROW, PETITIONER v. CITY OF ST. LOUIS, MISSOURI, ET AL. ON PETITION FOR A WRIT OF CERTIORARI TO THE UNITED STATES COURT OF APPE"
term_23,22-277,1,20230814145135723_NetChoice_Invitation_Brief_8.9_--_For_Final.pdf,53,True,False,False,,"24 viewpoint-discriminatory purposes if it grants the State’s petition in Moody, because NetChoice would be “free to raise [its] viewpoint-discrimination arguments as an alternative basis for affirmin"
term_23,22-277,2,20221024144150183_Blanket_Consent_v.f.pdf,0,True,False,False,,"OFFICE OF THE ATTORNEY GENERAL Henry C. Whitaker Solicitor General PL-01 The Capitol Tallahassee, FL 32399-1050 Phone (850) 414-3300 ASHLEY MOODY Fax (850) 410-2672 ATTORNEY GENERAL henry.whitaker@myf"
term_23,22-277,3,20231207144151585_22-277bsacPenAmericanCenterAndLibraryFutures.pdf,38,True,False,False,,". 22-555 at 18 (referring to the companies’ “censorship decisions”); Pet., No. 22-277 at 2 (stating that the companies “censor speech”). But that is merely a rhetorical flourish, not a legal argument—"
term_23,22-277,4,20231206154412053_22-555_-_22-277_Amicus_Brief.pdf,0,True,False,False,,"Nos. 22-555 & 22-277 In The Supreme Court of the United States NETCHOICE, LLC, D/B/A NETCHOICE, ET AL., Petitioners, v. KEN PAXTON, ATTORNEY GENERAL OF TEXAS, Respondent. On Petition for Writs of Cert"
term_23,22-277,5,20231207150927259_22-277_-555_Amici_Brief_of_Nat_Sec_Officials_Final.pdf,0,True,False,False,,"Nos. 22-277 and 22-555 IN THE Supreme Court of the United States ASHLEY MOODY, ATTORNEY GENERAL OF FLORIDA, ET AL., PETITIONERS v. NETCHOICE, LLC, DBA NETCHOICE, ET AL. NETCHOICE, LLC, DBA NETCHOICE, "
term_23,22-277,6,20231205170151755_RCFP_-_NetChoice_v._Paxton_for_Filing_PDF-A.pdf,0,True,False,False,,"Nos. 22-277 and 22-555 IN THE Supreme Court of the United States ASHLEY MOODY, IN HER OFFICIAL CAPACITY AS ATTORNEY GENERAL OF FLORIDA, ET AL. Petitioners, v. NETCHOICE, LLC; AND COMPUTER & COMMUNICAT"
term_23,22-277,7,20221024133439836_Moody_v_NetChoice_Petition-Stage_Amicus_FINAL.pdf,8,True,False,False,,"2 Amicus became involved with the questions underlying this case in response to a request at a meeting of minority Christians, who felt oppressed by the Platform’s censorship. He therefore largely fra"
term_23,22-277,8,20231207121646702_22-277_22-555_Amicus_Brief.pdf,0,True,False,False,,"Nos. 22-277 and 22-555 In the Supreme Court of the United States Ashley Moody, Attorney General of Florida, et al., Petitioners, v. NetChoice, LLC, d/b/a NetChoice, et al., Respondents. NetChoice, LLC"
term_23,22-277,9,20231207134256722_Marketplace_Industry_Association_et_al_Amicus_Brief_in_Support_of_NetCho_c8b75827.pdf,4,True,False,False,,"In the Supreme Court of the United States _______________ Nos. 22-277 AND 22-555 ASHLEY MOODY, ATTORNEY GENERAL OF FLORIDA, ET AL., PETITIONERS v. NETCHOICE, LLC DBA NETCHOICE, ET AL. ________________"
term_23,22-277,10,20231207161302153_Nos._22-277_and_22-555_Amicus_Brief_of_Center_for_Democracy_and_Technology.pdf,51,True,False,False,,". National Institute of Family Life Advocates v. Becerra, 138 S. Ct. 2361, 2371 (2018); Hurley, 515 U.S. at 573. The States cannot satisfy that demanding standard. See 22-277 Pet. App. 58a-62a (holdin"
term_23,22-324,1,20230314132121805_22-324_cert_tssb.pdf,8,True,False,False,,". 12-15. In short, the difference in the legal standards is plain and fundamental. B. Tellingly, despite denying the circuit split, the City Manager never asserted, much less attempted to show, that t"
term_23,22-324,2,20230314132121805_22-324_cert_tssb.pdf,11,True,False,False,,"6 Manager whose social-media activity was “atypical of litigation in this area,” id. at 18, as he primarily posted about purely personal matters such as his family life, while also sometimes re-sharin"
term_23,22-324,3,20230815173031323_22-324_bsac_FINAL_-_PT1_-Oconnor-Ratcliff_v._Garnier.pdf,0,True,False,False,,"No. 22-324 In the Supreme Court of the United States MICHELLE O’CONNOR-RATCLIFF, ET AL., Petitioners, v. CHRISTOPHER GARNIER, ET UX. On Writ of Certiorari to the United States Court of Appeals for the"
term_23,22-324,4,20230630154114835_22-324tsacUnitedStates.pdf,8,True,False,False,,"In the Supreme Court of the United States No. 22-324 MICHELLE O’CONNOR-RATCLIFF, ET AL., PETITIONERS v. CHRISTOPHER GARNIER AND KIMBERLY GARNIER ON WRIT OF CERTIORARI TO THE UNITED STATES COURT OF APP"
term_23,22-324,5,20230815130443141_22-324acAmericanAtheistsInc_FINAL.pdf,0,True,False,False,,"No. 22-324 IN THE Supreme Court of the United States ———— MICHELLE O’CONNOR-RATCLIFF, et al., Petitioners, v. CHRISTOPHER GARNIER, et ux., Respondents. ———— On Writ of Certiorari to the United States "
term_23,22-324,6,20230630132312129_22-324_and_22-611_Amicus_Brief.pdf,0,True,False,False,,"Nos. 22-324, 22-611 IN THE Supreme Court of the United States MICHELLE O’CONNOR-RATCLIFF, ET AL., Petitioners, v. CHRISTOPHER GARNIER, ET UX., Respondents. KEVIN LINDKE, Petitioner, v. JAMES R. FREED,"
term_23,22-324,7,20230630170055858_22-324_Amicus_BOM_IMLA.pdf,0,True,False,False,,"No. 22-324 In the Supreme Court of the United States __________________ MICHELLE O’CONNOR-RATCLIFF, ET AL., Petitioners, v. CHRISTOPHER GARNIER, ET UX., Respondents. __________________ On Writ of Cert"
term_23,22-324,8,20230713154608960_22-324_and_22-611_Amicus_Brief.pdf,0,True,False,False,,"Nos. 22-324 and 22-611 In the Supreme Court of the United States Michelle O’Connor-Ratcliff, et al., Petitioners, v. Christopher Garnier, et ux., Respondents. Kevin Lindke, Petitioner, v. James R. Fre"
term_23,22-324,9,20230815115536291_22-324_Amicus_Brief_of_Manhattan_Institute.pdf,0,True,False,False,,"NO. 22-324 IN THE Supreme Court of the United States MICHELLE O’CONNOR-RATCLIFF AND T.J. ZANE, Petitioners, v. CHRISTOPHER GARNIER AND KIMBERLY GARNIER, Respondents. On Writ of Certiorari to the Unite"
term_23,22-324,10,20230905144013630_22-324_Joint_Appendix.pdf,24,True,False,False,,25 MOVING PARTY’S OPPOSING MOVING UNDISPUTED PARTY’S PARTY’S MATERIAL FACTS RESPONSE REPLY AND AND AND SUPPORTING SUPPORTING SUPPORTING EVIDENCE: EVIDENCE: EVIDENCE: as he did on any during Board The 
term_23,22-340,1,20230526120434497_2023.5.26.AFPF_Amicus.Pulsifer_v._US.22.340.pdf,0,True,False,False,,"No. 22-340 IN THE Supreme Court of the United States _________________________________________________ MARK E. PULSIFER, Petitioner, v. UNITED STATES, Respondent. _____________________________________"
term_23,22-340,2,20230724211315733_22-340bsUnitedStates.pdf,18,True,False,False,,"In the Supreme Court of the United States No. 22-340 MARK E. PULSIFER, PETITIONER v. UNITED STATES OF AMERICA ON WRIT OF CERTIORARI TO THE UNITED STATES COURT OF APPEALS FOR THE EIGHTH CIRCUIT BRIEF F"
term_23,22-340,3,20221007105808137_Pulsifer_v._United_States_Cert_Petition_FILE.pdf,46,True,False,False,,". at *20. What matters, as the Senate manual makes clear, “is the conjunction at the end of the list.” Id. Finally, Judge Wood addressed the textual arguments for a distributive reading. For starters,"
term_23,22-340,4,20230526173841166_22-340_Amicus_Brief_Professors_Final.pdf,0,True,False,False,,"No. 22-340 In the Supreme Court of the United States MARK E. PULSIFER, Petitioner, v. UNITED STATES, Respondent. ON WRIT OF CERTIORARI TO THE UNITED STATES COURT OF APPEALS FOR THE EIGHTH CIRCUIT BRIE"
term_23,22-340,5,20230519142156758_Pulsifer_v._United_States_Merits_Brief_FILE.pdf,0,True,False,False,,"No. 22-340 In the Supreme Court of the United States ________________________________________ MARK E. PULSIFER, PETITIONER v. UNITED STATES ________________________________________ ON WRIT OF CERTIORA"
term_23,22-340,6,20230113133503784_22-340_Pulsifer.pdf,4,True,False,False,,"In the Supreme Court of the United States No. 22-340 MARK E. PULSIFER, PETITIONER v. UNITED STATES OF AMERICA ON PETITION FOR A WRIT OF CERTIORARI TO THE UNITED STATES COURT OF APPEALS FOR THE EIGHTH "
term_23,22-340,7,20230113133503784_22-340_Pulsifer.pdf,0,True,False,False,,"No. 22-340 In the Supreme Court of the United States MARK E. PULSIFER, PETITIONER v. UNITED STATES OF AMERICA ON PETITION FOR A WRIT OF CERTIORARI TO THE UNITED STATES COURT OF APPEALS FOR THE EIGHTH "
term_23,22-340,8,20230724211315733_22-340bsUnitedStates.pdf,0,True,False,False,,"No. 22-340 In the Supreme Court of the United States MARK E. PULSIFER, PETITIONER v. UNITED STATES OF AMERICA ON WRIT OF CERTIORARI TO THE UNITED STATES COURT OF APPEALS FOR THE EIGHTH CIRCUIT BRIEF F"
term_23,22-340,9,20230526120253328_22-340_Brief.pdf,0,True,False,False,,"No. 22-340 IN THE Supreme Court of the United States ___________ MARK PULSIFER, Petitioner, v. UNITED STATES, Respondent. ___________ ON WRIT OF CERTIORARI TO THE UNITED STATES COURT OF APPEALS FOR TH"
term_23,22-340,10,20221007105808137_Pulsifer_v._United_States_Cert_Petition_FILE.pdf,5,True,False,False,,"iv TABLE OF CONTENTS (continued) Page D. Only this Court can resolve the circuit conflict. .......................................................... 21 II. The question presented is important, and th"
term_23,22-429,1,20221104110538361_Acheson_v._Laufer_-_cert._petition.pdf,97,True,False,False,,". See 141 S. Ct. at 2214. Moreover, we’ve called “suspect” arguments that the Supreme Court implicitly overruled one of its prior decisions. See United States v. Symonevich, 688 F.3d 12, 19 n.4 (1st C"
term_23,22-429,2,20230612182635037_22-429npacUnitedStates.pdf,0,True,False,False,,"No. 22-429 In the Supreme Court of the United States ACHESON HOTELS, LLC, PETITIONER v. DEBORAH LAUFER ON WRIT OF CERTIORARI TO THE UNITED STATES COURT OF APPEALS FOR THE FIRST CIRCUIT BRIEF FOR THE U"
term_23,22-429,3,20230612180405421_22-429_Amicus_Brief_NAHB_Final.pdf,0,True,False,False,,"No. 22-429 In The Supreme Court of the United States ACHESON HOTELS, LLC, Petitioner, v. DEBORAH LAUFER, Respondent. On Writ of Certiorari To The United States Court Of Appeals For the First Circuit B"
term_23,22-429,4,20230612120927649_43631_Ebner_brief.pdf,0,True,False,False,,No. 22-429 ================================================================================================================ In The Supreme Court of the United States ---------------------------------♦
term_23,22-429,5,20221208174247206_43179_pdf_Spencer.pdf,0,True,False,False,,No. 22-429 ================================================================================================================ In The Supreme Court of the United States ---------------------------------♦
term_23,22-429,6,20230612182635037_22-429npacUnitedStates.pdf,54,True,False,False,,"22 analysis and can “elevate” a real-world harm into a cognizable injury) (quoting Spokeo, 578 U.S. at 341). C. Acheson’s Broader Arguments Lack Merit A determination that Laufer lacks standing becaus"
term_23,22-429,7,20230605160706820_22-429_Joint_Appendix.pdf,0,True,False,False,,"No. 22-429 IN THE Supreme Court of the United States _________ ACHESON HOTELS, LLC, Petitioner, v. DEBORAH LAUFER, Respondent. ________ On Writ of Certiorari to the United States Court of Appeals for "
term_23,22-429,8,20230612182635037_22-429npacUnitedStates.pdf,29,True,False,False,,". Havens Realty, 455 U.S. at 374. C. That conclusion fully resolves the question this Court granted certiorari to decide. Acheson, however, also advances a variety of broader arguments that would curt"
term_23,22-429,9,20221104110538361_Acheson_v._Laufer_-_cert._petition.pdf,96,True,False,False,,"19a to render any distinction insufficiently material. We’re thus bound by that decision unless the Supreme Court tells us that TransUnion overruled it. 4 Under Laufer’s theory, she had a right to the"
term_23,22-429,10,20221208141735528_No._22-429_Brief_of_Amicus_Curiae.pdf,0,True,False,False,,"No. 22-429 In the Supreme Court of the United States ACHESON HOTELS, LLC, Petitioner, v. DEBORAH LAUFER, Respondent. ON PETITION FOR WRIT OF CERTIORARI TO THE UNITED STATES COURT OF APPEALS FOR THE FI"
term_23,22-448,1,20230113130438937_22-448_bio.pdf,0,True,False,False,,"No. 22-448 IN THE Supreme Court of the United States CONSUMER FINANCIAL PROTECTION BUREAU, ET AL., Petitioners, v. COMMUNITY FINANCIAL SERVICES ASSOCIATION OF AMERICA, LIMITED, ET AL., Respondents. On"
term_23,22-448,2,20230515154002854_Consumer_Advocates_Amicus_brief_-_CFPB_v_CFSA_FINAL_for_printing.pdf,0,True,False,False,,"No. 22-448 IN THE Supreme Court of the United States CONSUMER FINANCIAL PROTECTION BUREAU, ET AL., Petitioners, v. COMMUNITY FINANCIAL SERVICES ASSOCIATION OF AMERICA, LIMITED, ET AL., Respondents. On"
term_23,22-448,3,20230515093528505_22-448_Amicus_Brief_of_Military_and_Veterans_Organizations.pdf,0,True,False,False,,"No. 22-448 IN THE Supreme Court of the United States __________ CONSUMER FINANCIAL PROTECTION BUREAU, ET AL., Petitioners, v. COMMUNITY FINANCIAL SERVICES ASSOCIATION OF AMERICA, LIMITED, ET AL., Resp"
term_23,22-448,4,20230707141206150_2023.7.7.AFPF_Amicus.CFPB_v._CFSA.No.22.448.pdf,0,True,False,False,,"No. 22-448 IN THE Supreme Court of the United States _________________________________________________ CONSUMER FINANCIAL PROTECTION BUREAU, ET AL., Petitioners, v. COMMUNITY FINANCIAL SERVICES ASSOCI"
term_23,22-448,5,20230515134812270_22-448_Final_AARP_CFPB_brief.pdf,0,True,False,False,,"No. 22-448 In the Supreme Court of the United States CONSUMER FINANCIAL PROTECTION BUREAU, ET AL., Petitioners, v. COMMUNITY FINANCIAL SERVICES ASSOCIATION OF AMERICA, LIMITED, ET AL., Respondents. On"
term_23,22-448,6,20230706121101671_43535_pdf_Ebner.pdf,0,True,False,False,,No. 22-448 ================================================================================================================ In The Supreme Court of the United States ---------------------------------♦
term_23,22-448,7,20230710123433465_22-448_bsac_Mulvaney_Final.pdf,0,True,False,False,,"No. 22-448 In the Supreme Court of the United States CONSUMER FINANCIAL PROTECTION BUREAU, ET AL., Petitioners, v. COMMUNITY FINANCIAL SERVICES ASSOCIATION OF AMERICA, LIMITED, ET AL., Respondents. On"
term_23,22-448,8,20230710140635378_22-448_Amicus_Brief_of_132_Members_of_Congress.pdf,0,True,False,False,,"No. 22-448 IN THE Supreme Court of the United States _________ CONSUMER FINANCIAL PROTECTION BUREAU, ET AL., Petitioners, v. COMMUNITY FINANCIAL SERVICES ASSOCIATION OF AMERICA, LIMITED, ET AL., Respo"
term_23,22-448,9,20230515111929890_CFPB_v._CFSA_Professors_Amicus_Brief_-_FINAL.pdf,0,True,False,False,,"No. 22-448 IN THE Supreme Court of the United States CONSUMER FINANCIAL PROTECTION BUREAU, ET AL., Petitioners, v. COMMUNITY FINANCIAL SERVICES ASSOCIATION OF AMERICA, LIMITED, ET AL., Respondents. On"
term_23,22-448,10,20230512171508936_CFSA_v._CFPB_Brief_of_Ag_Orgs_in_Support_of_Petitioners_FINAL_for_printing_5.12.23.pdf,0,True,False,False,,"No. 22-448 In the Supreme Court of the United States CONSUMER FINANCIAL PROTECTION BUREAU, ET AL., Petitioners, v. COMMUNITY FINANCIAL SERVICES ASSOCIATION OF AMERICA, LIMITED, ET AL., Respondents. On"
term_23,22-451,1,20221117152507703_Blanket_Consent_Letter_Loper_Bright_Enterprises.pdf,0,True,False,False,,"November 17, 2022 By eFile Scott S. Harris Clerk of Court Supreme Court of the United States 1 First Street, NE Washington, DC 20543 Re: Loper Bright Enterprises v. Raimondo, No. 22-451 Dear Mr. Harri"
term_23,22-451,2,20230721132159336_22-451_CCJ_TSAC.pdf,0,True,False,False,,"i No. 22-451 In the Supreme Court of the United States LOPER BRIGHT ENTERPRISES, ET AL., Petitioners, v. GINA RAIMONDO, SECRETARY OF COMMERCE, ET AL., Respondents. On Writ of Certiorari to the United "
term_23,22-451,3,20230720091857380_tsac_TechFreedom_No._22-451.pdf,0,True,False,False,,"No. 22-451 IN THE Supreme Court of the United States ___________ LOPER BRIGHT ENTERPRISES, et al., Petitioners, v. GINA RAIMONDO, in her official capacity as Secretary of Commerce, et al., Respondents"
term_23,22-451,4,20230721124931443_22-451acProfessorThomasW.Merrill.pdf,60,True,False,False,,". See, e.g., Becerra v. 13 Christopher J. Walker, Most Cited Supreme Court Administrative Law Decisions, Yale J. Reg. Notice & Comment (Oct. 9, 2014), https://www.yalejreg.com/nc/most-cited-supremecou"
term_23,22-451,5,20230925134742353_2023-09-22_Loper_Brief_FINAL.pdf,0,True,False,False,,"No. 22-451 IN THE Supreme Court of the United States ____________________ LOPER BRIGHT ENTERPRISES, ET AL., Petitioners, v. GINA RAIMONDO, SECRETARY OF COMMERCE, ET AL., Respondents. _________________"
term_23,22-451,6,20230713115147182_43770_pdf_Ebner_combined.pdf,0,True,False,False,,No. 22-451 ================================================================================================================ In The Supreme Court of the United States ---------------------------------♦
term_23,22-451,7,20230922132108343_22-451_Amici_Brief.pdf,0,True,False,False,,"No. 22-451 In the Supreme Court of the United States LOPER BRIGHT ENTERPRISES, et al., Petitioners, v. GINA RAIMONDO, SECRETARY OF COMMERCE, et al., Respondents. On Writ of Certiorari to the United St"
term_23,22-451,8,20230724143335950_22-451_Amicus_Brief_of_NSSF.pdf,0,True,False,False,,"No. 22-451 In the Supreme Court of the United States LOPER BRIGHT ENTERPRISES, ET AL., Petitioners, v. GINA RAIMONDO, SECRETARY OF COMMERCE, ET AL. On Writ of Certiorari to the United States Court of "
term_23,22-451,9,20230922085636754_Loper_Bright_Amicus_FINAL.pdf,0,True,False,False,,"No. 22-451 IN THE Supreme Court of the United States LOPER BRIGHT ENTERPRISES, ET AL., Petitioners, v. GINA RAIMONDO, SECRETARY OF COMMERCE, ET AL., Respondents. On Writ of Certiorari to the United St"
term_23,22-451,10,20230724105732487_22-451_Merits_Amicus_Brief_of_Christian_Employers_Alliance.pdf,0,True,False,False,,"NO. 22-451 IN THE Supreme Court of the United States LOPER BRIGHT ENTERPRISES, INC., ET AL., Petitioners, v. GINA RAIMONDO, IN HER OFFICIAL CAPACITY AS SECRETARY OF COMMERCE, ET AL., Respondents. On W"
term_23,22-500,1,20230602161617726_2023-06-02_Brief_of_Amici_Curiae_AIMU_et_al_ISO_Petitioner.pdf,0,True,False,False,,No. 22-500 ================================================================================================================ In The Supreme Court of the United States ---------------------------------♦
term_23,22-500,2,20230602101143265_01-Great_Lakes_amicus_brief_for_Chamber_and_APCIA.pdf,0,True,False,False,,"No. 22-500 IN THE Supreme Court of the United States ___________ GREAT LAKES INSURANCE SE, Petitioner, v. RAIDERS RETREAT REALTY CO., LLC, Respondent. __________ On Writ of Certiorari to the United St"
term_23,22-500,3,20230526140910603_22-500_Great_Lakes_Brief_Merits.pdf,63,True,False,False,,". at 13-15. Although the case was filed in Florida, see id. at 3-5, the Court said not one word about Florida law or policy. Third, the parties in The Bremen framed their arguments solely in terms of "
term_23,22-500,4,20230531110903539_No._22-500_Brief.pdf,0,True,False,False,,"No. 22-500 IN THE Supreme Court of the United States GREAT LAKES INSURANCE SE, Petitioner, v. RAIDERS RETREAT REALTY CO., LLC, Respondent. On Writ of Certiorari to the United States Court of Appeals f"
term_23,22-500,5,20230605141539019_6_1_23_No._22-500_CORRECTED_merits-stage_amicus_brief_of_New_England_Leg_b4ab0847.pdf,0,True,False,False,,"NO. 22-500 IN THE Supreme Court of the United States GREAT LAKES INSURANCE SE, Petitioner, v. RAIDERS RETREAT REALTY CO., LLC, Respondent. ON A WRIT OF CERTIORARI TO THE UNITED STATES COURT OF APPEALS"
term_23,22-500,6,20230526140910603_22-500_Great_Lakes_Brief_Merits.pdf,0,True,False,False,,"No. 22-500 In the Supreme Court of the United States GREAT LAKES INSURANCE SE, PETITIONER, v. RAIDERS RETREAT REALTY CO., LLC ON WRIT OF CERTIORARI TO THE UNITED STATES COURT OF APPEALS FOR THE THIRD "
term_23,22-500,7,20230526140910603_22-500_Great_Lakes_Brief_Merits.pdf,12,True,False,False,,"XII Other authorities—Continued: William A. Fletcher, The General Common Law and Section 34 of the Judiciary Act of 1789: The Example of Marine Insurance, 97 Harv. L. Rev. 1513 (1984) ................"
term_23,22-500,8,20230106141923233_GreatLakesVsRaidersRetreat--BriefInOpposition--FINAL--010623.pdf,18,True,False,False,,"9 conclusion that Pennsylvania law, rather than New York law, applied to Raiders’ three counterclaims at issue. See Raiders, 521 F. Supp. 3d at 587. Although recognizing that some other courts have ap"
term_23,22-500,9,20221123124025212_Great_Lakes_Insurance_SE_PETITION_FOR_A_WRIT_OR_CERTIORARI.pdf,87,True,False,False,,". Id. at 587-88. The Supreme Court analyzed the case under the framework laid out in The Bremen to evaluate the “reasonableness of the forum clause,” “refin[ing]” the latter case’s analysis “to accoun"
term_23,22-500,10,20221123124025212_Great_Lakes_Insurance_SE_PETITION_FOR_A_WRIT_OR_CERTIORARI.pdf,86,True,False,False,,"10a Appendix A provision would be “unreasonable and unjust,” including, among other things, situations where enforcement would “contravene a strong public policy of the forum in which suit is brought,"
term_23,22-529,1,20221205155237486_Cantero_Petition_Appendix.pdf,46,True,False,False,,". All parties seem to agree that these provisions had no effect on the NBA’s preemption standards, and so do we. But despite this concession, both sets of Plaintiffs nevertheless raise arguments based"
term_23,22-529,2,20231214161611307_Cantero_Amicus_Brief.pdf,0,True,False,False,,"No. 22-529 IN THE Supreme Court of the United States ALEX CANTERO, SAUL R. HYMES, and ILANA HARWAYNE-GIDANSKY, individually and on behalf of all others similarly situated, Petitioners, v. BANK OF AMER"
term_23,22-529,3,20231215173321886_22-529_Cantero_et_al_v._Bank_of_America.pdf,11,True,False,False,,"In the Supreme Court of the United States No. 22-529 ALEX CANTERO, ET AL., INDIVIDUALLY AND ON BEHALF OF ALL OTHERS SIMILARLY SITUATED, PETITIONERS v. BANK OF AMERICA, N.A. ON WRIT OF CERTIORARI TO TH"
term_23,22-529,4,20231215173321886_22-529_Cantero_et_al_v._Bank_of_America.pdf,0,True,False,False,,"No. 22-529 In the Supreme Court of the United States ALEX CANTERO, ET AL., INDIVIDUALLY AND ON BEHALF OF ALL OTHERS SIMILARLY SITUATED, PETITIONERS v. BANK OF AMERICA, N.A. ON WRIT OF CERTIORARI TO TH"
term_23,22-529,5,20230830163453839_22-349_22-529_Flagstar_Bank_v._Kivett_Cantero_v._Bank_of_America.pdf,0,True,False,False,,"Nos. 22-349 and 22-529 In the Supreme Court of the United States FLAGSTAR BANK, N.A., PETITIONER v. WILLIAM KIVETT, ET AL. ALEX CANTERO, ET AL., INDIVIDUALLY AND ON BEHALF OF ALL OTHERS SIMILARLY SITU"
term_23,22-529,6,20231215112448234_22-529_tsac_CSBS_and_AARMR_final.pdf,0,True,False,False,,"No. 22-529 In the Supreme Court of the United States ALEX CANTERO, ET AL., INDIVIDUALLY AND ON BEHALF OF ALL OTHERS SIMILARLY SITUATED, Petitioners, v. BANK OF AMERICA, N.A., Respondent. On Writ of Ce"
term_23,22-529,7,20231215163412073_22-529_tsac_Flagstar_Plaintiffs_Final.pdf,0,True,False,False,,"No. 22-529 IN THE Supreme Court of the United States ALEX CANTERO, SAUL R. HYMES, and ILANA HARWAYNE-GIDANSKY, individually and behalf of all others similarly situated, Petitioners, V. BANK OF AMERICA"
term_23,22-529,8,20221205155237486_Cantero_Petition_Appendix.pdf,50,True,False,False,,". Sonotone Corp., 442 U.S. 330, 341 (1979)). Barnett Bank was explicit that it was applying the “ordinary legal principles of pre-emption,” not announcing a new standard. 517 U.S. at 37. Even under Pl"
term_23,22-529,9,20230830163453839_22-349_22-529_Flagstar_Bank_v._Kivett_Cantero_v._Bank_of_America.pdf,8,True,False,False,,"In the Supreme Court of the United States No. 22-349 FLAGSTAR BANK, N.A., PETITIONER v. WILLIAM KIVETT, ET AL. No. 22-529 ALEX CANTERO, ET AL., INDIVIDUALLY AND ON BEHALF OF ALL OTHERS SIMILARLY SITUA"
term_23,22-529,10,20221205155237486_Cantero_Petition_Appendix.pdf,47,True,False,False,,-App. 26athe exercise by the national bank of its powers”; or (C) if the law “is preempted by a provision of Federal law other than title 62 of the Revised Statutes.” 12 U.S.C. § 25b(b)(1). At issue i
term_23,22-585,1,20221221180300269_Culley_Appendix_December_21_2022_EFile.pdf,101,True,False,False,,". This may be a novel approach by the Plaintiff, but as it is an ultimate legal determination, the Court must determine whether she states a 9 Plaintiff cites United States v. Kajakajian, 521 U.S. 321"
term_23,22-585,2,20230629110829932_1-Brief_of_Amici_Curiae_in_Support_of_Petitioners.pdf,0,True,False,False,,"No. 22-585 In The Supreme Court of the United States HALIMA TARIFFA CULLEY, ET AL., Petitioners, v. STEVEN T. MARSHALL, ATTORNEY GENERAL OF ALABAMA, ET AL., Respondents. On Writ of Certiorari to the U"
term_23,22-585,3,20230629142005255_22-585_tsac_Buckey_Inst_Final.pdf,0,True,False,False,,"No. 22-585 In The Supreme Court of the United States HALIMA TARIFFA CULLEY, ET AL., Petitioners, v. STEVEN T. MARSHALL, ATTORNEY GENERAL OF ALABAMA, ET AL. , Respondents. On Writ of Certiorari To the "
term_23,22-585,4,20230216155922500_22-585_cert-stage_tsac_Restore_the_Fourth_Inc.pdf,9,True,False,False,,". 43, 53 (1993). These three factors—or Mathews test—are the paramount rule for assessing what due process requires “under any given set of circumstances.” Morrissey, 408 U.S. at 481–82 (bold added). "
term_23,22-585,5,20230814135515561_22-585BriefForRespondentsCityOfSatsumaAndTownOfLeesburgAlabama.pdf,46,True,False,False,,". On the day they were served with the civil forfeiture complaints, Culley and Sutton could have filed summary judgment motions and requested expedited hearings to make legal arguments and to provide "
term_23,22-585,6,20230818142536274_Amicus_Brief_Wayne_County.pdf,0,True,False,False,,No. 22-585 ================================================================================================================ In The Supreme Court of the United States ---------------------------------♦
term_23,22-585,7,20230821124919018_08.21.2023_FINAL_Culley_Amicus_For_Printing.pdf,0,True,False,False,,"No. 22-585 IN THE Supreme Court of the United States HALIMA TARIFFA CULLEY, ET AL., Petitioners, v. STEVEN T. MARSHALL, ATTORNEY GENERAL OF ALABAMA, ET AL., Respondents. ON WRIT OF CERTIORARI TO THE U"
term_23,22-585,8,20230821155831398_44145_pdf_Georgia.pdf,0,True,False,False,,"No. 22-585 In The Supreme Court of the United States ----------------------------------------------------------------------- HALIMA TARIFFA CULLEY, et al., Petitioners, v. STEVEN T. MARSHALL, Attorney"
term_23,22-585,9,20230821171523980_22-585_Culley_et_al._v._Marshall_et_al.pdf,11,True,False,False,,"In the Supreme Court of the United States No. 22-585 HALIMA TARIFFA CULLEY, ET AL., PETITIONERS v. STEVEN T. MARSHALL, ATTORNEY GENERAL OF ALABAMA, ET AL. ON WRIT OF CERTIORARI TO THE UNITED STATES CO"
term_23,22-585,10,20230629125804450_22-585TheNationalFederationOfIndependentSmallBusinessLegalCenterInc..pdf,0,True,False,False,,"No. 22-585 IN THE Supreme Court of the United States ———— HALIMA TARIFFA CULLEY, et al., Petitioners, v. STEVEN T. MARSHALL, ATTORNEY GENERAL OF ALABAMA, et al., Respondents. ———— On Writ of Certiorar"
term_23,22-611,1,20230630132720480_22-324_and_22-611_Amicus_Brief.pdf,0,True,False,False,,"Nos. 22-324, 22-611 IN THE Supreme Court of the United States MICHELLE O’CONNOR-RATCLIFF, ET AL., Petitioners, v. CHRISTOPHER GARNIER, ET UX., Respondents. KEVIN LINDKE, Petitioner, v. JAMES R. FREED,"
term_23,22-611,2,20230815175747110_22-611bsacUnitedStates.pdf,7,True,False,False,,"VI Miscellaneous: @CoCapWatch on X, https://twitter.com/cocapwatch ...... 24 @HouseFloor on X, https://twitter.com/housefloor ........ 24 @oyez on X, https://twitter.com/oyez.........................."
term_23,22-611,3,20230630141010553_22-611tsacAmericanAtheistsInc.pdf,0,True,False,False,,"No. 22-611 IN THE Supreme Court of the United States ———— KEVIN LINDKE, Petitioner, v. JAMES R. FREED, Respondent. ———— On Writ of Certiorari to the United States Court of Appeals for the Sixth Circui"
term_23,22-611,4,20230630170439817_22-611_Amicus_BOM_IMLA.pdf,0,True,False,False,,"No. 22-611 In the Supreme Court of the United States __________________ KEVIN LINDKE, Petitioner, v. JAMES R. FREED, Respondent. __________________ On Writ of Certiorari to the United States Court of "
term_23,22-611,5,20230303135823259_22-611_Brief_in_Opposition.pdf,0,True,False,False,,"No. 22-611 In the Supreme Court of the United States Kevin Lindke, Petitioner, v. James R. Freed, Respondent. On Petition for a Writ of Certiorari to the United States Court of Appeals for the Sixth C"
term_23,22-611,6,20230808164032379_22-611_Brief_of_Respondent.pdf,0,True,False,False,,"No. 22-611 In the Supreme Court of the United States KEVIN LINDKE, Petitioner, v. JAMES R. FREED Respondent. On Writ of Certiorari to the United States Court of Appeals for the Sixth Circuit BRIEF OF "
term_23,22-611,7,20230623142720841_22-611_--_Joint_Appendix_-_06-21-2023_-_JA1-JA200_rtf.pdf,0,True,False,False,,"No. 22-611 IN THE Supreme Court of the United States ———— KEVIN LINDKE, Petitioner, v. JAMES R. FREED, Respondent. ———— ON WRIT OF CERTIORARI TO THE UNITED STATES COURT OF APPEALS FOR THE SIXTH CIRCUI"
term_23,22-611,8,20230713155024790_22-324_and_22-611_Amicus_Brief.pdf,0,True,False,False,,"Nos. 22-324 and 22-611 In the Supreme Court of the United States Michelle O’Connor-Ratcliff, et al., Petitioners, v. Christopher Garnier, et ux., Respondents. Kevin Lindke, Petitioner, v. James R. Fre"
term_23,22-611,9,20230630145059071_22-611_Amicus_Brief.pdf,0,True,False,False,,"No. 22-611 In The Supreme Court of the United States KEVIN LINDKE, Petitioner, v. JAMES R. FREED, Respondent. On Writ of Certiorari to the United States Court of Appeals for the Sixth Circuit BRIEF OF"
term_23,22-611,10,20230630142957524_22-611_Lindke_v._Freed_Amicus_Brief.pdf,0,True,False,False,,"No. 22-611 IN THE Supreme Court of the United States d KEVIN LINDKE, Petitioner, —v.— JAMES R. FREED, Respondent. ON WRIT OF CERTIORARI TO THE UNITED STATES COURT OF APPEALS FOR THE SIXTH CIRCUIT BRIE"
term_23,22-6389,1,20230712140735490_Brown_-_Opening_Brief_Final_A.pdf,0,True,False,False,,"No. 22-6389 IN THE Supreme Court of the United States ___________ JUSTIN RASHAAD BROWN Petitioner, v. UNITED STATES OF AMERICA Respondent. ___________ On Writ of Certiorari to the United States Court "
term_23,22-6389,2,20230920171608129_Brown_-_Reply_Brief.pdf,0,True,False,False,,"No. 22-6389 IN THE Supreme Court of the United States ___________ JUSTIN RASHAAD BROWN Petitioner, v. UNITED STATES OF AMERICA Respondent. ___________ On Writ of Certiorari to the United States Court "
term_23,22-6389,3,20230821104804694_Nos._22-6389_22-6640_Brown_Jackson_v._USA.pdf,12,True,False,False,,"In the Supreme Court of the United States No. 22-6389 JUSTIN RASHAAD BROWN, PETITIONER v. UNITED STATES OF AMERICA No. 22-6640 EUGENE JACKSON, PETITIONER v. UNITED STATES OF AMERICA ON WRITS OF CERTIO"
term_23,22-6389,4,20230821104804694_Nos._22-6389_22-6640_Brown_Jackson_v._USA.pdf,0,True,False,False,,"Nos. 22-6389 and 22-6640 In the Supreme Court of the United States JUSTIN RASHAAD BROWN, PETITIONER v. UNITED STATES OF AMERICA EUGENE JACKSON, PETITIONER v. UNITED STATES OF AMERICA ON WRITS OF CERTI"
term_23,22-6389,5,20230712141119727_22-6389_Joint_Appendix_A.pdf,0,True,False,False,,"No. 22-6389 IN THE Supreme Court of the United States ———— JUSTIN RASHAAD BROWN, Petitioner, v. UNITED STATES OF AMERICA, Respondent. ———— On Writ of Certiorari to the United States Court of Appeals f"
term_23,22-6389,6,20230719131516357_Brown_Jackson_-_NACDL_merits_amicus_brief.pdf,0,True,False,False,,"Nos. 22-6389 & 22-6640 In the Supreme Court of the United States JUSTIN RASHAAD BROWN, Petitioner, v. UNITED STATES OF AMERICA, Respondent. EUGENE JACKSON, Petitioner, v. UNITED STATES OF AMERICA, Res"
term_23,22-6389,7,20230719145638475_20230719_FAMM_Brief_TO_FILE.pdf,0,True,False,False,,"Nos. 22-6389 and 22-6640 In the Supreme Court of the United States —————— JUSTIN RASHAAD BROWN, Petitioner, v. UNITED STATES OF AMERICA, Respondent. —————— EUGENE JACKSON, Petitioner, v. UNITED STATES"
term_23,22-6389,8,20230719143933658_22-6640_tsac_Clause_40_Foundation.pdf,11,True,False,False,,". This interpretation is in opposition to the approach taken by other circuit courts 1 Under Supreme Court Rule 37.6, no counsel for a party authored this brief in whole or part, nor did any person or"
term_23,22-6389,9,20230719145638475_20230719_FAMM_Brief_TO_FILE.pdf,9,True,False,False,,"INTEREST OF AMICUS CURIAE FAMM, previously known as Families Against Mandatory Minimums, is a national nonprofit, nonpartisan organization of over 77,500 members, founded in 1991. FAMM’s mission is t"
term_23,22-6389,10,20230712141119727_22-6389_Joint_Appendix_A.pdf,25,True,False,False,,"14 involv[ing] sentencing enhancements under the . . . ACCA . . . nevertheless bind our [Guidelines] analysis.” 743 F.3d 389, 394 n.2 (3d Cir. 2014), abrogated on other grounds by Johnson v. United St"
term_23,22-660,1,20230705145122599_22-660_tsac_Academy_of_Rail_Labor_Attorneys.pdf,0,True,False,False,,"No. 22-660 In The Supreme Court of the United States ____________________________________ TREVOR MURRAY, Petitioner, v. UBS SECURITIES, LLC AND UBS AG, Respondents. ___________________________________"
term_23,22-660,2,20230630133443013_NWC_FINAL_UBS_v._Murray_Amicus_Brief.pdf,0,True,False,False,,"No. 22-660 In The Supreme Court of the United States TREVOR MURRAY, Petitioner, v. UBS SECURITIES LLC, AND UBS AG, Respondents. On Writ of Certiorari to the United States Court of Appeals for the Seco"
term_23,22-660,3,20230705142518131_22-660tsacUnitedStates.pdf,16,True,False,False,,"In the Supreme Court of the United States No. 22-660 TREVOR MURRAY, PETITIONER v. UBS SECURITIES, LLC, ET AL. ON WRIT OF CERTIORARI TO THE UNITED STATES COURT OF APPEALS FOR THE SECOND CIRCUIT BRIEF F"
term_23,22-660,4,20230705122809495_Murray_Merits_Stage_Amicus_FINAL.pdf,0,True,False,False,,"No. 22-660 IN THE Supreme Court of the United States TREVOR MURRAY, Petitioner, v. UBS SECURITIES, LLC AND UBS AG, Respondents. On Writ of Certiorari to the United States Court of Appeals for the Seco"
term_23,22-660,5,20230217140257020_Murray_Amicus_FINAL.pdf,0,True,False,False,,"No. 22-660 IN THE Supreme Court of the United States TREVOR MURRAY, Petitioner, v. UBS SECURITIES, LLC AND UBS AG, Respondents. On Petition for a Writ of Certiorari to the United States Court of Appea"
term_23,22-660,6,20230705142518131_22-660tsacUnitedStates.pdf,0,True,False,False,,"No. 22-660 In the Supreme Court of the United States TREVOR MURRAY, PETITIONER v. UBS SECURITIES, LLC, ET AL. ON WRIT OF CERTIORARI TO THE UNITED STATES COURT OF APPEALS FOR THE SECOND CIRCUIT BRIEF F"
term_23,22-660,7,20230630121816723_Murray_Merits_Congressional_Amicus_Brief_-Printer.pdf,0,True,False,False,,"No. 22-660 In The Supreme Court of the United States TREVOR MURRAY, Petitioner, v. UBS SECURITIES, LLC AND UBS AG, Respondents. On Writ of Certiorari to the United States Court of Appeals for the Seco"
term_23,22-660,8,20230630121816723_Murray_Merits_Congressional_Amicus_Brief_-Printer.pdf,5,True,False,False,,. Senator Grassley thus has a strong interest in ensuring that the Court interprets SOX in accordance with the plain text and congressional intent. Amicus Senator Ron Wyden serves as ViceChairman of t
term_23,22-660,9,20230627161442900_22-660_ja_final.pdf,0,True,False,False,,"No. 22-660 IN THE TREVOR MURRAY, Petitioner, v. UBS SECURITIES, LLC AND UBS AG, Respondents.. On Writ of Certiorari to the United States Court of Appeals for the Second Circuit JOINT APPENDIX Eugene S"
term_23,22-660,10,20230630133443013_NWC_FINAL_UBS_v._Murray_Amicus_Brief.pdf,7,True,False,False,,"4 ARGUMENT I. A BURDEN OF PROOF STANDARD REFLECTS A THOUGHTFUL ALLOCATION OF RISK IN LIGHT OF SOCIETAL INTERESTS. The Supreme Court has spoken on the general purpose, functions, and implications of bu"
term_23,22-666,1,20230905133625967_Wilkinson_v_Garland_VAWA_Amicus_Brief_PDFA.pdf,0,True,False,False,,"No. 22-666 In the Supreme Court of the United States SITU KAMU WILKINSON, PETITIONER v. MERRICK B. GARLAND, ATTORNEY GENERAL ON WRIT OF CERTIORARI TO THE UNITED STATES COURT OF APPEALS FOR THE THIRD C"
term_23,22-666,2,20230829185728155_22-666_Wilkinson_v._Garland_--_Brief_for_Petitioner.pdf,0,True,False,False,,"No. 22-666 IN THE Supreme Court of the United States SITU KAMU WILKINSON, Petitioner, v. MERRICK B. GARLAND, ATTORNEY GENERAL, Respondent. On Writ of Certiorari to the United States Court of Appeals f"
term_23,22-666,3,20230905133625967_Wilkinson_v_Garland_VAWA_Amicus_Brief_PDFA.pdf,6,True,False,False,,"Michael Runner et al., Family Violence Prevention Fund, Robert Wood Johnson Foundation, Intimate Partner Violence in Immigrant and Refugee Communities: Challenges, Promising Practices and Recommendati"
term_23,22-666,4,20230905150710194_22-666_tsacFormerEOIR_Judges.pdf,0,True,False,False,,"No. 22-666 IN THE Supreme Court of the United States SITU KAMU WILKINSON, Petitioner, v. MERRICK B. GARLAND, ATTORNEY GENERAL, Respondent. ON WRIT OF CERTIORARI TO THE UNITED STATES COURT OF APPEALS F"
term_23,22-666,5,20230905125311061_AILA_Amicus_Brief.pdf,0,True,False,False,,"No. 22-666 IN THE Supreme Court of the United States _______________ SITU KAMU WILKINSON, Petitioner, v. MERRICK B. GARLAND, ATTORNEY GENERAL, Respondent. _______________ On Writ Of Certiorari To The "
term_23,22-666,6,20230905150710194_22-666_tsacFormerEOIR_Judges.pdf,10,True,False,False,,"vii TABLE OF AUTHORITIES—Continued Page Taylor, Margaret H., Refugee Roulette in an Administrative Law Context: The Deja vu of Decisional Disparities in Agency Adjudication, 28 J. Nat’l Ass’n Admin. L"
term_23,22-666,7,20230829185728155_22-666_Wilkinson_v._Garland_--_Brief_for_Petitioner.pdf,79,True,False,False,,"37 Id. at 1073; Patel, 142 S. Ct. at 1623. Even the two dissenting Justices in Guerrero-Lasprilla recognized this to be the scope of the majority’s decision, noting that the majority had “categoricall"
term_23,22-666,8,20230829185728155_22-666_Wilkinson_v._Garland_--_Brief_for_Petitioner.pdf,12,True,False,False,,"INTRODUCTION This case involves a straightforward application of this Court’s recent decision in Guerrero-Lasprilla v. Barr, 140 S. Ct. 1062 (2020). That case, like this one, involved 8 U.S.C. § 1252("
term_23,22-666,9,20230905133625967_Wilkinson_v_Garland_VAWA_Amicus_Brief_PDFA.pdf,9,True,False,False,,"3 trains and provides technical support to local law enforcement officials, civil and criminal court judges, and domestic violence advocates, as well as nonprofit, pro bono, and private attorneys work"
term_23,22-666,10,20230829185728155_22-666_Wilkinson_v._Garland_--_Brief_for_Petitioner.pdf,89,True,False,False,,"42 canon is meant to prevent. See Hertz, 559 U.S. at 94. The parties spend much of their appellate briefing trying to artfully frame the issues in a way that will allow them to obtain or preclude judi"
term_23,22-674,1,20230727180042024_Merit_Extension_Letter_22-674_22-884.pdf,0,True,False,False,,"U.S. Department of Justice Off ice of the Solicitor General The Solicitor General Washington, D.C. 20530 July 27, 2023 Honorable Scott S. Harris Clerk Supreme Court of the United States Washington, D."
term_23,22-674,2,20231117141706794_22-674rbUnitedStates.pdf,0,True,False,False,,"Nos. 22-674 and 22-884 In the Supreme Court of the United States MORIS ESMELIS CAMPOS-CHAVES, PETITIONER v. MERRICK B. GARLAND, ATTORNEY GENERAL MERRICK B. GARLAND, ATTORNEY GENERAL, PETITIONER v. VAR"
term_23,22-674,3,20231018165607795_231018_Campos-Chaves_Response_Brief_22-674.pdf,0,True,False,False,,"No. 22-674 IN THE Supreme Court of the United States ________ MORIS ESMELIS CAMPOS-CHAVES, Petitioner, v. MERRICK B. GARLAND, ATTORNEY GENERAL, Respondent. __________________ On Writ of Certiorari to "
term_23,22-674,4,20230830130701479_22-674bsUnitedStates.pdf,0,True,False,False,,"Nos. 22-674 and 22-884 In the Supreme Court of the United States MORIS ESMELIS CAMPOS-CHAVES, PETITIONER v. MERRICK B. GARLAND, ATTORNEY GENERAL MERRICK B. GARLAND, ATTORNEY GENERAL, PETITIONER v. VAR"
term_23,22-674,5,20231031134947831_22-674_-884_Linguist_Amici_Brief_Final.pdf,0,True,False,False,,"Nos. 22-674 & 22-884 In the Supreme Court of the United States MORIS ESMELIS CAMPOS-CHAVES, Petitioner, v. MERRICK B. GARLAND, ATTORNEY GENERAL, Respondent. ------------- MERRICK B. GARLAND, ATTORNEY "
term_23,22-674,6,20231117141706794_22-674rbUnitedStates.pdf,9,True,False,False,,"In the Supreme Court of the United States No. 22-674 MORIS ESMELIS CAMPOS-CHAVES, PETITIONER v. MERRICK B. GARLAND, ATTORNEY GENERAL No. 22-884 MERRICK B. GARLAND, ATTORNEY GENERAL, PETITIONER v. VARI"
term_23,22-674,7,20231025105727867_22-674_and_22-884_bsac_National_Immigrant_Justice_Center.pdf,0,True,False,False,,"Nos. 22-674 and 22-884 IN THE Supreme Court of the United States ____________________ MORIS ESMELIS CAMPOS-CHAVES, Petitioner, v. MERRICK B. GARLAND, ATTORNEY GENERAL, Respondent. ____________________"
term_23,22-674,8,20240612111810736_22-674_BIO_Campos-Chaves_032423.1.pdf,5,True,False,False,,"In the Supreme Court of the United States No. 22-674 MORIS ESMELIS CAMPOS-CHAVES, PETITIONER v. MERRICK B. GARLAND, ATTORNEY GENERAL ON PETITION FOR A WRIT OF CERTIORARI TO THE UNITED STATES COURT OF "
term_23,22-674,9,20230830130916833_22-674_22-884_Singh_Campos_Chaves_JA.pdf,0,True,False,False,,"Nos. 22-674 and 22-884 In the Supreme Court of the United States MORIS ESMELIS CAMPOS-CHAVES, PETITIONER v. MERRICK B. GARLAND, ATTORNEY GENERAL MERRICK B. GARLAND, ATTORNEY GENERAL, PETITIONER v. VAR"
term_23,22-674,10,20230830130701479_22-674bsUnitedStates.pdf,14,True,False,False,,"IX Miscellaneous—Continued: Page H.R. Rep. No. 469, 104th Cong., 2d Sess. Pt. 1 (1996) .......................................... 47, 48, 49, 51 Antonin Scalia & Bryan A. Garner, Reading Law (2012) .."
term_23,22-704,1,20230905184138600_Elster_Merits_Brief.pdf,0,True,False,False,,"No. 22-704 In the Supreme Court of the United States KATHERINE K. VIDAL, Under Secretary of Commerce for Intellectual Property and Director, United States Patent and Trademark Office, Petitioner, v. S"
term_23,22-704,2,20230905084328489_Brief_of_Amicus_Curiae_Samuel_F_Ernst_in_Support_of_Respondent.pdf,18,True,False,False,,"restriction, because it discriminates-6based on the subject matter being discussed, it is nonetheless subject to strict scrutiny under the Court’s precedent. At the very least the provision is subject"
term_23,22-704,3,20230801131335328_AIPLA_Elster_Amicus_Brief-07262023.pdf,0,True,False,False,,"No. 22-704 IN THE Supreme Court of the United States ____________________ KATHERINE K. VIDAL, UNDER SECRETARY OF COMMERCE FOR INTELLECTUAL PROPERTY AND DIRECTOR, UNITED STATES PATENT AND TRADEMARK OFF"
term_23,22-704,4,20230801154808094_44041_Handal_Amicus_Brief.pdf,0,True,False,False,,No. 22-704 ================================================================================================================ In The Supreme Court of the United States ---------------------------------♦
term_23,22-704,5,20230905084328489_Brief_of_Amicus_Curiae_Samuel_F_Ernst_in_Support_of_Respondent.pdf,0,True,False,False,,"No. 22-704 In the Supreme Court of the United States KATHERINE K. VIDAL, Under Secretary of Commerce for Intellectual Property and Director, United States Patent and Trademark Office, Petitioner, v. S"
term_23,22-704,6,20230801160049732_2023.07.31_Vidal_v_Elster_amicus_brief_-_final.pdf,0,True,False,False,,"No. 22-704 IN THE Supreme Court of the United States KATHERINE K. VIDAL, UNDER SECRETARY OF COMMERCE FOR INTELLECTUAL PROPERTY AND DIRECTOR, UNITED STATES PATENT AND TRADEMARK OFFICE, Petitioner, v. S"
term_23,22-704,7,20230221202516427_Handal_Amicus_Brief.pdf,0,True,False,False,,No. 22-704 ================================================================================================================ In The Supreme Court of the United States ---------------------------------♦
term_23,22-704,8,20230905084328489_Brief_of_Amicus_Curiae_Samuel_F_Ernst_in_Support_of_Respondent.pdf,19,True,False,False,,". Accordingly, most of the government’s case relies on arguments that section 3 It is unclear precisely which standard of review the government is advocating. The government brief never comes right ou"
term_23,22-704,9,20230801170554931_22-704_Amicus_Brief.pdf,0,True,False,False,,"No. 22-704 In the Supreme Court of the United States Katherine K. Vidal, Under Secretary of Commerce for Intellectual Property and Director, United States Patent and Trademark Office, Petitioner, v. S"
term_23,22-704,10,20230801154808094_44041_Handal_Amicus_Brief.pdf,35,True,False,False,,23 an interest actually exists. But Section 2(c) goes far beyond preventing deception or false association and gives the public figure a means to deny registration to marks when no deception or false 
term_23,22-721,1,20230405141644813_22-721_Resp._Br..pdf,41,True,False,False,,"20 II. McElrath could have raised these arguments previously and chose not to do so. Setting aside the merits of whether repugnant verdicts preclude retrial, this case is a poor vehicle to decide that"
term_23,22-721,2,20231013150739490_McElrath_Response_Br..pdf,0,True,False,False,,"No. 22-721 In The Supreme Court of the United States ----------------------------------------------------------------------- DAMIAN MCELRATH, Petitioner, v. THE STATE OF GEORGIA, Respondent. ---------"
term_23,22-721,3,20230405141644813_22-721_Resp._Br..pdf,13,True,False,False,,". And given the Georgia Supreme Court’s treatment of repugnant verdicts in Turner, 283 Ga. at 19–21, it may very well accept those arguments, rendering McElrath’s follow-on double jeopardy arguments p"
term_23,22-721,4,20230405141644813_22-721_Resp._Br..pdf,0,True,False,False,,No. 22-721 ================================================================================================================ In The Supreme Court of the United States ----------------------------------
term_23,22-721,5,20230405141644813_22-721_Resp._Br..pdf,12,True,False,False,,"4 is that the Georgia Supreme Court erred by vacating his acquittal after determining that his verdicts were repugnant and therefore void. As a matter of Georgia law, that may or may not be correct. B"
term_23,22-721,6,20230405141644813_22-721_Resp._Br..pdf,45,True,False,False,,"23 are, again, exceedingly rare) is free to press the arguments in the Georgia Supreme Court that McElrath failed to make during his first appeal and now seeks to repackage here. And, again, it is qui"
term_23,22-721,7,20230405141644813_22-721_Resp._Br..pdf,2,True,False,False,,ii TABLE OF CONTENTS Page Question Presented ............................................. i Table of Authorities ............................................. iii Introduction .......................
term_23,22-721,8,20230905173213344_Amicus_Brief.pdf,0,True,False,False,,"No. 22-721 In the Supreme Court of the United States DAMIAN MCELRATH, Petitioner, v. GEORGIA, Respondent. On Writ of Certiorari to the Supreme Court of the State of Georgia BRIEF OF AMICUS CURIAE GEOR"
term_23,22-721,9,20230405141644813_22-721_Resp._Br..pdf,43,True,False,False,,". For that very reason, it is also not clear that the court would ever repeat that decision in a future case. In McElrath II, 315 Ga. at 128, the court rejected McElrath’s attempts to reopen the quest"
term_23,22-721,10,20230414161633035_22-721_Reply_Brief.pdf,12,True,False,False,,"11 Supra, 3–7. Even if this holding affected only a small number of cases, it would warrant review by this Court because it authorizes the State and its courts to deny defendants in Georgia a fundamen"
term_23,22-7386,1,20231204162603869_22-7386_McIntosh_v_United_States_Brief_of_Amicus_Curiae_NY_Council_of_De_4296eb78.pdf,0,True,False,False,,"No. 22-7386 IN THE Supreme Court of the United States d LOUIS MCINTOSH, AKA LOU D, Petitioner, —v.— UNITED STATES, Respondent. ON WRIT OF CERTIORARI TO THE UNITED STATES COURT OF APPEALS FOR THE SECON"
term_23,22-7386,2,20231127150008203_McIntosh_Joint_Appendix_-_FINAL_-_to_print.pdf,0,True,False,False,,"No. 22-7386 IN THE Supreme Court of the United States _______________________ LOUIS MCINTOSH, Petitioner, v. UNITED STATES, Respondent. _______________________ On Writ of Certiorari to the United Stat"
term_23,22-7386,3,20231204155404202_McIntosh_v_United_States_22-7386_Brief_Amicus_Curiae_of_National_Associa_1f3650e2.pdf,0,True,False,False,,"No. 22-7386 IN THE Supreme Court of the United States ___________ LOUIS MCINTOSH, Petitioner, v. UNITED STATES, Respondent. ___________ ON WRIT OF CERTIORARI TO THE UNITED STATES COURT OF APPEALS FOR "
term_23,22-7386,4,20231127145352936_McIntosh_Opening_Brief_-_final.pdf,0,True,False,False,,"No. 22-7386 IN THE Supreme Court of the United States _______________________ LOUIS MCINTOSH, Petitioner, v. UNITED STATES, Respondent. _______________________ On Writ of Certiorari to the United Stat"
term_23,22-7386,5,20231127150008203_McIntosh_Joint_Appendix_-_FINAL_-_to_print.pdf,140,True,False,False,,"109 10,264 at 3.) As described above, defendant’s argument on this point lacks factual and legal support. McIntosh presents no evidence to rebut the government’s affirmation that the vehicle remains i"
term_23,22-7386,6,20240110152445974_22-7386bsUnitedStates.pdf,0,True,False,False,,"No. 22-7386 In the Supreme Court of the United States LOUIS MCINTOSH, AKA LOU D, PETITIONER v. UNITED STATES OF AMERICA ON WRIT OF CERTIORARI TO THE UNITED STATES COURT OF APPEALS FOR THE SECOND CIRCU"
term_23,22-7386,7,20231127150008203_McIntosh_Joint_Appendix_-_FINAL_-_to_print.pdf,168,True,False,False,,". See United States v. McIntosh, 24 F.4th 857 (2d Cir. 2022); United States v. McIntosh, No. 14-1908, 2022 WL 274225 (2d Cir. Jan. 31, 2022). On July 26, 2022, McIntosh filed a petition for a writ of "
term_23,22-7386,8,20231127150008203_McIntosh_Joint_Appendix_-_FINAL_-_to_print.pdf,193,True,False,False,,". In doing so, the court followed our then controlling precedent. See United States v. Chavez, 549 F.3d 119, 135 (2d Cir. 2008). Subsequently, however, the Supreme Court held that a sentencing court i"
term_23,22-7386,9,20230731104414791_22-7386_McIntosh_Opp.pdf,1,True,False,False,,"ADDITIONAL RELATED PROCEEDINGS United States District Court (S.D.N.Y.): United States v. McIntosh, No. 11-cr-500 (Aug. 8, 2017) United States Court of Appeals (2d Cir.): McIntosh v. United States, No."
term_23,22-7386,10,20240110152445974_22-7386bsUnitedStates.pdf,13,True,False,False,,"IX Miscellaneous—Continued: Page Money Laundering and Asset Recovery Section: Asset Forfeiture Policy Manual (2023) ......................................................... 26, 30, 40 Victims (Dec. 2"
term_23,22-800,1,20230906115344056_44045_Ebner_combined.pdf,8,True,False,False,,"5 language meant to confine [the changes] to income taxes alone.”) (internal quotation marks omitted); see also Erik M. Jensen, The Taxing Power, the Sixteenth Amendment, and the Meaning of “Incomes,”"
term_23,22-800,2,20230906131442418_Moore_v._United_States_No._22-800_Brief_of_Individual_Taxpayers_as_Amici_bbbce043.pdf,0,True,False,False,,"No. 22-800 In the Supreme Court of the United States CHARLES G. MOORE AND KATHLEEN F. MOORE, Petitioners, v. UNITED STATES OF AMERICA, Respondent. On Writ of Certiorari to the U.S. Court of Appeals fo"
term_23,22-800,3,20230907135608976_NTUF_Amicus_-_Moore_v_United_States_for_filing.pdf,0,True,False,False,,"No. 22-800 IN THE Supreme Court of the United States __________________ CHARLES G. MOORE, ET UX., Petitioners, v. UNITED STATES, Respondent. __________________________ On Writ of Certiorari to the Uni"
term_23,22-800,4,20231011152527608_Moore_v_US_Amicus_Brief_of_Theodore_Seto.pdf,0,True,False,False,,No. 22-800 ================================================================================================================ In The Supreme Court of the United States ---------------------------------♦
term_23,22-800,5,20230908232057992_43920_pdf_Amicus_Moore_as_submitted.pdf,0,True,False,False,,No. 22-800 ================================================================================================================ In The Supreme Court of the United States ---------------------------------♦
term_23,22-800,6,20230516164014148_22-800_Moore_v._USA.pdf,0,True,False,False,,"No. 22-800 In the Supreme Court of the United States CHARLES G. MOORE, ET AL., PETITIONERS v. UNITED STATES OF AMERICA ON PETITION FOR A WRIT OF CERTIORARI TO THE UNITED STATES COURT OF APPEALS FOR TH"
term_23,22-800,7,20230906161504962_PRI_Amicus_Brief.pdf,0,True,False,False,,"No. 22-800 In the Supreme Court of the United States CHARLES G. MOORE, ET UX., Petitioners, v. UNITED STATES On Writ of Certiorari to the United States Court of Appeals for the Ninth Circuit BRIEF OF "
term_23,22-800,8,20230905172124116_44049_pdf_Cooperstein.pdf,0,True,False,False,,No. 22-800 ================================================================================================================ In The Supreme Court of the United States ---------------------------------♦
term_23,22-800,9,20230906121314854_22-800_Amicus_BOM_Sixteenth_Amendment_Insights.pdf,0,True,False,False,,"No. 22-800 In the Supreme Court of the United States __________________ CHARLES G. MOORE, ET UX., Petitioners, v. UNITED STATES, Respondent. __________________ On Writ of Certiorari to the United Stat"
term_23,22-800,10,20230516164014148_22-800_Moore_v._USA.pdf,25,True,False,False,,". And because the MRT is a one-time tax applicable only to pre-2018 income, the case lacks pressing prospective importance. This Court’s review is unwarranted. 1. The court of appeals correctly held t"
term_23,22-807,1,20230714170332410_Alexander_Amicus_Brief_22-807_revised.pdf,0,True,False,False,,"No. 22-807 In the Supreme Court of the United States THOMAS C. ALEXANDER, IN HIS OFFICIAL CAPACITY AS PRESIDENT OF THE SOUTH CAROLINA SENATE, ET AL., APPELLANTS v. THE SOUTH CAROLINA STATE CONFERENCE "
term_23,22-807,2,20230714170332410_Alexander_Amicus_Brief_22-807_revised.pdf,6,True,False,False,,"In the Supreme Court of the United States No. 22-807 THOMAS C. ALEXANDER, IN HIS OFFICIAL CAPACITY AS PRESIDENT OF THE SOUTH CAROLINA SENATE, ET AL., APPELLANTS v. THE SOUTH CAROLINA STATE CONFERENCE "
term_23,22-807,3,20230223140757233_Corrected_Alexander_v._S.C._State_Conference_of_the_NAACP_-_Jurisdiction_eeb28e2d.pdf,21,True,False,False,,". Upon completion of the trial testimony, the Court directed the parties to submit proposed findings of fact and conclusions of law and then conducted closing arguments on November 29, 2022. The case "
term_23,22-807,4,20230714091446920_22-807_Amicus_Brief.pdf,0,True,False,False,,"No. 22-807 In the Supreme Court of the United States THOMAS C. ALEXANDER, in His Official Capacity as President of the South Carolina Senate, et al., Appellants, v. THE SOUTH CAROLINA STATE CONFERENCE"
term_23,22-807,5,20230714125050308_22-807_Amicus_NRRT_Supp._Appellants.pdf,0,True,False,False,,"No. 22-807 In The Supreme Court of the United States THOMAS C. ALEXANDER, et al., Appellants, v. THE SOUTH CAROLINA STATE CONFERENCE OF THE NAACP, et al., Appellees. On Appeal from the United States D"
term_23,22-807,6,20230707124157639_SC_Redistricting_-_Merits_Brief_FINAL_.pdf,0,True,False,False,,"No. 22-807 IN THE Supreme Court of the United States THOMAS C. ALEXANDER, ET AL., Appellants, v. THE SOUTH CAROLINA STATE CONFERENCE OF THE NAACP, ET AL., Appellees. On Appeal from the United States D"
term_23,22-807,7,20230223140757233_Corrected_Alexander_v._S.C._State_Conference_of_the_NAACP_-_Jurisdiction_eeb28e2d.pdf,36,True,False,False,,19a determine whether race predominated in the drawing of any of the challenged congressional districts.4 A review of the history in this case must also consider the significant legal developments whi
term_23,22-807,8,20230714091446920_22-807_Amicus_Brief.pdf,11,True,False,False,,". Redistricting cases across the country (indeed, voting cases generally) see plaintiffs assert flimsy arguments and take baseless positions that, in other, more run-of-the-mill cases, would never esc"
term_23,22-807,9,20230329173240622_22-807_NRRT_Amicus_Brief_Supp._Appellants2.pdf,0,True,False,False,,"No. 22-807 In The Supreme Court of the United States THOMAS C. ALEXANDER, et al., Appellants, v. THE SOUTH CAROLINA STATE CONFERENCE OF THE NAACP, et al., Appellees. On Appeal from the United States D"
term_23,22-807,10,20230714110057209_22-807_Amicus_Brief_Nancy_Mace_et_al..pdf,0,True,False,False,,"No. 22-807 In The Supreme Court of the United States THOMAS C. ALEXANDER, et al., Appellants, v. THE SOUTH CAROLINA STATE CONFERENCE OF THE NAACP, et al., Appellees. On Appeal from the United States D"
term_23,22-842,1,20240116144620506_22-842npacUSA_-_NRA_v_Vullo_-_file.pdf,8,True,False,False,,"In the Supreme Court of the United States No. 22-842 NATIONAL RIFLE ASSOCIATION OF AMERICA, PETITIONER v. MARIA T. VULLO ON WRIT OF CERTIORARI TO THE UNITED STATES COURT OF APPEALS FOR THE SECOND CIRC"
term_23,22-842,2,20240116170640165_NRA_v_Vullo_merits_amicus_brief.pdf,8,True,False,False,,". The Presidential Coalition, LLC is a political committee under IRC section 527. Many of these amici also filed a brief amicus curiae in this case at the Petition stage.2 1 It is hereby certified tha"
term_23,22-842,3,20240112110950139_AFPF_amicus_NRA_v_Vullo.pdf,0,True,False,False,,"No. 22-842 IN THE Supreme Court of the United States ———— THE NATIONAL RIFLE ASSOCIATION OF AMERICA, Petitioner, v. MARIA T VULLO, Respondent. _________________________________________________________"
term_23,22-842,4,20240116154238624_22-842_Amicus_Brief_NCLA_Supp._Pet..pdf,0,True,False,False,,"No. 22-842 IN THE Supreme Court of the United States _______________________________ NATIONAL RIFLE ASSOCIATION OF AMERICA, Petitioner, v. MARIA T. VULLO, Respondent. _______________________________ 2"
term_23,22-842,5,20240112113504491_22-842_Amicus_Brief_of_The_American_Center_for_Law_Justice.pdf,0,True,False,False,,"No. 22-842 In the Supreme Court of the United States ______________ NATIONAL RIFLE ASSOCIATION OF AMERICA, Petitioner, v. MARIA T. VULLO, Respondent. On Writ of Certiorari to the United States Court o"
term_23,22-842,6,20230707161615481_Vullo_Reply_File.pdf,0,True,False,False,,No. 22-842 ================================================================================================================ In The Supreme Court of the United States ---------------------------------♦
term_23,22-842,7,20240603163337432_22-842_Appx.pdf,248,True,False,False,,"App. 143 at 126 (internal quotation marks and citations omitted). To satisfy prudential standing, a “plaintiff generally must assert [its] own legal rights and interests, and cannot rest [its] claim t"
term_23,22-842,8,20230405125945734_22-842_NRA_v._Vullo_-_States_Amicus_ISO_Cert_Final.pdf,0,True,False,False,,"No. 22-842 _______________________________________________ In the Supreme Court of the United States _____________ NATIONAL RIFLE ASSOCIATION OF AMERICA, Petitioner, v. MARIA T. VULLO, Respondent. ___"
term_23,22-842,9,20240116181832614_22-842_NRA_v._Vullo_tsac_States_Final.pdf,0,True,False,False,,"No. 22-842 _______________________________________________ In the Supreme Court of the United States _____________ NATIONAL RIFLE ASSOCIATION OF AMERICA, Petitioner, v. MARIA T. VULLO, Respondent. ___"
term_23,22-842,10,20240110093154767_22-842_Amicus_Brief_of_Financial_and_Business_Law_Scholars.pdf,0,True,False,False,,"No. 22-842 IN THE Supreme Court of the United States _________ THE NATIONAL RIFLE ASSOCIATION OF AMERICA, Petitioner, v. MARIA T. VULLO, Respondent. _________ On Writ of Certiorari to the United State"
term_23,22-846,1,20230815163427932_22-846_USDA_v._Kirtz.pdf,0,True,False,False,,"No. 22-846 In the Supreme Court of the United States UNITED STATES DEPARTMENT OF AGRICULTURE RURAL DEVELOPMENT RURAL HOUSING SERVICE, PETITIONER v. REGINALD KIRTZ ON WRIT OF CERTIORARI TO THE UNITED S"
term_23,22-846,2,20230502163807883_Kirtz_BIO_FINAL.pdf,0,True,False,False,,"No. 22-846 IN THE Supreme Court of the United States UNITED STATES DEPARTMENT OF AGRICULTURE RURAL DEVELOPMENT RURAL HOUSING SERVICE, Petitioner, v. REGINALD KIRTZ, Respondent. On Petition for a Writ "
term_23,22-846,3,20230815163427932_22-846_USDA_v._Kirtz.pdf,18,True,False,False,,"In the Supreme Court of the United States No. 22-846 UNITED STATES DEPARTMENT OF AGRICULTURE RURAL DEVELOPMENT RURAL HOUSING SERVICE, PETITIONER v. REGINALD KIRTZ ON WRIT OF CERTIORARI TO THE UNITED S"
term_23,22-846,4,20230502163807883_Kirtz_BIO_FINAL.pdf,11,True,False,False,,2 on their own are three cases before this Court this Term that concern whether Congress has abrogated or declined to recognize immunity in other contexts. The Court’s decisions in those cases may pro
term_23,22-846,5,20230303181104913_USDA_Rural_Dev_cert_pet_--_final.pdf,136,True,False,False,,". § 552a, 18 Though we need not decide the issue, we note that the unique status of Indian tribes may not map neatly onto the term “government” as used in the FCRA. While “the Supreme Court has referr"
term_23,22-846,6,20230303181104913_USDA_Rural_Dev_cert_pet_--_final.pdf,115,True,False,False,,"21a D. In departing from the FCRA’s plain text, the Fourth and Ninth Circuits assumed that treating the government as a “person” for purposes of the FCRA’s civil liability provisions would require doi"
term_23,22-846,7,20230303181104913_USDA_Rural_Dev_cert_pet_--_final.pdf,107,True,False,False,,"17a clude them from civil liability.10 But Congressional silence can hardly be said to speak loudly, particularly when viewed alongside clear statutory text.11 Moreover, as Kirtz points out, the USDA’"
term_23,22-846,8,20230303181104913_USDA_Rural_Dev_cert_pet_--_final.pdf,138,True,False,False,,". In any event, the mere fact that the 1996 FCRA amendments struck a balance that may be inconsistent with the Privacy Act is no reason to set aside clear statutory text. Second, USDA has not identifi"
term_23,22-846,9,20230303181104913_USDA_Rural_Dev_cert_pet_--_final.pdf,152,True,False,False,,". Id. The Court explained that the government conceded it was a “person” under the substantive requirements of the FCRA, thus its argument that it was not a “person” for the liability sections was not"
term_23,22-846,10,20230303181104913_USDA_Rural_Dev_cert_pet_--_final.pdf,104,True,False,False,,". See id. § 791(f ). Based on this and § 794a(a)(1)’s “broad language” encompassing “any complaint,” the Supreme Court held that the provision expressly waived federal agencies’ sovereign immunity. La"
term_23,22-859,1,20230905160924030_2023.9.1_Amicus_FINAL.pdf,0,True,False,False,,"No. 22-859 IN THE Supreme Court of the United States SECURITIES AND EXCHANGE COMMISSION, Petitioner, v. GEORGE R. JARKESY, JR., ET AL., Respondents. On Writ of Certiorari to the United States Court of"
term_23,22-859,2,20231010140114015_22-859_bsac_Morris_Amicus.pdf,0,True,False,False,,"No. 22-859 IN THE Supreme Court of the United States SECURITIES AND EXCHANGE COMMISSION, Petitioner, v. GEORGE R. JARKESY, JR. AND PATRIOT28, L.L.C., Respondents. On Writ Of Certiorari To The United S"
term_23,22-859,3,20231016134949510_2023.10.16.AFPF_Amicus.SEC_v._Jarkesy.22.859.pdf,0,True,False,False,,"No. 22-859 IN THE Supreme Court of the United States _________________________________________________ SECURITIES AND EXCHANGE COMMISSION, Petitioner, v. GEORGE R. JARKESY, JR., ET AL., Respondents. _"
term_23,22-859,4,20230822142355247_SABINO_AMICUS_Jarkesy_BRIEF.pdf,0,True,False,False,,No. 22-859 ================================================================================================================ In The Supreme Court of the United States ---------------------------------♦
term_23,22-859,5,20230905100351697_22-859_Brief.pdf,0,True,False,False,,"No. 22-859 IN THE Supreme Court of the United States ———————— SECURITIES AND EXCHANGE COMMISSION, Petitioner, v. GEORGE R. JARKESY, JR., ET AL., Respondents. ———————— On a Writ of Certiorari to the Un"
term_23,22-859,6,20230828161610160_Forum_ALJ_Amicus_Document_August_28_2023_EFile.pdf,0,True,False,False,,"NO. 22-859 In the Supreme Court of the United States SECURITIES AND EXCHANGE COMMISSION, Petitioner, v. GEORGE R. JARKESY, JR., ET AL., Respondents. __________________________ On Writ of Certiorari to"
term_23,22-859,7,20230912152455496_Jarkesy_Amicus_Brief_-_Printer._-_Corrected._docx.pdf,0,True,False,False,,"No. 22-859 IN THE Supreme Court of the United States SECURITIES AND EXCHANGE COMMISSION, Petitioner, v. GEORGE R. JARKESY, JR., AND PATRIOT28 LLC, Respondents. On Writ of Certiorari to the United Stat"
term_23,22-859,8,20230905083240135_NTEU_Jarkesy_amicus.pdf,0,True,False,False,,"No. 22-859 In The Supreme Court of the United States Securities and Exchange Commission, Petitioner, v. George R. Jarkesy, Jr., et al., Respondents. On Writ of Certiorari to the United States Court of"
term_23,22-859,9,20230523153849113_Jarkesy_Word_Count_--_Opp_Brief.pdf,0,True,False,False,,"No. 22-859 In The Supreme Court of the United States SECURITIES AND EXCHANGE COMMISSION Petitioner, v. GEORGE R. JARKESY, JR., and PATRIOT28 LLC Respondents. CERTIFICATE OF WORD COUNT I hereby certify"
term_23,22-859,10,20231017084533994_WLF_Amicus_-_SEC_v._Jarkesy.pdf,0,True,False,False,,"No. 22-859 IN THE Supreme Court of the United States ____________ SECURITIES AND EXCHANGE COMMISSION, Petitioner, v. GEORGE R. JARKESY, JR. AND PATRIOT28, L.L.C., Respondents. ____________ On Writ of "
term_23,22-888,1,20230313150838514_PETITION_FOR_A_WRIT_OF_CERTIORARI.pdf,104,True,False,False,,". While this GI bill expired in 1956, it was extended as the Montgomery GI bill, then the Post-9/11 Bill, and, most recently, the Forever GI Bill. The Supreme Court, too, has long recognized the Veter"
term_23,22-888,2,20230814155541493_Doerre_Amicus_Main_E_FILE_Aug_14_23.pdf,0,True,False,False,,"No. 22-888 In the Supreme Court of the United States ___________________________ JAMES R. RUDISILL, Petitioner, v. DENIS R. MCDONOUGH, SECRETARY OF VETERANS AFFAIRS Respondent. _______________________"
term_23,22-888,3,20230817120658775_2023.08.17_Rudisill_VFW_Amicus_Brief_FINAL.pdf,0,True,False,False,,"No. 22-888 In the Supreme Court of the United States ________________ JAMES R. RUDISILL, Petitioner, v. DENIS R. MCDONOUGH, SECRETARY OF VETERANS AFFAIRS, Respondent. ________________ On Writ of Certi"
term_23,22-888,4,20230817130325563_NIMJ_Amicus_Brief_-_Rudisill.PDF,0,True,False,False,,"NO. 22-888 IN THE Supreme Court of the United States JAMES R. RUDISILL, Petitioner, v. DENIS R. MCDONOUGH, SECRETARY OF VETERANS AFFAIRS, Respondent. On Writ of Certiorari to the United States Court o"
term_23,22-888,5,20230817130031533_2023-08-17_No._22-888_Rudisill_-_Amici_Brief.pdf,0,True,False,False,,"No. 22-888 In the Supreme Court of the United States —————————— JAMES R. RUDISILL, Petitioner, v. DENIS R. MCDONOUGH, SECRETARY OF VETERANS AFFAIRS, Respondent. —————————— ON WRIT OF CERTIORARI TO THE"
term_23,22-888,6,20230817131717786_2023.08.17_Military-Advocacy_Amicus_Br.pdf,0,True,False,False,,"No. 22-888 IN THE Supreme Court of the United States ________________ JAMES R. RUDISILL, Petitioner, v. DENIS R. MCDONOUGH, SECRETARY OF VETERAN AFFAIRS, Respondent. ________________ ON WRIT OF CERTIO"
term_23,22-888,7,20230817122708892_tsac_22-888_Iraq_and_Afghanistan_Veterans_of_America.pdf,0,True,False,False,,"No. 22-888 IN THE Supreme Court of the United States _____ JAMES R. RUDISILL, Petitioner, v. DENIS R. MCDONOUGH, SECRETARY OF VETERANS AFFAIRS, Respondent. _____ On Writ of Certiorari to the United St"
term_23,22-888,8,20230414164840750_22-888_Rudisill_v_McDonough_-_Amicus_Brief_of_Virginia_FINAL.pdf,0,True,False,False,,"No. 22-888 In the Supreme Court of the United States JAMES R. RUDISILL, Petitioner, v. DENIS MCDONOUGH, SECRETARY OF VETERANS AFFAIRS, Respondent. On Petition for Writ of Certiorari to the United Stat"
term_23,22-888,9,20230817163812820_22-888_Rudisill_v_McDonough_-_Amicus_Brief_of_Virginia_FINAL.pdf,0,True,False,False,,"No. 22-888 In the Supreme Court of the United States JAMES R. RUDISILL, Petitioner, v. DENIS MCDONOUGH, SECRETARY OF VETERANS AFFAIRS, Respondent. On Writ of Certiorari to the United States Court of A"
term_23,22-888,10,20230515153127893_22-888_Rudisill_v._McDonough.pdf,0,True,False,False,,"No. 22-888 In the Supreme Court of the United States JAMES R. RUDISILL, PETITIONER v. DENIS R. MCDONOUGH, SECRETARY OF VETERANS AFFAIRS ON PETITION FOR A WRIT OF CERTIORARI TO THE UNITED STATES COURT "
term_23,22-899,1,20231113141836999_22-899_Brief_for_the_Petitioner.pdf,13,True,False,False,,"In the Supreme Court of the United States _______________ NO. 22-899 JASON SMITH, Petitioner, v. STATE OF ARIZONA, Respondent. _________________________ On Writ of Certiorari to the Court of Appeals o"
term_23,22-899,2,20231120172852449_Friedman_Amicus_MAIN_E_FILE_Nov_20_23.pdf,0,True,False,False,,"NO. 22-899 In the Supreme Court of the United States JASON SMITH, Petitioner, v. ARIZONA, Respondent. __________________________ On Writ of Certiorari to the Court of Appeals of Arizona, Division One "
term_23,22-899,3,20230316140125584_Smith_Petition_for_Writ_of_Certiorari.pdf,9,True,False,False,,"In the Supreme Court of the United States _______________ JASON SMITH, Petitioner, v. STATE OF ARIZONA, Respondent. _________________________ On Petition for a Writ of Certiorari to the Court of Appea"
term_23,22-899,4,20231113150325027_22-899_Joint_Appendix.pdf,0,True,False,False,,"No. 22-899 In the Supreme Court of the United States _______________ JASON SMITH, Petitioner, v. STATE OF ARIZONA, Respondent On Writ of Certiorari to the Court of Appeals of the State of Arizona, Div"
term_23,22-899,5,20231120160246446_22-899npacUnitedStates.pdf,10,True,False,False,,"In the Supreme Court of the United States No. 22-899 JASON SMITH, PETITIONER v. STATE OF ARIZONA ON WRIT OF CERTIORARI TO THE COURT OF APPEALS OF ARIZONA, DIVISION ONE BRIEF FOR THE UNITED STATES AS A"
term_23,22-899,6,20231117143158209_NCDD.SmithvArizona.Amicus.pdf,0,True,False,False,,No. 22-899 ================================================================================================================ In The Supreme Court of the United States ---------------------------------♦
term_23,22-899,7,20231120103320323_22-899tsacTheAlamedaCountyPublicDefenderAndCaliforniaPublicDefendersAssociation.pdf,0,True,False,False,,"No. 22-899 IN THE Supreme Court of the United States ———— JASON SMITH, Petitioner, v. STATE OF ARIZONA, Respondent. ———— On Writ of Certiorari to the Arizona Court of Appeals ———— BRIEF OF THE ALAMEDA"
term_23,22-899,8,20231120160246446_22-899npacUnitedStates.pdf,0,True,False,False,,"No. 22-899 In the Supreme Court of the United States JASON SMITH, PETITIONER v. STATE OF ARIZONA ON WRIT OF CERTIORARI TO THE COURT OF APPEALS OF ARIZONA, DIVISION ONE BRIEF FOR THE UNITED STATES AS A"
term_23,22-899,9,20231120161057166_2023.11.20_Smith_v._Arizona_Amicus.pdf,11,True,False,False,,3 SUMMARY OF ARGUMENT The Court will decide in Mr. Smith’s case whether the Sixth Amendment’s confrontation right permits the prosecution in a criminal trial to present testimonial statements of a non
term_23,22-899,10,20230316140147710_Smith_Appendix.pdf,72,True,False,False,,". THE COURT: What’s the Williams cite again? MR. DAVIS-SALSBURY: The Williams cite is 132 Supreme Court 221. And there’s other cases I can direct the Court to as well such as State V. Pesqueira, 234 A"
term_23,22-913,1,20230623111627781_1_-_Reply_Brief_for_the_Petitioners.pdf,10,True,False,False,,5 question presented in this case asks whether property owners may bring complete Takings Clause claims at all in the absence of a legislatively created remedy. The panel below says property owners ca
term_23,22-913,2,20230623111627781_1_-_Reply_Brief_for_the_Petitioners.pdf,11,True,False,False,,". At bottom, Texas’s argument is that it has other legal arguments that it believes are meritorious. Perhaps. But Texas is hardly the first litigant in this Court to believe it will have good alternat"
term_23,22-913,3,20230623111627781_1_-_Reply_Brief_for_the_Petitioners.pdf,12,True,False,False,,"6 alternative arguments on remand.” Brownback v. King, 141 S. Ct. 740, 747 n.4 (2021) (quotation marks omitted). But Texas’s alternative arguments are also wrong. For example, the brief in opposition "
term_23,22-913,4,20230329103948305_2_Supplemental_Appendix.pdf,33,True,False,False,,"62a Fourteenth Amendment, “of its own force, furnish[es] a basis for a court to award money damages against the government.” Id. at *14. In defending this contention, the United States claimed that “t"
term_23,22-913,5,20230510161915981_Devillier_v._Texas_-_Cert_Amicus_FINAL.pdf,0,True,False,False,,No. 22-913 ================================================================================================================ In The Supreme Court of the United States ---------------------------------♦
term_23,22-913,6,20231117163000234_Devillier_v._Texas_-_Merits_Amicus_FINAL.pdf,0,True,False,False,,No. 22-913 ================================================================================================================ In The Supreme Court of the United States ---------------------------------♦
term_23,22-913,7,20230510133641788_Devillier_AC_Brief_FINAL.pdf,0,True,False,False,,"No. 22-913 In The Supreme Court of the United States ____________________ RICHARD DEVILLIER, ET AL., Petitioners, v. STATE OF TEXAS, Respondent. ____________________ On Petition for Writ of Certiorari"
term_23,22-913,8,20230609142037476_22-913_Brief_in_Opposition.pdf,0,True,False,False,,"No. 22-913 In the Supreme Court of the United States RICHARD DEVILLIER, ET AL., PETITIONERS v. STATE OF TEXAS ON PETITION FOR A WRIT OF CERTIORARI TO THE UNITED STATES COURT OF APPEALS FOR THE FIFTH C"
term_23,22-913,9,20231120134229165_Devillier_Amicus_Brief.pdf,0,True,False,False,,"No. 22-913 IN THE Supreme Court of the United States RICHARD DEVILLIER, ET AL., Petitioners, v. STATE OF TEXAS, Respondent. On Writ of Certiorari To the United States Court of Appeals For the Fifth Ci"
term_23,22-913,10,20231120150228557_22-913_Amicus_Brief.pdf,0,True,False,False,,"No. 22-913 In the Supreme Court of the United States RICHARD DEVILLIER, ET AL., PETITIONERS, v. STATE OF TEXAS, RESPONDENT. ON WRIT OF CERTIORARI TO THE UNITED STATES COURT OF APPEALS FOR THE FIFTH CI"
term_23,22-915,1,20230817181101159_Amicus_Curiae_Brief_of_Patrick_J._Charles_ISO_Neither_Party.PDF,55,True,False,False,,". The case cannot be found in the Missouri Supreme Court’s Historical Database. It was, however, briefly reported in an 1878 issue of The Central Law Journal. See Abstract of Decisions of the Supreme "
term_23,22-915,2,20230817181101159_Amicus_Curiae_Brief_of_Patrick_J._Charles_ISO_Neither_Party.PDF,39,True,False,False,,". 12 A recent Ninth Circuit opinion weighs this out. See Teter, No. 20-15948, slip op. at 20-21. 13 The only case on point is the 1846 case State v. Huntly, wherein the North Carolina Supreme Court he"
term_23,22-915,3,20230821150326690_AEquitas_Amicus_Brief.pdf,0,True,False,False,,"No. 22-915 IN THE Supreme Court of the United States ____________________ UNITED STATES, Petitioner, v. ZACKEY RAHIMI, Respondent. ____________________ On Writ of Certiorari to the United States Court"
term_23,22-915,4,20230821165003177_22-915_Amicus_Brief.pdf,0,True,False,False,,"No. 22-915 In the Supreme Court of the United States United States, Petitioner, – v. – Zackey Rahimi Respondent. On Writ of Certiorari to the United States Court of Appeals for the Fifth Circuit Amicu"
term_23,22-915,5,20230818153524733_Amicus_Curiae_Brief_of_the_California_Legislative_Womens_Caucus_Supporti_0bdb5b00.pdf,0,True,False,False,,No. 22-915 ================================================================================================================ In The Supreme Court of the United States ---------------------------------♦
term_23,22-915,6,20230817181101159_Amicus_Curiae_Brief_of_Patrick_J._Charles_ISO_Neither_Party.PDF,70,True,False,False,,31 treasure-house of history is so rich that all kinds of precedents can be drawn from it. . . . An ingenious and industrious advocate can always find in the history the arguments he [or she] wants. B
term_23,22-915,7,20230420131432513_22-915_Amicus_Brief_Texas_Advocacy_Project_Final_.pdf,0,True,False,False,,"No. 22-915 In the Supreme Court of the United States UNITED STATES OF AMERICA, Petitioner, v. ZACKEY RAHIMI, Respondent. On Petition for Writ of Certiorari to the United States Court of Appeals for th"
term_23,22-915,8,20230821113640778_3Z52799-22-915_Amicus_Brief_of_Professor_Mary_Anne_Franks_-_PDF-A.PDF,0,True,False,False,,"No. 22-915 In the Supreme Court of the United States UNITED STATES OF AMERICA, Petitioner, v. ZACKEY RAHIMI, Respondent. ________________________________________________ On Writ of Certiorari to the U"
term_23,22-915,9,20230821132826195_US_v_Rahimi_-_Public_Health_Scholars_and_Lawyers_Amicus_Brief.pdf,0,True,False,False,,"No. 22-915 In the Supreme Court of the United States UNITED STATES OF AMERICA, Petitioner, v. ZACKEY RAHIMI, Respondent. On Writ of Certiorari to the United States Court of Appeals for the Fifth Circu"
term_23,22-915,10,20230821152138388_No._22-915_Brief.pdf,0,True,False,False,,"No. 22-915 In the Supreme Court of the United States UNITED STATES, Petitioner, v. ZACKEY RAHIMI, Respondent. On Writ of Certiorari to the United States Court of Appeals for the Fifth Circuit BRIEF OF"
term_23,22-976,1,20231226101409181_22-976_Amicus_Brief.pdf,0,True,False,False,,"No. 22-976 In the Supreme Court of the United States Merrick B. Garland, Attorney General, et al., Petitioners, v. Michael Cargill, Respondent. On Writ of Certiorari to the United States Court of Appe"
term_23,22-976,2,20230607180529147_22-976_Garland_v_Cargill_Brief_in_Opp.pdf,0,True,False,False,,"No. 22-976 In the Supreme Court of the United States _____________ MERRICK B. GARLAND, ATTORNEY GENERAL, ET AL., PETITIONERS v. MICHAEL CARGILL, RESPONDENT _____________ ON PETITION FOR A WRIT OF CERT"
term_23,22-976,3,20231218165926873_Revised_Cargill_J.A_-Suri.pdf,0,True,False,False,,"No. 22-976 In the Supreme Court of the United States MERRICK B. GARLAND, ATTORNEY GENERAL, ET AL., PETITIONERS v. MICHAEL CARGILL ON WRIT OF CERTIORARI TO THE UNITED STATES COURT OF APPEALS FOR THE FI"
term_23,22-976,4,20231226152712794_Cargill_Amicus_Brief.pdf,0,True,False,False,,"No. 22-976 IN THE Supreme Court of the United States _______________ MERRICK B. GARLAND, ATTORNEY GENERAL, ET AL., Petitioners, v. MICHAEL CARGILL, Respondent. _______________ On Writ of Certiorari to"
term_23,22-976,5,20230508145446304_Cargill_Amicus_Brief.pdf,0,True,False,False,,"No. 22-976 IN THE Supreme Court of the United States ______________________ MERRICK B. GARLAND, ATTORNEY GENERAL, ET AL., Petitioners, v. MICHAEL CARGILL, Respondent. ______________________ On Petitio"
term_23,22-976,6,20231222125432827_Garland_v._Cargill_22-976_City_of_Chicago_Amicus_Curiae_Brief.pdf,0,True,False,False,,"No. 22-976 IN THE Supreme Court of the United States ________________________ MERRICK B. GARLAND, ATTORNEY GENERAL, ET AL., Petitioners, v. MICHAEL CARGILL, Respondent. ________________________ On Wri"
term_23,22-976,7,20240126095415734_22-976_Amicus_Brief.pdf,0,True,False,False,,"No. 22-976 In the Supreme Court of the United States MERRICK B. GARLAND, ATTORNEY GENERAL, ET AL., Petitioners, v. MICHAEL CARGILL, Respondent. ON WRIT OF CERTIORARI TO THE UNITED STATES COURT OF APPE"
term_23,22-976,8,20230406221131265_Garland_v._Cargill_petition.pdf,315,True,False,False,,"133a Lewis, 138 S. Ct. 1612 (2018), the Supreme Court found Chevron deference inappropriate where “the Executive seems of two minds” about the result it prefers. Id. at 1630 (noting conflict between b"
term_23,22-976,9,20231226152028923_Garland_v._Cargill_Brief_12.26.23_-_as_filed.pdf,0,True,False,False,,"No. 22-976 IN THE Supreme Court of the United States ———— MERRICK B. GARLAND, ATTORNEY GENERAL, et al., Petitioners, v. MICHAEL CARGILL, Respondent. ———— On Writ of Certiorari to the United States Cou"
term_23,22-976,10,20231221151634047_Cargill_-_Merits_Amicus_Brief.pdf,0,True,False,False,,"No. 22-976 IN THE Supreme Court of the United States ______________________ MERRICK B. GARLAND, ATTORNEY GENERAL, ET AL., Petitioners, v. MICHAEL CARGILL, Respondent. ______________________ On Writ of"
term_23,22-982,1,20240129173415535_22-982_Joint_Appendix.pdf,0,True,False,False,,"No. 22-982 In the Supreme Court of the United States RYAN THORNELL, Petitioner, v. DANNY LEE JONES, Respondent. On Writ of Certiorari to the United States Court of Appeals for the Ninth Circuit JOINT "
term_23,22-982,2,20230406135721638_Thornell_PFC_APX.pdf,386,True,False,False,,"App. 224 (1) resulted in a decision that was contrary to, or involved an unreasonable application of, clearly established Federal law, as determined by the Supreme Court of the United States; or (2) r"
term_23,22-982,3,20240205150151406_Thornell_v_Jones_Amicus_SD_Brief_.pdf,0,True,False,False,,No. 22-982 ================================================================================================================ In The Supreme Court of the United States ---------------------------------♦
term_23,22-982,4,20230823234332124_22-982bio.pdf,0,True,False,False,,"No. 22-982 IN THE Supreme Court of the United States _____________ RYAN THORNELL, Petitioner, v. DANNY LEE JONES, Respondent. _____________ On Petition for a Writ of Certiorari to the United States Co"
term_23,22-982,5,20230831122806190_22-982_Reply_Brief_Final.pdf,0,True,False,False,,"No. 22-982 In the Supreme Court of the United States RYAN THORNELL, Petitioner, v. DANNY LEE JONES, Respondent. On Petition for a Writ of Certiorari to the United States Court of Appeals for the Ninth"
term_23,22-982,6,20240313160728027_22-982_Respondent_BOM_PDFA.pdf,0,True,False,False,,"No. 22-982 - CAPITAL CASE In the Supreme Court of the United States __________________ RYAN THORNELL, Petitioner, v. DANNY LEE JONES, Respondent. __________________ On Writ of Certiorari to the United"
term_23,22-982,7,20230406135721638_Thornell_PFC_APX.pdf,67,True,False,False,,". 9 The Arizona Supreme Court concluded that Jones’s chaotic and abusive childhood and mental illness, discussed below, did not constitute mitigating factors because Jones failed to demonstrate a conn"
term_23,22-982,8,20240129173415535_22-982_Joint_Appendix.pdf,75,True,False,False,,"JA69 circumstances. And it was probably done more effectively in oral argument. [p.56] THE COURT: Mr. Goldberg. MR. GOLDBERG: I would just point out, your Honor, that what -- this is the only thing I’"
term_23,22-982,9,20230406135721638_Thornell_PFC_APX.pdf,119,True,False,False,,"App. 71 relief. Ryan v. Jones, 563 U.S. 932 (2011). The panel’s amended opinion grants habeas relief again. But in doing so, the panel improperly and materially lowered Strickland’s1 highly demanding "
term_23,22-982,10,20240129173415535_22-982_Joint_Appendix.pdf,59,True,False,False,,"JA53 [p.39] contacted. So it would be pretty difficult to show prejudice. However, I would still point out that there were many, many statements in closing and rebuttal closing by the prosecutor that "
term_23,22O141,1,20231211162148311_Waterlaw_MAIN_EFILE_Dec_11_2023.pdf,14,True,False,False,,4 River Basin). This case is the Court’s sixth such case in less than a decade. The dispute over the Consent Decree presents the Court with a rare opportunity to articulate three legal principles that
term_23,22O141,2,20231006191036913_22O141_US_Exception_FINAL.pdf,9,True,False,False,,"VII Miscellaneous—Continued: Page C. S. Conover, Ground-Water Conditions in the Rincon and Mesilla Valleys and Adjacent Areas in New Mexico (1954) ..................................... 5, 7 U.S. Geolo"
term_23,22O141,3,20231211162148311_Waterlaw_MAIN_EFILE_Dec_11_2023.pdf,48,True,False,False,,"22 exercise of the Court’s original jurisdiction. Third Report 96-97. Second, the Special Master properly found that the United States may pursue its claims in other judicial forums. Dismissal of the "
term_23,22O141,4,20231211162148311_Waterlaw_MAIN_EFILE_Dec_11_2023.pdf,10,True,False,False,,1 INTEREST OF THE AMICI CURIAE1 Amici are law professors who specialize in water law. Their work includes scholarship on interstate water litigation published since the Court accepted this case in 201
term_23,22O141,5,20231006191036913_22O141_US_Exception_FINAL.pdf,0,True,False,False,,"No. 141, Original In the Supreme Court of the United States STATE OF TEXAS, PLAINTIFF v. STATE OF NEW MEXICO AND STATE OF COLORADO ON EXCEPTION TO THE THIRD INTERIM REPORT OF THE SPECIAL MASTER EXCEPT"
term_23,22O141,6,20231006191036913_22O141_US_Exception_FINAL.pdf,85,True,False,False,,". at 525, which cannot be the basis for imposing obligations on a party that has not actually consented, id. at 529. In any event, the United States’ obligations under the proposed consent decree are "
term_23,22O141,7,20240103183932497_US_Sur-Reply_Br_010324.3.pdf,0,True,False,False,,"No. 141, Original In the Supreme Court of the United States STATE OF TEXAS, PLAINTIFF v. STATE OF NEW MEXICO AND STATE OF COLORADO ON EXCEPTION TO THE THIRD INTERIM REPORT OF THE SPECIAL MASTER SUR-RE"
term_23,22O141,8,20231208161916047_Joint_Amici_Curiae_Brief_of_NMSU_PNM_CRRUA.pdf,41,True,False,False,,"20 distribution of water within” a single state)). These remaining intramural disputes can and should be resolved in other fora. See Report 99-104; Response of New Mexico Amici in Support, Sp. M. Doc."
term_23,22O141,9,20231211162148311_Waterlaw_MAIN_EFILE_Dec_11_2023.pdf,63,True,False,False,,". CONCLUSION Texas and New Mexico entered the Union in dramatically different historical contexts, but constitutionally, they entered as equal sovereigns. Likewise, every interstate basin and compact "
term_23,22O141,10,20231211162148311_Waterlaw_MAIN_EFILE_Dec_11_2023.pdf,49,True,False,False,,". Plaintiff states face significant challenges in filing and winning judgment in the Court’s original jurisdiction. Heather Elliott, Original Discrimination: How the Supreme Court Disadvantages Plaint"
term_23,23-108,1,20240209181021141_2.9.24_No._23-108_WLF_DPI_Amicus_Brief.pdf,0,True,False,False,,"No. 23-108 In the Supreme Court of the United States JAMES E. SNYDER, Petitioner, v. UNITED STATES OF AMERICA, Respondent. On Writ of Certiorari to the U.S. Court of Appeals for the Seventh Circuit BR"
term_23,23-108,2,20240209172135129_Snyder_Amicus_Final_Amicus_Brief.pdf,0,True,False,False,,"No. 23-108 In The Supreme Court of the United States James E. Snyder, Petitioner v. United States of America, Respondent On Writ of Certiorari to the United States Court of Appeals for the Seventh Cir"
term_23,23-108,3,20230901095611220_22-108_Amicus_Brief_of_American_Center_for_Law_and_Justice.pdf,0,True,False,False,,"No. 23-108 In the Supreme Court of the United States ______________ JAMES E. SNYDER, PETITIONER, v. UNITED STATES OF AMERICA, RESPONDENT. ______________ ON PETITION FOR WRIT OF CERTIORARI TO THE UNITE"
term_23,23-108,4,20240205125638057_Snyder_Joint_Appendix.pdf,0,True,False,False,,"No. 23-108 In the Supreme Court of the United States JAMES E. SNYDER, PETITIONER, v. UNITED STATES OF AMERICA, RESPONDENT. ON WRIT OF CERTIORARI TO THE UNITED STATES COURT OF APPEALS FOR THE SEVENTH C"
term_23,23-108,5,20240311193806471_23-108bsUnitedStates.pdf,16,True,False,False,,"In the Supreme Court of the United States No. 23-108 JAMES E. SNYDER, PETITIONER v. UNITED STATES OF AMERICA ON WRIT OF CERTIORARI TO THE UNITED STATES COURT OF APPEALS FOR THE SEVENTH CIRCUIT BRIEF F"
term_23,23-108,6,20240214120418602_23-108_Amicus_Brief_of_The_International_Union.pdf,0,True,False,False,,"No. 23-108 In the Supreme Court of the United States _______________ JAMES E. SNYDER, PETITIONER, v. UNITED STATES OF AMERICA, RESPONDENT. _______________ ON WRIT OF CERTIORARI TO THE UNITED STAES COU"
term_23,23-108,7,20240212144921887_23-108_Amicus_Brief_of_the_Separation_of_Powers_Clinic.pdf,0,True,False,False,,"No. 23-108 IN THE Supreme Court of the United States _________ JAMES E. SNYDER, Petitioner, v. UNITED STATES OF AMERICA, Respondent. _________ On Writ of Certiorari to the United States Court of Appea"
term_23,23-108,8,20240311193806471_23-108bsUnitedStates.pdf,0,True,False,False,,"No. 23-108 In the Supreme Court of the United States JAMES E. SNYDER, PETITIONER v. UNITED STATES OF AMERICA ON WRIT OF CERTIORARI TO THE UNITED STATES COURT OF APPEALS FOR THE SEVENTH CIRCUIT BRIEF F"
term_23,23-108,9,20230801105323835_Snyder_Petition_Appendix.pdf,200,True,False,False,,115a U.S. Const. amend. V. It is universally understood that the Double Jeopardy Clause of the Fifth Amendment “protects a defendant in a criminal proceeding against multiple punishments or repeated p
term_23,23-108,10,20231116162545315_Snyder_23-108_-_final.pdf,8,True,False,False,,"In the Supreme Court of the United States No. 23-108 JAMES E. SNYDER, PETITIONER v. UNITED STATES OF AMERICA ON PETITION FOR A WRIT OF CERTIORARI TO THE UNITED STATES COURT OF APPEALS FOR THE SEVENTH "
term_23,23-124,1,20230927154331327_44286_Walfish_Brief.pdf,0,True,False,False,,"No. 23-124 In the Supreme Court of the United States WILLIAM K. HARRINGTON, UNITED STATES TRUSTEE, REGION 2, Petitioner, v. PURDUE PHARMA L.P., ET AL., Respondents. On Writ of Certiorari to the United"
term_23,23-124,2,20230927165441327_23-124_tsac_Texas_Two-Step_Victims.pdf,0,True,False,False,,"No. 23-124 In the Supreme Court of the United States WILLIAM K. HARRINGTON, UNITED STATES TRUSTEE, REGION 2, Petitioner, v. PURDUE PHARMA L.P., etal., Respondents. On Writ of Certiorari to the United "
term_23,23-124,3,20230926154653031_23-124_Amici_Brief.pdf,0,True,False,False,,"No. 23-124 IN THE Supreme Court of the United States WILLIAM K. HARRINGTON, UNITED STATES TRUSTEE, REGION 2 Petitioner, v. PURDUE PHARMA L.P., et al., Respondents. ____________________________________"
term_23,23-124,4,20230927150432470_Amicus_brief_of_Insolvency_Law_Committee_of_Business_Law_Section_of_Cali_e7fe331e.pdf,0,True,False,False,,No. 23-124 ================================================================================================================ In The Supreme Court of the United States ---------------------------------♦
term_23,23-124,5,20230927134611763_NexPoint_Purdue_amicus_brief_-_efile.pdf,0,True,False,False,,"No. 23-124 IN THE Supreme Court of the United States ———— WILLIAM K. HARRINGTON, UNITED STATES TRUSTEE, REGION 2, Petitioner, v. PURDUE PHARMA L.P., ET AL., Respondents. ———— On Writ of Certiorari to "
term_23,23-124,6,20230927174838497_23-124_Amicus_Brief.pdf,0,True,False,False,,"No. 23-124 In the Supreme Court of the United States WILLIAM K. HARRINGTON, UNITED STATES TRUSTEE, REGION 2, Petitioner, v. PURDUE PHARMA L.P., et al., Respondents. On Writ of Certiorari to the United"
term_23,23-124,7,20230927160403794_44254_pdf_Davidoff.pdf,0,True,False,False,,No. 23-124 ================================================================================================================ In The Supreme Court of the United States ---------------------------------♦
term_23,23-124,8,20230920171752577_2023.09.20_Respondents_Brief_FINAL.pdf,20,True,False,False,,"In the Supreme Court of the United States _________________________ No. 23-124 WILLIAM K HARRINGTON, UNITED STATES TRUSTEE, REGION 2, Petitioner, v. PURDUE PHARMA L.P., ET AL. ________________________"
term_23,23-124,9,20230920171752577_2023.09.20_Respondents_Brief_FINAL.pdf,0,True,False,False,,"NO. 23-124 In the Supreme Court of the United States ________________ WILLIAM K. HARRINGTON, UNITED STATES TRUSTEE, REGION 2, Petitioner, v. PURDUE PHARMA L.P., ET AL., Respondents. ________________ O"
term_23,23-124,10,20230927143906171_American_College_of_Bankruptcy_Amicus_Brief.pdf,0,True,False,False,,"No. 23-124 IN THE Supreme Court of the United States ___________________________________ WILLIAM K. HARRINGTON, UNITED STATES TRUSTEE, REGION 2, Petitioner, v. PURDUE PHARMA L.P., ET AL., Respondents."
term_23,23-14,1,20230928104533644_23-14_Diaz_v._USA.pdf,0,True,False,False,,"No. 23-14 In the Supreme Court of the United States DELILAH GUADALUPE DIAZ, PETITIONER v. UNITED STATES OF AMERICA ON PETITION FOR A WRIT OF CERTIORARI TO THE UNITED STATES COURT OF APPEALS FOR THE NI"
term_23,23-14,2,20240103101957573_23-14_Amicus_Brief.pdf,0,True,False,False,,"No. 23-14 IN THE Supreme Court of the United States ___________ DELILAH GUADALUPE DIAZ, Petitioner, v. UNITED STATES, Respondent. ___________ ON WRIT OF CERTIORARI TO THE UNITED STATES COURT OF APPEAL"
term_23,23-14,3,20240201161848509_44783_pdf_Brown_brief.pdf,0,True,False,False,,No. 23-14 ================================================================================================================ In The Supreme Court of the United States ---------------------------------♦-
term_23,23-14,4,20240103163623208_23-14_Amicus_Brief_NACDL_Final.pdf,0,True,False,False,,"No. 23-14 In the Supreme Court of the United States DELILAH GUADALUPE DIAZ, Petitioner, v. UNITED STATES OF AMERICA, Respondent. ON WRIT OF CERTIORARI TO THE UNITED STATES COURT OF APPEALS FOR THE NIN"
term_23,23-14,5,20240126143447567_23-14bsUnitedStates.pdf,10,True,False,False,,"In the Supreme Court of the United States No. 23-14 DELILAH GUADALUPE DIAZ, PETITIONER v. UNITED STATES OF AMERICA ON WRIT OF CERTIORARI TO THE UNITED STATES COURT OF APPEALS FOR THE NINTH CIRCUIT BRI"
term_23,23-14,6,20230928104533644_23-14_Diaz_v._USA.pdf,6,True,False,False,,"In the Supreme Court of the United States No. 23-14 DELILAH GUADALUPE DIAZ, PETITIONER v. UNITED STATES OF AMERICA ON PETITION FOR A WRIT OF CERTIORARI TO THE UNITED STATES COURT OF APPEALS FOR THE NI"
term_23,23-14,7,20240126143447567_23-14bsUnitedStates.pdf,0,True,False,False,,"No. 23-14 In the Supreme Court of the United States DELILAH GUADALUPE DIAZ, PETITIONER v. UNITED STATES OF AMERICA ON WRIT OF CERTIORARI TO THE UNITED STATES COURT OF APPEALS FOR THE NINTH CIRCUIT BRI"
term_23,23-14,8,20240201161848509_44783_pdf_Brown_brief.pdf,58,True,False,False,,"26 to assume, as the Fifth Circuit did, that jurors cannot do this. And if jurors cannot perform it under 704(b), how can requiring them to do the very same thing in other contexts, such as when heari"
term_23,23-14,9,20240103163623208_23-14_Amicus_Brief_NACDL_Final.pdf,9,True,False,False,,1 INTREST OF AMICUS CURIAE1 The National Association of Criminal Defense Lawyers (“NACDL”) is a nonprofit voluntary professional bar association that works on behalf of criminal defense attorneys to e
term_23,23-14,10,20231227183107134_Diaz_Merits_Brief_-_Redacted.pdf,90,True,False,False,,". In Sandstrom v. Montana, 442 U.S. 510, 521 (1979), the Court likewise forbade deeming the requisite mens rea to be present whenever certain predicate facts were proven. Id. at 521. As the Court put "
term_23,23-146,1,20231030172222151_23-146_Connelly_v._IRS_-_FINAL.pdf,0,True,False,False,,"No. 23-146 In the Supreme Court of the United States THOMAS A. CONNELLY, PETITIONER v. INTERNAL REVENUE SERVICE ON PETITION FOR A WRIT OF CERTIORARI TO THE UNITED STATES COURT OF APPEALS FOR THE EIGHT"
term_23,23-146,2,20240131144341183_Connelly_Amicus_Brief.pdf,0,True,False,False,,"No. 23-146 IN THE Supreme Court of the United States THOMAS A. CONNELLY, PETITIONER v. UNITED STATES OF AMERICA On Writ Of Certiorari To The United States Court Of Appeals For The Eighth Circuit BRIEF"
term_23,23-146,3,20240124130226166_23-146_petbrief.pdf,11,True,False,False,,"VIII Page Miscellaneous—continued: Rev. Rul. 59-60, 1959-1 C.B. 237. ............. 6, 18, 19, 27, 30, 33 Richard B. Stephens et al., Federal Estate and Gift Taxation (9th ed. 2013) ..................."
term_23,23-146,4,20240131144341183_Connelly_Amicus_Brief.pdf,6,True,False,False,,"IN THE Supreme Court of the United States No. 23-146 THOMAS A. CONNELLY, PETITIONER v. UNITED STATES OF AMERICA On Writ Of Certiorari To The United States Court Of Appeals For The Eighth Circuit BRIEF"
term_23,23-146,5,20231030172222151_23-146_Connelly_v._IRS_-_FINAL.pdf,6,True,False,False,,"V Miscellaneous: Page 3 James D. Cox & Thomas Lee Hazen, Treatise on the Law of Corporations § 21:2 (3d ed. Dec. 2022 update) .........................................................................."
term_23,23-146,6,20240124130358013_23-146_ja.pdf,0,True,False,False,,"No. 23-146 In the Supreme Court of the United States THOMAS A. CONNELLY, PETITIONER v. UNITED STATES OF AMERICA ON WRIT OF CERTIORARI TO THE UNITED STATES COURT OF APPEALS FOR THE EIGHTH CIRCUIT JOINT"
term_23,23-146,7,20240124130226166_23-146_petbrief.pdf,0,True,False,False,,"No. 23-146 In the Supreme Court of the United States THOMAS A. CONNELLY, PETITIONER v. UNITED STATES OF AMERICA ON WRIT OF CERTIORARI TO THE UNITED STATES COURT OF APPEALS FOR THE EIGHTH CIRCUIT BRIEF"
term_23,23-146,8,20240124130226166_23-146_petbrief.pdf,35,True,False,False,,". Because the willing-buyer/willing-seller test posits parties with knowledge of all relevant facts, it necessarily accounts for legal and practical limitations affecting the value of the property in "
term_23,23-146,9,20231030172222151_23-146_Connelly_v._IRS_-_FINAL.pdf,29,True,False,False,,"13 that the court of appeals, as a consequence of its approach, did not consider whether such a hypothetical sale of Crown would command a premium above the fair market value for only some of the stoc"
term_23,23-146,10,20240124130358013_23-146_ja.pdf,65,True,False,False,,. This stipulation does not involve the Life Insurance Issue and has no effect thereon; 2. The plaintiff will not owe any additional federal estate taxes; and 3. At the conclusion of this case—whether
term_23,23-175,1,20230822105225753_Grants_Pass_Pet._App.pdf,272,True,False,False,,". Martin misread Supreme Court precedent, yet we failed to give that case the en banc reconsideration it deserved. Grants Pass now doubles down on Martin— crystallizing Martin into a crude population-"
term_23,23-175,2,20230925175212019_GrantsPassCJLF_AmicusCert.pdf,12,True,False,False,,5 ARGUMENT I. This case exacerbates a conflict between the Court of Appeals and the highest court of a state within the circuit on an important issue. This Court’s rules recognize that an important fa
term_23,23-175,3,20240304142827170_23-175_tsac_San_Clemente.pdf,0,True,False,False,,"No. 23-175 IN THE Supreme Court of the United States CITY OF GRANTS PASS, Petitioner, v. GLORIA JOHNSON AND JOHN LOGAN, ON BEHALF OF THEMSELVES AND ALL OTHERS SIMILARLY SITUATED, Respondents. On Writ "
term_23,23-175,4,20240322115002151_240308a_AC_Brief_for_efiling.pdf,0,True,False,False,,"No. 23-175 In the Supreme Court of the United States CITY OF GRANTS PASS, OREGON, PETITIONER, v. GLORIA JOHNSON AND JOHN LOGAN, ON BEHALF OF THEMSELVES AND ALL OTHERS SIMILARLY SITUATED, RESPONDENTS. "
term_23,23-175,5,20240306174326611_VSA_Main_E_FILE_Mar_6_2024.pdf,0,True,False,False,,"NO. 23-175 In the Supreme Court of the United States CITY OF GRANTS PASS, Petitioner, v. GLORIA JOHNSON, ET AL., Respondents. __________________________ On Writ of Certiorari to the United States Cour"
term_23,23-175,6,20240322115002151_240308a_AC_Brief_for_efiling.pdf,11,True,False,False,,"(2) SUMMARY OF ARGUMENT The Ninth Circuit correctly decided the case under existing opinions of this Court because: • The ordinances in question deliberately target, and discriminate against, a highly"
term_23,23-175,7,20230822105225753_Grants_Pass_Pet._App.pdf,80,True,False,False,,". 26 The primary support for this contention is Ingraham v. Wright, 430 U.S. 651 (1977). In Ingraham, the Supreme Court addressed whether the Cruel and Unusual Punishment Clause was implicated by corp"
term_23,23-175,8,20240304122417614_City_of_Chico_Amicus_Brief.pdf,0,True,False,False,,"NO. 23-175 In the Supreme Court of the United States CITY OF GRANTS PASS, OREGON, Petitioner, v. GLORIA JOHNSON, ET AL., ON BEHALF OF THEMSELVES AND ALL OTHERS SIMILARLY SITUATED, Respondents. On Writ"
term_23,23-175,9,20240301150309533_Grants_Pass_AC_Merits_Brief_PDFA_edited.pdf,0,True,False,False,,"No. 23-175 In The Supreme Court of the United States ____________________ CITY OF GRANTS PASS, Petitioner, v. GLORIA JOHNSON AND JOHN LOGAN, ON BEHALF OF THEMSELVES AND ALL OTHERS SIMILARLY SITUATED, "
term_23,23-175,10,20240307132009148_Thirteen_Cities_E_FILE_Mar_04_24.pdf,0,True,False,False,,"NO. 23-175 In the Supreme Court of the United States CITY OF GRANTS PASS, OREGON, Petitioner, V. GLORIA JOHNSON, ET AL., ON BEHALF OF THEMSELVES AND ALL OTHERS SIMILARLY SITUATED, Respondents. _______"
term_23,23-21,1,20240119142430094_23-021_-_Amicus_Brief.pdf,0,True,False,False,,"No. 23-21 IN THE Supreme Court of the United States STUART R. HARROW, Petitioner, v. DEPARTMENT OF DEFENSE, Respondent. On Writ of Certiorari to the United States Court of Appeals for the Federal Circ"
term_23,23-21,2,20240119155626045_Covington_NVLSP_Amicus_Brief_in_Harrow_v._DOD.pdf,0,True,False,False,,"No. 23-21 IN THE Supreme Court of the United States ______________________ STUART R. HARROW, Petitioner, v. DEPARTMENT OF DEFENSE, Respondent. __________________________ On Writ of Certiorari to the U"
term_23,23-21,3,20240112132428486_1_Merits_Brief_Opening4_-_FINAL.pdf,0,True,False,False,,"No. 23-21 IN THE Supreme Court of the United States ———— STUART R. HARROW, Petitioner, v. DEPARTMENT OF DEFENSE, Respondent. ———— On Writ of Certiorari to the United States Court of Appeals for the Fe"
term_23,23-21,4,20231006155139031_23-21_Harrow_v._DoD_final.pdf,0,True,False,False,,"No. 23-21 In the Supreme Court of the United States STUART R. HARROW, PETITIONER v. DEPARTMENT OF DEFENSE ON PETITION FOR A WRIT OF CERTIORARI TO THE UNITED STATES COURT OF APPEALS FOR THE FEDERAL CIR"
term_23,23-21,5,20231006155139031_23-21_Harrow_v._DoD_final.pdf,10,True,False,False,,"In the Supreme Court of the United States No. 23-21 STUART R. HARROW, PETITIONER v. DEPARTMENT OF DEFENSE ON PETITION FOR A WRIT OF CERTIORARI TO THE UNITED STATES COURT OF APPEALS FOR THE FEDERAL CIR"
term_23,23-21,6,20240118141421916_20240118FCBAAmicus_Briefpdfa2.pdf,0,True,False,False,,"No. 23-21 In the Supreme Court of the United States ________________ STUART R. HARROW, Petitioner, v. DEPARTMENT OF DEFENSE, Respondent. ________________ On Writ of Certiorari to the United States Cou"
term_23,23-21,7,20240119120531831_2321_HarrowvDoD_AFGE_Amicus_Brief_1192024.pdf,0,True,False,False,,"No. 23-21 In The Supreme Court of the United States Stuart R. Harrow, Petitioner, v. Department of Defense, Respondent. On Petition for Writ of Certiorari to the United States Court of Appeals for the"
term_23,23-21,8,20240119120531831_2321_HarrowvDoD_AFGE_Amicus_Brief_1192024.pdf,24,True,False,False,,"10 The Federal Circuit’s opinion in Fedora offers no compelling argument to the contrary. For example, Fedora relied chiefly on two arguments for its jurisdictional construction of Section 7703(b)(1)("
term_23,23-21,9,20240119155626045_Covington_NVLSP_Amicus_Brief_in_Harrow_v._DOD.pdf,23,True,False,False,,". Petitioner demonstrates why the best reading of 5 U.S.C. § 7703(b)(1)(A) is one that permits equitable tolling. But to the extent that the Court sees the provision as ambiguous, it should apply the "
term_23,23-21,10,20230703105801046_1_-_HARROW_-_FINAL.pdf,31,True,False,False,,". Now the full court, after some going back and forth, has denied en banc review. Thus, regrettably, we once again invite the Supreme Court to correct our errors. Id. at 1147 (Plager, J., dissenting)."
term_23,23-235,1,20231109104746910_23-235_23-236_Brief_in_Opposition.pdf,48,True,False,False,,"19 arguments and insulate FDA’s unlawful actions from judicial review, it is not enough to show that Respondents lack standing. Petitioners must also establish that the States do too. This Court shoul"
term_23,23-235,2,20240130171901188_23-235_and_23-236_Brief.pdf,0,True,False,False,,"Nos. 23-235 & 23-236 In The Supreme Court of the United States FOOD AND DRUG ADMINISTRATION, ET AL., Petitioners, v. ALLIANCE FOR HIPPOCRATIC MEDICINE, ET AL., Respondents. DANCO LABORATORIES, L.L.C.,"
term_23,23-235,3,20240130161657581_23-235_vided_23-236_US_FDA_v_Alliance_for_Hippocratic_Medicine_Brief_of__317c45a7.pdf,0,True,False,False,,"No. 23-235 Vided 23-236 IN THE Supreme Court of the United States d NO. 23-235 U.S. FOOD & DRUG ADMINISTRATION, ET AL., Petitioners, —v.— ALLIANCE FOR HIPPOCRATIC MEDICINE, ET AL., Respondents. (Capti"
term_23,23-235,4,20231012115943948_23-235_-236_tsac_Local_Governments_Final.pdf,0,True,False,False,,"Nos. 23-235 & 23-236 In the Supreme Court of the United States FOOD AND DRUG ADMINISTRATION, ET AL., Petitioners, v. ALLIANCE FOR HIPPOCRATIC MEDICINE, ET AL., Respondents. ------------- DANCO LABORAT"
term_23,23-235,5,20240130124315916_240112a_AC_Brief_for_efiling.pdf,0,True,False,False,,"No. 23-235 In the Supreme Court of the United States ______________________________________ U.S. FOOD & DRUG ADMINISTRATION, ET AL., Petitioners, v. ALLIANCE FOR HIPPOCRATIC MEDICINE, ET AL., Responde"
term_23,23-235,6,20240130144244797_Food_and_Drug_Law_Scholars_Brief.pdf,0,True,False,False,,"Nos. 23-235 & 23-236 In the Supreme Court of the United States ________________________________________ U.S. FOOD & DRUG ADMINISTRATION, ET AL., Petitioners, v. ALLIANCE FOR HIPPOCRATIC MEDICINE, ET A"
term_23,23-235,7,20240130160221968_23-235_Amicus_Brief.pdf,0,True,False,False,,Nos. 23-235 and 23-236 ================================================================================================================ In The Supreme Court of the United States ----------------------
term_23,23-235,8,20231012143352654_Food_and_Drug_Law_Scholars_Brief.pdf,0,True,False,False,,"Nos. 23-235 & 23-236 In the Supreme Court of the United States ________________________________________ U.S. FOOD & DRUG ADMINISTRATION, ET AL., Petitioners, v. ALLIANCE FOR HIPPOCRATIC MEDICINE, ET A"
term_23,23-235,9,20240130150052194_2024-01-30_FDA_v._AFHM_Amicus_Brief_V9_AS.pdf,0,True,False,False,,"Nos. 23-235 and 23-236 In the Supreme Court of the United States U.S. FOOD AND DRUG ADMINISTRATION, ET. AL., Petitioners, v. ALLIANCE FOR HIPPOCRATIC MEDICINE, ET AL., Respondents. DANCO LABORATORIES,"
term_23,23-235,10,20240130180638695_23-235_and_23-236_Amicus_Brief.pdf,0,True,False,False,,"Nos. 23-235 and 23-236 In the Supreme Court of the United States Food and Drug Administration, et al., Petitioners, v. Alliance for Hippocratic Medicine, et al., Respondents. Danco Laboratories, L.L.C"
term_23,23-250,1,20231011095112936_File_-_San_Carlos_Apache_-_Brief_in_Response.pdf,0,True,False,False,,"No. 23-250 IN THE Supreme Court of the United States ___________ XAVIER BECERRA, SECRETARY OF HEALTH AND HUMAN SERVICES, ET AL., Petitioners, v. SAN CARLOS APACHE TRIBE, Respondent. ___________ On Pet"
term_23,23-250,2,20240104212631524_23-250tsUnitedStates.pdf,0,True,False,False,,"Nos. 23-250 and 23-253 In the Supreme Court of the United States XAVIER BECERRA, SECRETARY OF HEALTH AND HUMAN SERVICES, ET AL., PETITIONERS v. SAN CARLOS APACHE TRIBE XAVIER BECERRA, SECRETARY OF HEA"
term_23,23-250,3,20240104212846733_22-250_23-253_San_Carlos_Apache_Northern_Arapaho_J.A..pdf,0,True,False,False,,"Nos. 23-250 and 23-253 In the Supreme Court of the United States XAVIER BECERRA, SECRETARY OF HEALTH AND HUMAN SERVICES, ET AL., PETITIONERS v. SAN CARLOS APACHE TRIBE XAVIER BECERRA, SECRETARY OF HEA"
term_23,23-250,4,20240104212631524_23-250tsUnitedStates.pdf,14,True,False,False,,"In the Supreme Court of the United States No. 23-250 XAVIER BECERRA, SECRETARY OF HEALTH AND HUMAN SERVICES, ET AL., PETITIONERS v. SAN CARLOS APACHE TRIBE No. 23-253 XAVIER BECERRA, SECRETARY OF HEAL"
term_23,23-250,5,20240104212846733_22-250_23-253_San_Carlos_Apache_Northern_Arapaho_J.A..pdf,49,True,False,False,,"36 Section 1(b)—Effective Date and Term Section 1(e)—Funding and Budget Category Section 1(f )(5)—Adjustment Due to the Congressional Actions The AFA for FY 2013, effective October 1, 2012 and continu"
term_23,23-250,6,20240104212846733_22-250_23-253_San_Carlos_Apache_Northern_Arapaho_J.A..pdf,24,True,False,False,,"13 underpaid San Carlos Apache Tribe on the amounts due under its contracts for contract support costs, the Tribe would receive fewer collections from third-party payers. 37. IHS’s breaches of the FY "
term_23,23-250,7,20230913180355425_San_Carlos_Apache_Petition_final.pdf,35,True,False,False,,". The statutory scheme forecloses that counterintuitive result. 2 On August 21, 2023, Justice Gorsuch extended the time within which to file a petition for a writ of certiorari in Northern Arapaho to "
term_23,23-250,8,20230913180355425_San_Carlos_Apache_Petition_final.pdf,0,True,False,False,,"No. In the Supreme Court of the United States XAVIER BECERRA, SECRETARY OF HEALTH AND HUMAN SERVICES, ET AL., PETITIONERS v. SAN CARLOS APACHE TRIBE ON PETITION FOR A WRIT OF CERTIORARI TO THE UNITED "
term_23,23-250,9,20230913180355425_San_Carlos_Apache_Petition_final.pdf,11,True,False,False,,"In the Supreme Court of the United States No. XAVIER BECERRA, SECRETARY OF HEALTH AND HUMAN SERVICES, ET AL., PETITIONERS v. SAN CARLOS APACHE TRIBE ON PETITION FOR A WRIT OF CERTIORARI TO THE UNITED "
term_23,23-250,10,20231011095112936_File_-_San_Carlos_Apache_-_Brief_in_Response.pdf,51,True,False,False,,"21 Id. If Congress had wanted to limit contract support costs to activities performed pursuant to the contract and “funded by the Secretarial amount,” it could easily have said so. But it did not. See"
term_23,23-3,1,20231222170521816_Coinbase_v_Suski_Amicus_Brief_.pdf,0,True,False,False,,"No. 23-3 In the Supreme Court of the United States COINBASE, INC., Petitioner, v. DAVID SUSKI, et al., Respondents. On Writ of Certiorari to the United States Court of Appeals for the Ninth Circuit BR"
term_23,23-3,2,20231221135758504_SABINO_COINBASE_MERITS_Amicus_Brief.pdf,0,True,False,False,,No. 23-3 ================================================================================================================ In The Supreme Court of the United States ---------------------------------♦--
term_23,23-3,3,20230922210056791_Suski_BIO_MAIN_E_File_Sept_22_23.pdf,0,True,False,False,,"NO. 23-3 In the Supreme Court of the United States COINBASE, INC., Petitioner, v. DAVID SUSKI, ET AL., Respondents. __________________________ On Petition for Writ of Certiorari to the United States C"
term_23,23-3,4,20230922210056791_Suski_BIO_MAIN_E_File_Sept_22_23.pdf,47,True,False,False,,"25 No court has found a clear and unmistakable delegation agreement in a case that looks anything like this one. This case is truly a one-off case, and thus poorly suited for certiorari review. V. THI"
term_23,23-3,5,20231220125000513_Coinbase_v._Suski_23_3.pdf,4,True,False,False,,"1 ────────── INTEREST OF AMICUS CURIAE1 Established in 1977, the Atlantic Legal Foundation (ALF) is a national, nonprofit, nonpartisan, public interest law firm whose mission is to advance the rule o"
term_23,23-3,6,20231221135758504_SABINO_COINBASE_MERITS_Amicus_Brief.pdf,7,True,False,False,,"vi TABLE OF AUTHORITIES – Continued Page RULES Sup. Ct. R. 37.6 ............................................................. 1 OTHER AUTHORITIES Anthony M. Sabino & Michael A. Sabino, “Law of the Lan"
term_23,23-3,7,20230623141016400_Suski_Petition_6-23-23_Final.pdf,35,True,False,False,,". In the decision below, the Ninth Circuit similarly held that the court, not an arbitrator, must decide whether an initial arbitration agreement containing a delegation clause was rendered unenforcea"
term_23,23-3,8,20231220125000513_Coinbase_v._Suski_23_3.pdf,0,True,False,False,,"No. 23-3 In the Supreme Court of the United States ──────  ────── COINBASE, INC., Petitioner, v. DAVID SUSKI, ET AL., Respondents. ──────  ────── On Writ Of Certiorari To The United States Court of "
term_23,23-3,9,20230623141016400_Suski_Petition_6-23-23_Final.pdf,12,True,False,False,,". This Court ultimately denied review. By contrast, this Petition offers a simple and clean vehicle to resolve the split. Indeed, the facts of this case are unusually straightforward. The Court should"
term_23,23-3,10,20230623141016400_Suski_Petition_6-23-23_Final.pdf,40,True,False,False,,"19 The Alaska Supreme Court has adopted the same approach. In SMJ General Construction, Inc. v. Jet Commercial Construction, LLC, 440 P.3d 210 (Alaska 2019), an initial construction contract directed "
term_23,23-334,1,20240220182539208_Munoz_J.A._final.pdf,68,True,False,False,,". (Dkt. No. 76 at 6-8). The Court finds Defendants’ arguments unavailing. In dicta, the Hawaii Court provided a limited summary of the Supreme Court’s ruling in Din, stating that “the Government need "
term_23,23-334,2,20240226133952441_23-334_Amicus_BOM_IRLI_PDFA.pdf,0,True,False,False,,"No. 23-334 In the Supreme Court of the United States __________________ DEPARTMENT OF STATE, ET AL., Petitioners, v. SANDRA MUNOZ, ET AL., Respondents. __________________ On Writ of Certiorari to the "
term_23,23-334,3,20240220182539208_Munoz_J.A._final.pdf,0,True,False,False,,"No. 23-334 In the Supreme Court of the United States DEPARTMENT OF STATE, ET AL., PETITIONERS v. SANDRA MUÑOZ, ET AL. ON WRIT OF CERTIORARI TO THE UNITED STATES COURT OF APPEALS FOR THE NINTH CIRCUIT "
term_23,23-334,4,20240403155635876_23-334_Brief_in_Opposition_Final.pdf,0,True,False,False,,"No. 23-334 In the Supreme Court of the United States DEPARTMENT OF STATE, ET AL., Petitioners, v. SANDRA MUÑOZ, ET AL., Respondents. On Petition for Writ of Certiorari to the United States Court of Ap"
term_23,23-334,5,20240321140013833_Merit_Br._for_Respondents.pdf,78,True,False,False,,"33 in their marital home. The only alternative would require her to forfeit her right as a citizen to live in the United States, and, as discussed below, Part II.C.2, it is impermissible for the Gover"
term_23,23-334,6,20240220181935001_23-334tsUnitedStates.pdf,0,True,False,False,,"No. 23-334 In the Supreme Court of the United States DEPARTMENT OF STATE, ET AL., PETITIONERS v. SANDRA MUÑOZ, ET AL. ON WRIT OF CERTIORARI TO THE UNITED STATES COURT OF APPEALS FOR THE NINTH CIRCUIT "
term_23,23-334,7,20240321140013833_Merit_Br._for_Respondents.pdf,0,True,False,False,,"No. 23-334 In the Supreme Court of the United States DEPARTMENT OF STATE, ET AL., Petitioners, v. SANDRA MUÑOZ, ET AL., Respondents. On Writ of Certiorari to the United States Court of Appeals for the"
term_23,23-334,8,20240220181935001_23-334tsUnitedStates.pdf,17,True,False,False,,"In the Supreme Court of the United States No. 23-334 DEPARTMENT OF STATE, ET AL., PETITIONERS v. SANDRA MUÑOZ, ET AL. ON WRIT OF CERTIORARI TO THE UNITED STATES COURT OF APPEALS FOR THE NINTH CIRCUIT "
term_23,23-334,9,20240220182539208_Munoz_J.A._final.pdf,67,True,False,False,,"54 must be a fact in the record that ‘provides at least a facial connection to’ the statutory ground of inadmissibility.” Id. (quoting Din, 135 S. Ct. at 2141). Here, while the consular officer’s cita"
term_23,23-334,10,20240403155635876_23-334_Brief_in_Opposition_Final.pdf,51,True,False,False,,"19 solutions to the problem and until a consensus emerges on how best to deal with” the admittedly important issues involved. 464 U.S. 867 (1983) (Marshall, J., dissenting) (denying certiorari even wh"
term_23,23-367,1,20231206203825479_23-367_Starbucks_v._McKinney.pdf,26,True,False,False,,". This case therefore would not be an appropriate vehicle for the Court to consider petitioner’s arguments concerning the “reasonable cause” formulation and its application. Moreover, the complaint is"
term_23,23-367,2,20240228150836858_23-367_Amicus_NCLA_Supp._Pet.pdf,0,True,False,False,,"No. 23-367 IN THE Supreme Court of the United States _________________________ STARBUCKS CORPORATION, Petitioner, v. M. KATHLEEN MCKINNEY, REGIONAL DIRECTOR OF REGION 15 OF THE NATIONAL LABOR RELATION"
term_23,23-367,3,20231106161151769_23-367_NCLA_Amicus.pdf,0,True,False,False,,"No. 23-367 IN THE Supreme Court of the United States _________________________ STARBUCKS CORPORATION, Petitioner, v. M. KATHLEEN MCKINNEY, REGIONAL DIRECTOR OF REGION 15 OF THE NATIONAL LABOR RELATION"
term_23,23-367,4,20240226151150231_WLF_Amicus_-_Starbucks_v._McKinney.pdf,34,True,False,False,,". But the NLRB advanced a “non-frivolous” legal argument about how these firings violated the NLRA. If any other party had made this argument, the District Court would have likely imposed Rule 11 sanc"
term_23,23-367,5,20240226151150231_WLF_Amicus_-_Starbucks_v._McKinney.pdf,0,True,False,False,,"No. 23-367 IN THE Supreme Court of the United States ____________ STARBUCKS CORPORATION, Petitioner, v. M. KATHLEEN MCKINNEY, REGIONAL DIRECTOR OF REGION 15 OF THE NATIONAL LABOR RELATIONS BOARD, FOR "
term_23,23-367,6,20240228143510701_Merit-Stage_Amici_Brief_-_CDW_et_al.pdf,0,True,False,False,,"No. 23-367 In the Supreme Court of the United States STARBUCKS CORPORATION, Petitioner, v. M. KATHLEEN MCKINNEY, REGIONAL DIRECTOR OF REGION 15 OF THE NATIONAL LABOR RELATIONS BOARD, FOR AND ON BEHALF"
term_23,23-367,7,20240322184334216_23-367bsUnitedStates.pdf,15,True,False,False,,"In the Supreme Court of the United States No. 23-367 STARBUCKS CORPORATION, PETITIONER v. M. KATHLEEN MCKINNEY, REGIONAL DIRECTOR OF REGION 15 OF THE NATIONAL LABOR RELATIONS BOARD, FOR AND ON BEHALF "
term_23,23-367,8,20240228154947663_23-367_tsac_Buckeye_Final.pdf,0,True,False,False,,"No. 23-367 In the Supreme Court of the United States ─────────────♦───────────── STARBUCKS CORPORATION Petitioner, v. M. KATHLEEN MCKINNEY, REGIONAL DIRECTOR OF REGION 15 OF THE NATIONAL LABOR RELATIO"
term_23,23-367,9,20231206203825479_23-367_Starbucks_v._McKinney.pdf,0,True,False,False,,"No. 23-367 In the Supreme Court of the United States STARBUCKS CORPORATION, PETITIONER v. M. KATHLEEN MCKINNEY, REGIONAL DIRECTOR OF REGION 15 OF THE NATIONAL LABOR RELATIONS BOARD, FOR AND ON BEHALF "
term_23,23-367,10,20231206203825479_23-367_Starbucks_v._McKinney.pdf,6,True,False,False,,"In the Supreme Court of the United States No. 23-367 STARBUCKS CORPORATION, PETITIONER v. M. KATHLEEN MCKINNEY, REGIONAL DIRECTOR OF REGION 15 OF THE NATIONAL LABOR RELATIONS BOARD, FOR AND ON BEHALF "
term_23,23-370,1,20240110121722891_Erlinger-NAFD_Amicus-final.pdf,0,True,False,False,,"No. 23-370 IN THE Supreme Court of the United States PAUL ERLINGER, Petitioner, v. UNITED STATES OF AMERICA, Respondent. On Writ of Certiorari to the United States Court of Appeals for the Seventh Cir"
term_23,23-370,2,20240103184303471_23-370tsUnitedStates.pdf,39,True,False,False,,"16 facts when their “proof [was] unnecessary” for the prior conviction. Mathis, 579 U.S. at 511-512. Facts that are “mere real-world things—extraneous to the [prior] crime’s legal requirements,” id. a"
term_23,23-370,3,20240110120936452_NACDL_Erlinger_Amicus_Br_for_filing.pdf,0,True,False,False,,"No. 23-370 IN THE Supreme Court of the United States ___________ PAUL ERLINGER, Petitioner, v. UNITED STATES OF AMERICA, Respondent. ___________ On Writ of Certiorari to the United States Court of App"
term_23,23-370,4,20240110134639422_Erlinger_v._United_States_-_FAMM_Amicus_Brief_Final.pdf,0,True,False,False,,"No. 23-370 In the Supreme Court of the United States PAUL ERLINGER, PETITIONER, v. UNITED STATES, RESPONDENT. ON WRIT OF CERTIORARI TO THE UNITED STATES COURT OF APPEALS FOR THE SEVENTH CIRCUIT BRIEF "
term_23,23-370,5,20231017172808600_23-370_Erlinger_v._USA.pdf,0,True,False,False,,"No. 23-370 In the Supreme Court of the United States PAUL ERLINGER, PETITIONER v. UNITED STATES OF AMERICA ON PETITION FOR A WRIT OF CERTIORARI TO THE UNITED STATES COURT OF APPEALS FOR THE SEVENTH CI"
term_23,23-370,6,20240103184303471_23-370tsUnitedStates.pdf,0,True,False,False,,"No. 23-370 In the Supreme Court of the United States PAUL ERLINGER, PETITIONER v. UNITED STATES OF AMERICA ON WRIT OF CERTIORARI TO THE UNITED STATES COURT OF APPEALS FOR THE SEVENTH CIRCUIT BRIEF FOR"
term_23,23-370,7,20240202145045648_Response_Brief.pdf,97,True,False,False,,". 2006) (McConnell, J.). For example, in one recent ACCA case where a defendant stipulated to the occasions issue, the prosecutor began closing arguments to the jury by referring to the defendant as “"
term_23,23-370,8,20240110120936452_NACDL_Erlinger_Amicus_Br_for_filing.pdf,5,True,False,False,,"IN THE Supreme Court of the United States _________ No. 23-370 _________ PAUL ERLINGER, Petitioner, v. UNITED STATES OF AMERICA, Respondent. _________ On Writ of Certiorari to the United States Court "
term_23,23-370,9,20231017172808600_23-370_Erlinger_v._USA.pdf,9,True,False,False,,"VII Statute—Continued: Page 28 U.S.C. 2255 ...................................................................... 2, 3 In the Supreme Court of the United States No. 23-370 PAUL ERLINGER, PETITIONER v."
term_23,23-370,10,20231004162151495_Erlinger_-_Cert_Petition_Appendix.pdf,74,True,False,False,,"52a And in her opinion in Descamps, Justice Kagan looks ahead to what Justice Gorsuch was so concerned about in Wooden when she says, the meaning of those documents, those are the Shepard documents, w"
term_23,23-411,1,20240207151527024_AAPS_amicus_brief_Murthy_v_Missouri_23-411.pdf,0,True,False,False,,"No. 23-411 IN THE Supreme Court of the United States VIVEK H. MURTHY, SURGEON GENERAL, ET AL., Petitioners, v. MISSOURI, ET AL., Respondents. On Writ of Certiorari to the United States Court of Appeal"
term_23,23-411,2,20231221160601628_44466_pdf_Gellis.pdf,0,True,False,False,,No. 23-411 ================================================================================================================ In The Supreme Court of the United States ---------------------------------♦
term_23,23-411,3,20240207124421693_44501_pdf_Ebner.pdf,0,True,False,False,,No. 23-411 ================================================================================================================ In The Supreme Court of the United States ---------------------------------♦
term_23,23-411,4,20240209130241371_23-411_CCJ_bsac_.pdf,0,True,False,False,,"i No. 23-411 In the Supreme Court of the United States VIVEK H. MURTHY, SURGEON GENERAL, ET AL., Petitioners, v. MISSOURI, ET. AL., Respondents. On Writ of Certiorari to the United States Court of App"
term_23,23-411,5,20240208123008418_AFPF_Murthy_v_Missouri_amicus_final.pdf,0,True,False,False,,"No. 23-411 IN THE Supreme Court of the United States ———— VIVEK H. MURTHY, ET AL., Petitioners, v. MISSOURI, ET AL., Respondents. ______________________________________________________________________"
term_23,23-411,6,20231222121422782_KFAI_amicus_brief_in_Murthy_v._Missouri.pdf,0,True,False,False,,"No. 23-411 IN THE Supreme Court of the United States VIVEK H. MURTHY, SURGEON GENERAL, et al., Petitioners, v. STATE OF MISSOURI, et al., Respondents. On Writ of Certiorari to the United States Court "
term_23,23-411,7,20240207184645891_44588_pdf_Nolan.pdf,0,True,False,False,,No. 23-411 ================================================================================================================ In The Supreme Court of the United States ---------------------------------♦
term_23,23-411,8,20240207104726638_Crowder_Amicus_Document_February_7_2024_EFile.pdf,0,True,False,False,,"NO. 23-411 In the Supreme Court of the United States VIVEK H. MURTHY, SURGEON GENERAL, ET AL., Petitioners, v. MISSOURI, ET AL., Respondents. __________________________ On Writ of Certiorari to the Un"
term_23,23-411,9,20231219192444120_23-411_J.A._-_Murthy_FILE.pdf,1269,True,False,False,,". When I shared the White Coat presentation on the steps of the Supreme Court in the fall of 2020, and the physicians advocated for early treatment with hydroxychloroquine, Facebook censors took down "
term_23,23-411,10,20231226144150391_2023.12.26_FOR_PRINTER_Senator_Warner_Amicus_Brief_-_Murthy_v_Missouri.pdf,0,True,False,False,,"No. 23-411 In the Supreme Court of the United States VIVEK H. MURTHY, SURGEON GENERAL, ET AL., Petitioners, v. STATE OF MISSOURI, ET AL., Respondents. On Writ of Certiorari to the United States Court "
term_23,23-50,1,20240207151152339_Chiaverini_Amicus_Brief_PDFA.pdf,0,True,False,False,,"No. 23-50 In the Supreme Court of the United States JASCHA CHIAVERINI, ET AL., Petitioners, v. NICHOLAS EVANOFF, ET AL., Respondents. On Writ of Certiorari to the United States Court of Appeals for th"
term_23,23-50,2,20240207102651008_Chiaverini_CAC_Brief_-_FINAL.pdf,0,True,False,False,,"No. 23-50 IN THE Supreme Court of the United States JASCHA CHIAVERINI, ET AL., Petitioners, v. CITY OF NAPOLEON, OHIO, ET AL., Respondents. On Writ of Certiorari to the United States Court of Appeals "
term_23,23-50,3,20240207094658057_Brief_of_the_Institute_for_Justice_as_Amicus_Curiae_Supporting_Petitioners.pdf,0,True,False,False,,"No. 23-50 In The Supreme Court of the United States JASCHA CHIAVERINI, ET AL., Petitioners, v. CITY OF NAPOLEON, ET AL., Respondents. On Writ of Certiorari to the United States Court of Appeals for th"
term_23,23-50,4,20230725114439371_Brief_of_the_Institute_for_Justice_as_Amicus_Curiae_Supporting_Petitioners.pdf,0,True,False,False,,"No. 23-50 In The Supreme Court of the United States JASCHA CHIAVERINI, ET AL., Petitioners, v. CITY OF NAPOLEON, ET AL., Respondents. On Petition for a Writ of Certiorari to the United States Court of"
term_23,23-50,5,20240312131708383_2024-03-12_No._23-50_Chiaverini_-_Amici_Brief_in_Supp_of_Respondents.pdf,0,True,False,False,,"No. 23-50 In the Supreme Court of the United States —————————— JASCHA CHIAVERINI, ET AL., Petitioners, v. CITY OF NAPOLEON, OHIO, ET AL., Respondents. —————————— ON WRIT OF CERTIORARI TO THE UNITED ST"
term_23,23-50,6,20240311114339053_23-50_Chiaverini_Merits_Brief_for_Respondents_Updated.pdf,0,True,False,False,,"NO. 23-50 In the Supreme Court of the United States ________________ JASCHA CHIAVERINI, ET AL., Petitioners, v. CITY OF NAPOLEON, OHIO, ET AL., Respondents. ________________ On Writ of Certiorari to t"
term_23,23-50,7,20240207141851790_Cato_Chiaverini_Amicus_2_7_FILED.pdf,8,True,False,False,,"INTEREST OF AMICUS CURIAE1 The Cato Institute is a nonpartisan public policy research foundation founded in 1977 and dedicated to advancing the principles of individual liberty, free markets, and limi"
term_23,23-50,8,20240312142857635_23-50_Final_Chiaverini_Brief.pdf,0,True,False,False,,"No. 23-50 IN THE Supreme Court of the United States _________ JASCHA CHIAVERINI, et al., Petitioners, v. CITY OF NAPOLEON, OHIO, et al., Respondents. _________ On Writ of Certiorari to the United Stat"
term_23,23-50,9,20240207134258081_NACDL_Chiaverini_Amicus_Brief_2.7.24_Final.pdf,0,True,False,False,,"No. 23-50 In the Supreme Court of the United States JASCHA CHIAVERINI, ET AL., PETITIONERS v. CITY OF NAPOLEON, OHIO, ET AL. ON WRIT OF CERTIORARI TO THE UNITED STATES COURT OF APPEALS FOR THE SIXTH C"
term_23,23-50,10,20240207150347681_23-50_Chiaverini_2.6.pdf,0,True,False,False,,"No. 23-50 In the Supreme Court of the United States JASCHA CHIAVERINI, ET AL., PETITIONERS v. CITY OF NAPOLEON, OHIO, ET AL. ON WRIT OF CERTIORARI TO THE UNITED STATES COURT OF APPEALS FOR THE SIXTH C"
term_23,23-51,1,20231220145214274_23-51_Amicus_Brief.pdf,0,True,False,False,,"No. 23-51 In the Supreme Court of the United States Neal Bissonnette, et al., Petitioners, v. LePage Bakeries Park St., LLC, et al., Respondents. On Writ of Certiorari to the United States Court of Ap"
term_23,23-51,2,20231220171820687_Amazon_Amicus_Brief.pdf,0,True,False,False,,"No. 23-51 In the Supreme Court of the United States NEAL BISSONNETTE, ET AL., Petitioners, v. LEPAGE BAKERIES PARK ST., LLC, ET AL., Respondents. On Writ Of Certiorari To The United States Court Of Ap"
term_23,23-51,3,20231220143109577_IBA_Amicus_Brief.pdf,0,True,False,False,,"No. 23-51 IN THE Supreme Court of the United States NEAL BISSONNETTE, et al., Petitioners, v. LEPAGE BAKERIES PARK ST., LLC, et al., Respondents. On Writ of Certiorari to the United States Court of Ap"
term_23,23-51,4,20231120173315893_AAJ_Amicus_Brief_Bissonnette_v._LePage_23-51.pdf,0,True,False,False,,"No. 23-51 IN THE Supreme Court of the United States NEAL BISSONNETTE, ET AL., Petitioners, v. LEPAGE BAKERIES PARK ST., LLC, ET AL., Respondents. On Writ of Certiorari to the United States Court of Ap"
term_23,23-51,5,20231220151937829_44596_pdf_Spencer.pdf,0,True,False,False,,No. 23-51 ================================================================================================================ In The Supreme Court of the United States ---------------------------------♦-
term_23,23-51,6,20231120102825133_2023.11.20_FILED_Bissonnette_PJ_Amicus_Br.pdf,0,True,False,False,,"No. 23-51 IN THE Supreme Court of the United States ____________________ NEAL BISSONNETTE and TYLER WOJNAROWSKI, on behalf of themselves and all others similarly situated, Petitioners, v. LEPAGE BAKER"
term_23,23-51,7,20231220163913862_23-51_Brief.pdf,0,True,False,False,,"No. 23-51 IN THE Supreme Court of the United States ________________ NEAL BISSONNETTE, ET AL., Petitioners, v. LEPAGE BAKERIES PARK ST., LLC, ET AL., Respondents, ________________ ON WRIT OF CERTIORAR"
term_23,23-51,8,20231220125603633_RLC_Amicus_Brief_Bissonnette_v._LePage_23-51_PDFA.pdf,0,True,False,False,,"No. 23-51 IN THE Supreme Court of the United States NEAL BISSONNETTE, ET AL., Petitioners, v. LEPAGE BAKERIES PARK ST., LLC, ET AL., Respondents. On Writ of Certiorari to the United States Court of Ap"
term_23,23-51,9,20230821153035852_23-51_bio.pdf,0,True,False,False,,"No. 23-51 IN THE Supreme Court of the United States NEAL BISSONNETTE, ET AL., Petitioners, v. LEPAGE BAKERIES PARK ST., LLC, ET AL., Respondents. On Petition For A Writ Of Certiorari To The United Sta"
term_23,23-51,10,20231115153510290_44397_pdf_Ruckelshaus.pdf,0,True,False,False,,No. 23-51 ================================================================================================================ In The Supreme Court of the United States ---------------------------------♦-
term_23,23-5572,1,20231030160318259_23-32_Lang_et_al._-_final.pdf,45,True,False,False,,. The rejection of the defendants’ arguments in those cases does not indicate that either court would accept petitioners’ arguments here. Fischer is also wrong to contend (Pet. 18) that other courts o
term_23,23-5572,2,20240129110646774_Amicus_Brief_Fischer_Case_1-29-2024.pdf,0,True,False,False,,"No. 23-5572 IN THE Supreme Court of the United States __________ JOSEPH W. FISCHER, Petitioner (Defendant) v. UNITED STATES OF AMERICA, Respondent __________ On Petition for a Writ of Certiorari to th"
term_23,23-5572,3,20240129162026723_Fischer_Opening_Merits_Brief.pdf,0,True,False,False,,"No. 23-5572 IN THE Supreme Court of the United States ___________ JOSEPH W. FISCHER, Petitioner, v. UNITED STATES OF AMERICA, Respondent. ___________ On Writ of Certiorari to the United States Court o"
term_23,23-5572,4,20240202142917812_23-5572_tsac_LONANG.pdf,0,True,False,False,,"No. 23-5572 In The Supreme Court of the United States ___________ JOSEPH W. FISCHER, Petitioners, v. UNITED STATES, Respondent. ___________ On Writ Of Certiorari to the United States Court Of Appeals "
term_23,23-5572,5,20240205143754461_23-5572_Amicus_Brief_of_Senator_Tom_Cotton_et_al..pdf,0,True,False,False,,"No. 23-5572 IN THE Supreme Court of the United States _________ JOSEPH W. FISCHER, Petitioner, v. UNITED STATES OF AMERICA, Respondent. _________ On Writ of Certiorari to the United States Court of Ap"
term_23,23-5572,6,20240205112424381_23-5572_Amicus_Brief_of_American_Center_for_Law_and_Justice.pdf,0,True,False,False,,"No. 23-5572 In the Supreme Court of the United States ______________ JOSEPH W. FISCHER, Petitioner, v. UNITED STATES OF AMERICA, Respondent. On Writ of Certiorari to the United States Court of Appeals"
term_23,23-5572,7,20240228194101353_23-5572bsUnitedStates.pdf,0,True,False,False,,"No. 23-5572 In the Supreme Court of the United States JOSEPH W. FISCHER, PETITIONER v. UNITED STATES OF AMERICA ON WRIT OF CERTIORARI TO THE UNITED STATES COURT OF APPEALS FOR THE DISTRICT OF COLUMBIA"
term_23,23-5572,8,20240205115326208_44648_pdf_Cooperstein.pdf,0,True,False,False,,No. 23-5572 ================================================================================================================ In The Supreme Court of the United States ---------------------------------
term_23,23-5572,9,20231013165450220_Fischer_v_US_amicus_brief.pdf,0,True,False,False,,"No. 23-5572 ══════════════════════════════════════════ IN THE Supreme Court of the United States ____________________ JOSEPH W. FISCHER, Petitioner, v. UNITED STATES, Respondent. ____________________ "
term_23,23-5572,10,20240129162501423_JointAppendix.pdf,0,True,False,False,,"No. 23-5572 IN THE Supreme Court of the United States ___________ JOSEPH W. FISCHER, Petitioner, v. UNITED STATES OF AMERICA, Respondent. ___________ On Writ of Certiorari to the United States Court o"
term_23,23-719,1,20240104135300932_20240103_Trump_v_Anderson_Cert_Petition_FINAL.pdf,150,True,False,False,,". 12 motions testing the legal sufficiency of the Electors’ claims before the litigation proceeds, allowing for extended discovery and disclosure procedures, and providing the opportunity to depose ex"
term_23,23-719,2,20240104175328723_23-696_tsac_NRSC.pdf,0,True,False,False,,"Nos. 23-696 & 23-719 IN THE Supreme Court of the United States __________ COLORADO REPUBLICAN STATE CENTRAL COMMITTEE, v. NORMA ANDERSON ET AL., __________ DONALD J. TRUMP, v. NORMA ANDERSON ET AL., _"
term_23,23-719,3,20240105135754430_23-719_Anderson_Respondents_Resp.pdf,0,True,False,False,,"No. 23-719 In the Supreme Court of the United States DONALD J. TRUMP, Petitioner, v. NORMA ANDERSON, ET AL., Respondents. ________________________________________________ On Petition for a Writ of Cer"
term_23,23-719,4,20240105135754430_23-719_Anderson_Respondents_Resp.pdf,13,True,False,False,,"5 Supreme Court’s opinion did not address it. See generally Pet. App. 1a–360a; Trump Opening-Answer Brief, http://bit.ly/3tz8Ht5 . REASONS FOR GRANTING CERTIORARI A. The Petition Raises Five Questions"
term_23,23-719,5,20240104135300932_20240103_Trump_v_Anderson_Cert_Petition_FINAL.pdf,476,True,False,False,,". 12. The Court is denying Petitioners the relief they request on legal grounds. Because of the Parties’ extraordinary efforts in this matter, the Court makes findings of facts and conclusions of law "
term_23,23-719,6,20240105135740141_23-719_tsac_Indiana_West_Virginia.pdf,0,True,False,False,,"No. 23-719 In the Supreme Court of the United States DONALD J. TRUMP, Petitioner, V. NORMA ANDERSON, ET AL., Respondents. —————— ON PETITION FOR A WRIT OF CERTIORARI TO THE SUPREME COURT OF COLORADO B"
term_23,23-719,7,20240105122650005_23-719_Section_3_Cert_Stage_Amici_Brief.pdf,0,True,False,False,,"No. 23-719 In the Supreme Court of the United States DONALD J. TRUMP, Petitioner, v. NORMA ANDERSON, ET AL., Respondents. ON PETITION FOR WRIT OF CERTIORARI TO THE SUPREME COURT OF COLORADO BRIEF FOR "
term_23,23-719,8,20240104135300932_20240103_Trump_v_Anderson_Cert_Petition_FINAL.pdf,434,True,False,False,,". 8. On September 29, 2023, Trump filed an additional motion to dismiss. This motion to dismiss addressed various constitutional arguments regarding why the Petitioners’ Fourteenth Amendment arguments"
term_23,23-719,9,20240105135754430_23-719_Anderson_Respondents_Resp.pdf,8,True,False,False,,"1 INTRODUCTION For the reasons the Anderson Respondents explained in their response to the Petition filed by the Colorado Republican State Central Committee (“Colorado Republican Party”), the urgency "
term_23,23-719,10,20240105122650005_23-719_Section_3_Cert_Stage_Amici_Brief.pdf,16,True,False,False,,". To conclude otherwise, the Colorado Supreme Court made a slew of legal errors that this Court should reject. First, state courts are the wrong forum for this dispute. The Colorado Supreme Court rewr"
term_23,23-726,1,20240222153312729_Main_Joint_Appendix_Volume_2.pdf,380,True,False,False,,"662 Parallel to this litigation, a challenge to the constitutionality of the ban under the Idaho Constitution proceeded separately before the Idaho Supreme Court. Planned Parenthood Great Nw., Haw., A"
term_23,23-726,2,20240321205817124_23-726bsUnitedStates.pdf,15,True,False,False,,"X Miscellaneous—Continued: Page H.R. Conf. Rep. No. 386, 101st Cong., 1st Sess. (1989) .............................................. 42 H.R. Rep. No. 241, 99th Cong., 1st Sess. Pt. 1 (1985) ........."
term_23,23-726,3,20240222153312729_Main_Joint_Appendix_Volume_2.pdf,384,True,False,False,,"664 burden.” Id. (quoting United States v. Westlands Water Dist., 134 F. Supp. 2d 1111, 1131 (E.D.Cal. 2001). (internal quotation marks omitted)). 2. The Legislature and State Fail to Meet the Demandi"
term_23,23-726,4,20240222153312729_Main_Joint_Appendix_Volume_2.pdf,385,True,False,False,,". The Court will therefore deny their motions to reconsider on any of the grounds raised in their initial round of briefing. To the extent, however, the Idaho Supreme Court decision in Planned Parenth"
term_23,23-726,5,20240227133805489_Idaho-Moyle_merits.pdf,0,True,False,False,,"Nos. 23-726 & 23-727 In the Supreme Court of the United States __________ MIKE MOYLE, SPEAKER OF THE IDAHO HOUSE OF REPRESENTATIVES, ET AL., Petitioners, v. UNITED STATES, Respondent. __________ STATE"
term_23,23-726,6,20240223154644084_44876_Darden_Brief.pdf,0,True,False,False,,"No. 23-726 and 23-727 IN THE Supreme Court of the United States _____________________________ MIKE MOYLE, Speaker of the Idaho House of Representatives, et al., Petitioners, v. UNITED STATES OF AMERIC"
term_23,23-726,7,20240227161735866_23-726_23-727_Brief.pdf,0,True,False,False,,"Nos. 23-726 & 23-727 In the Supreme Court of the United States Mike Moyle, Speaker of the Idaho House of Representatives, et al., Petitioners, v. UNITED STATES, Respondent. Idaho, Petitioner, v. unite"
term_23,23-726,8,20240227173630244_44841_pdf_Seltzer_br.pdf,0,True,False,False,,Case No.: 23-726 Vided: 23-727 ================================================================================================================ In The Supreme Court of the United States --------------
term_23,23-726,9,20240227155508177_Moyle_Amicus_Brief.pdf,0,True,False,False,,"No. 23-726 444444444444444444444444444444444444444444 IN THE Supreme Court of the United States ____________________ MIKE MOYLE, SPEAKER OF THE IDAHO HOUSE OF REPRESENTATIVES, ET AL., Petitioners, v. "
term_23,23-726,10,20240227131044017_23-726_CCJ_tsac.pdf,0,True,False,False,,"i Nos. 23-726 and 23-727 In the Supreme Court of the United States MIKE MOYLE, SPEAKER OF THE IDAHO HOUSE OF REPRESENTATIVES, ET AL., Petitioners, v. UNITED STATES, Respondent. STATE OF IDAHO, Petitio"
term_23,23-939,1,20240319152946092_23-939_tsac_CFC_PDFA.pdf,0,True,False,False,,"No. 23-939 In the Supreme Court of the United States DONALD J. TRUMP, Petitioner, v. UNITED STATES, Respondent. ON WRIT OF CERTIORARI TO THE UNITED STATES COURT OF APPEALS FOR THE DISTRICT OF COLUMBIA"
term_23,23-939,2,20240319130132082_23-939_Amici_BOM_Gavin_Wax_et_al_PDFA.pdf,0,True,False,False,,"No. 23-939 In the Supreme Court of the United States __________________ DONALD J. TRUMP, Petitioner, v. UNITED STATES, Respondent. __________________ On Writ of Certiorari to the United States Court o"
term_23,23-939,3,20240319133828340_AFPI_Amici_Brief_3.19.24.pdf,0,True,False,False,,"No. 23-939 In the Supreme Court of the United States DONALD J. TRUMP, Petitioner, v. UNITED STATES, Respondent. On Writ of Certiorari to the United States Court of Appeals for the District of Columbia"
term_23,23-939,4,20240312164323122_REVISED_WILSON_SCOTUS_BRIEF_FINAL-1.pdf,0,True,False,False,,No. 23-939 =================================================================================================================== In The Supreme Court of the United States −−−−−−−−−−♦−−−−−−−−−− DONALD J.
term_23,23-939,5,20240319095547658_Trump_Amicus.pdf,0,True,False,False,,"No. 23-939 In the Supreme Court of the United States _______________________________________________________________________________________________________________ DONALD J. TRUMP, Petitioner, v. UNI"
term_23,23-939,6,20240319160330196_23-939_Amicus_Daines_Supp._Pet.2.pdf,8,True,False,False,,"3 egregious oversight, the Court cites a civil case in which immunity from suit was abrogated for a Cabinet officer in a legal challenge to his official conduct in office while ignoring a subsequent c"
term_23,23-939,7,20240215174027604_2024-02-15_-_23A745_-_Reply_iso_Application_to_S._Ct._for_Stay_of_D.C._C_7e250231.pdf,8,True,False,False,,". Id. The Special Counsel’s rationale “cannot avoid the appearance of partisanship.” BIO in No. 23-624, at 22. The government took nearly three years to file baseless charges against President Trump, "
term_23,23-939,8,20240319140702136_23-939acUnitedStatesJusticeFoundationPolicyIssuesInstituteInc.pdf,0,True,False,False,,"No. 23-939 IN THE Supreme Court of the United States ———— DONALD J. TRUMP, Petitioner, v. UNITED STATES OF AMERICA, Respondent. ———— On Writ of Certiorari to the United States Court of Appeals for the"
term_23,23-939,9,20240319151133212_23-939_-_Joint_Appendix.pdf,0,True,False,False,,"No. 23-939 In the Supreme Court of the United States DONALD J. TRUMP, Petitioner, v. UNITED STATES, Respondent. On Writ of Certiorari to the U.S. Court of Appeals for the District of Columbia Circuit "
term_23,23-939,10,20240319140344791_2024.03.19_AL_Amicus_Br_ISO_Trump_FINAL.pdf,0,True,False,False,,"No. 23-939 In the Supreme Court of the United States ────────────────────────── DONALD J. TRUMP, Petitioner, v. UNITED STATES OF AMERICA, Respondent. ────────────────────────── ON WRIT OF CERTIORARI"
term_23,23A349,1,20231101130430210_SCOTUS_Reply_ISO_Stay_Application.pdf,0,True,False,False,,"No. 23A349 In the Supreme Court of the United States ___________________________________ OHIO, ET AL. Applicants v. ENVIRONMENTAL PROTECTION AGENCY, ET AL. Respondents. _______________________________"
term_23,23A349,2,20231101130430210_SCOTUS_Reply_ISO_Stay_Application.pdf,12,True,False,False,,"pending further review as of right in the court of appeals, this Court’s merits inquiry need consider only the underlying strength of the applicant’s claim. Indeed, just a year ago, the Court stayed f"
term_23,23A349,3,20231101130430210_SCOTUS_Reply_ISO_Stay_Application.pdf,9,True,False,False,,". Circuit. I. The Court should apply its standard for stays pending appeal, not its standard for injunctions pending certiorari. A. Begin with the legal standard that governs. The state applicants req"
term_23,23A349,4,20231101130430210_SCOTUS_Reply_ISO_Stay_Application.pdf,13,True,False,False,,". Combining these characteristics, this is the type of case that the Court is reasonably likely to hear down the road. II. The States will likely prevail on the merits. A. In finalizing the federal pl"
term_23,23A349,5,20231101130430210_SCOTUS_Reply_ISO_Stay_Application.pdf,34,True,False,False,,The EPA’s optimism about litigation over state-plan disapprovals is also no reason to withhold relief now. See EPA Opp. 22. The agency suggests that it may ultimately prevail in litigation concerning 
term_23,23A349,6,20231101130430210_SCOTUS_Reply_ISO_Stay_Application.pdf,26,True,False,False,,"The EPA also requested comments on the effects of its exemptions, issued as part of the agency’s interim rulemaking. 88 Fed. Reg. at 49300. At that point, with the EPA exempting several “large source["
term_23,23A349,7,20231101130430210_SCOTUS_Reply_ISO_Stay_Application.pdf,19,True,False,False,,". Texas, 2023 U.S. App. LEXIS 13898 at *23–25; see also Kentucky v. EPA, Nos. 233216/3225, 2023 U.S. App. LEXIS 18981, *10–11 (6th Cir. July 25, 2023). Unsurprisingly, given this workaround, every one"
term_23,23A349,8,20231101130430210_SCOTUS_Reply_ISO_Stay_Application.pdf,8,True,False,False,,"REPLY The Clean Air Act leaves the States with “the primary responsibility for assuring air quality” in this country. 42 U.S.C. §7407(a). But, over the last two years, the EPA has tried to seize contr"
term_23,23A349,9,20231101130430210_SCOTUS_Reply_ISO_Stay_Application.pdf,35,True,False,False,,. Those States thus accept that they will be subject to a plan that is different from the ones they initially proposed. But that does not mean Ohio and Indiana must accept a federal plan that is the p
term_23,23A349,10,20231101130430210_SCOTUS_Reply_ISO_Stay_Application.pdf,1,True,False,False,,TABLE OF CONTENTS Page TABLE OF AUTHORITIES .......................................................................................... ii REPLY ........................................................
term_24,22-7466,1,20240430134556368_Glossip_Amicus_4-30-2024.pdf,0,True,False,False,,"No. 22-7466 *CAPITAL CASE* IN THE Supreme Court of the United States ___________ RICHARD EUGENE GLOSSIP, Petitioner, v. STATE OF OKLAHOMA, Respondent. __________ On Writ of Certiorari to the Oklahoma "
term_24,22-7466,2,20240502153111488_Glossip_Federal_Courts_Scholars_Corrected_Amicus_Brief1.pdf,0,True,False,False,,"No. 22-7466 IN THE Supreme Court of the United States ___________________________ RICHARD EUGENE GLOSSIP, Petitioner, v. STATE OF OKLAHOMA, Respondent. ___________________________ ON WRIT OF CERTIORAR"
term_24,22-7466,3,20240715163725083_22-7466_Brief.pdf,87,True,False,False,,18a Appendix A EXHIBIT A 7XOVD :RUOG 0D\ XSGDWHG ÀUVW UHSRUWHG RQ 0D\ Barbara Hoberock OKLAHOMA CITY — Newly minted Oklahoma Attorney *HQHUDO *HQWQHU 'UXPPRQG·V KDQGOLQJ RI D KLJK SURÀOH death penalty
term_24,22-7466,4,20240708155731596_Glossip_v._Oklahoma_Court-Appointed_Amicus_Brief.pdf,95,True,False,False,,". United States, 580 U.S. 256, 269 (2017) (same); cf. Grzegorczyk, 142 S. Ct. at 2580 (Kavanaugh, J.,) (explaining that “this Court has no appropriate legal basis to vacate the” judgment below despite"
term_24,22-7466,5,20240430102046529_22-7466_Amcus_Brief_of_The_Innocence_Project.pdf,0,True,False,False,,"CAPITAL CASE No. 22-7466 IN THE Supreme Court of the United States RICHARD EUGENE GLOSSIP, Petitioner, v. OKLAHOMA, Respondent. On Writ of Certiorari to the Oklahoma Court of Criminal Appeals BRIEF OF"
term_24,22-7466,6,20240430113454692_2024-04_No._22-7466_Glossip_Amici_Brief.pdf,0,True,False,False,,"No. 22-7466 In the Supreme Court of the United States RICHARD EUGENE GLOSSIP, Petitioner, V. STATE OF OKLAHOMA, Respondent. ON WRIT OF CERTIORARI TO THE OKLAHOMA COURT OF CRIMINAL APPEALS BRIEF OF OKL"
term_24,22-7466,7,20240430135352461_Glossip_v_Oklahoma_-_NACDL_Amicus_-_Brief_FINAL_4.30.24.pdf,0,True,False,False,,"No. 22-7466 IN THE Supreme Court of the United States __________________ RICHARD EUGENE GLOSSIP, Petitioner, v. STATE OF OKLAHOMA, Respondent. __________________ On Writ of Certiorari to the Oklahoma "
term_24,22-7466,8,20240430133621199_Cuccinelli_Amicus_Brief_Glossip_v._Oklahoma_4.30.24_.pdf,0,True,False,False,,"No. 22-7466 In the Supreme Court of the United States RICHARD EUGENE GLOSSIP, PETITIONER, v. STATE OF OKLAHOMA, RESPONDENT. ON A WRIT OF CERTIORARI TO THE OKLAHOMA COURT OF CRIMINAL APPEALS BRIEF FOR "
term_24,22-7466,9,20240430150110920_22-7466_bsac_American_Civil_Liberties_Union.pdf,14,True,False,False,,". For more than 150 years since its founding during Reconstruction, the law school has worked to train “social engineers” 1 Under Supreme Court Rule 37.6, counsel for amici curiae state that no counse"
term_24,22-7466,10,20240715180625559_Utah_amicus_brief_final.pdf,0,True,False,False,,"No. 22-7466 In the Supreme Court of the United States RICHARD EUGENE GLOSSIP, Petitioner, vs. STATE OF OKLAHOMA, Respondent. ON WRIT OF CERTIORARI TO THE OKLAHOMA COURT OF CRIMINAL APPEALS BRIEF OF AM"
term_24,23-1002,1,20240411132439431_23-1002_NACDL_Amicus_Br._ISO_Petitioner.pdf,0,True,False,False,,"No. 23-1002 IN THE Supreme Court of the United States __________________ TONY R. HEWITT, Petitioner, v. UNITED STATES, Respondent. __________________ On Petition for a Writ of Certiorari to the United"
term_24,23-1002,2,20240923160243170_23-1002_and_23-1150_tsacSenatorsDurbinEtAl.pdf,0,True,False,False,,"Nos. 23-1002 & 23-1150 IN THE Supreme Court of the United States TONY R. HEWITT, Petitioner, v. UNITED STATES OF AMERICA, Respondent. COREY DEYON DUFFEY & JARVIS DUPREE ROSS, Petitioners, v. UNITED ST"
term_24,23-1002,3,20240916170317980_Duffey_Merits_Brief_9-16-24_Final.pdf,20,True,False,False,,"IN THE Supreme Court of the United States Nos. 23-1150, 23-1002 COREY DEYON DUFFEY AND JARVIS DUPREE ROSS, Petitioners, v. THE UNITED STATES OF AMERICA, Respondent, TONY R. HEWITT, Petitioner, v. THE "
term_24,23-1002,4,20240916165721510_23-1002tsUnitedStates.pdf,12,True,False,False,,"In the Supreme Court of the United States No. 23-1002 TONY R. HEWITT, PETITIONER v. UNITED STATES OF AMERICA No. 23-1150 COREY DEYON DUFFEY AND JARVIS DUPREE ROSS, PETITIONERS v. UNITED STATES OF AMER"
term_24,23-1002,5,20240529135803011_23-1002_23-1150_HewittDuffeyRossFinal.pdf,6,True,False,False,,"In the Supreme Court of the United States No. 23-1002 TONY R. HEWITT, PETITIONER v. UNITED STATES OF AMERICA No. 23-1150 COREY DEYON DUFFEY AND JARVIS DUPREE ROSS, PETITIONERS v. UNITED STATES OF AMER"
term_24,23-1002,6,20240529135803011_23-1002_23-1150_HewittDuffeyRossFinal.pdf,0,True,False,False,,"Nos. 23-1002 and 23-1150 In the Supreme Court of the United States TONY R. HEWITT, PETITIONER v. UNITED STATES OF AMERICA COREY DEYON DUFFEY AND JARVIS DUPREE ROSS, PETITIONERS v. UNITED STATES OF AME"
term_24,23-1002,7,20240923153002679_23-1002_23-1150_tsac_DistrictOfColumbia.pdf,0,True,False,False,,"Nos. 23-1002 and 23-1150 IN THE Supreme Court of the United States ———— TONY R. HEWITT, Petitioner, v. UNITED STATES OF AMERICA, Respondent. ———— COREY DEYON DUFFEY AND JARVIS DUPREE ROSS, Petitioners"
term_24,23-1002,8,20240916165721510_23-1002tsUnitedStates.pdf,0,True,False,False,,"Nos. 23-1002 and 23-1150 In the Supreme Court of the United States TONY R. HEWITT, PETITIONER v. UNITED STATES OF AMERICA COREY DEYON DUFFEY AND JARVIS DUPREE ROSS, PETITIONERS v. UNITED STATES OF AME"
term_24,23-1002,9,20240916170317980_Duffey_Merits_Brief_9-16-24_Final.pdf,0,True,False,False,,"Nos. 23-1150, 23-1002 IN THE Supreme Court of the United States COREY DEYON DUFFEY AND JARVIS DUPREE ROSS, Petitioners, v. THE UNITED STATES OF AMERICA, Respondent, TONY R. HEWITT, Petitioner, v. THE "
term_24,23-1002,10,20240404142630531_23-1002_Hewitt_v_United_States_of_America_AMICUS_BRIEF.pdf,0,True,False,False,,"No. 23-1002 IN THE Supreme Court of the United States d TONY R. HEWITT, Petitioner, —v.— UNITED STATES OF AMERICA, Respondent. ON PETITION FOR WRIT OF CERTIORARI FROM THE UNITED STATES COURT OF APPEAL"
term_24,23-1007,1,20240805131138791_Cunningham_Cert_Reply_Final.pdf,0,True,False,False,,"No. 23-1007 In the Supreme Court of the United States CASEY CUNNINGHAM, ET AL., PETITIONERS, v. CORNELL UNIVERSITY, ET AL., RESPONDENTS. ON PETITION FOR A WRIT OF CERTIORARI TO THE U.S. COURT OF APPEA"
term_24,23-1007,2,20240722182955306_No._23-1007_-_Cunningham_v._Cornell_-_Brief_in_Opposition_Final.pdf,7,True,False,False,,"In the Supreme Court of the United States No. 23-1007 CASEY CUNNINGHAM, ET AL., PETITIONERS v. CORNELL UNIVERSITY, ET AL. On Petition for a Writ of Certiorari to the United States Court of Appeals for"
term_24,23-1007,3,20240311155414499_23-_Petition_For_A_Writ_Of_Certiorari.pdf,18,True,False,False,,". 76 F.4th at 917. AT&T may, on remand, well prove a § 1108 exemption, thereby mooting the question of whether the Bugielski plaintiffs should have borne some higher burden of pleading or proof. See i"
term_24,23-1007,4,20240722182955306_No._23-1007_-_Cunningham_v._Cornell_-_Brief_in_Opposition_Final.pdf,0,True,False,False,,"No. 23-1007 In the Supreme Court of the United States CASEY CUNNINGHAM., ET AL., PETITIONERS v. CORNELL UNIVERSITY, ET AL. On Petition for a Writ of Certiorari to the United States Court of Appeals fo"
term_24,23-1007,5,20240722182955306_No._23-1007_-_Cunningham_v._Cornell_-_Brief_in_Opposition_Final.pdf,46,True,False,False,,". Pet. i, 10-11, 17-18, AT&T Servs. Inc. v. Bugielski, No. 23-1094 (filed Apr. 5, 2024) (Bugielski Pet.). In particular, the petitioner argues that an arm’s-length transaction is not a “transaction” u"
term_24,23-1007,6,20240311155414499_23-_Petition_For_A_Writ_Of_Certiorari.pdf,109,True,False,False,,". U.S.C. § 1106. [sic] As the Supreme Court recently remarked, “[t]he title of a statute and the heading of a section” have “long [been] considered” to be “tools available for the resolution of a doub"
term_24,23-1007,7,20240311155414499_23-_Petition_For_A_Writ_Of_Certiorari.pdf,154,True,False,False,,". The Court similarly need not decide the motion to exclude Dominguez and Buetow’s testimony to rule on the summary judgment motion and denies this motion without prejudice to renewal. (Docs 225, 253."
term_24,23-1007,8,20240805131138791_Cunningham_Cert_Reply_Final.pdf,5,True,False,False,,"1 REPLY BRIEF Under 29 U.S.C. § 1106(a)(1)(C), an ERISA “fiduciary” may not “cause the plan to engage in a transaction” that “constitutes” a “furnishing of goods, services, or facilities between the p"
term_24,23-1007,9,20240722182955306_No._23-1007_-_Cunningham_v._Cornell_-_Brief_in_Opposition_Final.pdf,48,True,False,False,,". 76 F.4th at 898. The defendant in Bugielski also makes an uncommon argument – that an arm’s-length transaction for plan services is not a “transaction” under Section 1106(a), so Section 1106(a) does"
term_24,23-1007,10,20240805131138791_Cunningham_Cert_Reply_Final.pdf,25,True,False,False,,"11 indeed, obtain equitable relief without showing loss.2 See Peters, 2 F.4th at 244. Nor would Petitioners need to question the prudency of a transaction; the burden of establishing necessity and rea"
term_24,23-1038,1,20241007153644875_23-1038_Brief_for_Respondents.pdf,0,True,False,False,,"No. 23-1038 In the Supreme Court of the United States FOOD AND DRUG ADMINISTRATION, Petitioner, v. WAGES AND WHITE LION INVESTMENTS, L.L.C., DBA TRITON DISTRIBUTION, ET AL., Respondents. On Writ of Ce"
term_24,23-1038,2,20240903144859717_WhiteLionToFile.pdf,0,True,False,False,,"No. 23-1038 In the Supreme Court of the United States FOOD AND DRUG ADMINISTRATION, Petitioner, v. WAGES AND WHITE LION INVESTMENTS, L.L.C., DBA TRITON DISTRIBUTION, ET AL., Respondents. On Writ of Ce"
term_24,23-1038,3,20241015124200346_Vapor_Technology_Association_Amicus_Brief_-_FDA_v_Wages_and_White_Lion_10-11-24_.pdf,0,True,False,False,,"No. 23-1038 IN THE Supreme Court of the United States UNITED STATES FOOD AND DRUG ADMINISTRATION, Petitioner, v. WAGES AND WHITE LION INVESTMENTS, L.L.C., DBA TRITON DISTRIBUTION, ET AL., Respondents."
term_24,23-1038,4,20241008143853516_Amicus_Brief_printer_ready_final.pdf,0,True,False,False,,"No. 23-1038 In the Supreme Court of the United States _________ FOOD AND DRUG ADMINISTRATION, Petitioner, v. WAGES AND WHITE LION INVESTMENTS, L.L.C. D/B/A TRITON DISTRIBUTION, ET AL., Respondents. __"
term_24,23-1038,5,20240515124451726_Amicus_Brief_final_05_13_24.pdf,0,True,False,False,,"No. 23-1038 In the Supreme Court of the United States _________ FOOD AND DRUG ADMINISTRATION, Petitioner, v. WAGES AND WHITE LION INVESTMENTS, L.L.C. D/B/A TRITON DISTRIBUTION, ET AL., Respondents. __"
term_24,23-1038,6,20240517164142940_23-1038_Brief_in_Opposition_FINAL.pdf,0,True,False,False,,"No. 23-1038 In the Supreme Court of the United States FOOD AND DRUG ADMINISTRATION, Petitioner, v. WAGES AND WHITE LION INVESTMENTS, L.L.C., DBA TRITON DISTRIBUTION, ET AL., Respondents. On Petition f"
term_24,23-1038,7,20241009165351406_WLF_Amicus_-_FDA_v._Wages_and_White_Lion.pdf,0,True,False,False,,"No. 23-1038 IN THE Supreme Court of the United States ____________ FOOD AND DRUG ADMINISTRATION, Petitioner, v. WAGES AND WHITE LION INVESTMENTS, L.L.C., DBA TRITON DISTRIBUTION, ET AL., Respondents. "
term_24,23-1038,8,20241015115004909_RJRV_Wages_Amicus_Brief.pdf,0,True,False,False,,"No. 23-1038 IN THE Supreme Court of the United States FOOD AND DRUG ADMINISTRATION, Petitioner, v. WAGES AND WHITE LION INVESTMENTS, L.L.C., DBA TRITON DISTRIBUTION, ET AL., Respondents. On Writ Of Ce"
term_24,23-1038,9,20241015123522742_23-1038bsacElectronicNicotineDeliverySystemTradeAssociationsAndBusinesses.pdf,0,True,False,False,,"No. 23-1038 IN THE Supreme Court of the United States ———— FOOD AND DRUG ADMINISTRATION, Petitioner, v. WAGES AND WHITE LION INVESTMENTS, L.L.C., DBA TRITON DISTRIBUTION, ET AL., Respondents. ———— On "
term_24,23-1038,10,20241015172414323_White_Lion_SCOTUS_amicus-Taxpayers_10.15.24-Served.pdf,0,True,False,False,,"No. 23-1038 In the Supreme Court of the United States FOOD AND DRUG ADMINISTRATION, Petitioner, v. WAGES AND WHITE LION INVESTMENTS, L.L.C., DBA TRITON DISTRIBUTION, ET AL., Respondents. On Writ of Ce"
term_24,23-1039,1,20241216154337066_No._23-1039_Amicus_Brief.pdf,0,True,False,False,,"No. 23-1039 In the Supreme Court of the United States MARLEAN A. AMES, Petitioner, v. OHIO DEPARTMENT OF YOUTH SERVICES Respondent. On Writ of Certiorari to the United States Court of Appeals for the "
term_24,23-1039,2,20241216115301974_FINAL_Merits_AC_Ames.pdf,25,True,False,False,,"Fortunately, after a period of public comment, this provision did not make it into the final written practice standards. Yet litigants could be forgiven for wondering whether these judges will apply t"
term_24,23-1039,3,20241216152704503_No._23-1039_Amicus_Brief.pdf,0,True,False,False,,"No. 23-1039 IN THE Supreme Court of the United States MARLEAN A. AMES, Petitioner, v. OHIO DEPARTMENT OF YOUTH SERVICES, Respondent. ON WRIT OF CERTIORARI TO THE UNITED STATES COURT OF APPEALS FOR THE"
term_24,23-1039,4,20241216125708239_23-1039tsacMassachusettsChapterOfTheNationalOrganizationForWomen.pdf,0,True,False,False,,"No. 23-1039 IN THE Supreme Court of the United States ———— MARLEAN A. AMES, Petitioner, v. OHIO DEPARTMENT OF YOUTH SERVICES, Respondent. ———— On Writ of Certiorari to the United States Court of Appea"
term_24,23-1039,5,20241216115301974_FINAL_Merits_AC_Ames.pdf,0,True,False,False,,"No. 23-1039 In the Supreme Court of the United States ♦ MARLEAN A. AMES, Petitioner, v. OHIO DEPARTMENT OF YOUTH SERVICES, Respondent. ♦ On Writ of Certiorari to the United States Court of Appeals for"
term_24,23-1039,6,20241216113255292_Ames_AC_Brief_-_12.16.2024_Final_pdfa.pdf,0,True,False,False,,"No. 23-1039 In the Supreme Court of the United States ____________________ MARLEAN A. AMES, Petitioner, v. OHIO DEPARTMENT OF YOUTH SERVICES, Respondent. ____________________ On Writ of Certiorari to "
term_24,23-1039,7,20241216192608136_23-1039_Ames_Amicus_Brief_iso_Vacatur.pdf,0,True,False,False,,"No. 23-1039 In the Supreme Court of the United States MARLEAN A. AMES, PETITIONER v. OHIO DEPARTMENT OF YOUTH SERVICES ON WRIT OF CERTIORARI TO THE UNITED STATES COURT OF APPEALS FOR THE SIXTH CIRCUIT"
term_24,23-1039,8,20241216192608136_23-1039_Ames_Amicus_Brief_iso_Vacatur.pdf,8,True,False,False,,"VI Miscellaneous—Continued: Page James Bradley Thayer, A Preliminary Treatise on Evidence (1898) ................... 17 In the Supreme Court of the United States No. 23-1039 MARLEAN A. AMES, PETITIONE"
term_24,23-1039,9,20240531133500897_Ames_BIO.pdf,24,True,False,False,,9 affirmed judgment against her on the sexdiscrimination theory because Ames could not show any pretext in the Department’s decision to demote her and to select someone to replace her at her former po
term_24,23-1039,10,20241209182448336_Final_Ames_JA_Volume_II.pdf,0,True,False,False,,"No. 23-1039 In the Supreme Court of the United States MARLEAN A. AMES, PETITIONER, v. OHIO DEPARTMENT OF YOUTH SERVICES., RESPONDENT. ON WRIT OF CERTIORARI TO THE UNITED STATES COURT OF APPEALS FOR TH"
term_24,23-1067,1,20240521150734867_23-1067_23-1068_Oklahoma.pdf,5,True,False,False,,"V Miscellaneous—Continued: Page H.R. Rep. No. 294, 95th Cong., 1st Sess. (1977) ................. 11 Webster’s New World Dictionary of the American Language (2d College ed. 1974) ....................."
term_24,23-1067,2,20250328163403735_2026.3.28_letter_re_CA5_opinion_final_and_attachment.pdf,0,True,True,False,,"LEHOTSKY KELLER COHN LLP March 28, 2025 The Honorable Scott S. Harris Clerk of the Court Supreme Court of the United States One First Street, NE Washington, DC 20543-0001 RE: Oklahoma, et al. v. EPA, "
term_24,23-1067,3,20250117190406104_23-1067bsUnitedStates.pdf,12,True,False,False,,"In the Supreme Court of the United States No. 23-1067 STATE OF OKLAHOMA, ET AL., PETITIONERS v. ENVIRONMENTAL PROTECTION AGENCY, ET AL. No. 23-1068 PACIFICORP, ET AL., PETITIONERS v. ENVIRONMENTAL PRO"
term_24,23-1067,4,20240501112357269_No._23-1067_-_States_Amicus_Brief_in_Support_of_Petitioners.pdf,0,True,False,False,,"No. 23-1067 IN THE Supreme Court of the United States ———— STATE OF OKLAHOMA, ET AL., Petitioners, v. ENVIRONMENTAL PROTECTION AGENCY, ET AL., Respondents. ———— On Petition for Writ of Certiorari to t"
term_24,23-1067,5,20250117190406104_23-1067bsUnitedStates.pdf,0,True,False,False,,"Nos. 23-1067 and 23-1068 In the Supreme Court of the United States STATE OF OKLAHOMA, ET AL., PETITIONERS v. ENVIRONMENTAL PROTECTION AGENCY, ET AL. PACIFICORP, ET AL., PETITIONERS v. ENVIRONMENTAL PR"
term_24,23-1067,6,20240501142745250_23-1067_Amicus_Brief_of_Senators_Mike_Lee_et_al..pdf,0,True,False,False,,"No. 23-1067 IN THE Supreme Court of the United States _________ STATE OF OKLAHOMA, OKLAHOMA DEP’T OF ENVIRONMENTAL QUALITY, STATE OF UTAH, Petitioners, v. ENVIRONMENTAL PROTECTION AGENCY, ET AL., Resp"
term_24,23-1067,7,20241220142441400_23-1067_Amicus_Brief_of_United_States_Senators_Mike_Lee_et_al..pdf,0,True,False,False,,"No. 23-1067 IN THE Supreme Court of the United States _________ STATE OF OKLAHOMA, ET AL., Petitioners, V. ENVIRONMENTAL PROTECTION AGENCY, ET AL., Respondents. _________ On Writ of Certiorari to the "
term_24,23-1067,8,20241220161441619_Nos._23-1067_23-1068_Amicus_Brief.pdf,0,True,False,False,,"Nos. 23-1067 and 23-1068 In the Supreme Court of the United States STATE OF OKLAHOMA, ET AL., PETITIONERS, v. UNITED STATES ENVIRONMENTAL PROTECTION AGENCY, ET AL., RESPONDENTS. PACIFICORP, ET AL., PE"
term_24,23-1067,9,20241213174821563_Nos._23-1067_23-1068_Joint_Appendix.pdf,261,True,False,False,,"194a Appendix E first quantified the obligations of the states.104 The dissent, however, described the majority’s application of the TrainVirginia cases as “a redesign of Congress’s vision of cooperat"
term_24,23-1067,10,20240530152329870_23-1067_Brief.pdf,12,True,False,False,,". B. Respondents’ vehicle arguments for holding these petitions pending Calumet go nowhere. To start, this Court should not wait for the courts of appeals to reach final decisions on the merits before"
term_24,23-1095,1,20240717124900286_cert_reply_23-1095_Thompson_v_US.pdf,0,True,False,False,,"No. 23-1095 In the Supreme Court of the United States _________________________ PATRICK D. THOMPSON, Petitioner, V. UNITED STATES, Respondent. _________________________ On Petition for a Writ of Certi"
term_24,23-1095,2,20241113133908999_20241113241095_Thompson_v_United_States_NACDL.pdf,5,True,False,False,,"IN THE Supreme Court of the United States ———— NO. 23-1095 PATRICK D. THOMPSON, Petitioner, v. UNITED STATES OF AMERICA, Respondent. ———— On Writ of Certiorari to the United States Court of Appeals fo"
term_24,23-1095,3,20241106153045991_Brief_for_Petitioner_23-1095_Thompson_v_US.pdf,0,True,False,False,,"No. 23-1095 In the Supreme Court of the United States _________________________ PATRICK D. THOMPSON, Petitioner, V. UNITED STATES, Respondent. _________________________ On Writ of Certiorari to the Un"
term_24,23-1095,4,20241112123504514_Thompson_Johnson_Amicus_Brief.pdf,0,True,False,False,,"No. 23-1095 In the Supreme Court of the United States PATRICK D. THOMPSON, PETITIONER v. UNITED STATES ON WRIT OF CERTIORARI TO THE UNITED STATES COURT OF APPEALS FOR THE SEVENTH CIRCUIT BRIEF OF PROF"
term_24,23-1095,5,20241112123504514_Thompson_Johnson_Amicus_Brief.pdf,34,True,False,False,,"14 When a statute’s text is open-ended, it is not too difficult to make a prima facie case for a broad construction. A prosecutor need not do much beyond superficial interpretive analysis that relies "
term_24,23-1095,6,20240405122942538_cert_petition_Thompson_v_US.pdf,12,True,False,False,,". But Kurlemann is an out-of-circuit case, and Thompson has failed to direct the Court to a Supreme Court case or Seventh Circuit case that holds that a Section 1014 conviction requires a literally fa"
term_24,23-1095,7,20241112123504514_Thompson_Johnson_Amicus_Brief.pdf,27,True,False,False,,". Major-Questions Lenity 40-41. Indeed, as commentators have observed, “[s]tatutory interpretation is different at the top and bottom of the legal system.” Joshua Kleinfeld, Textual Rules in Criminal "
term_24,23-1095,8,20240710160203630_23-1095_Thompson_opp.pdf,0,True,False,False,,"No. 23-1095 In the Supreme Court of the United States PATRICK D. THOMPSON, PETITIONER v. UNITED STATES OF AMERICA ON PETITION FOR A WRIT OF CERTIORARI TO THE UNITED STATES COURT OF APPEALS FOR THE SEV"
term_24,23-1095,9,20241112123504514_Thompson_Johnson_Amicus_Brief.pdf,9,True,False,False,,"In the Supreme Court of the United States No. 23-1095 PATRICK D. THOMPSON, PETITIONER v. UNITED STATES ON WRIT OF CERTIORARI TO THE UNITED STATES COURT OF APPEALS FOR THE SEVENTH CIRCUIT BRIEF OF PROF"
term_24,23-1095,10,20241113133908999_20241113241095_Thompson_v_United_States_NACDL.pdf,0,True,False,False,,"No. 23-1095 IN THE Supreme Court of the United States ———— PATRICK D. THOMPSON, Petitioner, v. UNITED STATES OF AMERICA, Respondent. ———— On Writ of Certiorari to the United States Court of Appeals fo"
term_24,23-1122,1,20241122205514217_Amicus_Brief_of_Heidi_Olson.pdf,0,True,False,False,,"No. 23-1122 IN THE Supreme Court of the United States FREE SPEECH COALITION, ET AL., Petitioners, V. KEN PAXTON, IN HIS OFFICIAL CAPACITY AS ATTORNEY GENERAL FOR THE STATE OF TEXAS, Respondent. On Wri"
term_24,23-1122,2,20240923152836857_Atsign_merits_amicus_brief_Free_Speech_Coal._v._Paxton_No._23-1122.pdf,0,True,False,False,,"No. 23-1122 IN THE Supreme Court of the United States __________ FREE SPEECH COALITION, INC., ET AL., Petitioners, v. KEN PAXTON, ATTORNEY GENERAL OF TEXAS, Respondent. __________ On Writ of Certiorar"
term_24,23-1122,3,20240516150953790_23-1122_Brief.pdf,0,True,False,False,,"No. 23-1122 In The Supreme Court of the United States FREE SPEECH COALITION INC., ET AL., Petitioners, v. KEN PAXTON, ATTORNEY GENERAL OF TEXAS, Respondent. On Petition for Writ of Certiorari to the U"
term_24,23-1122,4,20240923183102091_Vandy_Speech_Main_E_FILE_Sep_23_24.pdf,0,True,False,False,,"NO. 23-1122 In the Supreme Court of the United States FREE SPEECH COALITION, INC., ET AL., Petitioners, v. KEN PAXTON, ATTORNEY GENERAL OF TEXAS, Respondent. __________________________ On Writ of Cert"
term_24,23-1122,5,20241122091746122_23-1122_Amicus_Brief.pdf,0,True,False,False,,"No. 23-1122 IN THE Supreme Court of the United States FREE SPEECH COALITION, INC., et al., Petitioners, v. KEN PAXTON, ATTORNEY GENERAL OF TEXAS, Respondent. ON WRIT OF CERTIORARI TO THE UNITED STATES"
term_24,23-1122,6,20240926164422530_FIREAmicusBriefCoalitionvPaxton.pdf,0,True,False,False,,"No. 23-1122 In The Supreme Court of the United States FREE SPEECH COALITION, INC., ET AL., Petitioners, v. KEN PAXTON, ATTORNEY GENERAL OF TEXAS, Respondent. On Writ of Certiorari to the United States"
term_24,23-1122,7,20241125101603081_No.23-1122_Amicus_Brief.pdf,0,True,False,False,,"No. 23-1122 In the Supreme Court of the United States FREE SPEECH COALITION, INC., ET AL., PETITIONERS v. KEN PAXTON, ATTORNEY GENERAL OF TEXAS, RESPONDENT ON WRIT OF CERTIORARI TO THE UNITED STATES C"
term_24,23-1122,8,20240412160100146_Petition_Appendix.pdf,222,True,False,False,,". See Ashcroft v. ACLU, 542 U.S. at 665 (“[W]e decline to consider the correctness of the other arguments relied on by the Court of Appeals.”). However, upon remand, the Third Circuit again held that "
term_24,23-1122,9,20241122133411597_Tech_Amicus_Brief_-_Final.pdf,0,True,False,False,,"No. 23-1122 In the Supreme Court of the United States _______________ FREE SPEECH COALITION, INC., ET AL., Petitioners, v. KEN PAXTON, ATTORNEY GENERAL OF TEXAS, Respondent. _______ On Writ of Certior"
term_24,23-1122,10,20241122182608914_FSC_v_Paxton_Brief_of_Amici_Curiae_Major_Religious_Orgs.pdf,0,True,False,False,,"No. 23-1122 In the Supreme Court of the United States FREE SPEECH COALITION, INC., ET AL., Petitioners, v. KEN PAXTON, ATTORNEY GENERAL OF TEXAS On Writ of Certiorari to the United States Court of App"
term_24,23-1127,1,20240820171121297_UST-CTIA_amicus_brief_-_Wisconsin_Bell_v._Heath_-_No._23-1127.pdf,0,True,False,False,,"No. 23-1127 IN THE Supreme Court of the United States __________ WISCONSIN BELL, INC., Petitioner, v. UNITED STATES, EX REL. TODD HEATH, Respondent. __________ On Writ of Certiorari to the United Stat"
term_24,23-1127,2,20240516130757225_Amicus_Brief_3865532_18.pdf,0,True,False,False,,"No. 23-1127 IN THE Supreme Court of the United States __________ WISCONSIN BELL, INC., Petitioner, v. UNITED STATES, EX REL. TODD HEATH, Respondent. __________ On Petition for a Writ of Certiorari to "
term_24,23-1127,3,20240814160739259_WLF_Amicus_-_Wisconsin_Bell_v._US_ex_rel_Heath.pdf,0,True,False,False,,"No. 23-1127 IN THE Supreme Court of the United States ____________ WISCONSIN BELL, INC., Petitioner, v. UNITED STATES OF AMERICA EX REL. TODD HEATH, Respondent. ____________ On Writ of Certiorari to t"
term_24,23-1127,4,20240510065224330_WLF_Amicus_-_Wisconsin_Bell_v._US_ex_rel_Heath.pdf,0,True,False,False,,"No. 23-1127 IN THE Supreme Court of the United States ____________ WISCONSIN BELL, INC., Petitioner, v. UNITED STATES OF AMERICA EX REL. TODD HEATH, Respondent. ____________ On Petition for Writ of Ce"
term_24,23-1127,5,20240501152800093_No._23-1127_Brief.pdf,0,True,False,False,,"No. 23-1127 In the Supreme Court of the United States WISCONSIN BELL, INC., Petitioner, v. UNITED STATES OF AMERICA EX REL. TODD HEATH, Respondent. On Petition for a Writ of Certiorari to the United S"
term_24,23-1127,6,20240813114125161_Wisconsin_Bell_v._U.S._ex_rel._Heath_-_Joint_Appendix.pdf,0,True,False,False,,"No. 23-1127 IN THE Supreme Court of the United States ___________________ WISCONSIN BELL, INC., Petitioner, v. UNITED STATES OF AMERICA EX REL. TODD HEATH, Respondent. ___________________ On Writ Of C"
term_24,23-1127,7,20240820133240872_23-1127_Amicus_Brief.pdf,0,True,False,False,,"No. 23-1127 In the Supreme Court of the United States ________________ WISCONSIN BELL, INC., Petitioner, v. UNITED STATES OF AMERICA EX REL. TODD HEATH, Respondent. ________________ On Writ of Certior"
term_24,23-1127,8,20240415111025629_Wisconsin_Bell_v._U.S._ex_rel._Heath_-_Petition_Appendix.pdf,36,True,False,False,,". The Fifth Circuit agreed with this argument and affirmed dismissal of a similar False Claims Act case alleging fraud in the E-Rate program in United States ex rel. Shupe v. Cisco Systems, Inc., 759 "
term_24,23-1127,9,20240820171901035_23-1127--Chamber_Wisconsin_Bell_Amicus_Brief_rtf.pdf,0,True,False,False,,"No. 23-1127 In the Supreme Court of the United States WISCONSIN BELL, INC., PETITIONER v. UNITED STATES, EX REL. TODD HEATH ON WRIT OF CERTIORARI TO THE UNITED STATES COURT OF APPEALS FOR THE SEVENTH "
term_24,23-1127,10,20240813113740436_Wisconsin_Bell_v._U.S._ex_rel._Heath_-_Opening_Brief.pdf,0,True,False,False,,"No. 23-1127 IN THE Supreme Court of the United States ___________________ WISCONSIN BELL, INC., Petitioner, v. UNITED STATES OF AMERICA EX REL. TODD HEATH, Respondent. ___________________ On Writ Of C"
term_24,23-1141,1,20240522140358752_116696_Amicus_Brief.pdf,0,True,False,False,,"No. 23-1141 In the Supreme Court of the United States SMITH & WESSON BRANDS, INC., et al., Petitioners, v. ESTADOS UNIDOS MEXICANOS, Respondent. On Petition for a Writ of Certiorari to the United Stat"
term_24,23-1141,2,20240522121627759_2024-05-22_Smith_and_Wesson_Amicus_Final.pdf,0,True,False,False,,"No. 23-1141 In the Supreme Court of the United States __________________________________________ SMITH & WESSON BRANDS, INC., et al., Petitioners, v. ESTADOS UNIDOS MEXICANOS, Respondent. ____________"
term_24,23-1141,3,20240521171315903_23-1141_Smith_Wesson_v_Mexico_-_MT_cert-stage_amicus_PDFA.pdf,35,True,False,False,,". The First Circuit looked to Direct Sales Co. v. United States, 319 U.S. 703 (1943), as the relevant analogy. Petitioners rightly explain why that analogy fails. Pet. for Writ of Cert., at 31-32, No."
term_24,23-1141,4,20241203130818675_Wesson_Amicus_Br._-_23-1141tsacUSHouseOfRepresentatives.pdf,0,True,False,False,,"No. 23-1141 IN THE Supreme Court of the United States ———— SMITH & WESSON BRANDS, INC., ET AL., PETITIONERS, v. ESTADOS UNIDOS MEXICANOS ———— On Writ of Certiorari to the United States Court of Appeal"
term_24,23-1141,5,20241203101506191_23-1141_Amicus_Brief.pdf,0,True,False,False,,"No. 23-1141 In the Supreme Court of the United States SMITH & WESSON BRANDS, INC., et al., Petitioners, v. ESTADOS UNIDOS MEXICANOS, Respondent. On Writ of Certiorari to the United States Court of App"
term_24,23-1141,6,20241203161152043_23-1141_Amicus_Brief.pdf,0,True,False,False,,"No. 23-1141 IN THE Supreme Court of the United States SMITH & WESSON BRANDS, INC., ET AL., Petitioners, v. ESTADOS UNIDOS MEXICANOS, Respondent. ON WRIT OF CERTIORARI TO THE UNITED STATES COURT OF APP"
term_24,23-1141,7,20241203083257987_Legal_Scholars_Amici_Br._-_Estados_Unidos_-_4877-0333-8998_-_32_-_PDF_-_A.pdf,0,True,False,False,,"No. 23-1141 In the Supreme Court of the United States SMITH & WESSON BRANDS, INC., ET AL., Petitioners, v. ESTADOS UNIDOS MEXICANOS, Respondent. On Writ of Certiorari to the United States Court of App"
term_24,23-1141,8,20240522144141448_23-1141_Amicus_SAF_Brief_PDFA.pdf,0,True,False,False,,"No. 23-1141 IN THE Supreme Court of the United States SMITH & WESSON BRANDS, INC., ET AL., Petitioners, v. ESTADOS UNIDOS MEXICANOS, Respondent. ON PETITION FOR A WRIT OF CERTIORARI TO THE UNITED STAT"
term_24,23-1141,9,20241203155251935_No._23-1141_Amicus_Brief.pdf,0,True,False,False,,"NO. 23-1141 In The Supreme Court of the United States ____________________________ SMITH & WESSON BRANDS, INC., ET AL, Petitioners, v. ESTADOS UNIDOS MEXICANOS, Respondent. On Writ of Certiorari to th"
term_24,23-1141,10,20240522144714902_23-1141_Amici_NAGR_et_al_Brief_PDFA.pdf,0,True,False,False,,"NO. 23-1141 In The Supreme Court of the United States ____________________________ SMITH & WESSON BRANDS, INC., ET AL, Petitioners, v. ESTADOS UNIDOS MEXICANOS, Respondent. On Petition for Writ of Cer"
term_24,23-1187,1,20240703113510823_23-1187bio.pdf,0,True,False,False,,"No. 23-1187 IN THE Supreme Court of the United States FOOD AND DRUG ADMINISTRATION, ET AL., Petitioners, v. R.J. REYNOLDS VAPOR CO., ET AL., Respondents. On Petition For A Writ Of Certiorari To The Un"
term_24,23-1187,2,20241120184146223_2024-11-20_RJRV_Venue_Amicus_Brief_FINAL.pdf,0,True,False,False,,"No. 23-1187 IN THE Supreme Court of the United States ———— FOOD AND DRUG ADMINISTRATION, et al., Petitioners, v. R.J. REYNOLDS VAPOR CO., et al., Respondents. ———— On Writ of Certiorari to the United "
term_24,23-1187,3,20241113172919870_23-1187ts.pdf,18,True,False,False,,"In the Supreme Court of the United States No. 23-1187 FOOD AND DRUG ADMINISTRATION, ET AL., PETITIONERS v. R.J. REYNOLDS VAPOR CO., ET AL. ON WRIT OF CERTIORARI TO THE UNITED STATES COURT OF APPEALS F"
term_24,23-1187,4,20241113172919870_23-1187ts.pdf,0,True,False,False,,"No. 23-1187 In the Supreme Court of the United States FOOD AND DRUG ADMINISTRATION, ET AL., PETITIONERS v. R.J. REYNOLDS VAPOR CO., ET AL. ON WRIT OF CERTIORARI TO THE UNITED STATES COURT OF APPEALS F"
term_24,23-1187,5,20241125171450798_FDA_v._RJR_Vapor_Co._U.S._Chamber_Amicus_Brief_in_Support_of_Neither_Party.pdf,0,True,False,False,,"No. 23-1187 In the Supreme Court of the United States —————— FOOD AND DRUG ADMINISTRATION, ET AL., Petitioners, v. R.J. REYNOLDS VAPOR CO., ET AL., Respondents. —————— On Writ of Certiorari to the Uni"
term_24,23-1187,6,20240502162850965_RJRV_Petition.pdf,43,True,False,False,,19 order denying authorization to market any new tobacco product. And out-of-circuit manufacturers have begun filing petitions for review in the Fifth Circuit even in cases that raise legal issues on 
term_24,23-1187,7,20240502162850965_RJRV_Petition.pdf,51,True,False,False,,"4a II. This court remains bound by our holding in the published opinion that venue is proper in this circuit. R.J. Reynolds Vapor Co, 65 F.4th at 188. The only differences between that earlier case an"
term_24,23-1187,8,20240502162850965_RJRV_Petition.pdf,56,True,False,False,,". 2023) (emphasis added). In its pending motion to dismiss or transfer, the FDA contends this “mix-and-match approach” is impermissible because it violates the requirements set forth in 21 U.S.C. § 38"
term_24,23-1187,9,20241113172919870_23-1187ts.pdf,57,True,False,False,,"21 sions, an order denying a manufacturer’s application has no effect on a retailer’s legal rights or duties. The retailer has no legal right to sell the unauthorized product before the denial order, "
term_24,23-1187,10,20240502162850965_RJRV_Petition.pdf,9,True,False,False,,"VI Miscellaneous—Continued: Page Deeming Tobacco Products To Be Subject to the Federal Food, Drug, and Cosmetic Act, as Amended by the Family Smoking Prevention and Tobacco Control Act; Restrictions o"
term_24,23-1201,1,20240806131354437_FINAL_BIO.pdf,0,True,False,False,,"Nos. 23-1201 & 24-17 IN THE Supreme Court of the United States _____________ CC/DEVAS (MAURITIUS) LIMITED, ET AL; Petitioners, v. ANTRIX CORP. LTD., ET AL, Respondents. _____________ DEVAS MULTIMEDIA "
term_24,23-1201,2,20241211173819783_23-1201_24-17_acProfessorIngridWuerthBrunk.pdf,19,True,False,False,,"8 entitled to due process protections because foreign states are persons under the Fifth Amendment Due Process Clause, citing multiple earlier cases so holding. As for government officials, during con"
term_24,23-1201,3,20241211211112024_23-1201tsacUnited_States.pdf,14,True,False,False,,"IX Miscellaneous—Continued: Page Stephen E. Sachs, The Unlimited Jurisdiction of the Federal Courts, 106 Va. L. Rev. 1703 (2020) ................... 19 14D Charles Alan Wright et al., Federal Practice"
term_24,23-1201,4,20241211145023226_23-1201_CC_Devas_Mauritius_Limited_v_Antrix_Corp_Ltd_Bermann_Amicus_Brie_e00326e3.pdf,9,True,False,False,,"In the Supreme Court of the United States ________________ No. 23-1201 CC/DEVAS (MAURITIUS) LIMITED, ET AL., Petitioners, v. ANTRIX CORP. LTD., ET AL., Respondents. ____________ No. 24-17 DEVAS MULTIM"
term_24,23-1201,5,20241211211112024_23-1201tsacUnited_States.pdf,0,True,False,False,,"Nos. 23-1201 and 24-17 In the Supreme Court of the United States CC/DEVAS (MAURITIUS) LIMITED, ET AL., PETITIONERS v. ANTRIX CORP. LTD., ET AL. DEVAS MULTIMEDIA PRIVATE LIMITED, PETITIONER v. ANTRIX C"
term_24,23-1201,6,20241211110354733_Feldman_CC_Devas_amicus_brief_-_efile.pdf,0,True,False,False,,"Nos. 23-1201 & 24-17 IN THE Supreme Court of the United States ———— CC/DEVAS (MAURITIUS) LIMITED, ET AL., Petitioners, v. ANTRIX CORP. LTD., ET AL., Respondents. ———— DEVAS MULTIMEDIA PRIVATE LIMITED,"
term_24,23-1201,7,20241211150209011_120118_Brief.pdf,0,True,False,False,,"Nos. 23-1201 & 24-17 In the Supreme Court of the United States CC/Devas (Mauritius) Limited; Devas Multimedia America, Inc.; Devas Employees Mauritius Private Limited; Telcom Devas Mauritius Limited, "
term_24,23-1201,8,20241211173627113_23-1201_24-17tsacTheUnitedStatesCouncilForInternationalBusiness.pdf,0,True,False,False,,"Nos. 23-1201 & 24-17 IN THE Supreme Court of the United States ———— CC/DEVAS (MAURITIUS) LIMITED, et al., Petitioners, v. ANTRIX CORP. LTD., et al., Respondents. ———— DEVAS MULTIMEDIA PRIVATE LIMITED,"
term_24,23-1201,9,20241211110354733_Feldman_CC_Devas_amicus_brief_-_efile.pdf,12,True,False,False,,"IN THE Supreme Court of the United States ———— NO. 23-1201 CC/DEVAS (MAURITIUS) LIMITED, ET AL., Petitioners, v. ANTRIX CORP. LTD., ET AL., Respondents. ———— NO. 24-17 DEVAS MULTIMEDIA PRIVATE LIMITED"
term_24,23-1201,10,20241211211112024_23-1201tsacUnited_States.pdf,55,True,False,False,,"22 cess in this setting, which is distinct from the cases in which the Court has analyzed limitations on the powers of States and state courts under the Fourteenth Amendment. Third, the Court has not "
term_24,23-1226,1,20241118151502113_Mclaughlin_Brief_for_Petitioner.pdf,0,True,False,False,,"No. 23-1226 In the Supreme Court of the United States MCLAUGHLIN CHIROPRACTIC ASSOCIATES, INC., individually and as representative of a class of similarly situated persons, Petitioner, v. MCKESSON COR"
term_24,23-1226,2,20240805172249410_McKesson_Brief_in_Opposition.pdf,0,True,False,False,,"No. 23-1226 IN THE Supreme Court of the United States MCLAUGHLIN CHIROPRACTIC ASSOCIATES, INC., Petitioner, v. MCKESSON CORPORATION, MCKESSON TECHNOLOGIES, INC., Respondents. ON PETITION FOR A WRIT OF"
term_24,23-1226,3,20240517122515727_McLaughlin_Cert_Petition.pdf,0,True,False,False,,"No. _____ In the Supreme Court of the United States MCLAUGHLIN CHIROPRACTIC ASSOCIATES, INC., individually and as representative of a class of similarly situated persons, Petitioner, v. MCKESSON CORPO"
term_24,23-1226,4,20240517122525155_McLaughlin_Petition_Appendix.pdf,61,True,False,False,,". Ct. at 2055. The Supreme Court highlighted its use of “may,” explaining that it d[id] not definitively resolve these issues here.” Id. The Court thus does not find this ruling to be clearly irreconc"
term_24,23-1226,5,20241118151502113_Mclaughlin_Brief_for_Petitioner.pdf,79,True,False,False,,"-36avoidance precedents would militate against” interpreting the statute in the way that the Ninth Circuit has done. PDR Network, 588 U.S. at 9–10 (Thomas, J., concurring). For one thing, “[b]arring d"
term_24,23-1226,6,20240517122525155_McLaughlin_Petition_Appendix.pdf,31,True,False,False,,-App. 22adefinition to include a Stand-Alone Fax Machine Class and an Online Fax Services Class. Dkt. No. 393 (“Order”). The Court later indicated its view that summary judgment should be entered agai
term_24,23-1226,7,20240517122525155_McLaughlin_Petition_Appendix.pdf,41,True,False,False,,". Accordingly, the Court ordered the parties to submit supplemental briefs addressing the United States Supreme Court’s opinion in PDR Network, LLC v. Carlton & Harris Chiropractic, Inc., 139 S. Ct. 2"
term_24,23-1226,8,20240517122525155_McLaughlin_Petition_Appendix.pdf,55,True,False,False,,". at 2055. Second, the Court of Appeals would need to consider whether PDR had “prior” and “adequate” opportunities to seek judicial review of the FCC order. Id. at 2055–56. Notably, the Supreme Court"
term_24,23-1226,9,20240517122525155_McLaughlin_Petition_Appendix.pdf,12,True,False,False,,-App. 10adenying treble damages to Plaintiffs on their remaining individual claims. A court may award treble damages if it finds that a defendant “willfully or knowingly” violated the TCPA. 47 U.S.C. 
term_24,23-1226,10,20240517122525155_McLaughlin_Petition_Appendix.pdf,32,True,False,False,,. Dkt. No. 402 at 3. But Plaintiffs contended that the Court “should not decide the merits of a certified Rule 23(b)(3) class’s claims until after notice has been sent and the period to request exclus
term_24,23-1229,1,20240827105818942_23-1229_Small_Refinery_Respondents_Brief_in_Opposition.pdf,11,True,False,False,,"In the Supreme Court of the United States _______________ No. 23-1229 ENVIRONMENTAL PROTECTION AGENCY, Petitioner, v. CALUMET SHREVEPORT REFINING, LLC, ET AL., Respondents. ___________________ No. 23-"
term_24,23-1229,2,20250121131718802_2025.01.21_No._23-1229_Brief_for_the_Small_Refinery_Respondents.pdf,0,True,False,False,,"No. 23-1229 In the Supreme Court of the United States ɆɆɆɆɆɆɆɆɆ ENVIRONMENTAL PROTECTION AGENCY, Petitioner, v. CALUMET SHREVEPORT REFINING, LLC, ET AL., Respondents ___________________ On Writ of Cer"
term_24,23-1229,3,20241213185232097_23-1229tsUnitedStates.pdf,0,True,False,False,,"No. 23-1229 In the Supreme Court of the United States ENVIRONMENTAL PROTECTION AGENCY, PETITIONER v. CALUMET SHREVEPORT REFINING, L.L.C., ET AL. ON WRIT OF CERTIORARI TO THE UNITED STATES COURT OF APP"
term_24,23-1229,4,20250128135154139_23-1229_Amicus_Biref_of_United_States_Senators_Mike_Lee_Bill_Cassidy_MD__2a758a2e.pdf,0,True,False,False,,"No. 23-1229 IN THE Supreme Court of the United States _________ ENVIRONMENTAL PROTECTION AGENCY, Petitioner, V. CALUMET SHREVEPORT REFINING, L.L.C., ET AL., Respondents. _________ On Writ of Certiorar"
term_24,23-1229,5,20241220221534198_No._23-1229_OAG_NY_COS_DOJ.pdf,0,True,False,False,,"No. 23-1229 IN THE Supreme Court of the United States ENVIRONMENTAL PROTECTION AGENCY, Petitioner, v. CALUMET SHREVEPORT REFINING, L.L.C., et al., Respondents. CERTIFICATE OF SERVICE Oren L. Zeve, a m"
term_24,23-1229,6,20240827105818942_23-1229_Small_Refinery_Respondents_Brief_in_Opposition.pdf,0,True,False,False,,"Nos. 23-1229 & 23-1230 In the Supreme Court of the United States ɆɆɆɆɆɆɆɆɆ ENVIRONMENTAL PROTECTION AGENCY, Petitioner, v. CALUMET SHREVEPORT REFINING, LLC, ET AL., Respondents ___________________ GRO"
term_24,23-1229,7,20241213185232097_23-1229tsUnitedStates.pdf,12,True,False,False,,"In the Supreme Court of the United States No. 23-1229 ENVIRONMENTAL PROTECTION AGENCY, PETITIONER v. CALUMET SHREVEPORT REFINING, L.L.C., ET AL. ON WRIT OF CERTIORARI TO THE UNITED STATES COURT OF APP"
term_24,23-1229,8,20250121131718802_2025.01.21_No._23-1229_Brief_for_the_Small_Refinery_Respondents.pdf,12,True,False,False,,"In the Supreme Court of the United States _______________ No. 23-1229 ENVIRONMENTAL PROTECTION AGENCY, Petitioner, v. CALUMET SHREVEPORT REFINING, LLC, ET AL., Respondents ___________________ On Writ "
term_24,23-1229,9,20241213170223138_23-1229_tsGrowthEnergyEtAl.pdf,13,True,False,False,,"xii TABLE OF AUTHORITIES—Continued Page(s) Merriam-Webster.com Dictionary, MerriamWebster, https://www.merriam-webster.com/ dictionary/ ................................................... 21-24, 32, 4"
term_24,23-1229,10,20241220210733279_23-1229_Br_for_State_of_NY_et_al_Amici_Curiae_for_Petitioner.pdf,0,True,False,False,,"No. 23-1229 IN THE Supreme Court of the United States ENVIRONMENTAL PROTECTION AGENCY, Petitioner, v. CALUMET SHREVEPORT REFINING, L.L.C., et al., Respondents. ON WRIT OF CERTIORARI TO THE UNITED STAT"
term_24,23-1239,1,20241120185245985_12-1239_Barnes.pdf,6,True,False,False,,"In the Supreme Court of the United States No. 23-1239 JANICE HUGHES BARNES, INDIVIDUALLY AND AS REPRESENTATIVE OF THE ESTATE OF ASHTIAN BARNES, DECEASED, PETITIONER v. ROBERTO FELIX, JR., ET AL. ON WR"
term_24,23-1239,2,20241120174124420_23-1239_Brief.pdf,0,True,False,False,,"NO. 23-1239 In the Supreme Court of the United States ________________ JANICE HUGHES BARNES, INDIVIDUALLY AND AS REPRESENTATIVE OF THE ESTATE OF ASHTIAN BARNES, DECEASED, Petitioner, v. ROBERTO FELIX,"
term_24,23-1239,3,20240814162023791_23-1239_Brief_in_Opposition.pdf,79,True,False,False,,"8a Appendix A On February 26, 2020, the Court held a hearing on the Motion for Sanctions, in which it “confirmed” Defendants had not timely produced evidence that “could affect the evidentiary posture"
term_24,23-1239,4,20240624162434771_23-1239_Stoughon_Amicus_Brief.pdf,0,True,False,False,,"NO. 23-1239 In the Supreme Court of the United States ________________ JANICE HUGHES BARNES, INDIVIDUALLY AND AS REPRESENTATIVE OF THE ESTATE OF ASHTIAN BARNES, DECEASED, Petitioner, v. ROBERTO FELIX,"
term_24,23-1239,5,20241120151001913_IARP_Amicus_Brief.pdf,18,True,False,False,,"And numerous police department policies, including policies in Harris County (where the events underlying this case occurred), specifically reference court decisions such as Graham v. Connor, 490 U.S."
term_24,23-1239,6,20241125130702145_241114a_AC_Brief_for_efiling.pdf,0,True,False,False,,"No. 23-1239 In the Supreme Court of the United States  JANICE HUGHES BARNES, INDIVIDUALLY & AS REPRESENTATIVE OF THE ESTATE OF ASHTIAN BARNES, DECEASED, Petitioner, v. ROBERTO FELIX, JR., et al., Res"
term_24,23-1239,7,20240814162023791_23-1239_Brief_in_Opposition.pdf,0,True,False,False,,"No. 23-1239 In the Supreme Court of the United States JANICE HUGHES BARNES, INDIVIDUALLY AND AS REPRESENTATIVE OF THE ESTATE OF ASHTIAN BARNES, DECEASED, Petitioner, v. ROBERTO FELIX, JR., et al., Res"
term_24,23-1239,8,20241120135027955_Barnes_Merits_Amicus_Final.pdf,0,True,False,False,,"No. 23-1239 In the Supreme Court of the United States __________ JANICE HUGHES BARNES, INDIVIDUALLY AND AS REPRESENTATIVE OF THE ESTATE OF ASHTIAN BARNES, DECEASED, Petitioner, v. ROBERTO FELIX, JR. e"
term_24,23-1239,9,20241120091256905_130653_tst_brief.pdf,0,True,False,False,,"No. 23-1239 In the Supreme Court of the United States JANICE HUGHES BARNES, INDIVIDUALLY AND AS REPRESENTATIVE OF THE ESTATE OF ASHTIAN BARNES, DECEASED, Petitioner, v. ROBERTO FELIX, JR.; COUNTY OF H"
term_24,23-1239,10,20240624152613281_23-1239acColorOfChange.pdf,0,True,False,False,,"No. 23-1239 IN THE Supreme Court of the United States ———— JANICE HUGHES BARNES, INDIVIDUALLY AND AS REPRESENTATIVE OF THE ESTATE OF ASHTIAN BARNES, DECEASED, Petitioner, v. ROBERTO FELIX, JR.; COUNTY"
term_24,23-1259,1,20250108172159967_2025-1-8_Merits_Opp_FINAL.pdf,0,True,False,False,,"No. 23-1259 IN THE Supreme Court of the United States BLOM BANK SAL Petitioner, v. MICHAL HONICKMAN, ET AL. Respondents. On Writ of Certiorari to the United States Court of Appeals for the Second Circ"
term_24,23-1259,2,20241209152803954_No._23-1259_Brief_for_Petitioner.pdf,0,True,False,False,,"No. 23-1259 In the Supreme Court of the United States BLOM BANK SAL, Petitioner, v. MICHAL HONICKMAN, et al., Respondents. On Writ of Certiorari to the United States Court of Appeals for the Second Ci"
term_24,23-1259,3,20241209152632359_No._23-1259_Joint_Appendix_Volume_2_of_2.pdf,0,True,False,False,,"No. 23-1259 In the Supreme Court of the United States BLOM BANK SAL, Petitioner, v. MICHAL HONICKMAN, et al., Respondents. On Writ of Certiorari to the United States Court of Appeals for the Second Ci"
term_24,23-1259,4,20241209152617191_No._23-1259_Joint_Appendix_Volume_1_of_2.pdf,0,True,False,False,,"No. 23-1259 In the Supreme Court of the United States BLOM BANK SAL, Petitioner, v. MICHAL HONICKMAN, et al., Respondents. On Writ of Certiorari to the United States Court of Appeals for the Second Ci"
term_24,23-1259,5,20240828152218270_Honickman_v_BLOM_Cert_Opp.pdf,0,True,False,False,,"No. 23-1259 IN THE Supreme Court of the United States BLOM BANK SAL Petitioner, v. MICHAL HONICKMAN, ET AL. Respondents. On Petition for a Writ of Certiorari to the United States Court of Appeals for "
term_24,23-1259,6,20240529131848973_Blom_Bank_PFC_Apx_PDFA.pdf,196,True,False,False,,". I think ultimately it’s a question of fairness, and the Supreme Court’s direction to let meritorious claims go forward [p.10] notwithstanding the sort of strange procedural history that this case ha"
term_24,23-1259,7,20241209152617191_No._23-1259_Joint_Appendix_Volume_1_of_2.pdf,234,True,False,False,,". at 25. These arguments mix factual assertions and preferred evidentiary inferences that are—at best—appropriate for resolution by summary judgment or trial, with legal assertions that are incorrect."
term_24,23-1259,8,20250108172159967_2025-1-8_Merits_Opp_FINAL.pdf,25,True,False,False,,"7 claims that [defense counsel] have identified as being deficient regarding the standards that were adopted by [Linde] from [Halberstam]. [Plaintiffs’ counsel], do you want that opportunity? Pet.App."
term_24,23-1259,9,20241209152632359_No._23-1259_Joint_Appendix_Volume_2_of_2.pdf,12,True,False,False,,263a Appendix J act of terrorism if it was generally aware of its role in an ‘overall illegal activity’ from which an ‘act of international terrorism’ was a foreseeable risk.” Id. This Court further f
term_24,23-1259,10,20240529131848973_Blom_Bank_PFC_Apx_PDFA.pdf,203,True,False,False,,"App. 149 very sympathetic set of facts, and it was very difficult to think about the plaintiffs’ allegations and sort of set those very compelling facts to the side while we consider the legal issues."
term_24,23-1270,1,20250110143318187_Brief_of_Amici_Curiae_Administrative_Law_Professors_.pdf,10,True,False,False,,"In the Supreme Court of the United States NO. 23-1270 PIERRE YASSUE NASHUN RILEY, PETITIONER, v. MERRICK B. GARLAND, ATTORNEY GENERAL ON WRIT OF CERTIORARI TO THE UNITED STATES COURT OF APPEALS FOR TH"
term_24,23-1270,2,20250103170437724_Brief_for_Petitioner.pdf,15,True,False,False,,"No. 23-1270 IN THE Supreme Court of the United States PIERRE YASSUE NASHUN RILEY, Petitioner, v. MERRICK GARLAND, ATTORNEY GENERAL, Respondent. ON WRIT OF CERTIORARI TO THE UNITED STATES COURT OF APPE"
term_24,23-1270,3,20250110130917896_FINAL_Riley_v_Garland_AC_Brief.pdf,0,True,False,False,,"No. 23-1270 In the Supreme Court of the United States _________ PIERRE YASSUE NASHUN RILEY, Petitioner, v. MERRICK B. GARLAND, U.S. ATTORNEY GENERAL, Respondent. _________ On Writ Of Certiorari To The"
term_24,23-1270,4,20250110144306729_Brief_of_Civil_Procedure_and_Federal_Courts_Professors_as_amici_curiae_.pdf,0,True,False,False,,"No. 23-1270 In the Supreme Court of the United States PIERRE YASSUE NASHUN RILEY, Petitioner, v. MERRICK B. GARLAND, ATTORNEY GENERAL, Respondent. On Writ of Certiorari to the United States Court of A"
term_24,23-1270,5,20250110164824081_250105a_AC_Brief_for_efiling.pdf,0,True,False,False,,"No. 23-1270 In the Supreme Court of the United States PIERRE RILEY, Petitioner, v. MERRICK GARLAND, U.S. ATTORNEY GENERAL, Respondent. On Writ of Certiorari to the United States Court of Appeals for t"
term_24,23-1270,6,20250103170437724_Brief_for_Petitioner.pdf,0,True,False,False,,"No. 23-1270 IN THE Supreme Court of the United States PIERRE YASSUE NASHUN RILEY, Petitioner, v. MERRICK GARLAND, ATTORNEY GENERAL, Respondent. ON WRIT OF CERTIORARI TO THE UNITED STATES COURT OF APPE"
term_24,23-1270,7,20241203114117021_23-1270_Amicus_Brief_of_Former_US_Attorneys_General.pdf,0,True,False,False,,"No. 23-1270 IN THE Supreme Court__________________________________________________of the United States PIERRE YASSUE NASHUN RILEY, Petitioner, v. MERRICK B. GARLAND, U.S. ATTORNEY GENERAL, Respondent."
term_24,23-1270,8,20250110143318187_Brief_of_Amici_Curiae_Administrative_Law_Professors_.pdf,0,True,False,False,,"No. 23-1270 In the Supreme Court of the United States PIERRE YASSUE NASHUN RILEY, PETITIONER, v. MERRICK B. GARLAND, ATTORNEY GENERAL ON WRIT OF CERTIORARI TO THE UNITED STATES COURT OF APPEALS FOR TH"
term_24,23-1270,9,20250110145210349_23-1270_tsac_American_Immigration_Lawyers_Assn.pdf,0,True,False,False,,"No. 23-1270 IN THE Supreme Court of the United States PIERRE YASSUE NASHUN RILEY, Petitioner, v. MERRICK B. GARLAND, UNITED STATES ATTORNEY GENERAL, Respondent. ON WRIT OF CERTIORARI TO THE UNITED STA"
term_24,23-1270,10,20250110102626836_Riley_Amicus.pdf,0,True,False,False,,"No. 23-1270 In the Supreme Court of the United States PIERRE YASSUE NASHUN RILEY, Petitioner, v. MERRICK B. GARLAND, ATTORNEY GENERAL, Respondent. On Writ of Certiorari to the United States Court of A"
term_24,23-1275,1,20240603115351724_2024.06.03_USSC_Petition_for_Writ_of_Certiorari.pdf,98,True,False,False,,12a wrote that he “continue[d] to believe that applying existing Supreme Court precedents requires that we find § 1396a(a)(23) to unambiguously create a right privately enforceable under § 1983 to cha
term_24,23-1275,2,20240703131821489_23-1275_Amicus_Brief_of_Life_Legal_Defense_Foundation_et_al..pdf,9,True,False,False,,"2 initiatives. As an academic center, the faculty associated with the Center are responsible for training law students and others regarding ethical representation of clients, including fulfilling lawy"
term_24,23-1275,3,20240603115351724_2024.06.03_USSC_Petition_for_Writ_of_Certiorari.pdf,210,True,False,False,,". Consequently, the record is void of any argument or evidence PPSAT was unqualified to perform any services as set forth in the Act. In Baker’s response, however, he sets forth nine arguments as to w"
term_24,23-1275,4,20240603115351724_2024.06.03_USSC_Petition_for_Writ_of_Certiorari.pdf,99,True,False,False,,". Planned Parenthood S. Atl., 143 S. Ct. 2633, 2634 (2023). We directed the parties to file supplemental briefs addressing the impact of Talevski on this case and heard oral arguments on the issue. Up"
term_24,23-1275,5,20250210202034617_23-1275tsacUnitedStates.pdf,11,True,False,False,,"In the Supreme Court of the United States NO. 23-1275 EUNICE MEDINA, INTERIM DIRECTOR, SOUTH CAROLINA DEPARTMENT OF HEALTH AND HUMAN SERVICES, PETITIONER v. PLANNED PARENTHOOD SOUTH ATLANTIC, ET AL. O"
term_24,23-1275,6,20240626084740369_23-1275_Amicus_Brief_S.C._State_Legislators_FINAL_PDFA.pdf,0,True,False,False,,"No. 23-1275 In the Supreme Court of the United States __________________ ROBERT M. KERR, DIRECTOR, SOUTH CAROLINA DEPARTMENT OF HEALTH AND HUMAN SERVICES, Petitioner, v. PLANNED PARENTHOOD SOUTH ATLAN"
term_24,23-1275,7,20250204124420935_23-1275_Amicus_Brief_of_Life_Legal_Defense_Foundation.pdf,0,True,False,False,,"No. 23-1275 In the Supreme Court of the United States ________________________________________________ EUNICE MEDINA, Interim Director, South Carolina Department of Health and Human Services, Petition"
term_24,23-1275,8,20241220181132341_2024.12.20_Kerr_Party_Substitution_Notice.pdf,0,True,False,False,,"December 20, 2024 Honorable Scott S. Harris Clerk of the Court Supreme Court of the United States One First Street, NE Washington, DC 20543-0001 Re: Robert M. Kerr v. Planned Parenthood South Atlantic"
term_24,23-1275,9,20250210102805100_250208a_AC_Brief_for_efiling.pdf,0,True,False,False,,"No. 23-1275 In The Supreme Court of the United States EUNICE MEDINA, in her official capacity as Interim Director, South Carolina Department of Health and Human Services, Petitioner, v. PLANNED PARENT"
term_24,23-1275,10,20240603115351724_2024.06.03_USSC_Petition_for_Writ_of_Certiorari.pdf,83,True,False,False,,". _____________________ WILKINSON, Circuit Judge: This case marks the third time that we have been called upon to resolve the same legal issue: whether the free-choice-of-provider provision of the Med"
term_24,23-1300,1,20240821194354996_Fasken_BIO_-_NRC_v._Texas_-_Nos._23-1300_-_23-1312.pdf,0,True,False,False,,"Nos. 23-1300 & 23-1312 IN THE Supreme Court of the United States __________ UNITED STATES NUCLEAR REGULATORY COMMISSION AND UNITED STATES OF AMERICA, AND INTERIM STORAGE PARTNERS, LLC, Petitioners, v."
term_24,23-1300,2,20240821145554833_Docket_Nos._23-1300_and_23-1312_Brief_in_Opposition.pdf,0,True,False,False,,"Nos. 23-1300 and 23-1312 In the Supreme Court of the United States UNITED STATES NUCLEAR REGULATORY COMMISSION AND UNITED STATES OF AMERICA, PETITIONERS v. STATE OF TEXAS, ET AL. INTERIM STORAGE PARTN"
term_24,23-1300,3,20241202175525383_23-1300tsUnitedStates.pdf,1,True,False,False,,PARTIES TO THE PROCEEDING Petitioners in No. 23-1300 were the respondents in the court of appeals. They are the United States Nuclear Regulatory Commission and the United States of America. Respondent
term_24,23-1300,4,20241202175525383_23-1300tsUnitedStates.pdf,20,True,False,False,,"XII Miscellaneous—Continued: Page Locations of Fuel Cycle Facilities (Sept. 1, 2023), https://www.nrc.gov/info-finder/fc/index. html#facility-list ....................................................."
term_24,23-1300,5,20241202181431894_NRC_JA_vf.pdf,0,True,False,False,,"Nos. 23-1300 and 23-1312 In the Supreme Court of the United States UNITED STATES NUCLEAR REGULATORY COMMISSION, ET AL., PETITIONERS v. STATE OF TEXAS, ET AL. INTERIM STORAGE PARTNERS, LLC, PETITIONER "
term_24,23-1300,6,20240712124113123_2024-07-12_NEI_Amicus_Brief_-_SCOTUS_FINAL.pdf,9,True,False,False,,". Pursuant to Supreme Court Rule 37.2, amicus curiae affirms that counsel of record for all parties received timely notice of the intent to file this brief."
term_24,23-1300,7,20241202175525383_23-1300tsUnitedStates.pdf,46,True,False,False,,". Respondents’ contrary arguments are inconsistent with legal norms that govern adjudications generally, including the fundamental distinction between parties and amici. II. The Atomic Energy Act auth"
term_24,23-1300,8,20241202151054027_ISP_Opening_Brief_of_Petitioner_-_Merits_Stage.pdf,19,True,False,False,,". And all of that happened here—ISP spent years, and millions of dollars, to secure its NRC license. Multiple environmental groups and other entities opposed the project. Agency administrative boards "
term_24,23-1300,9,20241202175525383_23-1300tsUnitedStates.pdf,0,True,False,False,,"Nos. 23-1300 and 23-1312 In the Supreme Court of the United States UNITED STATES NUCLEAR REGULATORY COMMISSION, ET AL., PETITIONERS v. STATE OF TEXAS, ET AL. INTERIM STORAGE PARTNERS, LLC, PETITIONER "
term_24,23-1300,10,20240612144746118_NRC_Pet_f.pdf,91,True,False,False,,. And—once constitutional standing was challenged—both Petitioners provided welldeveloped legal arguments with citations to the record and evidence to show their standing. Petitioners haven’t forfeite
term_24,23-1324,1,20241210132901064_NsaPerttu_Amicus_MAIN_December_10_2024_EFile.pdf,0,True,False,False,,"NO. 23-1324 In the Supreme Court of the United States THOMAS PERTTU, Petitioner, v. KYLE BRANDON RICHARDS, Respondent. __________________________ On Writ of Certiorari to the United States Court of Ap"
term_24,23-1324,2,20241206172244403_130613_brief.pdf,0,True,False,False,,"No. 23-1324 IN THE Supreme Court of the United States THOMAS PERTTU, Petitioner, v. KYLE BRANDON RICHARDS, Respondent. On Writ of Certiorari to the United States Court of Appeals for the Sixth Circuit"
term_24,23-1324,3,20240819152530781_23-1324_Brief_in_Opp.pdf,0,True,False,False,,"No. 23-1324 In The Supreme Court of the United States THOMAS PERTTU, Petitioner, v. KYLE BRANDON RICHARDS, Respondent. On Petition for Writ of Certiorari to the United States Court of Appeals for the "
term_24,23-1324,4,20241202140602901_23-1324_Richards_JA_11-21-2024_A.pdf,0,True,False,False,,"No. 23-1324 In the Supreme Court of the United States THOMAS PERTTU, PETITIONER v. KYLE BRANDON RICHARDS ON WRIT OF CERTIORARI TO THE UNITED STATES COURT OF APPEALS FOR THE SIXTH CIRCUIT JOINT APPENDI"
term_24,23-1324,5,20241209131016608_Perttu_Amicus_FILING.pdf,0,True,False,False,,"No. 23-1324 In the Supreme Court of the United States _______________________________________________________________________________________________________________ THOMAS PERTTU, Petitioner, v. KYLE"
term_24,23-1324,6,20241202140337368_23-1324_Richards_Merits_A.pdf,0,True,False,False,,"No. 23-1324 In the Supreme Court of the United States THOMAS PERTTU, PETITIONER v. KYLE BRANDON RICHARDS ON WRIT OF CERTIORARI TO THE UNITED STATES COURT OF APPEALS FOR THE SIXTH CIRCUIT BRIEF FOR PET"
term_24,23-1324,7,20241206172244403_130613_brief.pdf,9,True,False,False,,"INTEREST OF THE AMICI CURIAE1 The International Municipal Lawyers Association (“IMLA”) has been an advocate and resource for local government attorneys since 1935. Owned solely by its more than 2,500 "
term_24,23-1324,8,20240617144434536_Richards_Appx_FINAL_-_FINAL.pdf,35,True,False,False,,20a credible. He likewise contends that the district court should have provided him with a free transcript of the evidentiary hearing before the magistrate judge. But we need not address these argumen
term_24,23-1324,9,20240617144434536_Richards_Appx_FINAL_-_FINAL.pdf,147,True,False,False,,"95a the housing unit. Furthermore, it seems logical that Plaintiffs would routinely encounter other prison officials who could have received PREA grievance forms. But Defendant does not make these arg"
term_24,23-1324,10,20240617144434536_Richards_Appx_FINAL_-_FINAL.pdf,29,True,False,False,,"17a (collecting cases). The Supreme Court, for example, has held that a directed verdict does not violate the Seventh Amendment, Galloway v. United States, 319 U.S. 372, 388–93 (1943), nor does summar"
term_24,23-1345,1,20250128151703542_former_prosecutors_merits_amicus_brief_-_Rivers_v._Lumpkin_-_No._23-1345.pdf,0,True,False,False,,"No. 23-1345 IN THE Supreme Court of the United States __________ DANNY RICHARD RIVERS, Petitioner, v. BOBBY LUMPKIN, DIRECTOR, TEXAS DEPARTMENT OF CRIMINAL JUSTICE, CORRECTIONAL INSTITUTIONS DIVISION,"
term_24,23-1345,2,20250128120746546_Rivers_Phillips_Black_Amicus_BriefvFINAL.pdf,0,True,False,False,,"No. 23-1345 IN THE Supreme Court of the United States ________________ DANNY RICHARD RIVERS, Petitioner, v. BOBBY LUMPKIN, DIRECTOR, TEXAS DEPARTMENT OF CRIMINAL JUSTICE, CORRECTIONAL INSTITUTIONS DIV"
term_24,23-1345,3,20241014172638735_Rivers_BIO_FINAL.pdf,0,True,False,False,,"No. 23-1345 IN THE Supreme Court of the United States __________________________ DANNY RICHARD RIVERS, Petitioner, v. BOBBY LUMPKIN, DIRECTOR TDCJ-CID, Respondent. _________________________ On Petitio"
term_24,23-1345,4,20240726181617483_Rivers_v._Lumpkin_-_Amicus_Brief.pdf,0,True,False,False,,"No. 23-1345 IN THE Supreme Court of the United States ________________ DANNY RICHARD RIVERS, Petitioner, v. BOBBY LUMPKIN, DIRECTOR, TEXAS DEPARTMENT OF CRIMINAL JUSTICE, CORRECTIONAL INSTITUTIONS DIV"
term_24,23-1345,5,20250128144007839_Rivers_-_NAFD_NACDL_amicus_brief_final.pdf,0,True,False,False,,"No. 23-1345 IN THE Supreme Court of the United States _______________________ DANNY RICHARD RIVERS, Petitioner, v. BOBBY LUMPKIN, DIRECTOR, TEXAS DEPARTMENT OF CRIMINAL JUSTICE, CORRECTIONAL INSTITUTI"
term_24,23-1345,6,20250128141116860_23-1345--Merits_Amici_Curiae_Brief_of_Former_Judges_01-27_rtf.pdf,0,True,False,False,,"No. 23-1345 In the Supreme Court of the United States DANNY RICHARD RIVERS, PETITIONER, v. BOBBY LUMPKIN, DIRECTOR, TEXAS DEPARTMENT OF CRIMINAL JUSTICE, CORRECTIONAL INSTITUTIONS DIVISION ON WRIT OF "
term_24,23-1345,7,20240726121819173_23-1345--Brief_Amici_Curiae_Former_Judges_07-26_rtf.pdf,0,True,False,False,,"No. 23-1345 In the Supreme Court of the United States DANNY RICHARD RIVERS, PETITIONER, v. BOBBY LUMPKIN, DIRECTOR, TEXAS DEPARTMENT OF CRIMINAL JUSTICE, CORRECTIONAL INSTITUTIONS DIVISION ON PETITION"
term_24,23-1345,8,20240726182820790_No._23-1345_Amicus_7-26-24.pdf,0,True,False,False,,"No. 23-1345 IN THE Supreme Court of the United States __________ DANNY RICHARD RIVERS, Petitioner, v. BOBBY LUMPKIN, DIRECTOR, TEXAS DEPARTMENT OF CRIMINAL JUSTICE, CORRECTIONAL INSTITUTIONS DIVISION,"
term_24,23-1345,9,20250203171015789_Rivers_v._Lumpkin_-_Merits_Amicus_Brief.pdf,0,True,False,False,,"No. 23-1345 IN THE Supreme Court of the United States ———————— DANNY RICHARD RIVERS, Petitioner, v. BOBBY LUMPKIN, DIRECTOR, TEXAS DEPARTMENT OF CRIMINAL JUSTICE, CORRECTIONAL INSTITUTIONS DIVISION, R"
term_24,23-1345,10,20240726182820790_No._23-1345_Amicus_7-26-24.pdf,7,True,False,False,,"vii Wayne R. LaFave, Jerold H. Israel, et al., 7 Criminal Procedure § 28.5(d) (4th ed. 2015) ... 10  IN THE Supreme Court of the United States __________ No. 23-1345 DANNY RICHARD RIVERS, Petitioner, "
term_24,23-167,1,20230817162636291_44010_pdf_LaCour_app.pdf,211,True,False,False,,". By changing his theory of argument, Smith has failed to preserve this claim for federal review. Kelly, 377 F.3d, at 1344-45 (recognizing that “habeas petitioners are permitted to clarify the argumen"
term_24,23-167,2,20230817162636291_44010_pdf_LaCour_app.pdf,199,True,False,False,,"App. 133 claim.” Williams v. McNeil, 2010 WL 144986, at *5 (N.D. Fla. Jan. 7, 2010). If, on the other hand, this Court concludes that the state courts applied Supreme Court precedent correctly and fin"
term_24,23-167,3,20230920172218885_AmicusBrief.pdf,0,True,False,False,,No. 23-167 ================================================================================================================ In The Supreme Court of the United States ---------------------------------♦
term_24,23-167,4,20230817162636291_44010_pdf_LaCour_app.pdf,485,True,False,False,,"App. 340 “Mr. Hughes [defense counsel]: Your Honor, I object to that.” (R. 271.) After this occurred the trial court held a hearing outside the presence of the jury. Smith then moved for a mistrial be"
term_24,23-167,5,20230817162636291_44010_pdf_LaCour_app.pdf,197,True,False,False,,"App. 132 established Federal law,” namely, “the governing legal principle or principles set forth by the Supreme Court at the time the state court render[ed] its decision.” Lockyer v. Andrade, 538 U.S"
term_24,23-167,6,20230920142146624_Brief_In_Opposition_Complete_FINAL.pdf,0,True,False,False,,"No. 23-167 IN THE Supreme Court of the United States –––– ♦ –––– COMMISSIONER, ALABAMA DEPARTMENT OF CORRECTIONS, Petitioner, v. JOSEPH CLIFTON SMITH Respondent. –––– ♦ –––– On Petition for Writ of Ce"
term_24,23-167,7,20230817162636291_44010_pdf_LaCour_app.pdf,325,True,False,False,,"App. 215 would not be entitled to habeas relief. Having reviewed the record in this matter, the Court concludes that the state court’s factual findings were reasonable, that Petitioner has not met his"
term_24,23-167,8,20230817162636291_44010_pdf_LaCour_app.pdf,196,True,False,False,,". Angelone, 530 U.S. 156, 166 (2000) (“A state determination may be set aside under this standard if, under clearly established federal law, a state court has been unreasonable in refusing the governi"
term_24,23-167,9,20230817162636291_44010_pdf_LaCour_app.pdf,195,True,False,False,,App. 131 constraint on the power of a federal habeas court to grant a state prisoner’s application for a writ of habeas corpus with respect to claims adjudicated on the merits in state court.” Id. at 
term_24,23-167,10,20230817162636291_44010_pdf_LaCour_app.pdf,182,True,False,False,,"App. 122 For the reasons set forth below, Smith’s claims are DENIED and his requests for discovery and for an evidentiary hearing2 are DENIED. 2 The Antiterrorism and Effective Death Penalty Act (AEDP"
term_24,23-191,1,20240126141226983_Suggestion_of_death_and_stipulation_of_dismissal.pdf,0,True,False,False,,"No. 23-191 IN THE Supreme Court of the United States ________ NANCY WILLIAMS, ET AL., Petitioners, v. FITZGERALD WASHINGTON, ALABAMA SECRETARY OF LABOR, Respondent. ________ SUGGESTION OF DEATH AND ST"
term_24,23-191,2,20230828101518662_Williams_v._Washington_Cert_Petition.pdf,54,True,False,False,,25 for the court’s decision. There are no alternative holdings or grounds for affirmance passed on by the court below that would interfere with the Court’s review. And the majority opinion and the dis
term_24,23-191,3,20240725102156134_23-191_rb.pdf,23,True,False,False,,11 Patsy’s no-exhaustion rule should not always apply in state court. Felder’s reasoning in rejecting that argument is dispositive in this case as well. The Court explained that the “dominant characte
term_24,23-191,4,20231117120531360_Willaims_BIO.pdf,0,True,False,False,,"No. 23-191 In the Supreme Court of the United States ────────────────────────── NANCY WILLIAMS, ET AL. Petitioners, v. FITZGERALD WASHINGTON, ALABAMA SECRETARY OF LABOR, Respondent. ────────────────"
term_24,23-191,5,20230828101518662_Williams_v._Washington_Cert_Petition.pdf,13,True,False,False,,"4 injuries.” Id. at 147 (quoting Patsy, 457 U.S. at 504). Whether in federal court or state court, administrative exhaustion requirements impermissibly interfere with § 1983’s “central purpose” of “pr"
term_24,23-191,6,20240725102156134_23-191_rb.pdf,46,True,False,False,,". In petitioners’ reply brief below, immediately after arguing that Alabama’s law was preempted under Patsy, petitioners elaborated: “That some plaintiffs might raise due process arguments in a challe"
term_24,23-191,7,20240418163526321_NHLP_Williams_Amici_MAIN_E_FILE_Apr_18_24.pdf,0,True,False,False,,"NO. 23-191 In the Supreme Court of the United States NANCY WILLIAMS, ET AL., Petitioners, v. FITZGERALD WASHINGTON, ALABAMA SECRETARY OF LABOR, Respondent. __________________________ On Writ of Certio"
term_24,23-191,8,20240418122353455_FINAL_Chamber_Amicus_Brief_-_Williams_v._Washington.pdf,0,True,False,False,,"No. 23-191 In the Supreme Court of the United States NANCY WILLIAMS, ET AL., Petitioners, v. FITZGERALD WASHINGTON, ALABAMA SECRETARY OF LABOR, Respondent. On Writ of Certiorari to the Supreme Court o"
term_24,23-191,9,20240725102156134_23-191_rb.pdf,0,True,False,False,,"No. 23-191 IN THE Supreme Court of the United States _________ NANCY WILLIAMS, ET AL., Petitioners, v. FITZGERALD WASHINGTON, ALABAMA SECRETARY OF LABOR, Respondent. ________ On Writ of Certiorari to "
term_24,23-191,10,20240702141758385_23-191_Amicus_BOM_Tennessee_PDFA.pdf,0,True,False,False,,"No. 23-191 IN THE Supreme Court of the United States NANCY WILLIAMS, ET AL., Petitioners, v. FITZGERALD WASHINGTON, ALABAMA SECRETARY OF LABOR Respondent. ON WRIT OF CERTIORARI TO THE ALABAMA SUPREME "
term_24,23-217,1,20240507124434122_23-217_EMD_Sales.pdf,34,True,False,False,,". For those reasons, if the Court does not summarily reverse, it should deny the petition for a writ of certiorari. Respondents’ arguments do not, however, undermine the case for summary reversal. The"
term_24,23-217,2,20240814092022372_23-217_Amicus_Curiae_Brief_of_New_England_Legal_Foundation_in_support_of_54f051ff.pdf,0,True,False,False,,"No. 23-217 IN THE Supreme Court of the United States E.M.D. SALES, INC., ET AL., Petitioners, v. FAUSTINO SANCHEZ CARRERA, ET AL., Respondents. ON A WRIT OF CERTIORARI TO THE UNITED STATES COURT OF AP"
term_24,23-217,3,20240819170705392_23-217_Amicus_Brief.pdf,0,True,False,False,,"No. 23-217 In the Supreme Court of the United States E.M.D. SALES, INC., et al., Petitioners, v. FAUSTINO SANCHEZ CARRERA, et al., Respondents. On Writ of Certiorari to the United States Court of Appe"
term_24,23-217,4,20240813091310075_WLF_Amicus_-_EMD_v._Carrera.pdf,0,True,False,False,,"No. 23-217 IN THE Supreme Court of the United States ____________ E.M.D. SALES, INC.; ELDA M. DEVARIE; Petitioners, v. FAUSTINO SANCHEZ CARRERA; JESUS DAVID MURO; MAGDALENO GERVACIO; Respondents. ____"
term_24,23-217,5,20240820155150988_23-217tsacUnitedStates.pdf,9,True,False,False,,"In the Supreme Court of the United States No. 23-217 E.M.D. SALES, INC., ET AL., PETITIONERS v. FAUSTINO SANCHEZ CARRERA, ET AL. ON WRIT OF CERTIORARI TO THE UNITED STATES COURT OF APPEALS FOR THE FOU"
term_24,23-217,6,20240507124434122_23-217_EMD_Sales.pdf,33,True,False,False,,"15 In asserting that this Court’s review is not warranted, respondents argue that the standard of proof is rarely dispositive, that it was not dispositive here, and that the court of appeals’ standard"
term_24,23-217,7,20240924155125392_2024.09.24_EMD_v_Carrera_-_Brief_for_Respondents.pdf,0,True,False,False,,"No. 23-217 IN THE Supreme Court of the United States E.M.D. SALES, INC.; ELDA M. DEVARIE, Petitioners, v. FAUSTINO SANCHEZ CARRERA; JESUS DAVID MURO; MAGDALENO GERVACIO, Respondents. On Writ of Certio"
term_24,23-217,8,20231107164708155_2023.11.06_EMD_v_Carrera_Cert_Opp.pdf,0,True,False,False,,"No. 23-217 IN THE Supreme Court of the United States E.M.D. SALES, INC.; ELDA M. DEVARIE, Petitioners, v. FAUSTINO SANCHEZ CARRERA; JESUS DAVID MURO; MAGDALENO GERVACIO, Respondents. On Petition for a"
term_24,23-217,9,20240819172414275_23-217_Amicus_Brief.pdf,0,True,False,False,,"No. 23-217 In the Supreme Court of the United States E.M.D. SALES, INC., et al., Petitioners, v. FAUSTINO SANCHEZ CARRERA, et al., Respondent. On Writ of Certiorari to the United States Court of Appea"
term_24,23-217,10,20240813135114449_EMD_Brief_for_Petitioners.pdf,12,True,False,False,,"IX Page Other Authorities—cont’d: U.S. Dep’t of Lab., Small Entity Compliance Guide to the Fair Labor Standards Act’s Exemptions, https://tinyurl.com/4exry5cu .................. 4 In the Supreme Court"
term_24,23-365,1,20240716124824241_116940_brief.pdf,0,True,False,False,,"No. 23-365 In the Supreme Court of the United States MEDICAL MARIJUANA, INC., et al., Petitioners, v. DOUGLAS J. HORN, Respondent. On Writ of Certiorari to the United States Court of Appeals for the S"
term_24,23-365,2,20240711094622760_WLF_Amicus_-_Medical_Marijuana_v._Horn.pdf,0,True,False,False,,"No. 23-365 In The Supreme Court of the United States ____________ MEDICAL MARIJUANA, INC.; DIXIE HOLDINGS, LLC AKA DIXIE ELIXIRS; RED DICE HOLDINGS, LLC, Petitioners, v. DOUGLAS J. HORN, Respondent. _"
term_24,23-365,3,20240709134602993_Horn_Brief_for_Petitioners.pdf,13,True,False,False,,"In the Supreme Court of the United States No. 23-365 MEDICAL MARIJUANA, INC.; DIXIE HOLDINGS, LLC, AKA DIXIE ELIXIRS; RED DICE HOLDINGS, LLC, PETITIONERS, v. DOUGLAS J. HORN, RESPONDENT. ON WRIT OF CE"
term_24,23-365,4,20231106122738281_44339_Ebner_CR_cv_BR_combined.pdf,0,True,False,False,,No. 23-365 ================================================================================================================ In The Supreme Court of the United States ---------------------------------♦
term_24,23-365,5,20240709134719247_Horn_Joint_Appendix.pdf,0,True,False,False,,"No. 23-365 In the Supreme Court of the United States MEDICAL MARIJUANA, INC.; DIXIE HOLDINGS, LLC, AKA DIXIE ELIXIRS; RED DICE HOLDINGS, LLC, PETITIONERS, v. DOUGLAS J. HORN, RESPONDENT. ON WRIT OF CE"
term_24,23-365,6,20240716114639044_Horn_Amici_Brief_of_Chamber_of_Comm_et_al_7.16.24.pdf,0,True,False,False,,"No. 23-365 In the Supreme Court of the United States MEDICAL MARIJUANA, INC., ET AL., Petitioners, v. DOUGLAS J. HORN On Writ of Certiorari to the United States Court of Appeals for the Second Circuit"
term_24,23-365,7,20240716131727340_Hemp_Roundtable_-_US_Supreme_Court_Amicus_Brief_-_final_-_PDFA.pdf,0,True,False,False,,"No. 23-365 IN THE Supreme Court of the United States MEDICAL MARIJUANA, INC.; DIXIE HOLDINGS, LLC, AKA DIXIE ELIXIRS; RED DICE HOLDINGS, LLC, Petitioners, v. DOUGLAS J. HORN, Respondent. On Writ of Ce"
term_24,23-365,8,20231003113235969_Horn_Petition_for_Certiorari_-_Appendix.pdf,53,True,False,False,,"31a history” of the case in order to address issue of proximate causation). By contrast, an assessment of the civil RICO claim which plaintiff seeks to appeal would demand little analysis of the under"
term_24,23-365,9,20231106122738281_44339_Ebner_CR_cv_BR_combined.pdf,4,True,False,False,,"1 INTEREST OF THE AMICI CURIAE 1 Established in 1977, the Atlantic Legal Foundation (ALF) is a national, nonprofit, nonpartisan, public interest law firm whose mission is to advance the rule of law an"
term_24,23-365,10,20231003113235969_Horn_Petition_for_Certiorari_-_Appendix.pdf,36,True,False,False,,". To the contrary, the Supreme Court has expressly cautioned lower courts not to use that concern to impose “additional, amorphous” RICO standing requirements even when a court might reasonably antici"
term_24,23-477,1,20241009120525823_State_Leg_AFA_AFAA_amicus_brief.pdf,13,True,False,False,,". Policy judgments are for legislators; legal judgments for judges. Psychiatrists are not lawgivers. Petitioners grounded their arguments in equal protection, no doubt to establish a statutory basis f"
term_24,23-477,2,20240903152714071_Yale_Philosophers_Amici_Brief.pdf,8,True,False,False,,"4 SUMMARY OF ARGUMENT Tennessee asserts that its law does not classify based on sex, but that claim requires considering the law at a high level of abstraction. Abstracting the premises of arguments c"
term_24,23-477,3,20241008130915048_23-477_Respondents_Brief.pdf,42,True,False,False,,"17 compelling interests. Nguyen v. INS, 533 U.S. 53, 68 (2001). Even under heightened review, this Court defers to legislative factfinding and gives States “wide discretion to pass legislation in area"
term_24,23-477,4,20241015085341551_23-477_Certificate_of_Compliance_Amicus_Brief.pdf,0,True,False,False,,"SUPREME COURT OF THE UNITED STATES No. 23-477 ---------------------------------------------------------------------------------------------------------X UNITED STATES, Petitioner, v. JONATHAN SKRMETTI"
term_24,23-477,5,20241015160830144_Amicus_Brief_-_Merits.pdf,0,True,False,False,,"No. 23-477 In The Supreme Court of the United States _____________ UNITED STATES, PETITIONER, v. JONATHAN SKRMETTI, ATTORNEY GENERAL AND REPORTER FOR TENNESSEE, ET AL., RESPONDENTS, _____________ On W"
term_24,23-477,6,20241015135420901_23-477_Amicus_Brief_of_Professor_Kurt_T._Lash.pdf,0,True,False,False,,"No. 23-477 IN THE Supreme Court of the United States _________ UNITED STATES OF AMERICA, Petitioner, v. JONATHAN THOMAS SKRMETTI, ATTORNEY GENERAL AND REPORTER FOR TENNESSEE, ET AL., Respondents. ____"
term_24,23-477,7,20241015123944617_23-477_CCJ_bsac.pdf,0,True,False,False,,"i No. 23-477 In the Supreme Court of the United States UNITED STATES, Petitioner, v. JONATHAN THOMAS SKRMETTI, ATTORNEY GENERAL AND REPORTER FOR TENNESSEE, ET AL. Respondents. On Writ of Certiorari to"
term_24,23-477,8,20241011105941477_Skrmetti_Amicus_Brief_Oct_11.pdf,0,True,False,False,,"No. 23-477 In The Supreme Court of the United States UNITED STATES, Petitioner, v. JONATHAN SKRMETTI, ATTORNEY GENERAL AND REPORTER FOR TENNESSEE, ET AL., Respondents, and L.W., BY AND THROUGH HER PAR"
term_24,23-477,9,20241015120136164_23-477_Amicus_Brief.pdf,0,True,False,False,,"No. 23-477 In the Supreme Court of the United States __________________________________________ UNITED STATES, Petitioner, v. JONATHAN SKRMETTI, ATTORNEY GENERAL AND REPORTER FOR TENNESSEE, ET AL., Re"
term_24,23-477,10,20241015134044777_Amicus_Brief.pdf,0,True,False,False,,"No. 23-477 In the Supreme Court of the United States __________ UNITED STATES OF AMERICA, Petitioner, v. JONATHAN SKRMETTI, ATTORNEY GENERAL AND REPORTER FOR TENNESSEE, ET AL., Respondents. __________"
term_24,23-583,1,20240710132831377_Bouarfa_v_Mayorkas_Amici_Law_Professors_Brief_Final.pdf,0,True,False,False,,"No. 23-583 In the Supreme Court of the United States AMINA BOUARFA, Petitioner, v. ALEJANDRO MAYORKAS, SECRETARY OF HOMELAND SECURITY, ET AL., Respondents. On Writ of Certiorari to the United States C"
term_24,23-583,2,20240710141129981_Bouarfa_v._Sec._--_IJ_Amicus_Brief.pdf,0,True,False,False,,"No. 23-583 IN THE Supreme Court of the United States AMINA BOUARFA, Petitioner, v. ALEJANDRO MAYORKAS, SECRETARY OF HOMELAND SECURITY, ET AL., Respondents. On Writ Of Certiorari To The United States C"
term_24,23-583,3,20240710172409050_116877_brief.pdf,0,True,False,False,,"No. 23-583 In the Supreme Court of the United States AMINA BOUARFA, Petitioner, v. ALEJANDRO MAYORKAS, SECRETARY OF HOMELAND SECURITY, et al., Respondents. On Writ of Certiorari to the United States C"
term_24,23-583,4,20240703131612074_2024-07-03_Bouarfa_No._23-583_Merits_Brief_with_addendum.pdf,0,True,False,False,,"No. 23-583 In the Supreme Court of the United States AMINA BOUARFA, Petitioner, V. SECRETARY, DEPARTMENT OF HOMELAND SECURITY, DIRECTOR, U.S. CITIZENSHIP & IMMIGRATION SERVICES (USCIS), Respondents. O"
term_24,23-583,5,20240703132003146_2024-07-03_Bouarfa_No._23-583_Joint_Appendix.pdf,0,True,False,False,,"No. 23-583 In the Supreme Court of the United States AMINA BOUARFA, Petitioner, V. SECRETARY, DEPARTMENT OF HOMELAND SECURITY, DIRECTOR, U.S. CITIZENSHIP & IMMIGRATION SERVICES (USCIS), Respondents. O"
term_24,23-583,6,20240710125300591_23-583_tsac_NIJC.pdf,0,True,False,False,,"No. 23-583 IN THE Supreme Court of the United States AMINA BOUARFA, Petitioner, v. ALEJANDRO MAYORKAS, SECRETARY OF HOMELAND SECURITY, ET AL., Respondents. On Writ of Certiorari to the United States C"
term_24,23-583,7,20240710113708991_23-583_Bouarfa_v_Mayorkas_et_al_AMICUS_BRIEF.pdf,0,True,False,False,,"No. 23-583 IN THE Supreme Court of the United States d AMINA BOUARFA, Petitioner, —v.— ALEJANDRO MAYORKAS, SECRETARY OF HOMELAND SECURITY, ET AL., Respondents. ON WRIT OF CERTIORARI TO THE UNITED STAT"
term_24,23-583,8,20240501172546511_23-583_Bouarfa_Opp_-_final.pdf,8,True,False,False,,"In the Supreme Court of the United States No. 23-583 AMINA BOUARFA, PETITIONER v. ALEJANDRO MAYORKAS, SECRETARY OF HOMELAND SECURITY, ET AL. ON WRIT OF CERTIORARI TO THE UNITED STATES COURT OF APPEALS"
term_24,23-583,9,20240501172546511_23-583_Bouarfa_Opp_-_final.pdf,0,True,False,False,,"No. 23-583 In the Supreme Court of the United States AMINA BOUARFA, PETITIONER v. ALEJANDRO MAYORKAS, SECRETARY OF HOMELAND SECURITY, ET AL. ON PETITION FOR A WRIT OF CERTIORARI TO THE UNITED STATES C"
term_24,23-583,10,20240710135651839_23-583_Amicus_Brief.pdf,0,True,False,False,,"No. 23-583 In the Supreme Court of the United States AMINA BOUARFA, Petitioner, v. ALEJANDRO MAYORKAS, SECRETARY OF HOMELAND SECURITY, et al., Respondents. On Petition for a Writ of Certiorari to the "
term_24,23-621,1,20240627170049395_23-621tsacUnitedStates.pdf,12,True,False,False,,"In the Supreme Court of the United States No. 23-621 GERALD F. LACKEY, IN HIS OFFICIAL CAPACITY AS THE COMMISSIONER OF THE VIRGINIA DEPARTMENT OF MOTOR VEHICLES, PETITIONER v. DAMIAN STINNIE, ET AL. O"
term_24,23-621,2,20240620153404250_JA_Final.pdf,566,True,False,False,,". The legal issues in these appeals were complex and required significant skill. To successfully challenge the driver’s license suspension statute, Plaintiffs’ attorneys had to overcome myriad jurisdi"
term_24,23-621,3,20231120150525389_Stinnie_PFC_Appendix_final.pdf,155,True,False,False,,"101a “out-of-circuit precedent is not binding upon this [C]ourt” and that “this Court is required to follow controlling Fourth Circuit law.” Id. at 21. Fifth, the magistrate judge examined this Court’"
term_24,23-621,4,20240627170049395_23-621tsacUnitedStates.pdf,0,True,False,False,,"No. 23-621 In the Supreme Court of the United States GERALD F. LACKEY, IN HIS OFFICIAL CAPACITY AS THE COMMISSIONER OF THE VIRGINIA DEPARTMENT OF MOTOR VEHICLES, PETITIONER v. DAMIAN STINNIE, ET AL. O"
term_24,23-621,5,20240627171808039_No_23-621_Amicus_Brief_of_Univ_of_Florida_Bd_of_Trustees.pdf,0,True,False,False,,"No. 23-621 In the Supreme Court of the United States GERALD F. LACKEY, IN HIS OFFICIAL CAPACITY AS THE COMMISSIONER OF THE VIRGINIA DEPARTMENT OF MOTOR VEHICLES, Petitioner, v. DAMIAN STINNIE, ET AL.,"
term_24,23-621,6,20240105163124917_Georgia_et_al_amicus_FOR_FILING.pdf,0,True,False,False,,"No. 23-621 In The Supreme Court of the United States ------------------------------------------------------------------ GERALD F. LACKEY, IN HIS OFFICIAL CAPACITY AS THE COMMISSIONER OF THE VIRGINIA D"
term_24,23-621,7,20240620153253332_Stinnie_Merits_Brief_Final.pdf,0,True,False,False,,"No. 23-621 IN THE Supreme Court of the United States ______________________________________________ GERALD F. LACKEY, IN HIS OFFICIAL CAPACITY AS THE COMMISSIONER OF THE VIRGINIA DEPARTMENT OF MOTOR V"
term_24,23-621,8,20240627120437102_23-621_Amicus_Brief.pdf,0,True,False,False,,"No. 23-621 In the Supreme Court of the United States GERALD F. LACKEY, IN HIS OFFICIAL CAPACITY AS THE COMMISSIONER OF THE VIRGINIA DEPARTMENT OF MOTOR VEHICLES, Petitioner, v. DAMIAN STINNIE, et al.,"
term_24,23-621,9,20240627160803607_23-621_Brief.pdf,0,True,False,False,,"No. 23-621 IN THE Supreme Court of the United States GERALD F. LACKEY, IN HIS OFFICIAL CAPACITY AS THE COMMISSIONER OF THE VIRGINIA DEPARTMENT OF MOTOR VEHICLES, Petitioner, v. DAMIAN STINNIE, et al.,"
term_24,23-621,10,20240620153404250_JA_Final.pdf,0,True,False,False,,"No. 23-621 IN THE Supreme Court of the United States ______________________________________________ GERALD F. LACKEY, IN HIS OFFICIAL CAPACITY AS THE COMMISSIONER OF THE VIRGINIA DEPARTMENT OF MOTOR V"
term_24,23-6573,1,20240226141033080_240212a_AC_Brief_for_efililng.pdf,0,True,False,False,,"No. 23-6573 (CAPITAL CASE) IN THE Supreme Court of the United States ________________ BRENDA EVERS ANDREW, Petitioner, v. TAMIKA WHITE, WARDEN, Respondent. ________________ ON PETITION FOR A WRIT OF C"
term_24,23-6573,2,20240226143440783_Andrew_amicus_FINAL.pdf,0,True,False,False,,"No. 23-6573 CAPITAL CASE IN THE Supreme Court of the United States _______________________ BRENDA EVERS ANDREW, Petitioner, v. TAMIKA WHITE, WARDEN, Respondent. _______________________ On Petition for"
term_24,23-6573,3,20240311141322720_AndrewPWCReplyvFINAL.pdf,0,True,False,False,,"No. 23-6573 (CAPITAL CASE) IN THE Supreme Court of the United States _______________________ BRENDA EVERS ANDREW, PETITIONER, v. TAMIKA WHITE, WARDEN, RESPONDENT. _______________________ ON PETITION F"
term_24,23-6573,4,20240226141033080_240212a_AC_Brief_for_efililng.pdf,25,True,False,False,,12 B. The Tenth Circuit misunderstood the inquiry for determining what is “clearly established federal law.” Not only did the Tenth Circuit refuse to consider Carr and its validation of the “clearly e
term_24,23-6573,5,20240222144232127_Andrew_Amicus_Brief.pdf,0,True,False,False,,"No. 23-6573 IN THE Supreme Court of the United States BRENDA EVERS ANDREW, Petitioner, v. TAMIKA WHITE, WARDEN, Respondent. On Petition For A Writ Of Certiorari To The United States Court Of Appeals F"
term_24,23-6573,6,20240226145536446_BIO_Final.pdf,54,True,False,False,,C. There is no circuit split on the evidentiary issue. The Tenth Circuit flatly rejected Andrew’s claim that there existed clearly established federal law by which it could analyze her claim that the 
term_24,23-6573,7,20240311141322720_AndrewPWCReplyvFINAL.pdf,35,True,False,False,,". La. Feb. 12, 2020). This case presents important questions, both because of what it says about the fairness of our legal system and because the federal appellate courts are split on the legal issue "
term_24,23-6573,8,20240311141322720_AndrewPWCReplyvFINAL.pdf,23,True,False,False,,what case can be relied upon for originally setting out ‘clearly established federal law’—not what case can be relied upon for validating that ‘clearly established federal law’ was indeed set out in a
term_24,23-6573,9,20240226141033080_240212a_AC_Brief_for_efililng.pdf,27,True,False,False,,"13 specific Supreme Court decision. As Sixth Circuit Judge Merritt has explained: At one end of the spectrum lie legal principles with such a high level of generality, like the Eight[h] Amendment prin"
term_24,23-6573,10,20240226145536446_BIO_Final.pdf,43,True,False,False,,". Andrew would have this Court disregard AEDPA’s exhaustion requirement and the restrictions of § 2254(d)(1). See, e.g., Beaudreaux, 585 U.S. at 967-68 (holding the circuit court “committed fundamenta"
term_24,23-677,1,20240701165849021_Royal_Canin_---_Amicus_Brief_-_FINAL_TO_FILE.pdf,0,True,False,False,,"No. 23-677 IN THE Supreme Court of the United States ROYAL CANIN U.S.A., INC. AND NESTLÉ PURINA PETCARE COMPANY, Petitioners, v. ANASTASIA WULLSCHLEGER AND GERALDINE BREWER, Respondents. On Writ of Ce"
term_24,23-677,2,20240624164802366_23-677JointAppendix.pdf,0,True,False,False,,"No. 23-677 IN THE Supreme Court of the United States _________ ROYAL CANIN U.S.A., INC., AND NESTLÉ PURINA PETCARE COMPANY, Petitioners, v. ANASTASIA WULLSCHLEGER AND GERALDINE BREWER, Respondents. __"
term_24,23-677,3,20240701134638376_2024-07-01_State_Chambers_Amici_Brief_-_Final.pdf,0,True,False,False,,"No. 23-677 IN THE Supreme Court of the United States ROYAL CANIN U.S.A., INC. AND NESTLÉ PURINA PETCARE COMPANY, Petitioners, v. ANASTASIA WULLSCHLEGER AND GERALDINE BREWER, Respondents. On Writ of Ce"
term_24,23-677,4,20240318134038992_23-677_Brief.pdf,0,True,False,False,,"No. 23-677 IN THE Supreme Court of the United States ROYAL CANIN U.S.A. INC. AND NESTLÉ PURINA PETCARE COMPANY, Petitioners, v. ANASTASIA WULLSCHLEGER AND GERALDINE BREWER, Respondents. On Petition fo"
term_24,23-677,5,20240216133303689_FINAL_Missouri_Chamber_Amicus_Brief.pdf,0,True,False,False,,"No. 23-677 IN THE Supreme Court of the United States ———— ROYAL CANIN U.S.A. INC. and NESTLÉ PURINA PETCARE COMPANY, Petitioners, v. ANASTASIA WULLSCHLEGER and GERALDINE BREWER, Respondents. ———— On P"
term_24,23-677,6,20240701121816159_Royal_Canin_Amicus.pdf,0,True,False,False,,"No. 23-677 In the Supreme Court of the United States ROYAL CANIN U.S.A. INC. AND NESTLÉ PURINA PETCARE COMPANY, Petitioners, v. ANASTASIA WULLSCHLEGER AND GERLADINE BREWER, Respondents. On Writ of Cer"
term_24,23-677,7,20240624163917953_Wullschleger_Merits_Brief_6-24-24_Final.pdf,14,True,False,False,,"xv TABLE OF AUTHORITIES—Continued Page(s) 14C Charles Alan Wright, et al., Federal Practice and Procedure § 3722 (4th ed. June 2024 update) ........................................................... "
term_24,23-677,8,20240805130820885_23-677BriefForRespondents.pdf,13,True,False,False,,"IN THE Supreme Court of the United States ———— No. 23-677 ———— ROYAL CANIN U.S.A., INC. AND NESTLÉ PURINA PETCARE COMPANY, Petitioners, v. ANASTASIA WULLSCHLEGER AND GERALDINE BREWER, Respondents. ———"
term_24,23-677,9,20240624163917953_Wullschleger_Merits_Brief_6-24-24_Final.pdf,0,True,False,False,,"No. 23-677 IN THE Supreme Court of the United States ROYAL CANIN U.S.A., INC. AND NESTLÉ PURINA PETCARE COMPANY, Petitioners, v. ANASTASIA WULLSCHLEGER AND GERALDINE BREWER, Respondents. On Writ of Ce"
term_24,23-677,10,20240805130820885_23-677BriefForRespondents.pdf,0,True,False,False,,"No. 23-677 IN THE Supreme Court of the United States ———— ROYAL CANIN U.S.A., INC. AND NESTLÉ PURINA PETCARE COMPANY, Petitioners, v. ANASTASIA WULLSCHLEGER AND GERALDINE BREWER, Respondents. ———— On "
term_24,23-713,1,20240709092731335_23-713_Amicus_Brief_of_Military-Veterans_Advocacy.pdf,0,True,False,False,,"No. 23-713 In the Supreme Court of the United States ___________________ Joshua E. Bufkin and Norman F. Thornton, Petitioners, v. Denis McDonough, Secretary of Veterans Affairs, Respondent. __________"
term_24,23-713,2,20240709160359770_Bufkin_v._McDonough_-_FCBA_Amicus_Brief.pdf,0,True,False,False,,"No. 23-713 IN THE Supreme Court of the United States JOSHUA E. BUFKIN, Petitioner, v. DENIS MCDONOUGH, SECRETARY OF VETERANS AFFAIRS, Respondent. NORMAN F. THORNTON, Petitioner, v. DENIS MCDONOUGH, SE"
term_24,23-713,3,20240202095120184_23-713_Amicus_Brief_of_Military-Veterans_Advocacy.pdf,0,True,False,False,,"No. 23-713 In the Supreme Court of the United States ____________ Joshua E. Bufkin, Petitioner, v. Denis R. McDonough, Secretary of Veterans Affairs, Respondent. ___________________ Norman F. Thornton"
term_24,23-713,4,20240318152703703_23-713_BufkinThornton.opp_-_final.pdf,0,True,False,False,,"No. 23-713 In the Supreme Court of the United States JOSHUA E. BUFKIN AND NORMAN F. THORNTON, PETITIONERS v. DENIS R. MCDONOUGH, SECRETARY OF VETERANS AFFAIRS ON PETITION FOR A WRIT OF CERTIORARI TO T"
term_24,23-713,5,20240709100703480_240711a_AC_Brief_for_efiling.pdf,0,True,False,False,,"No. 23-713 IN THE Supreme Court of the United States JOSHUA E. BUFKIN AND NORMAN F. THORNTON, Petitioners, v. DENIS R. MCDONOUGH, SECRETARY OF VETERANS AFFAIRS, Respondent. ON WRIT OF CERTIORARI TO TH"
term_24,23-713,6,20240702124612575_Bufkin_Merits_Opening_Brief.pdf,57,True,False,False,,". § 7261(a). Subsection (a) therefore authorizes the Veterans Court to set aside or reverse agency action on legal or factual grounds when necessary to resolve arguments presented on appeal. Second, s"
term_24,23-713,7,20240702125649973_Bufkin_Merits_Appendix.pdf,0,True,False,False,,"No. 23-713 IN THE Supreme Court of the United States ___________________________________ JOSHUA E. BUFKIN AND NORMAN F. THORNTON, Petitioners, v. DENIS MCDONOUGH, SECRETARY OF VETERANS AFFAIRS, Respon"
term_24,23-713,8,20240702124612575_Bufkin_Merits_Opening_Brief.pdf,0,True,False,False,,"No. 23-713 IN THE Supreme Court of the United States ___________________________________ JOSHUA E. BUFKIN AND NORMAN F. THORNTON, Petitioners, v. DENIS MCDONOUGH, SECRETARY OF VETERANS AFFAIRS, Respon"
term_24,23-713,9,20240702172041406_2024.07.02_Amicus_Brief.pdf,0,True,False,False,,"No. 23-713 In the Supreme Court of the United States JOSHUA E. BUFKIN, Petitioner, v. DENIS R. MCDONOUGH, SECRETARY OF VETERANS AFFAIRS, Respondent. NORMAN F. THORNTON, Petitioner, v. DENIS R. MCDONOU"
term_24,23-713,10,20240202143650856_2024.02.01_FINAL_NVLSP_Bufkin-Thornton_Amicus_Brief.pdf,0,True,False,False,,"No. 23-713 In the Supreme Court of the United States JOSHUA E. BUFKIN, PETITIONER, v. DENIS MCDONOUGH, SECRETARY OF VETERANS AFFAIRS, RESPONDENT. NORMAN F. THORNTON, PETITIONER, v. DENIS MCDONOUGH, SE"
term_24,23-715,1,20240919170003750_23-715bsUnitedStates.pdf,0,True,False,False,,"No. 23-715 In the Supreme Court of the United States ADVOCATE CHRIST MEDICAL CENTER, ET AL., PETITIONERS v. XAVIER BECERRA, SECRETARY OF HEALTH AND HUMAN SERVICES ON WRIT OF CERTIORARI TO THE UNITED S"
term_24,23-715,2,20240814114939693_23-715_AHA_Amicus_Brief.pdf,0,True,False,False,,"No. 23-715 In the Supreme Court of the United States ADVOCATE CHRIST MEDICAL CENTER, et al., v. XAVIER BECERRA, SECRETARY OF HEALTH AND HUMAN SERVICES ON WRIT OF CERTIORARI TO THE UNITED STATES COURT "
term_24,23-715,3,20240104113936639_Rule_12.6_letter.pdf,0,True,False,False,,"January 4, 2024 Honorable Scott S. Harris Clerk of Court Supreme Court of the United States 1 First Street, NE Washington, DC 20543 Re: Advocate Christ Medical Center v. Becerra, No. 23-715 Dear Mr. H"
term_24,23-715,4,20240202133038034_23715_Amicus_brief_of_AHA_02022024.pdf,0,True,False,False,,"No. 23-715 In the Supreme Court of the United States ADVOCATE CHRIST MEDICAL CENTER, et al., v. XAVIER BECERRA, SECRETARY OF HEALTH AND HUMAN SERVICES ON PETITION FOR A WRIT OF CERTIORARI TO THE UNITE"
term_24,23-715,5,20240807142533100_Advocate_Christ_Opening_Brief.pdf,0,True,False,False,,"No. 23-715 In The Supreme Court of the United States ADVOCATE CHRIST MEDICAL CENTER, ET AL., Petitioners, v. XAVIER BECERRA, SECRETARY OF HEALTH & HUMAN SERVICES, Respondent. On Writ of Certiorari to "
term_24,23-715,6,20240814164145813_23-715tsacEmpireHealthFoundation.pdf,0,True,False,False,,"No. 23-715 IN THE Supreme Court of the United States ———— ADVOCATE CHRIST MEDICAL CENTER, Petitioner, v. XAVIER BECERRA, SECRETARY OF HEALTH AND HUMAN SERVICES, Respondent. ———— On Writ of Certiorari "
term_24,23-715,7,20231229150213023_Appendix.pdf,58,True,False,False,,"App. 39 Moreover, case law supports the Secretary’s position. See Fla. Health Scis. Ctr., Inc. v. Becerra, 19-cv3487-RC, 2021 WL 2823104, at *1 (D.D.C. July 7, 2021) (rejecting similar arguments about"
term_24,23-715,8,20240418191021996_23-715_Advocate_Christ--Br_in_Opp.pdf,0,True,False,False,,"No. 23-715 In the Supreme Court of the United States ADVOCATE CHRIST MEDICAL CENTER, ET AL., PETITIONERS v. XAVIER BECERRA, SECRETARY OF HEALTH AND HUMAN SERVICES ON PETITION FOR A WRIT OF CERTIORARI "
term_24,23-715,9,20240919170003750_23-715bsUnitedStates.pdf,15,True,False,False,,"In the Supreme Court of the United States No. 23-715 ADVOCATE CHRIST MEDICAL CENTER, ET AL., PETITIONERS v. XAVIER BECERRA, SECRETARY OF HEALTH AND HUMAN SERVICES ON WRIT OF CERTIORARI TO THE UNITED S"
term_24,23-715,10,20240418191021996_23-715_Advocate_Christ--Br_in_Opp.pdf,5,True,False,False,,"In the Supreme Court of the United States 23-715 ADVOCATE CHRIST MEDICAL CENTER, ET AL., PETITIONERS v. XAVIER BECERRA, SECRETARY OF HEALTH AND HUMAN SERVICES ON PETITION FOR A WRIT OF CERTIORARI TO T"
term_24,23-7483,1,20241216172131114_No._23-7483_Amicus_Brief.pdf,0,True,False,False,,"No. 23-7483 Supreme Court of the United States _________ EDGARDO ESTERAS, TIMOTHY MICHAEL JAIMEZ FKA TIMOTHY M. WATTERS, AND TORIANO A. LEAKS, JR., Petitioners, v. UNITED STATES OF AMERICA, Respondent"
term_24,23-7483,2,20240906085846344_cert_reply.final.pdf,0,True,False,False,,"No. 23-7483 In the Supreme Court of the United States _________________________ EDGARDO ESTERAS, TIMOTHY MICHAEL JAIMEZ FKA TIMOTHY M. WATTERS, AND TORIANO A. LEAKS, JR., Petitioners, v. UNITED STATES"
term_24,23-7483,3,20241210070742693_No._23-7483_Joint_Appendix.pdf,0,True,False,False,,"No. 23-7483 In the Supreme Court of the United States EDGARDO ESTERAS, TIMOTHY MICHAEL JAIMEZ FKA TIMOTHY M. WATTERS, AND TORIANO A. LEAKS, JR., Petitioners, v. UNITED STATES, Respondent. On Writ of C"
term_24,23-7483,4,20241210070551859_No._23-7483_Brief_for_the_Petitioners.pdf,0,True,False,False,,"No. 23-7483 In the Supreme Court of the United States EDGARDO ESTERAS, TIMOTHY MICHAEL JAIMEZ FKA TIMOTHY M. WATTERS, AND TORIANO A. LEAKS, JR., Petitioners, v. UNITED STATES, Respondent. On Writ of C"
term_24,23-7483,5,20241210070742693_No._23-7483_Joint_Appendix.pdf,256,True,False,False,,". He also asserts that he’s been trying to “rebuild[] his life.” Reply Br. 3. And he emphasizes that he didn’t contest his release violations or his Ohio drug charge. This, he claims, demonstrates his"
term_24,23-7483,6,20241210070742693_No._23-7483_Joint_Appendix.pdf,269,True,False,False,,"251a Appendix L Leaks acknowledges that his argument is foreclosed by United States v. Lewis. 498 F.3d 393, 399-400 (6th Cir. 2007) (“[I]t does not constitute reversible error to consider § 3553(a)(2)"
term_24,23-7483,7,20241210070742693_No._23-7483_Joint_Appendix.pdf,105,True,False,False,,". Lewis, 498 F.3d 393, 399-400 (6th Cir. 2007). Esteras contends that Lewis was wrongly decided. But we “may not overrule the decision of another panel; only the en banc court or the United States Sup"
term_24,23-7483,8,20241210070742693_No._23-7483_Joint_Appendix.pdf,254,True,False,False,,". See U.S.S.G. §§ 7B1.1(a), .4(a). And the Supreme Court has long held that federal and state governments may separately punish an individual for the same conduct. See, e.g., Heath v. Alabama, 474 U.S"
term_24,23-7483,9,20241210070742693_No._23-7483_Joint_Appendix.pdf,157,True,False,False,,"151a Appendix F J. (pp. 4-5), also delivered a separate opinion, in which STRANCH and BLOOMEKATZ, JJ., joined, dissenting from the denial of the petition for rehearing en banc. ORDER The court receive"
term_24,23-7483,10,20240830100114610_23-7483_Esteras--Br_in_Opp.pdf,0,True,False,False,,No. 23-7483 ________________________________________________________________ ________________________________________________________________ IN THE SUPREME COURT OF THE UNITED STATES _______________ 
term_24,23-753,1,20240726113635718_Final_NACWA_et_al_Amicus.pdf,0,True,False,False,,"No. 23-753 IN THE Supreme Court of the United States _____________ CITY AND COUNTY OF SAN FRANCISCO, Petitioner, v. ENVIRONMENTAL PROTECTION AGENCY, Respondent. _____________ On Writ of Certiorari to "
term_24,23-753,2,20240212135338902_NACWA_et_al_Amicus_Brief_23-753.pdf,0,True,False,False,,"No. 23-753 IN THE Supreme Court of the United States _____________ CITY AND COUNTY OF SAN FRANCISCO, Petitioner, v. U.S. ENVIRONMENTAL PROTECTION AGENCY, Respondent. _____________ On Petition for a Wr"
term_24,23-753,3,20240726150900193_240721a_AC_Brief_for_efiling.pdf,0,True,False,False,,"NO. 23-753 IN THE Supreme Court of the United States CITY AND COUNTY OF SAN FRANCISCO, CALIFORNIA, PETITIONER, v. ENVIRONMENTAL PROTECTION AGENCY, RESPONDENT. ON WRIT OF CERTIORARI TO THE UNITED STATE"
term_24,23-753,4,20240726161059841_23-753_Amicus_Brief.pdf,0,True,False,False,,"No. 23-753 In the Supreme Court of the United States CITY AND COUNTY OF SAN FRANCISCO, CALIFORNIA, Petitioner, v. ENVIRONMENTAL PROTECTION AGENCY, Respondent. On Writ of Certiorari to the United State"
term_24,23-753,5,20240719164138682_23-753_Brief_of_Petitioner.pdf,0,True,False,False,,"No. 23-753 IN THE Supreme Court of the United States CITY AND COUNTY OF SAN FRANCISCO, Petitioner, v. ENVIRONMENTAL PROTECTION AGENCY, Respondent. On Writ of Certiorari to the United States Court of A"
term_24,23-753,6,20240726142418631_23-753_Amicus_Brief.pdf,0,True,False,False,,"No. 23-753 In the Supreme Court of the United States CITY AND COUNTY OF SAN FRANCISCO, CALIFORNIA, PETITIONER, v. ENVIRONMENTAL PROTECTION AGENCY. ON WRIT OF CERTIORARI TO THE UNITED STATES COURT OF A"
term_24,23-753,7,20240719152803044_23-753_Joint_Appendix.pdf,0,True,False,False,,"No. 23-753 IN THE Supreme Court of the United States CITY AND COUNTY OF SAN FRANCISCO, Petitioner, v. ENVIRONMENTAL PROTECTION AGENCY, Respondent. On Writ of Certiorari to the United States Court of A"
term_24,23-753,8,20240412155930151_City_of_SF_041224.4_final.pdf,5,True,False,False,,"In the Supreme Court of the United States No. 23-753 CITY AND COUNTY OF SAN FRANCISCO, CALIFORNIA, PETITIONER v. ENVIRONMENTAL PROTECTION AGENCY ON PETITION FOR A WRIT OF CERTIORARI TO THE UNITED STAT"
term_24,23-753,9,20240726210051532_23-753_Brief.pdf,0,True,False,False,,"No. 23-753 IN THE Supreme Court of the United States CITY AND COUNTY OF SAN FRANCISCO, CALIFORNIA, Petitioner, v. ENVIRONMENTAL PROTECTION AGENCY, Respondents. ON WRIT OF CERTIORARI TO THE UNITED STAT"
term_24,23-753,10,20240726161059841_23-753_Amicus_Brief.pdf,10,True,False,False,,". NAHB filed a similar brief in Entergy v. EPA, 556 U.S. 208 (2009), explaining how the issues before this Court in that case could impact how NPDES permits were issued to the construction industry. ("
term_24,23-7809,1,20241210091504372_Gutierrez_Brief_FINAL.pdf,0,True,False,False,,"No. 23-7809 IN THE Supreme Court of the United States RUBEN GUTIERREZ, Petitioner, v. LUIS V. SAENZ, CAMERON COUNTY DISTRICT ATTORNEY; FELIX SAUCEDA, CHIEF, BROWNSVILLE POLICE DEPARTMENT, Respondents."
term_24,23-7809,2,20241203152137733_23-7809_Brief_for_Petitioner.pdf,0,True,False,False,,"No. 23-7809 IN THE Supreme Court of the United States _________ RUBEN GUTIERREZ, Petitioner, v. LUIS SAENZ, ET AL., Respondents. ________ On Writ of Certiorari to the United States Court of Appeals fo"
term_24,23-7809,3,20241203152356657_23-7809_Joint_Appendix_Volume_1_of_2.pdf,373,True,False,False,,"247a Appendix J having filed a prison grievance. Murphy v. Collier, 423 F. Supp. 3d 355, 361 (S.D. Tex. 2019). Notwithstanding his failure to exhaust, the U.S. Supreme Court stayed Murphy’s execution."
term_24,23-7809,4,20241203152356657_23-7809_Joint_Appendix_Volume_1_of_2.pdf,0,True,False,False,,"No. 23-7809 In the Supreme Court of the United States RUBEN GUTIERREZ Petitioner, v. LUIS SAENZ, et al., Respondents. On Writ of Certiorari to the United States Court of Appeals for the Fifth Circuit "
term_24,23-7809,5,20241203152418352_23-7809_Joint_Appendix_Volume_2_of_2.pdf,0,True,False,False,,"No. 23-7809 In the Supreme Court of the United States RUBEN GUTIERREZ Petitioner, v. LUIS SAENZ, et al., Respondents. On Writ of Certiorari to the United States Court of Appeals for the Fifth Circuit "
term_24,23-7809,6,20241203152356657_23-7809_Joint_Appendix_Volume_1_of_2.pdf,375,True,False,False,,". See 42 U.S.C. § 1997e(a). Before turning to the specific arguments that Defendants advance in the motion to dismiss, the Court discusses two fundamental concerns about their arguments. First, Defend"
term_24,23-7809,7,20241203152356657_23-7809_Joint_Appendix_Volume_1_of_2.pdf,413,True,False,False,,272a Appendix K Defendants argue that a stay should be denied because the Amended Complaint is subject to dismissal for lack of jurisdiction and failure to state a claim. Mot. to Dismiss Amended Compl
term_24,23-7809,8,20241203152356657_23-7809_Joint_Appendix_Volume_1_of_2.pdf,374,True,False,False,,248a Appendix J Defendants refuse to recognize a common element between the two cases: an important factual question exists of whether Texas prison officials will take any action through the general g
term_24,23-7809,9,20241203152356657_23-7809_Joint_Appendix_Volume_1_of_2.pdf,390,True,False,False,,". Neither does the State dispute that Texas has long allowed inmates to have TDCJ-employed chaplains in the execution chamber. According to Gutierrez, the removal of that accommodation signals hostili"
term_24,23-7809,10,20241203152356657_23-7809_Joint_Appendix_Volume_1_of_2.pdf,38,True,False,False,,"21a Appendix B Stephen A. Higginson, Circuit Judge, dissenting: With respect, I disagree that Ruben Gutierrez, a defendant facing execution, lacks standing to bring this suit. I do not see a meaningfu"
term_24,23-824,1,20240919142905852_Miller_Merits_Brief.pdf,90,True,False,False,,"38 The government routinely asserts it can “‘make any argument in support of [a] claim’ without being ‘limited to the precise arguments [it] made below.’” U.S. Br. 24 n.10, Glover v. United States, 53"
term_24,23-824,2,20240926124830928_23-824bsacNationalAssociationOfBankruptcyTrustees.pdf,0,True,False,False,,"No. 23-824 IN THE Supreme Court of the United States ———— UNITED STATES, Petitioner, v. DAVID L. MILLER, Respondent. ———— On Writ of Certiorari to the United States Court of Appeals for the Tenth Circ"
term_24,23-824,3,20240926130201195_23-824bsacChamber.pdf,0,True,False,False,,"No. 23-824 IN THE Supreme Court of the United States UNITED STATES OF AMERICA, Petitioner, v. DAVID L. MILLER, Respondent. On Writ of Certiorari to the United States Court of Appeals for the Tenth Cir"
term_24,23-824,4,20240920134307448_23-824bsacHon.EugeneWedoff.pdf,0,True,False,False,,"No. 23-824 IN THE Supreme Court of the United States ———— UNITED STATES OF AMERICA, Petitioner, v. DAVID L. MILLER, Respondent. ———— On Writ of Certiorari to the United States Court of Appeals for the"
term_24,23-824,5,20240808212756347_U.S._v._Miller_Joint_Appendix.pdf,0,True,False,False,,"No. 23-824 In the Supreme Court of the United States UNITED STATES OF AMERICA, PETITIONER v. DAVID L. MILLER ON WRIT OF CERTIORARI TO THE UNITED STATES COURT OF APPEALS FOR THE TENTH CIRCUIT JOINT APP"
term_24,23-824,6,20240926173305296_23-824_Amici_Brief.pdf,0,True,False,False,,"No. 23-824 In the Supreme Court of the United States UNITED STATES, Petitioner, v. DAVID L. MILLER, Respondent. On Writ of Certiorari to the United States Court of Appeals for the Tenth Circuit BRIEF "
term_24,23-824,7,20240815182926244_MILLER_AMICI_CURIAE_IN_SUPP_OF_PETITIONERS_USSC_23-824_David_L.pdf,0,True,False,False,,"No. 23-824 IN THE Supreme Court of the United States _________ UNITED STATES, Petitioner, v. DAVID L. MILLER, Respondent. _________ On Writ of Certiorari to the United States Court of Appeals for the "
term_24,23-824,8,20240129162939691_Miller_Pet_-_final.pdf,129,True,False,False,,42a Court’s benefit.90 Congress took prompt legislative action to overrule two Supreme Court cases that it perceived as thwarting its intent-which it thought was already clear enough-and incorporated 
term_24,23-824,9,20240919142905852_Miller_Merits_Brief.pdf,91,True,False,False,,. Id. at 37. But the government urged this Court to “affirm[] the judgment in this case on the basis of the argument presented in this brief” regardless. Id. The government explained that its new argu
term_24,23-824,10,20240513132555827_Miller_BIO.pdf,12,True,False,False,,"VIII Page Other Authorities—continued: U.S. Courts, Chapter 7 – Bankruptcy Basics, https://tinyurl.com/5fhad2x4 .......................................... 5 Webster’s Third New International Dictionar"
term_24,23-825,1,20240815124343487_delligatti.salvatore_sup_ct_no_23_825_amicus_brief.pdf,0,True,False,False,,"No. 23-825 IN THE Supreme Court of the United States SALVATORE DELLIGATTI, Petitioner, v. UNITED STATES Respondent. ON WRIT OF CERTIORARI TO THE UNITED STATES COURT OF APPEALS FOR THE SECOND CIRCUIT B"
term_24,23-825,2,20240501190342828_23-825_Delligatti.pdf,0,True,False,False,,"No. 23-825 In the Supreme Court of the United States SALVATORE DELLIGATTI, PETITIONER v. UNITED STATES OF AMERICA ON PETITION FOR A WRIT OF CERTIORARI TO THE UNITED STATES COURT OF APPEALS FOR THE SEC"
term_24,23-825,3,20240808124108689_Delligatti_-_Merits_Brief_-_RTF.pdf,0,True,False,False,,"No. 23-825 In the Supreme Court of the United States SALVATORE DELLIGATTI, PETITIONER, v. UNITED STATES OF AMERICA ON WRIT OF CERTIORARI TO THE UNITED STATES COURT OF APPEALS FOR THE SECOND CIRCUIT BR"
term_24,23-825,4,20240930152003979_23-825bsUnitedStates.pdf,0,True,False,False,,"No. 23-825 In the Supreme Court of the United States SALVATORE DELLIGATTI, PETITIONER v. UNITED STATES OF AMERICA ON WRIT OF CERTIORARI TO THE UNITED STATES COURT OF APPEALS FOR THE SECOND CIRCUIT BRI"
term_24,23-825,5,20240808124108689_Delligatti_-_Merits_Brief_-_RTF.pdf,10,True,False,False,,"In the Supreme Court of the United States No. 23-825 SALVATORE DELLIGATTI, PETITIONER v. UNITED STATES OF AMERICA ON WRIT OF CERTIORARI TO THE UNITED STATES COURT OF APPEALS FOR THE SECOND CIRCUIT BRI"
term_24,23-825,6,20240301161454211_23-825_Delligatti_v._U.S._-_NACDL_cert._amicus_brief.pdf,0,True,False,False,,"No. 23-825 IN THE Supreme Court of the United States SALVATORE DELLIGATTI, Petitioner, v. UNITED STATES OF AMERICA, Respondent. ON PETITION FOR A WRIT OF CERTIORARI TO THE UNITED STATES COURT OF APPEA"
term_24,23-825,7,20240129174435617_Delligatti_-_FINAL_Petition_APPENDIX_rtf.pdf,70,True,False,False,,39a the exchange of cash derived therefrom. There was ample evidence from which the judicial officer was able to base a finding of probable cause. B. The Request for a Franks Hearing The Court is trou
term_24,23-825,8,20240815123207974_23-825_tsacNACDLandFAMM.pdf,0,True,False,False,,"No. 23-825 IN THE Supreme Court of the United States SALVATORE DELLIGATTI, Petitioner, v. UNITED STATES, Respondent. ON WRIT OF CERTIORARI TO THE UNITED STATES COURT OF APPEALS FOR THE SECOND CIRCUIT "
term_24,23-825,9,20240815121733206_Delligatti_Merits_Amicus_Br_FINAL_PDFA.pdf,0,True,False,False,,"No. 23-825 IN THE Supreme Court of the United States SALVATORE DELLIGATTI, Petitioner, v. UNITED STATES, Respondent. On Writ of Certiorari to the United States Court of Appeals for the Second Circuit "
term_24,23-825,10,20240930152003979_23-825bsUnitedStates.pdf,19,True,False,False,,"In the Supreme Court of the United States No. 23-825 SALVATORE DELLIGATTI, PETITIONER v. UNITED STATES OF AMERICA ON WRIT OF CERTIORARI TO THE UNITED STATES COURT OF APPEALS FOR THE SECOND CIRCUIT BRI"
term_24,23-852,1,20240207114400858_VanDerStok_App..pdf,290,True,False,False,,"154a cates that the Supreme Court did not order a full stay of the Court’s Summary and Final Judgments. Rather, the inclusion of the phrase “insofar as” is an express limitation of the scope of the St"
term_24,23-852,2,20240701100206971_VanDerStok_CAC_Amicus_FINAL.pdf,0,True,False,False,,"No. 23-852 IN THE Supreme Court of the United States MERRICK B. GARLAND, ATTORNEY GENERAL, ET AL., Petitioners, v. JENNIFER VANDERSTOK, ET AL., Respondents. On Writ of Certiorari to the United States "
term_24,23-852,3,20240702114228171_QDA_Amicus_Brief.pdf,0,True,False,False,,"No. 23-852 IN THE Supreme Court of the United States MERRICK B. GARLAND, ATTORNEY GENERAL, ET AL., Petitioners, v. JENNIFER VANDERSTOK, ET AL., Respondents. On Writ of Certiorari to the United States "
term_24,23-852,4,20240207114400858_VanDerStok_App..pdf,291,True,False,False,,". 1058 (1988) (granting “application for full stay”). The Supreme Court could have also crafted a verbatim stay order that simply omitted of any limiting or conditional language, as it did in a separa"
term_24,23-852,5,20240702124523424_GAGV_Amicus_Brief_-_Garland_v._Vanderstok_-_Final.pdf,0,True,False,False,,"No. 23-852 IN THE Supreme Court of the United States ___________ MERRICK B. GARLAND, ATTORNEY GENERAL, ET AL., Petitioners, v. JENNIFER VANDERSTOK, ET AL., Respondents. ___________________ On Writ of "
term_24,23-852,6,20240207114400858_VanDerStok_App..pdf,247,True,False,False,,"132a On July 5, 2023, the Government Defendants filed an application with the Supreme Court of the United States for a stay of this Court’s Final Judgment (ECF No. 231).24 In its application briefing,"
term_24,23-852,7,20240702134621040_23-852_tsacProfessorsAndScholarsOfLinguisticsAndLaw.pdf,0,True,False,False,,"No. 23-852 IN THE Supreme Court of the United States MERRICK B. GARLAND, ATTORNEY GENERAL, et al., Petitioners, v. JENNIFER VANDERSTOK, et al., Respondents. ON WRIT OF CERTIORARI TO THE UNITED STATES "
term_24,23-852,8,20240702134258511_Garland_v._VanDerStok_Amicus_Brief.pdf,0,True,False,False,,"No. 23-852 IN THE Supreme Court of the United States MERRICK B. GARLAND, Attorney General, et al., Petitioners, v. JENNIFER VANDERSTOK, et al., Respondents. On Writ of Certiorari to the United States "
term_24,23-852,9,20240709105653273_Main_document_23-852.pdf,0,True,False,False,,"NO. 23-852 IN THE Supreme Court of the United States ____________ MERRICK B. GARLAND, ATTORNEY GENERAL, ET AL., PETITIONERS, v. JENNIFER VANDERSTOK, ET AL., RESPONDENTS. ___________ On Writ of Certior"
term_24,23-852,10,20240308141026107_23-852acGunViolenceProtectionGroups.pdf,0,True,False,False,,"No. 23-852 IN THE Supreme Court of the United States ———— MERRICK B. GARLAND, ATTORNEY GENERAL, et al., Petitioners, v. JENNIFER VANDERSTOK, et al., Respondents. ———— On Petition for a Writ of Certior"
term_24,23-861,1,20240826110443301_23-861_Amicus_Brief.pdf,0,True,False,False,,"No. 23-861 IN THE Supreme Court of the United States NICK FELICIANO, Petitioner, v. DEPARTMENT OF TRANSPORTATION, Respondent. On Writ of Certiorari to the United States Court of Appeals for the Federa"
term_24,23-861,2,20240513165039263_23-861_Feliciano_f.pdf,0,True,False,False,,"No. 23-861 In the Supreme Court of the United States NICK FELICIANO, PETITIONER v. DEPARTMENT OF TRANSPORTATION ON PETITION FOR A WRIT OF CERTIORARI TO THE UNITED STATES COURT OF APPEALS FOR THE FEDER"
term_24,23-861,3,20240927183706485_23-861bsUnitedStates_f.pdf,0,True,False,False,,"No. 23-861 In the Supreme Court of the United States NICK FELICIANO, PETITIONER v. DEPARTMENT OF TRANSPORTATION ON WRIT OF CERTIORARI TO THE UNITED STATES COURT OF APPEALS FOR THE FEDERAL CIRCUIT BRIE"
term_24,23-861,4,20240826113029453_Feliciano_Merits_Amicus_Brief.pdf,0,True,False,False,,"No. 23-861 IN THE Supreme Court of the United States ___________________________ NICK FELICIANO, Petitioner, v. DEPARTMENT OF TRANSPORTATION, Respondent. ___________________________ ON WRIT OF CERTIOR"
term_24,23-861,5,20240226120333853_Feliciano_Amicus_Brief.pdf,0,True,False,False,,"No. 23-861 IN THE Supreme Court of the United States ___________________________ NICK FELICIANO, Petitioner, v. DEPARTMENT OF TRANSPORTATION, Respondent. ___________________________ ON PETITION FOR A "
term_24,23-861,6,20240513165039263_23-861_Feliciano_f.pdf,41,True,False,False,,"18 https://perma.cc/DJ8P-B7HG. OPM has informed this Office that it intends to revise the guidance to be consistent with Adams and the position set forth in this brief. 4. Finally, even if the questio"
term_24,23-861,7,20240826161558176_2024.08.26_23-861_Amicus_Brief.pdf,0,True,False,False,,"No. 23-861 IN THE Supreme Court of the United States NICK FELICIANO, Petitioner, v. DEPARTMENT OF TRANSPORTATION, Respondent. ON WRIT OF CERTIORARI TO THE UNITED STATES COURT OF APPEALS FOR THE FEDERA"
term_24,23-861,8,20240819120606869_Feliciano_-_Merits_Brief_and_Statutory_Addendum_Combined_-_RTF.pdf,0,True,False,False,,"No. 23-861 In the Supreme Court of the United States NICK FELICIANO, PETITIONER, v. DEPARTMENT OF TRANSPORTATION ON WRIT OF CERTIORARI TO THE UNITED STATES COURT OF APPEALS FOR THE FEDERAL CIRCUIT BRI"
term_24,23-861,9,20240208161649543_Feliciano_-_FINAL_Petition_02-08-24_rtf.pdf,46,True,False,False,,"15 reservists. Petitioner fully preserved his argument that a reservist activated under Section 12301(d) has been ordered to active duty under a provision of law referred to in Section 101(a)(13)(B), "
term_24,23-861,10,20240826145447096_23-861tsacMembersOfCongress.pdf,0,True,False,False,,"No. 23-861 IN THE Supreme Court of the United States ———— NICK FELICIANO, Petitioner, v. DEPARTMENT OF TRANSPORTATION, Respondent. ———— On Writ of Certiorari to the United States Court of Appeals for "
term_24,23-867,1,20240207165400244_Hungary_PFC_Apx.pdf,245,True,False,False,,"App. 132 the plaintiff’s allegations do not bring its case within a statutory exception to immunity.’” Belize Soc. Dev. Ltd. v. Gov’t of Belize, 794 F.3d 99, 102 (D.C. Cir. 2015) (quoting Phoenix Cons"
term_24,23-867,2,20240514121259368_Republic_of_Hungary_v._Simon_-_Brief_for_Respondents_Certificate_of_Comp_2256069f.pdf,0,True,False,False,,"No. 23-867 In the Supreme Court of the United States __________________ REPUBLIC OF HUNGARY, ET AL., PETITIONERS v. ROSALIE SIMON, ET AL. __________________ CERTIFICATE OF COMPLIANCE _________________"
term_24,23-867,3,20240207165400244_Hungary_PFC_Apx.pdf,347,True,False,False,,". 36 Defendants argue that all of this Court’s holdings preceding Simon II are fair game for revival, relying on United States v. Munsingwear, Inc., 340 U.S. 36, 40 (1950), for the proposition that “["
term_24,23-867,4,20240903152125996_23-867_Amicus_Brief.pdf,0,True,False,False,,"No. 23-867 In the Supreme Court of the United States REPUBLIC OF HUNGARY, et al., Petitioners, v. ROSALIE SIMON, et al., Respondents. On Writ of Certiorari to the United States Court of Appeals for th"
term_24,23-867,5,20240826122931272_23-867_Petitioners_Opening_Brief.pdf,0,True,False,False,,"No. 23-867 IN THE Supreme Court of the United States REPUBLIC OF HUNGARY, et al., Petitioners, v. ROSALIE SIMON, et al., Respondents. ON WRIT OF CERTIORARI TO THE UNITED STATES COURT OF APPEALS FOR TH"
term_24,23-867,6,20240207165400244_Hungary_PFC_Apx.pdf,246,True,False,False,,. Suffice it to say that figuring out what the law of this case is presents a challenge but is a determination that affects which of the parties’ myriad arguments raised in briefing has any purchase. 
term_24,23-867,7,20240903185425980_23-867tsacUnitedStates.pdf,0,True,False,False,,"No. 23-867 In the Supreme Court of the United States REPUBLIC OF HUNGARY, ET AL., PETITIONERS v. ROSALIE SIMON, ET AL. ON WRIT OF CERTIORARI TO THE UNITED STATES COURT OF APPEALS FOR THE DISTRICT OF C"
term_24,23-867,8,20240903185425980_23-867tsacUnitedStates.pdf,10,True,False,False,,"In the Supreme Court of the United States No. 23-867 REPUBLIC OF HUNGARY, ET AL., PETITIONERS v. ROSALIE SIMON, ET AL. ON WRIT OF CERTIORARI TO THE UNITED STATES COURT OF APPEALS FOR THE DISTRICT OF C"
term_24,23-867,9,20240207165400244_Hungary_PFC_Apx.pdf,239,True,False,False,,". As such, neither the Supreme Court nor the Circuit have provided any guidance as to the current legal effect of the panel majority’s opinion in Simon II—and, as discussed infra in Part III.D, the pa"
term_24,23-867,10,20240207165400244_Hungary_PFC_Apx.pdf,173,True,False,False,,"App. 95 Meanwhile, the paper trail in this case grew further still when this Court last year ruled on defendants’ third motion to dismiss, appellate review of which opinion was cut short by the Suprem"
term_24,23-900,1,20240906143744914_23-900_Amicus_Brief.pdf,0,True,False,False,,"No. 23-900 IN THE Supreme Court of the United States DEWBERRY GROUP, INC., Petitioner, v. DEWBERRY ENGINEERS INC., Respondent. On Writ of Certiorari to the United States Court of Appeals for the Fourt"
term_24,23-900,2,20240903103007253_WLF_Amicus_-_Dewberry_v._Dewberry.pdf,0,True,False,False,,"No. 23-900 In the Supreme Court of the United States ____________ DEWBERRY GROUP, INC., Petitioner, v. DEWBERRY ENGINEERS INC., Respondent. ____________ On Writ of Certiorari to the United States Cour"
term_24,23-900,3,20240408140821234_23-900_Amicus_Brief.pdf,0,True,False,False,,"No. 23-900 In the Supreme Court of the United States DEWBERRY GROUP, INC., FKA DEWBERRY CAPITAL CORPORATION, PETITIONER v. DEWBERRY ENGINEERS INC. ON PETITION FOR A WRIT OF CERTIORARI TO THE UNITED ST"
term_24,23-900,4,20240906193407308_23-900_Dewberry_tsacUnitedStates.pdf,10,True,False,False,,"In the Supreme Court of the United States No. 23-900 DEWBERRY GROUP, INC., FKA DEWBERRY CAPITAL CORPORATION, PETITIONER v. DEWBERRY ENGINEERS INC. ON WRIT OF CERTIORARI TO THE UNITED STATES COURT OF A"
term_24,23-900,5,20240906092225493_23-900_Amicus_Brief.pdf,0,True,False,False,,"No. 23-900 IN THE Supreme Court of the United States DEWBERRY GROUP, INC., FKA DEWBERRY CAPITAL CORPORATION, Petitioner, v. DEWBERRY ENGINEERS INC., Respondent. ON WRIT OF CERTIORARI TO THE UNITED STA"
term_24,23-900,6,20240906193407308_23-900_Dewberry_tsacUnitedStates.pdf,0,True,False,False,,"No. 23-900 In the Supreme Court of the United States DEWBERRY GROUP, INC., FKA DEWBERRY CAPITAL CORPORATION, PETITIONER v. DEWBERRY ENGINEERS INC. ON WRIT OF CERTIORARI TO THE UNITED STATES COURT OF A"
term_24,23-900,7,20240508090550424_23-900_Parker_BIO_RET_ALL_CENTERED_PDFA.pdf,0,True,False,False,,"No. 23-900 In the Supreme Court of the United States DEWBERRY GROUP, INC., FKA DEWBERRY CAPITAL CORPORATION, Petitioner, v. DEWBERRY ENGINEERS INC., Respondent. ---------------------------------------"
term_24,23-900,8,20240508090550424_23-900_Parker_BIO_RET_ALL_CENTERED_PDFA.pdf,64,True,False,False,,"31 same result through the statutory text that DG conspicuously ignores. This Court (or the courts below on remand) could still affirm the award as a sum deemed “just,” based on DG’s “true financial g"
term_24,23-900,9,20240508090613649_23-900_Parker.Dewberry_SA_ALL_PDFA.pdf,0,True,False,False,,"No. 23-900 In the Supreme Court of the United States DEWBERRY GROUP, INC., FKA DEWBERRY CAPITAL CORPORATION, Petitioner, v. DEWBERRY ENGINEERS INC., Respondent. ---------------------------------------"
term_24,23-900,10,20240408140821234_23-900_Amicus_Brief.pdf,8,True,False,False,,"In the Supreme Court of the United States No. 23-900 DEWBERRY GROUP, INC., FKA DEWBERRY CAPITAL CORPORATION, PETITIONER, v. DEWBERRY ENGINEERS INC. ON PETITION FOR A WRIT OF CERTIORARI TO THE UNITED S"
term_24,23-909,1,20240826152653533_Kousisis_Amicus_Brief_v_fin_2024.08.26.pdf,0,True,False,False,,"No. 23-909 In the Supreme Court of the United States ________________ STAMATIOS KOUSISIS AND ALPHA PAINTING & CONSTRUCTION CO., INC. Petitioners, v. UNITED STATES OF AMERICA, Respondent. _____________"
term_24,23-909,2,20241002184133388_23-909bsUnitedStates.pdf,73,True,False,False,,"32 lessen the offense, or prevent the commonwealth from prosecuting and convicting the offender”). Accordingly, a 1917 decision of the Supreme Court of Washington, after surveying treatises and case l"
term_24,23-909,3,20240819151707134_Joint_Appendix_-_Kousisis.pdf,0,True,False,False,,"No. 23-909 In The Supreme Court of the United States STAMATIOS KOUSISIS AND ALPHA PAINTING & CONSTRUCTION CO., INC., Petitioners, v. UNITED STATES OF AMERICA, Respondent. On Writ of Certiorari to the "
term_24,23-909,4,20241002184133388_23-909bsUnitedStates.pdf,0,True,False,False,,"No. 23-909 In the Supreme Court of the United States STAMATIOS KOUSISIS AND ALPHA PAINTING AND CONSTRUCTION CO., INC., PETITIONERS v. UNITED STATES OF AMERICA ON WRIT OF CERTIORARI TO THE UNITED STATE"
term_24,23-909,5,20240826135437873_Kousisis_v_United_States_--_NACDL_and_Cato_Amicus_Brief.pdf,0,True,False,False,,"No. 23-909 IN THE Supreme Court of the United States ———— STAMATIOS KOUSISIS AND ALPHA PAINTING AND CONSTRUCTION CO., INC., Petitioners, v. UNITED STATES OF AMERICA, Respondent. ———— On Writ of Certio"
term_24,23-909,6,20240819151501920_Petitioners_Brief_-_Kousisis.pdf,0,True,False,False,,"No. 23-909 In The Supreme Court of the United States STAMATIOS KOUSISIS AND ALPHA PAINTING & CONSTRUCTION CO., INC., Petitioners, v. UNITED STATES OF AMERICA, Respondent. On Writ of Certiorari to the "
term_24,23-909,7,20240424143743569_23-909_Kousisis_Stamatios_opp_final.pdf,0,True,False,False,,"No. 23-909 In the Supreme Court of the United States STAMATIOS KOUSISIS AND ALPHA PAINTING AND CONSTRUCTION CO., INC., PETITIONERS v. UNITED STATES OF AMERICA ON PETITION FOR A WRIT OF CERTIORARI TO T"
term_24,23-909,8,20240826135437873_Kousisis_v_United_States_--_NACDL_and_Cato_Amicus_Brief.pdf,7,True,False,False,,"IN THE Supreme Court of the United States ———— NO. 23-909 STAMATIOS KOUSISIS AND ALPHA PAINTING AND CONSTRUCTION CO., INC., Petitioners, v. UNITED STATES OF AMERICA, Respondent. ———— On Writ of Certio"
term_24,23-909,9,20240220165327058_appendix_to_pet_for_cert_Kousisis_Alpha_02_20_2024.pdf,15,True,False,False,,"App. 12 “paid a lower premium or secured better insurance” absent the fraud.23 Rather, the prosecution’s theory was that the scheme “defraud[ed] the citizens and government of Kentucky of their right "
term_24,23-909,10,20240325163852017_23-909_Amicus_Brief.pdf,0,True,False,False,,"No. 23-909 In the Supreme Court of the United States STAMATIOS KOUSISIS and ALPHA PAINTING & CONSTRUCTION CO., INC., Petitioners, v. UNITED STATES, Respondent. On Petition For A Writ Of Certiorari To "
term_24,23-929,1,20240822163344698_Monsalvo_Velazquez_--_Merits_--_Brief_for_Petitioner.pdf,0,True,False,False,,"No. 23-929 IN THE Supreme Court of the United States HUGO ABISAÍ MONSALVO VELÁZQUEZ, Petitioner, v. MERRICK B. GARLAND, ATTORNEY GENERAL, Respondent. On Writ of Certiorari to the United States Court o"
term_24,23-929,2,20240829155019148_The_Round_Table_amicus_brief_-_Velazquez_v._Garland_-_No._23-929.pdf,0,True,False,False,,"No. 23-929 IN THE Supreme Court of the United States __________ HUGO ABISAI MONSALVO VELAZQUEZ, Petitioner, v. MERRICK B. GARLAND, ATTORNEY GENERAL, Respondent. __________ On Writ of Certiorari to the"
term_24,23-929,3,20241108150509610_23-929_Petition_for_certiorari.pdf,59,True,False,False,,27 29-33—either answer to this purely procedural question will provide a bright-line rule that represented and unrepresented parties can follow in future cases. c. This case is an ideal vehicle for th
term_24,23-929,4,20240829121614141_23-929_tsac_AILA.pdf,0,True,False,False,,"No. 23-929 IN THE Supreme Court of the United States HUGO ABISAÍ MONSALVO VELÁZQUEZ, Petitioner, v. MERRICK B. GARLAND, ATTORNEY GENERAL, Respondent. On Writ Of Certiorari To The United States Court O"
term_24,23-929,5,20241108150509610_23-929_Petition_for_certiorari.pdf,60,True,False,False,,. App. 33a-35a. There is no reason for the Court to wait to resolve this recurring question. Further percolation will not meaningfully develop the legal arguments on either side—much less eliminate th
term_24,23-929,6,20240829151355013_23-929_Velazquez_AmBriefPetitioner_forFiling.pdf,0,True,False,False,,"No. 23-929 _________________________________________________ In The SUPREME COURT OF THE UNITED STATES ________________________ Hugo Abisai Monsalvo Velazquez, Petitioner, v. Merrick B. Garland, Attor"
term_24,23-929,7,20240829121614141_23-929_tsac_AILA.pdf,6,True,False,False,,"1 INTEREST OF THE AMICUS CURIAE The American Immigration Lawyers Association (AILA), founded in 1946, is a national, nonpartisan, nonprofit association with more than 16,000 members throughout the Uni"
term_24,23-929,8,20240822163344698_Monsalvo_Velazquez_--_Merits_--_Brief_for_Petitioner.pdf,58,True,False,False,,"23 rule to private contracts. In a leading 1816 decision, for example, the Supreme Court of Errors of Connecticut held that a contract requiring the defendant to deliver a quantity of yarn “in sixty d"
term_24,23-929,9,20241108150509610_23-929_Petition_for_certiorari.pdf,44,True,False,False,,"19 (2018), the decision in Niz-Chavez was not a significant enough change in the law to warrant reopening. See Pet. App. 37a-38a. The Board also ruled that Mr. Monsalvo was ineligible for cancellation"
term_24,23-929,10,20240829155019148_The_Round_Table_amicus_brief_-_Velazquez_v._Garland_-_No._23-929.pdf,6,True,False,False,,". citizens who will share in the draconian consequences visited on noncitizens caught in a trap for the unwary laid in a most unlikely place. 1 Pursuant to Supreme Court Rule 37.6, counsel for amici r"
term_24,23-970,1,20240815082443815_Amicus_Brief_for_NVIDIA.pdf,0,True,False,False,,No. 23-970 ================================================================================================================ In The Supreme Court of the United States ---------------------------------
term_24,23-970,2,20240405124419707_23-970_Amicus_Brief.pdf,0,True,False,False,,No. 23-970 ================================================================================================================ In The Supreme Court of the United States ---------------------------------♦
term_24,23-970,3,20240813143333491_NVIDIA_Opening_Brief_8-13-24_Final.pdf,12,True,False,False,,"IN THE Supreme Court of the United States _________ No. 23-970 _________ NVIDIA CORP. and JENSEN HUANG, Petitioners, v. E. OHMAN J:OR FONDER AB AND STICHTING PENSIOENFONDS PGB, Respondents. _________ "
term_24,23-970,4,20240813143621125_23-970_NVIDIA_Joint_Appendix_8-12-24_Final.pdf,0,True,False,False,,"No. 23-970 IN THE Supreme Court of the United States _________ NVIDIA CORPORATION, et al., Petitioners, v. E. OHMAN J:OR FONDER AB, et al., Respondents. _________ On Writ of Certiorari to the United S"
term_24,23-970,5,20240405133547620_23-970_NVIDIA_Amicus_Brief_Final.pdf,0,True,False,False,,"No. 23-970 In the Supreme Court of the United States NVIDIA CORPORATION, et al., PETITIONERS v. E. OHMAN J:OR FONDER AB, et al. ON PETITION FOR A WRIT OF CERTIORARI TO THE UNITED STATES COURT OF APPEA"
term_24,23-970,6,20240405124419707_23-970_Amicus_Brief.pdf,4,True,False,False,,"1 INTEREST OF THE AMICUS CURIAE 1 Established in 1977, the Atlantic Legal Foundation (ALF) is a national, nonprofit, nonpartisan, public interest law firm whose mission is to advance the rule of law a"
term_24,23-970,7,20240405130537698_WLF_NAM_S_Ct_Cert_Amicus.pdf,0,True,False,False,,"No. 23-970 IN THE Supreme Court of the United States ___________________________ NVIDIA CORP. and JENSEN HUANG, Petitioners, v. E. OHMAN J:OR FONDER AB, ET AL., Respondents. __________________________"
term_24,23-970,8,20240820125159188_23-970_Amicus_Brief.pdf,0,True,False,False,,"No. 23-970 IN THE Supreme Court of the United States NVIDIA CORPORATION, ET AL., Petitioners, v. E. OHMAN J:OR FONDER AB, ET AL., Respondents. On Writ of Certiorari to the United States Court of Appea"
term_24,23-970,9,20240813143333491_NVIDIA_Opening_Brief_8-13-24_Final.pdf,0,True,False,False,,"No. 23-970 IN THE Supreme Court of the United States _________ NVIDIA CORP. and JENSEN HUANG, Petitioners, v. E. OHMAN J:OR FONDER AB and STICHTING PENSIOENFONDS PGB, Respondents. _________ On Writ of"
term_24,23-970,10,20240506162045987_23-970_-_Brief_in_Opposition.pdf,0,True,False,False,,"No. 23-970 In the Supreme Court of the United States NVIDIA CORPORATION, et al., Petitioners, v. E. OHMAN J:OR FONDER AB, et al. Respondents. On Petition for a Writ of Certiorari to the United States "
term_24,23-971,1,20241118132019967_23-971_Brief_for_Petitioner.pdf,0,True,False,False,,"No. 23-971 In the Supreme Court of the United States GARY WAETZIG, Petitioner, v. HALLIBURTON ENERGY SERVICES, INC., Respondent. On Writ of Certiorari to the United States Court of Appeals for the Ten"
term_24,23-971,2,20240610152821327_Waetzig_v._Halliburton_-_BIO_107425671_6.pdf,4,True,False,False,,"IN THE Supreme Court of the United States No. 23-971 GARY WAETZIG, Petitioner, v. HALLIBURTON ENERGY SERVICES, INC., Respondent. On Petition For A Writ Of Certiorari To The United States Court Of Appe"
term_24,23-971,3,20240610152821327_Waetzig_v._Halliburton_-_BIO_107425671_6.pdf,0,True,False,False,,"No. 23-971 IN THE Supreme Court of the United States _______________ GARY WAETZIG, Petitioner, v. HALLIBURTON ENERGY SERVICES, INC., Respondent. _______________ On Petition For A Writ Of Certiorari To"
term_24,23-971,4,20241118132019967_23-971_Brief_for_Petitioner.pdf,17,True,False,False,,". Pet. App. 30a. When the conference commenced, the arbitrator announced she would hear oral arguments on Respondent’s motion for summary judgment. Ibid. No recording of this hearing was made. Id. at "
term_24,23-971,5,20240304132406402_23_Petition.pdf,108,True,False,False,,"43a Appendix B reinforced this intent by stating in the Order [#11-1] that she held a “hearing on June 2, 2021.” Because Arbitrator Clark herself referred consistently to the proceeding as a hearing; "
term_24,23-971,6,20241118132019967_23-971_Brief_for_Petitioner.pdf,81,True,False,False,,"40 332, 335 (Cal. 1892). Consistent with contemporaneous dictionaries (supra at 17–19), the Supreme Court of California interpreted the word “proceeding” in Calif. Code Civ. Proc. § 473 broadly to tak"
term_24,23-971,7,20240304132406402_23_Petition.pdf,0,True,False,False,,"No. _________ IN THE Supreme Court of the United States GARY WAETZIG, Petitioner, v. HALLIBURTON ENERGY SERVICES, INC., Respondent. ON PETITION FOR A WRIT OF CERTIORARI TO THE UNITED STATES COURT OF A"
term_24,23-971,8,20240304132406402_23_Petition.pdf,143,True,False,False,,". The Court finds that this constitutes an extraordinary circumstance, and that allowing relief under Rule 60(b) is “necessary to accomplish justice.” Johnson, 950 F.3d at 1300-01. Events not contempl"
term_24,23-971,9,20240304132406402_23_Petition.pdf,124,True,False,False,,". Id. Defendant asserts, on the other hand, that there is no basis to reopen the case because the Notice of Dismissal [#8] dismissed the case, leaving the Court without jurisdiction, and there is no v"
term_24,23-971,10,20241118132019967_23-971_Brief_for_Petitioner.pdf,16,True,False,False,,"4 B. Factual And Procedural Background 1. In February 2020, Petitioner Gary Waetzig sued his former employer, Respondent Halliburton Energy Services, Inc., in the United States District Court for the "
term_24,23-975,1,20240904120953813_PERC_Seven_County_amicus_brief_9.4.24.pdf,0,True,False,False,,"No. 23-975 In The Supreme Court of the United States ____________________ SEVEN COUNTY INFRASTRUCTURE COALITION and UINTA BASIN RAILWAY, LLC, Petitioners, v. EAGLE COUNTY, COLORADO, et al., Respondent"
term_24,23-975,2,20240904163705083_23-975_Amicus_Brief_of_U.S._Senators_John_Barrasso_et_al..pdf,0,True,False,False,,"No. 23-975 IN THE Supreme Court of the United States _________ SEVEN COUNTY INFRASTRUCTURE COALITION, ET AL., Petitioners, v. EAGLE COUNTY, COLORADO, ET AL., Respondents. _________ On Writ of Certiora"
term_24,23-975,3,20240904173105093_23-975_State_of_UT_Amicus_Brief_2024-09-04.pdf,0,True,False,False,,No. 23-975 _________________________________________________ In the Supreme Court of the United States __________________________________________________________________________________ Seven County I
term_24,23-975,4,20240405111441175_AFL-CIO_Amicus_Brief.pdf,7,True,False,False,,3 Policy Act (NEPA) is being used to kill a worthwhile project for arbitrary reasons and not based upon logic or concern for the environment. The lower court’s decision enables a myriad of subjective 
term_24,23-975,5,20240904114914198_23-975_Amicus_Brief.pdf,0,True,False,False,,"No. 23-975 In the Supreme Court of the United States SEVEN COUNTY INFRASTRUCTURE COALITION, ET AL., PETITIONERS v. EAGLE COUNTY, COLORADO, ET AL. ON WRIT OF CERTIORARI TO THE UNITED STATES COURT OF AP"
term_24,23-975,6,20240405151833474_23-975_Amicus_Brief_of_State_of_Utah_in_Supp_of_Petitioners_Final.pdf,0,True,False,False,,No. 23-975 _________________________________________________ In the Supreme Court of the United States __________________________________________________________________________________ Seven County I
term_24,23-975,7,20240904130926316_2024.9.4.AFPF.CEI.Am.Br.SevenCountyetal.v.EagleCounty.No.23.975.pdf,0,True,False,False,,"No. 23-975 IN THE Supreme Court of the United States _________________________________________________ SEVEN COUNTY INFRASTRUCTURE COALITION, ET AL., Petitioners, v. EAGLE COUNTY, COLORADO, ET AL., Re"
term_24,23-975,8,20240405164943179_23-975_Amicus_Brief.pdf,0,True,False,False,,No. 23-975 ================================================================================================================ In The Supreme Court of the United States ---------------------------------♦
term_24,23-975,9,20240405155932420_23-975_Amicus_Brief.pdf,0,True,False,False,,No. 23-975 ================================================================================================================ In The Supreme Court of the United States ---------------------------------♦
term_24,23-975,10,20240904132236289_23-975_Anschutz_Amicus_Brief.pdf,0,True,False,False,,"No. 23-975 IN THE Supreme Court of the United States SEVEN COUNTY INFRASTRUCTURE COALITION, et al., Petitioners, v. EAGLE COUNTY, COLORADO, et al., Respondents. ON WRIT OF CERTIORARI TO THE UNITED STA"
term_24,23-980,1,20240816132434454_23-980_Amicus_WLF_Supp._Pet..pdf,0,True,False,False,,"No. 23-980 In The Supreme Court of the United States ________________ FACEBOOK, INC., ET AL., Petitioners, v. AMALGAMATED BANK, ET AL., Respondents. ________________ On Writ of Certiorari to the Unite"
term_24,23-980,2,20240405132649898_23-980_Amicus_WLF_Supp_Pet..pdf,0,True,False,False,,"No. 23-980 In The Supreme Court of the United States ________________ FACEBOOK, INC., ET AL., Petitioners, v. AMALGAMATED BANK, ET AL., Respondents. ________________ On Petition for a Writ of Certiora"
term_24,23-980,3,20240405164618473_23-980_Amici_Brief.pdf,0,True,False,False,,"No. 23-980 In the Supreme Court of the United States FACEBOOK, INC., ET AL., PETITIONERS, v. AMALGAMATED BANK, ET AL. ON PETITION FOR A WRIT OF CERTIORARI TO THE UNITED STATES COURT OF APPEALS FOR THE"
term_24,23-980,4,20240819115016736_23-980_Amicus_Brief_Revised.pdf,0,True,False,False,,"NO. 23-980 In the Supreme Court of the United States FACEBOOK, INC., ET AL, Petitioners, v. AMALGAMATED BANK, ET AL., Respondents. On Writ of Certiorari to the United States Court of Appeals for the N"
term_24,23-980,5,20240809133834012_23-980_jointappendix_vol1.pdf,0,True,False,False,,"No. 23-980 In the Supreme Court of the United States FACEBOOK, INC., ET AL., PETITIONERS v. AMALGAMATED BANK, ET AL. ON WRIT OF CERTIORARI TO THE UNITED STATES COURT OF APPEALS FOR THE NINTH CIRCUIT J"
term_24,23-980,6,20240809133848311_23-980_jointappendix_vol2.pdf,0,True,False,False,,"No. 23-980 In the Supreme Court of the United States FACEBOOK, INC., ET AL., PETITIONERS v. AMALGAMATED BANK, ET AL. ON WRIT OF CERTIORARI TO THE UNITED STATES COURT OF APPEALS FOR THE NINTH CIRCUIT J"
term_24,23-980,7,20240809133545974_23-980_petbrief.pdf,10,True,False,False,,"In the Supreme Court of the United States No. 23-980 FACEBOOK, INC., ET AL., PETITIONERS v. AMALGAMATED BANK, ET AL. ON WRIT OF CERTIORARI TO THE UNITED STATES COURT OF APPEALS FOR THE NINTH CIRCUIT B"
term_24,23-980,8,20240816104436205_Facebook_v._Amalgamated_Bank_Chamber_SIFMA_Amicus.pdf,0,True,False,False,,"No. 23-980 In the Supreme Court of the United States FACEBOOK INC., et al., v. AMALGAMATED BANK, et al. ON WRIT OF CERTIORARI TO THE UNITED STATES COURT OF APPEALS FOR THE NINTH CIRCUIT BRIEF FOR THE "
term_24,23-980,9,20240405105046442_23-980_Chamber_SIFMA_Amicus_FINAL.pdf,0,True,False,False,,"No. 23-980 In the Supreme Court of the United States FACEBOOK INC., et al., v. AMALGAMATED BANK, et al. ON PETITION FOR A WRIT OF CERTIORARI TO THE UNITED STATES COURT OF APPEALS FOR THE NINTH CIRCUIT"
term_24,23-980,10,20240816153934308_23-980--MERITS_Amicus_Brief_of_Law_Profs_and_Former_SEC_Officials_08-16_rtf.pdf,0,True,False,False,,"No. 23-980 In the Supreme Court of the United States FACEBOOK, INC., ET AL., PETITIONERS, v. AMALGAMATED BANK, ET AL. ON WRIT OF CERTIORARI TO THE UNITED STATES COURT OF APPEALS FOR THE NINTH CIRCUIT "
term_24,23-997,1,20240923150735035_Stanley_Disability_Rights_Amicus--FINAL-FINAL--FINAL.pdf,8,True,False,False,,"In the Supreme Court of the United States _________________________ No. 23-997 KARYN D. STANLEY, Petitioner, v. CITY OF SANFORD, FLORIDA. _________________________ On Writ of Certiorari to the United "
term_24,23-997,2,20240923182253908_23-997tsUnitedStates.pdf,10,True,False,False,,"VII Statute and regulation—Continued: Page § 5(a), 123 Stat. 6 ............................................................... 5 29 C.F.R. 1601.28(a)(1) ..............................................."
term_24,23-997,3,20240923090959626_Stanley_CAC_Brief_FINAL.pdf,0,True,False,False,,"No. 23-997 IN THE Supreme Court of the United States KARYN D. STANLEY, Petitioner, v. CITY OF SANFORD, FLORIDA, Respondent. On Writ of Certiorari to the United States Court of Appeals for the Eleventh"
term_24,23-997,4,20240923123853450_No._23-997_Brief.pdf,0,True,False,False,,"No. 23-997 In the Supreme Court of the United States KARYN D. STANLEY, Petitioner, v. CITY OF SANFORD, FLORIDA, Respondent. On Writ of Certiorari to the United States Court of Appeals for the Eleventh"
term_24,23-997,5,20240411092101975_Amicus_Brief.pdf,0,True,False,False,,"No. 23-997 In the Supreme Court of the United States KARYN D. STANLEY, Petitioner, v. CITY OF SANFORD, FLORIDA, Respondent. On Petition for a Writ of Certiorari to the United States Court of Appeals f"
term_24,23-997,6,20240923095155554_AMICUS_BRIEF_OF_AFL-CIO_-_CASE_NO._23-997.pdf,0,True,False,False,,"No. 23-997 In The Supreme Court of the United States Karyn D. Stanley, Petitioner, v. City of Sanford, Florida, Respondent. On Writ of Certiorari to the United States Court of Appeals for the Eleventh"
term_24,23-997,7,20240916194618704_130336_joint_appendix.pdf,16,True,False,False,,-9working for the defendant or seeking to work for the defendant. The result was that a former employee could not sue for alleged discrimination in post-employment fringe benefits. That settled rule w
term_24,23-997,8,20240409141939156_23-997_NELA_and_NELP_Amicus_Brief.pdf,0,True,False,False,,No. 23-997 ================================================================================================================ In The Supreme Court of the United States ---------------------------------♦
term_24,23-997,9,20240923150735035_Stanley_Disability_Rights_Amicus--FINAL-FINAL--FINAL.pdf,0,True,False,False,,"No. 23-997 In the Supreme Court of the United States ________________ KARYN D. STANLEY, Petitioner, v. CITY OF SANFORD, FLORIDA, Respondent. ________________ On Writ of Certiorari to the United States"
term_24,23-997,10,20240923140212669_MSA_Amicus_Br._Stanley_v._City_of_Sanford_9.23.24.pdf,0,True,False,False,,"No. 23-997 In the Supreme Court of the United States KARYN D. STANLEY, Petitioner, v. CITY OF SANFORD, FLORIDA, Respondent. On Writ of Certiorari to the United States Court of Appeals for the Eleventh"
term_24,24-154,1,20240809124251012_CCB_Cert_Appendix_COMBINED_E-FILE_VERSION.pdf,104,True,False,False,,". The dissent or concurrence puts my opinion to the test, providing a direct confrontation of the best arguments on both sides of the disputed points. It’s a cure for laziness, compelling me to make t"
term_24,24-154,2,20240809124251012_CCB_Cert_Appendix_COMBINED_E-FILE_VERSION.pdf,324,True,False,False,,"171a unemployment insurance laws, there is no consensus among those courts as to the proper interpretation of the relevant statutory language. In addition, both CCB and the DWD argue that adopting the"
term_24,24-154,3,20250127184919602_CCB_v_WI_Joint_Appendix.pdf,62,True,False,False,,"JA 72 Reply Brief in Support of Judicial Review 10-01-2020 Oral arguments Additional text: 01:43 PM Attorney Parrish Jones appeared by video means for Plaintiff Headwaters, Inc. Attorney Ann Marie Mol"
term_24,24-154,4,20250127184919602_CCB_v_WI_Joint_Appendix.pdf,63,True,False,False,,"JA 73 10-01-2020 Notice of hearing Additional text: Oral arguments on October 22, 2020 at 03:30 pm. 10-22-2020 Oral arguments Additional text: 03:30 PM Attorney Christine L Galinat appeared by video m"
term_24,24-154,5,20240809124251012_CCB_Cert_Appendix_COMBINED_E-FILE_VERSION.pdf,367,True,False,False,,"196a All of the case law regarding that -- I know the Court is very familiar with statutory construction. So I’m not going to talk any more about that. And, you know, there are also alternative argume"
term_24,24-154,6,20241113120414739_BIO_to_Petition_FINAL-2030582.pdf,16,True,False,False,,"7 And even if there was, this case is a poor vehicle to resolve it because the issue was not raised below. I. Certiorari should be denied on the first question presented. This Court should deny the pe"
term_24,24-154,7,20250128111719932_24-154_World_Faith_Foundation_Amicus_Brief.pdf,0,True,False,False,,"NO. 24-154 IN THE Supreme Court of the United States CATHOLIC CHARITIES BUREAU, INC., ET AL., Petitioners, v. WISCONSIN LABOR & INDUSTRY REVIEW COMMISSION, ET AL., Respondents. On Writ of Certiorari t"
term_24,24-154,8,20250203114718336_24-154_tsac_Chapman.pdf,0,True,False,False,,"No. 24-154 IN THE Supreme Court of the United States CATHOLIC CHARITIES BUREAU, INC., ET AL., Petitioners, v. WISCONSIN LABOR & INDUSTRY REVIEW COMMISSION, ET AL., Respondents. On Writ of Certiorari t"
term_24,24-154,9,20250203185722931_24-154_Religious_Higher_Education_Amicus_Brief.pdf,0,True,False,False,,"No. 24-154 IN THE Supreme Court of the United States –––––––––––––––– CATHOLIC CHARITIES BUREAU, INC., ET AL., Petitioners, v. WISCONSIN LABOR & INDUSTRY REVIEW COMMISSION, ET AL., Respondents. ––––––"
term_24,24-154,10,20240912110104377_24-154_Amicus_Brief.pdf,0,True,False,False,,"No. 24-154 IN THE Supreme Court of the United States _____________________________________________________________ CATHOLIC CHARITIES BUREAU, INC., ET AL., Petitioners, v. WISCONSIN LABOR AND INDUSTRY"
term_24,24-20,1,20250211111522651_Application_for_Leave_to_File_Merits_Brief_in_Excess_of_the_Word_Limit.pdf,1,True,False,False,,"To the Honorable Sonia Sotomayor, Associate Justice of the Supreme Court of the United States and Circuit Justice for the Second Circuit: Pursuant to Rules 22 and 33.1(d), Respondents respectfully req"
term_24,24-20,2,20240709101844657_No.-_Fuld-Sokolow_Petition_and_Appendix_Combined.pdf,338,True,False,False,,"135a mandate in this case was issued two and a half years ago, and the Supreme Court denied the plaintiffs’ petition for a writ of certiorari more than six months before the plaintiffs filed their mot"
term_24,24-20,3,20250204145348530_24-20_-_Amici_Brief.pdf,0,True,False,False,,"NO. 24-20 In the Supreme Court of the United States ________________ MIRIAM FULD, et al., Petitioners, v. PALESTINE LIBERATION ORGANIZATION, et al. ________________ On Writ of Certiorari to the United"
term_24,24-20,4,20241018153401310_Fuld-Sokolow_BIO.pdf,0,True,False,False,,"Nos. 24-20 & 24-151 IN THE Supreme Court of the United States _____________________ MIRIAM FULD, ET AL., Petitioners, v. PALESTINE LIBERATION ORGANIZATION, ET AL., Respondents. _____________________ U"
term_24,24-20,5,20240808093721823_Fuld_Congressional_Amicus_PDFa.pdf,0,True,False,False,,"NO. 24-20 In the Supreme Court of the United States ________________ MIRIAM FULD, et al., Petitioners, v. PALESTINE LIBERATION ORGANIZATION, et al. ________________ On Petition for a Writ of Certiorar"
term_24,24-20,6,20240808122121216_2024.08.05_Fuld_-_Amicus_Final.pdf,0,True,False,False,,"No. 24-20 IN THE Supreme Court of the United States _________ MIRIAM FULD, ET AL., Petitioners, v. PALESTINE LIBERATION ORGANIZATION, ET AL. Respondents. _________ On Petition for a Writ of Certiorari"
term_24,24-20,7,20250211111522651_Application_for_Leave_to_File_Merits_Brief_in_Excess_of_the_Word_Limit.pdf,0,True,False,False,,"Nos. 24-20 & 24-151 IN THE Supreme Court of the United States _____________________ MIRIAM FULD, ET AL., Petitioners, v. PALESTINE LIBERATION ORGANIZATION, ET AL., Respondents. _____________________ U"
term_24,24-20,8,20240808122315193_FINAL_24-20_U.S._House_Of_Representatives.pdf,0,True,False,False,,"No. 24-20 IN THE Supreme Court of the United States ———— MIRIAM FULD, ET AL., PETITIONERS, v. PALESTINE LIBERATION ORGANIZATION, ET AL. ———— On Petition for a Writ of Certiorari to the United States C"
term_24,24-20,9,20250207115148785_AAJ_Amicus_Brief_Fuld_v._PLO-US_v._PLO_Final_Corrected.pdf,0,True,False,False,,"Nos. 24-20 & 24-151 IN THE Supreme Court of the United States MIRIAM FULD, ET AL. v. PALESTINE LIBERATION ORGANIZATION, ET AL. UNITED STATES v. PALESTINE LIBERATION ORGANIZATION, ET AL. On Writ of Cer"
term_24,24-20,10,20250204100845535_24-20_Amicus_Brief_of_America_First_Legal_Foundation.pdf,0,True,False,False,,"Nos. 24-20 and 24-151 IN THE Supreme Court of the United States MIRIAM FULD, ET AL., Petitioners, v. PALESTINE LIBERATION ORGANIZATION, ET AL., Respondents. ________ UNITED STATES, Petitioner, v. PALE"
term_24,24-249,1,20250306154530741_24-249tsacUnitedStates.pdf,12,True,False,False,,"In the Supreme Court of the United States No. 24-249 A.J.T., BY AND THROUGH HER PARENTS, A.T. & G.T., PETITIONER v. OSSEO AREA SCHOOLS, INDEPENDENT SCHOOL DISTRICT NO. 279, ET AL. ON WRIT OF CERTIORAR"
term_24,24-249,2,20241218142128435_2024.12.17_-_AJT_v._Osseo_Area_Schs._BIO.pdf,13,True,False,False,,"In the Supreme Court of the United States NO. 24-249 A.J.T., BY AND THROUGH HER PARENTS, A.T. & G.T., PETITIONER, v. OSSEO AREA SCHOOLS, INDEPENDENT SCHOOL DISTRICT NO. 279, ET AL., RESPONDENTS. ON PE"
term_24,24-249,3,20250116155330062_2025-01-16_No._24-384_-_A.J.T._letter_to_clerk_with_Exhibit_A.pdf,0,True,False,False,,"Roman Martinez 555 Eleventh Street, N.W., Suite 1000 Direct Dial: +1.202.637.3377 Washington, D.C. 20004-1304 roman.martinez@lw.com Tel: +1.202.637.2200 Fax: +1.202.637.2201 www.lw.com FIRM / AFFILIAT"
term_24,24-249,4,20250227153219486_2025-02-27_No._24-249_AJT_-_Joint_Appendix_Vol_I_of_II.pdf,0,True,False,False,,"No. 24-249 In the Supreme Court of the United States A.J.T., BY AND THROUGH HER PARENTS, A.T. AND G.T., Petitioner, V. OSSEO AREA SCHOOLS, INDEPENDENT SCHOOL DISTRICT NO. 279; OSSEO SCHOOL BOARD, Resp"
term_24,24-249,5,20250227153325574_2025-02-27_No._24-249_AJT_-_Joint_Appendix_Vol_II_of_II.pdf,0,True,False,False,,"No. 24-249 In the Supreme Court of the United States A.J.T., BY AND THROUGH HER PARENTS, A.T. AND G.T., Petitioner, V. OSSEO AREA SCHOOLS, INDEPENDENT SCHOOL DISTRICT NO. 279; OSSEO SCHOOL BOARD, Resp"
term_24,24-249,6,20250306113046639_24-249_tsac_Representative_Coelho.pdf,0,True,False,False,,"No. 24-249 IN THE Supreme Court of the United States _________ A.J.T., BY AND THROUGH HER PARENTS, A.T. AND G.T., Petitioner, v. OSSEO AREA SCHOOLS, INDEPENDENT SCHOOL DISTRICT NO. 279; OSSEO SCHOOL B"
term_24,24-249,7,20250227152802101_2027-02-27_No._24-249_AJT_Petitioner_Brief_on_the_Merits.pdf,0,True,False,False,,"No. 24-249 In the Supreme Court of the United States A.J.T., BY AND THROUGH HER PARENTS, A.T. AND G.T., Petitioner, V. OSSEO AREA SCHOOLS, INDEPENDENT SCHOOL DISTRICT NO. 279; OSSEO SCHOOL BOARD, Resp"
term_24,24-249,8,20241218142128435_2024.12.17_-_AJT_v._Osseo_Area_Schs._BIO.pdf,0,True,False,False,,"No. 24-249 In the Supreme Court of the United States A.J.T., BY AND THROUGH HER PARENTS, A.T. & G.T., PETITIONER, v. OSSEO AREA SCHOOLS, INDEPENDENT SCHOOL DISTRICT NO. 279, ET AL., RESPONDENTS. ON PE"
term_24,24-249,9,20241007112803083_2024-10-07_No._24-249_AJT_Supplemental_Brief_with_Addendum.pdf,35,True,False,False,,"11a 267 (D.D.C. 2015) (citing Cleveland v. Policy Mgmt. Sys. Corp., 526 U.S. 795, 806 (1999)). Accepting the District’s argument would add an element to a discrimination claim—that the alleged discrim"
term_24,24-249,10,20241003134917202_24-249_AJT_v_Osseo_Area_et_al_Brief_for_Amici_Curiae_COPAA_et_al_in_Supp_cd65b64e.pdf,0,True,False,False,,"No. 24-249 IN THE Supreme Court of the United States d A.J.T., BY AND THROUGH HER PARENTS, A.T. & G.T., Petitioner, —v.— OSSEO AREA SCHOOLS, INDEPENDENT SCHOOL DISTRICT NO. 279, OSSEO SCHOOL BOARD, Re"
term_24,24-275,1,20250305152248096_parrish-sct-amicus.pdf,0,True,False,False,,"No. 24-275 IN THE Supreme Court of the United States ———— DONTE PARRISH, Petitioner, v. UNITED STATES OF AMERICA, Respondent. ———— On Writ of Certiorari to the United States Court of Appeals for the F"
term_24,24-275,2,20241114164356242_24-275_Parrish_.pdf,0,True,False,False,,"No. 24-275 In the Supreme Court of the United States DONTE PARRISH, PETITIONER v. UNITED STATES OF AMERICA ON PETITION FOR A WRIT OF CERTIORARI TO THE UNITED STATES COURT OF APPEALS FOR THE FOURTH CIR"
term_24,24-275,3,20250305161314935_24-275_Amicus_Brief.pdf,54,True,False,False,,"5a Appendix B stated that legal mail is delayed ten to twenty days for inmates, and inmates do not receive the receipts for when their legal mail is received. /s/ Julien Acosta Date: March 1, 2025  6a"
term_24,24-275,4,20250226151925416_24-275tsUnitedStates.pdf,0,True,False,False,,"No. 24-275 In the Supreme Court of the United States DONTE PARRISH, PETITIONER v. UNITED STATES OF AMERICA ON WRIT OF CERTIORARI TO THE UNITED STATES COURT OF APPEALS FOR THE FOURTH CIRCUIT BRIEF FOR "
term_24,24-275,5,20250305161314935_24-275_Amicus_Brief.pdf,0,True,False,False,,"No. 24-275 In the Supreme Court of the United States DONTE PARRISH, Petitioner, v. UNITED STATES, Respondent. On Writ of Certiorari to the United States Court of Appeals for the Fourth Circuit BRIEF A"
term_24,24-275,6,20250305161314324_24-275tsacRoderickSolangeMacArthurJusticeCenter.pdf,0,True,False,False,,"No. 24-275 IN THE Supreme Court of the United States ———— DONTE PARRISH, Petitioner, v. UNITED STATES OF AMERICA, Respondent. ———— On Writ of Certiorari to the United States Court of Appeals for the F"
term_24,24-275,7,20250305114620301_PjParrish_MAIN_E_File_Mar_5_2025.pdf,0,True,False,False,,"NO. 24-275 In the Supreme Court of the United States DONTE PARRISH, Petitioner, v. UNITED STATES OF AMERICA, Respondent. __________________________ On Writ of Certiorari to the United States Court of "
term_24,24-275,8,20250305161314935_24-275_Amicus_Brief.pdf,52,True,False,False,,"3a APPENDIXAppendixB — AFFIDAVITB OF JULIEN ACOSTA, DATED MARCH 1, 2025 No. 24-275 In the Supreme Court of the United States DONTE PARRISH, Petitioner, v. UNITED STATES, Respondent. AFFIDAVIT OF JULIE"
term_24,24-275,9,20250305161314935_24-275_Amicus_Brief.pdf,51,True,False,False,,"APPENDIX  i TABLE OF APPENDICES Page APPENDIX A — AFFIDAVIT OF ALICIA A. GUZMÁN, DATED MARCH 1, 2025 . . . . . . 1a APPENDIX B — AFFIDAVIT OF JULIEN ACOSTA, DATED MARCH 1, 2025 . . . . . . .3a APPENDI"
term_24,24-275,10,20250305152248096_parrish-sct-amicus.pdf,31,True,False,False,,Conclusion The long-standing cumulative-finality doctrine is all that this Court needs to validate the notice of appeal in this case. And this case provides an excellent opportunity for this Court to 
term_24,24-297,1,20250310164956381_24-297_tsacUnitedStates.pdf,8,True,False,False,,"In the Supreme Court of the United States No. 24-297 TAMER MAHMOUD, ET AL., PETITIONERS v. THOMAS W. TAYLOR, ET AL. ON WRIT OF CERTIORARI TO THE UNITED STATES COURT OF APPEALS FOR THE FOURTH CIRCUIT B"
term_24,24-297,2,20250310173803052_24-297_Amici_Br_Nicholas_Brown_et_al.pdf,20,True,False,False,,". In their opposition to the petition, MCPS raised alarmist arguments that, if these parents have an optout right, then any parent has a right to object to the school’s curriculum and require the scho"
term_24,24-297,3,20250310144533477_131024_tst_Brief_Revised.pdf,0,True,False,False,,"No. 24-297 In the Supreme Court of the United States ________________ TAMER MAHMOUD, ET AL., Petitioners, v. THOMAS W. TAYLOR, ET AL., Respondents. ________________ On Writ of Certiorari to the United"
term_24,24-297,4,20250310151835328_Mahmoud_v._Taylor_Amicus_Brief_FINAL_2.pdf,0,True,False,False,,"No. 24-297 IN THE Supreme Court of the United States _____________________________ TAMER MAHMOUD, ET AL., Petitioners, v. THOMAS W. TAYLOR, ET AL., Respondents. _____________________________ On Writ o"
term_24,24-297,5,20250310103313337_24-297_Amicus_Brief_of_Professor_S._Ernie_Walton_and_Professor_Eric_A._DezGroff.pdf,0,True,False,False,,"No. 24-297 In the Supreme Court of the United States _________________ TAMER MAHMOUD, ET AL., Petitioners, v. THOMAS W. TAYLOR, ET AL., Respondents. _________________ On A Writ of Certiorari To The Un"
term_24,24-297,6,20250311084043322_EPPC_Amicus_-_Mahmoud_--_3-10-25.pdf,0,True,False,False,,"No. 24-297 In the Supreme Court of the United States TAMER MAHMOUD, ET AL., Petitioners, v. THOMAS W. TAYLOR, ET AL., Respondents. ON WRIT OF CERTIORARI TO THE UNITED STATES COURT OF APPEALS FOR THE F"
term_24,24-297,7,20250310144137151_24-297_Amicus_Brief.pdf,0,True,False,False,,"No. 24-297 In the Supreme Court of the United States TAMER MAHMOUD, et al., Petitioners, v. THOMAS W. TAYLOR, et al., Respondents. On Writ of Certiorari to the United States Court of Appeals for the F"
term_24,24-297,8,20250307124451569_AFPF_Mahmoud_final.pdf,0,True,False,False,,"No. 24-297 IN THE Supreme Court of the United States ———— TAMER MAHMOUD, ET AL., Petitioners, v. THOMAS W. TAYLOR, IN HIS OFFICIAL CAPACITY AS SUPERINTENDENT OF THE MONTGOMERY COUNTY BOARD OF EDUCATIO"
term_24,24-297,9,20250310121624554_24-297_Amicus_Brief.pdf,0,True,False,False,,"No. 24-297 In the Supreme Court of the United States TAMER MAHMOUD, ET AL. Petitioners, v. THOMAS W. TAYLOR, ET AL., Respondents. On Writ of Certiorari to the United States Court of Appeals for the Fo"
term_24,24-297,10,20250310103637576_250307a_AC_Brief_for_efiling.pdf,0,True,False,False,,"No. 24-297 In the Supreme Court of the United States TAHMER MAHMOUD, et al., Petitioners, v. THOMAS W. TAYLOR, et al., Respondents. On Writ of Certiorari to the United States Court of Appeals for the "
term_24,24-304,1,20250425135645623_Labcorp_Response_to_4.23.25_Letter.pdf,0,True,False,False,,"51 LOUISIANA AVENUE, N.W. • WASHINGTON, DC 20001.2113 TELEPHONE: +1.202.879.3939 • JONESDAY.COM Direct Number: (202) 879-5485 njfrancisco@jonesday.com April 25, 2025 By Overnight Mail and Electronic F"
term_24,24-304,2,20250312083439126_24-304_ALF_Amicus_Brief_Final_PDFA.pdf,0,True,False,False,,"No. 24-304 In the Supreme Court of the United States LABORATORY CORPORATION OF AMERICA HOLDINGS, DBA LABCORP, Petitioner, v. LUKE DAVIS, et al., Respondents. On Writ of Certiorari to the United States"
term_24,24-304,3,20250312091613722_No._24-304_WLF_Amicus_Merits_Brief_Labcorp.pdf,0,True,False,False,,"No. 24-304 In the Supreme Court of the United States ____________ LABORATORY CORPORATION OF AMERICA HOLDINGS, D/B/A LABCORP, Petitioner, v. LUKE DAVIS, JULIAN VARGAS, AND AMERICAN COUNCIL OF THE BLIND"
term_24,24-304,4,20250312154317955_MBA_Brief_III.pdf,0,True,False,False,,"No. 24-304 IN THE Supreme Court of the United States LABORATORY CORPORATION OF AMERICA HOLDINGS, D/B/A LABCORP, Petitioner, v. LUKE DAVIS, ET AL., Respondents. On Writ of Certiorari to the United Stat"
term_24,24-304,5,20240921172204999_WLF_Amicus_-_Labcorp_v._Davis.pdf,0,True,False,False,,"No. 24-304 In the Supreme Court of the United States ____________ LABORATORY CORPORATION OF AMERICA HOLDINGS, D/B/A LABCORP, Petitioner, v. LUKE DAVIS, JULIAN VARGAS, AND AMERICAN COUNCIL OF THE BLIND"
term_24,24-304,6,20250305163040562_24-304_ts.pdf,0,True,False,False,,"No. 24-304 IN THE Supreme Court of the United States LABORATORY CORPORATION OF AMERICA HOLDINGS, D/B/A LABCORP, Petitioner, v. LUKE DAVIS, JULIAN VARGAS, AND AMERICAN COUNCIL OF THE BLIND, INDIVIDUALL"
term_24,24-304,7,20241206155655081_2024.12.5_LabCorp_v._Davis_FINAL.pdf,0,True,False,False,,"No. 24-304 IN THE Supreme Court of the United States LABORATORY CORPORATION OF AMERICA HOLDINGS, DBA LABCORP, Petitioner, v. LUKE DAVIS, ET AL., Respondents. On Petition for a Writ of Certiorari to th"
term_24,24-304,8,20250305163321189_Labcorp_Joint_Appendix_-_Volume_II.pdf,0,True,False,False,,"No. 24-304 IN THE Supreme Court of the United States LABORATORY CORPORATION OF AMERICA HOLDINGS, D/B/A LABCORP, Petitioner, v. LUKE DAVIS, JULIAN VARGAS, AND AMERICAN COUNCIL OF THE BLIND, INDIVIDUALL"
term_24,24-304,9,20250312162751885_24-304acNationalFederationOfIndependentBusinessSmallBusinessLegalCenterInc.pdf,0,True,False,False,,"No. 24-304 IN THE Supreme Court of the United States ———— LABORATORY CORPORATION OF AMERICA HOLDINGS, D/B/A LABCORP, Petitioner, v. LUKE DAVIS, JULIAN VARGAS, AND AMERICAN COUNCIL OF THE BLIND, INDIVI"
term_24,24-304,10,20250305163307597_Labcorp_Joint_Appendix_-_Volume_I.pdf,0,True,False,False,,"No. 24-304 IN THE Supreme Court of the United States LABORATORY CORPORATION OF AMERICA HOLDINGS, D/B/A LABCORP, Petitioner, v. LUKE DAVIS, JULIAN VARGAS, AND AMERICAN COUNCIL OF THE BLIND, INDIVIDUALL"
term_24,24-316,1,20241021085947779_24-316acAmericanCancerSociety.pdf,0,True,False,False,,"No. 24-316 In the Supreme Court of the United States ———— XAVIER BECERRA, SECRETARY, U.S. DEPARTMENT OF HEALTH AND HUMAN SERVICES, ET AL., Petitioners, v. BRAIDWOOD MANAGEMENT, INC. ET AL., Respondent"
term_24,24-316,2,20250225130349781_US_of_Care_Amicus_Brief.pdf,0,True,False,False,,"No. 24-316 In the Supreme Court of the United States —————♦————— ROBERT F. KENNEDY, JR., SECRETARY OF HEALTH AND HUMAN SERVICES, ET AL., Petitioners, v. BRAIDWOOD MANAGEMENT, INC., ET AL., Respondents"
term_24,24-316,3,20250225144436766_24-0316_tsac_American_Public_Health_Association_et_al.pdf,0,True,False,False,,"No. 24-316 In the Supreme Court of the United States ROBERT F. KENNEDY, JR., SECRETARY OF HEALTH AND HUMAN SERVICES, ET AL., Petitioners, v. BRAIDWOOD MANAGEMENT, INC., ET AL., Respondents. On Writ of"
term_24,24-316,4,20241021161010915_Becerra_v._Braidwood_-_brief_of_amici_public_health_advocates.pdf,0,True,False,False,,"No. 24-316 In the Supreme Court of the United States XAVIER BECERRA, SECRETARY OF HEALTH AND HUMAN SERVICES, ET AL., Petitioners, v. BRAIDWOOD MANAGEMENT, INC., ET AL., Respondents. On Petition for a "
term_24,24-316,5,20250225165313732_Komen_amicus_brief.pdf,0,True,False,False,,"No. 24-316 IN THE Supreme Court of the United States __________ ROBERT F. KENNEDY, JR., SECRETARY OF HEALTH AND HUMAN SERVICES, ET AL., Petitioners, v. BRAIDWOOD MANAGEMENT, INC., ET AL., Respondents."
term_24,24-316,6,20250303130652208_24-316_tsac_48_Bipartisan_Economic.pdf,0,True,False,False,,"No. 24-316 IN THE Supreme Court of the United States _________ ROBERT F. KENNEDY, JR., SECRETARY OF HEALTH AND HUMAN SERVICES, ET AL., Petitioners, v. BRAIDWOOD MANAGEMENT, ET AL., Respondents. ______"
term_24,24-316,7,20240919152821295_Becerra_v_Braidwood_-_Cert_Pet.pdf,259,True,False,False,,". Even adopting that incorrect premise, however, Defendants’ arguments are unpersuasive. Defendants point out that Braidwood has not provided evidence that it has paid for or will likely pay for PrEP "
term_24,24-316,8,20250224164018849_24-316_Amici_Brief.pdf,0,True,False,False,,"No. 24-316 In the Supreme Court of the United States ROBERT F. KENNEDY, JR., SECRETARY OF HEALTH AND HUMAN SERVICES, et al., Petitioners, v. BRAIDWOOD MANAGEMENT, INC., et al., Respondents. On Writ of"
term_24,24-316,9,20240919152821295_Becerra_v_Braidwood_-_Cert_Pet.pdf,187,True,False,False,,". 27 Plaintiffs suggest that the Court should decline to follow Weissman on grounds that the decision is an anomaly, departing from decades of D.C. Circuit and Supreme Court precedent with its core fe"
term_24,24-316,10,20241021182145734_Braidwood_Brief_in_Support_of_Certiorari_PDFA.pdf,0,True,False,False,,"No. 24-316 In the Supreme Court of the United States _____________ XAVIER BECERRA, SECRETARY OF HEALTH AND HUMAN SERVICES, ET AL., PETITIONERS v. BRAIDWOOD MANAGEMENT, INC., ET AL., RESPONDENTS ______"
term_24,24-320,1,20241120144045759_24-320_Soto_Opp_final.pdf,0,True,False,False,,"No. 24-320 In the Supreme Court of the United States SIMON A. SOTO, INDIVIDUALLY AND ON BEHALF OF ALL OTHERS SIMILARLY SITUATED, PETITIONER v. UNITED STATES OF AMERICA ON PETITION FOR A WRIT OF CERTIO"
term_24,24-320,2,20241021165009208_2024.10.21_NLSVCC_Amicus_Brief.pdf,0,True,False,False,,"No. 24-320 IN THE Supreme Court of the United States SIMON A. SOTO, INDIVIDUALLY AND ON BEHALF OF ALL OTHERS SIMILARLY SITUATED, Petitioner, v. UNITED STATES, Respondent. ON WRIT OF CERTIORARI TO THE "
term_24,24-320,3,20250310141357616_Soto_MVA_DAV_Amicus_Brief.pdf,0,True,False,False,,"No. 24-320 IN THE Supreme Court of the United States ___________________________ SIMON A. SOTO, Petitioner, v. UNITED STATES, Respondent. ___________________________ ON WRIT OF CERTIORARI TO THE UNITE"
term_24,24-320,4,20250310160841571_CVLC_Soto_v._US_Amicus_Brief_3.10.25.pdf,0,True,False,False,,"No. 24-320 In the Supreme Court of the United States SIMON A. SOTO, INDIVIDUALLY AND ON BEHALF OF ALL OTHERS SIMILARLY SITUATED, PETITIONER, v. UNITED STATES, RESPONDENT. ON WRIT OF CERTIORARI TO THE "
term_24,24-320,5,20250303172419664_24-320_Joint_Appendix_Final.pdf,0,True,False,False,,"No. 24-320 IN THE Supreme Court of the United States ___________ SIMON A. SOTO, Petitioner, v. UNITED STATES, Respondent. ___________ On Writ of Certiorari to the United States Court of Appeals for th"
term_24,24-320,6,20250310161813675_2025.03.10_No._24-320_Amicus_Brief.pdf,0,True,False,False,,"No. 24-320 IN THE Supreme Court of the United States SIMON A. SOTO, INDIVIDUALLY AND ON BEHALF OF ALL OTHERS SIMILARLY SITUATED, Petitioner, v. UNITED STATES, Respondent. ON WRIT OF CERTIORARI TO THE "
term_24,24-320,7,20241120144045759_24-320_Soto_Opp_final.pdf,10,True,False,False,,"In the Supreme Court of the United States No. 24-320 SIMON A. SOTO, INDIVIDUALLY AND ON BEHALF OF ALL OTHERS SIMILARLY SITUATED, PETITIONER v. UNITED STATES OF AMERICA ON PETITION FOR A WRIT OF CERTIO"
term_24,24-320,8,20240918145130182_Soto_-_Petition_for_Writ_of_Cert.pdf,39,True,False,False,,". § 1413a indisputably does—that test is satisfied. This Court should grant the petition to decide as much, and to correct the Federal Circuit’s decision to the contrary. III. THIS CASE IS AN IDEAL VE"
term_24,24-320,9,20250303172155989_Soto_Petitioner_Brief_final.pdf,0,True,False,False,,"No. 24-320 IN THE Supreme Court of the United States ___________ SIMON A. SOTO, Petitioner, v. UNITED STATES, Respondent. ___________ On Writ of Certiorari to the United States Court of Appeals for th"
term_24,24-320,10,20241021165009208_2024.10.21_NLSVCC_Amicus_Brief.pdf,14,True,False,False,,. NLSVCC endorses each of Petitioner’s arguments as to the proper interpretation of the CRSC statute and the Barring Act. Pet. 10-16.
term_24,24-354,1,20241001094913271_Certificate_of_Word_Count.pdf,0,True,False,False,,"No. 24-354 IN THE Supreme Court of the United States FEDERAL COMMUNICATIONS COMMISSION, ET AL., Petitioners, v. CONSUMERS’ RESEARCH, ET AL., Respondents. CERTIFICATE OF COMPLIANCE WITH WORD LIMITATION"
term_24,24-354,2,20240930144520649_FCC_v_Consumers_Research_Petition.pdf,227,True,False,False,,78a sulation of a revenue-raising delegation like the USF? The principal dissent does not say. The second dissenting opinion calls the majority opinion an “unannounced” and “unprecedented” “sleight of
term_24,24-354,3,20241017152506436_24-354certreply.pdf,1,True,False,False,,"In the Supreme Court of the United States No. 24-354 FEDERAL COMMUNICATIONS COMMISSION, ET AL., PETITIONERS v. CONSUMERS’ RESEARCH, ET AL. ON PETITION FOR A WRIT OF CERTIORARI TO THE UNITED STATES COU"
term_24,24-354,4,20241017152506436_24-354certreply.pdf,0,True,False,False,,"No. 24-354 In the Supreme Court of the United States FEDERAL COMMUNICATIONS COMMISSION, ET AL., PETITIONERS v. CONSUMERS’ RESEARCH, ET AL. ON PETITION FOR A WRIT OF CERTIORARI TO THE UNITED STATES COU"
term_24,24-354,5,20250203110052355_Application_for_Extra_Words.pdf,0,True,False,False,,"No. 24A-____ (Related to Nos. 24-354 and 24-422) IN THE Supreme Court of the United States _________ FEDERAL COMMUNICATIONS COMMISSION, ET AL., Petitioners, v. CONSUMERS’ RESEARCH, ET AL., Respondents"
term_24,24-354,6,20250116145048348_PK_et_al_Consumers_Research_SCOTUS.pdf,9,True,False,False,,"In the Supreme Court of the United States No. 24-354 and 24-422 FEDERAL COMMUNICATIONS COMMISSION, ET AL., PETITIONERS, v. CONSUMERS’ RESEARCH, ET AL., RESPONDENTS. ___________ SHLB COALITION, ET AL.,"
term_24,24-354,7,20250116134013819_Nos_24-354_24-422_ALA_-_Amicus_Brief.pdf,0,True,False,False,,"Nos. 24-354 and 24-422 In the Supreme Court of the United States FEDERAL COMMUNICATIONS COMMISSION, ET AL., Petitioners, v. CONSUMERS’ RESEARCH, ET AL., Respondents. SCHOOLS, HEALTH & LIBRARIES BROADB"
term_24,24-354,8,20250116172949055_Nos._24-354_24-422_Amicus_Brief.pdf,0,True,False,False,,"Nos. 24-354 and 24-422 In the Supreme Court of the United States FEDERAL COMMUNICATIONS COMMISSION, et al., Petitioners, v. CONSUMERS’ RESEARCH, et al., Respondents. SCHOOLS, HEALTH & LIBRARIES BROADB"
term_24,24-354,9,20250123184500817_24-354_24-422_USF_Members_of_Congress_Amicus_Brief.pdf,0,True,False,False,,"Nos. 24-354 & 24-422 IN THE Supreme Court of the United States –––––––––––––––– FEDERAL COMMUNICATIONS COMMISSION, ET AL., Petitioners, v. CONSUMERS’ RESEARCH, ET AL., Respondents. –––––––––––––––– SC"
term_24,24-354,10,20250109184103303_250104a_Pet_Merits_Brief_for_efiling.pdf,0,True,False,False,,"Nos. 24-354 and 24-422 IN THE Supreme Court of the United States FEDERAL COMMUNICATIONS COMMISSION, ET AL., Petitioners, v. CONSUMERS’ RESEARCH, ET AL., Respondents. SHLB COALITION, ET AL., Petitioner"
term_24,24-362,1,20250314133414067_Martin_v._U.S._--_Supreme_Court_Amicus_Brief.pdf,7,True,False,False,,"1 IN THE Supreme Court of the United States No. 24-362 CURTRINA MARTIN, INDIVIDUALLY AND AS PARENT AND NEXT FRIEND OF G.W., A MINOR, ET AL., Petitioners, v. UNITED STATES OF AMERICA, ET AL., Responden"
term_24,24-362,2,20250314160951977_24-362_Martin_v_United_States_Brief_of_Amici_NPAP_and_Rutherford_Inst.pdf,0,True,False,False,,"No. 24-362 In the Supreme Court of the United States CURTRINA MARTIN, ET AL., Petitioners, v. UNITED STATES OF AMERICA, ET AL., Respondents. On Writ of Certiorari to the United States Court of Appeals"
term_24,24-362,3,20250314100810312_Martin_Amicus_Brief_FINAL_FOR_FILING.pdf,0,True,False,False,,"No. 24-362 IN THE Supreme Court of the United States CURTRINA MARTIN, ET AL., Petitioners, v. UNITED STATES OF AMERICA, ET AL., Respondents. On Writ of Certiorari to the United States Court of Appeals"
term_24,24-362,4,20241031153753610_No._24-362_Amicus_Brief.pdf,0,True,False,False,,"No. 24-362 In the Supreme Court of the United States CURTRINA MARTIN, ET AL., Petitioners, v. UNITED STATES OF AMERICA, ET AL., Respondents. On Petition for a Writ of Certiorari to the United States C"
term_24,24-362,5,20250314154917447_Martin_v._US_amicus_brief.pdf,0,True,False,False,,"No. 24-362 444444444444444444444444444444444444444444 IN THE Supreme Court of the United States ____________________ CURTRINA MARTIN, ET AL., Petitioners, v. UNITED STATES OF AMERICA, ET AL., Responde"
term_24,24-362,6,20241206174415953_24-362_Martin_opp.pdf,0,True,False,False,,"No. 24-362 In the Supreme Court of the United States CURTRINA MARTIN, INDIVIDUALLY AND AS PARENT AND NEXT FRIEND OF G.W., A MINOR, ET AL., PETITIONERS v. UNITED STATES OF AMERICA, ET AL. ON PETITION F"
term_24,24-362,7,20250307122200503_Martin_v._United_States_Joint_Appendix.pdf,0,True,False,False,,"No. 24-362 In The Supreme Court of the United States CURTRINA MARTIN, ET AL., Petitioners, v. UNITED STATES OF AMERICA, ET AL., Respondents. On Writ of Certiorari to the United States Court of Appeals"
term_24,24-362,8,20250314110301946_PC_Martin_Amicus_Brief_Final.pdf,0,True,False,False,,"No. 24-362 IN THE Supreme Court of the United States CURTRINA MARTIN, ET AL., Petitioners, v. UNITED STATES OF AMERICA, ET AL., Respondents. On Writ of Certiorari to the United States Court of Appeals"
term_24,24-362,9,20250307121332188_Martin_v._United_States_Petitioners_Merits_Brief.pdf,77,True,False,False,,". at 322; Berkovitz, 486 U.S. at 536). But this badly misstates the Court’s precedent, as explained above. See C.M. v. UnitedStates, 672 F. Supp. 3d 288, 334 (W.D. Tex. 2023) (explaining that “neither"
term_24,24-362,10,20250314133414067_Martin_v._U.S._--_Supreme_Court_Amicus_Brief.pdf,0,True,False,False,,"No. 24-362 IN THE Supreme Court of the United States _______________ CURTRINA MARTIN, INDIVIDUALLY AND AS PARENT AND NEXT FRIEND OF G.W., A MINOR, ET AL., Petitioners, v. UNITED STATES OF AMERICA, ET "
term_24,24-394,1,20250312124410543_24-396_24-394_Amicus_Brief.pdf,32,True,False,False,,"15 Garcia, the Court has concluded that it is possible, at least when applying the state action doctrine. The Oklahoma Supreme Court referenced the five “state actor” tests that the U.S. Supreme Court"
term_24,24-394,2,20250312131621795_24-394_24-396_Amicus_Brief.pdf,55,True,False,False,,". 1918) (same). Because the term “common school” has largely fallen out of ordinary use, its continued presence in state constitutions has generated some text, history, and tradition arguments that th"
term_24,24-394,3,20250312164218758_24-394tsacUnitedStates.pdf,12,True,False,False,,"In the Supreme Court of the United States No. 24-394 OKLAHOMA STATEWIDE CHARTER SCHOOL BOARD, ET AL., PETITIONERS v. GENTNER DRUMMOND, ATTORNEY GENERAL OF OKLAHOMA, EX REL. OKLAHOMA No. 24-396 ST. ISI"
term_24,24-394,4,20241209162226618_Board_Bio_Appx_Vol_2_E_FILE_Dec_9_24.pdf,273,True,False,False,,Res.App.675a (E) Documentary evidence and authentication. Documentary evidence may be received in the form of copies or excerpts. Parties may challenge the authenticity of any copies. Any part of the 
term_24,24-394,5,20241209162142824_Board_BIO_MAIN_E_FILE_Dec_9_24.pdf,15,True,False,False,,". Any claim that the state law decision is intertwined with the First Amendment claims is flawed. In the proceedings below, SISVC School and the Board did not affirmatively seek a declaration that the"
term_24,24-394,6,20241108153435459_120106_Amicus_Brief.pdf,43,True,False,False,,". Zelman v. Simmons-Harris, 536 U.S. 639, 649 (2002). This principle of private choice distinguishes charter schools from traditional public schools, placing this case well within the scope of the Fre"
term_24,24-394,7,20250312093052277_24-394_Amicus_Brief_of_Wisconsin_Institute_for_Law_and_Liberty_Inc_.pdf,0,True,False,False,,"Nos. 24-394 Vide 24-396 In the Supreme Court of the United States OKLAHOMA STATEWIDE CHARTER SCHOOL BOARD, et al., PETITIONERS, v. GENTNER DRUMMOND, Attorney General for the State of Oklahoma, ex rel."
term_24,24-394,8,20241209162142824_Board_BIO_MAIN_E_FILE_Dec_9_24.pdf,48,True,False,False,,20 State9s establishment of a public school to promote and incorporate one religion to the exclusion of all others was unlawful. The contract at issue in this case broadly permitted SISVC School to ac
term_24,24-394,9,20241209162142824_Board_BIO_MAIN_E_FILE_Dec_9_24.pdf,49,True,False,False,,". Isidore9s charter.= Id. at ¶ 29. Further, SISVC School <receive[s] many of the same legal protections and benefits as their government sponsor. The State9s entwinement expands to the internal operat"
term_24,24-394,10,20250312090346121_250311a_AC_Brief_for_efiling.pdf,0,True,False,False,,"No. 24-394 In the Supreme Court of the United States OKLAHOMA STATEWIDE CHARTER SCHOOL BOARD, et al., Petitioners, v. GENTNER DRUMMOND, Attorney General for the State of Oklahoma, ex rel. STATE OF OKL"
term_24,24-416,1,20241216141954562_Commissioner_v._Zuch_-_Brief_in_Opposition_FILE.pdf,0,True,False,False,,"No. 24-416 In the Supreme Court of the United States ________________________________________ COMMISSIONER OF INTERNAL REVENUE, PETITIONER v. JENNIFER ZUCH ________________________________________ ON "
term_24,24-416,2,20250317130623150_Commissioner_v._Zuch_-_Brief_for_Respondent_FILE.pdf,0,True,False,False,,"No. 24-416 In the Supreme Court of the United States ________________________________________ COMMISSIONER OF INTERNAL REVENUE, PETITIONER v. JENNIFER ZUCH ________________________________________ ON "
term_24,24-416,3,20250214155043304_24-416tsUnitedStates.pdf,0,True,False,False,,"No. 24-416 In the Supreme Court of the United States COMMISSIONER OF INTERNAL REVENUE, PETITIONER v. JENNIFER ZUCH ON WRIT OF CERTIORARI TO THE UNITED STATES COURT OF APPEALS FOR THE THIRD CIRCUIT BRI"
term_24,24-416,4,20250214155043304_24-416tsUnitedStates.pdf,12,True,False,False,,"In the Supreme Court of the United States No. 24-416 COMMISSIONER OF INTERNAL REVENUE, PETITIONER v. JENNIFER ZUCH ON WRIT OF CERTIORARI TO THE UNITED STATES COURT OF APPEALS FOR THE THIRD CIRCUIT BRI"
term_24,24-416,5,20250214155043304_24-416tsUnitedStates.pdf,2,True,False,False,,. 22 C. The contrary arguments offered by respondent and the court of appeals lack merit ....................................... 24 1. The Tax Court lacks jurisdiction to consider a taxpayer’s “underl
term_24,24-416,6,20250317130623150_Commissioner_v._Zuch_-_Brief_for_Respondent_FILE.pdf,74,True,False,False,,. The government also warns that allowing the Tax Court to review live disputes about unpaid tax or taxpayer liability when no levy is pending would vastly expand Tax Court jurisdiction. Those argumen
term_24,24-416,7,20250317130623150_Commissioner_v._Zuch_-_Brief_for_Respondent_FILE.pdf,71,True,False,False,,30 a court has determined the IRS has no legal right to keep. That is especially true because the Tax Court not only has authority to review and rule on the underlying liability and unpaid tax issues 
term_24,24-416,8,20250317130623150_Commissioner_v._Zuch_-_Brief_for_Respondent_FILE.pdf,53,True,False,False,,"20 floodgates problem, it would be the government’s own doing. B. The government claims that the Tax Court lacks authority to issue a judgment regarding Zuch’s entitlement to the estimated payments. I"
term_24,24-416,9,20241011121844932_Zuch_101024.4.pdf,7,True,False,False,,"In the Supreme Court of the United States No. XX-XX COMMISSIONER OF INTERNAL REVENUE, PETITIONER v. JENNIFER ZUCH ON PETITION FOR A WRIT OF CERTIORARI TO THE UNITED STATES COURT OF APPEALS FOR THE THI"
term_24,24-416,10,20250317130623150_Commissioner_v._Zuch_-_Brief_for_Respondent_FILE.pdf,21,True,False,False,,"4 in dealing with the people,” Department of Homeland Security v. Regents of the University of California, 591 U.S. 1, 24 (2020). b. This case is not moot. The Tax Court had authority to determine Zuc"
term_24,24-656,1,20241218103859536_TikTok_Brief.pdf,7,True,False,False,,"TikTok and its parent company, ByteDance, predictably sued to avoid this outcome in the venue prescribed by the Foreign Adversaries Act and lost. It now seeks an injunction pending appeal from the Sup"
term_24,24-656,2,20241218103859536_TikTok_Brief.pdf,0,True,False,False,,"No. 24A587 In The Supreme Court of the United States _____________ TikTok Inc., and ByteDance Ltd., Applicants, v. Merrick B. Garland, in his Official Capacity as Attorney General of the United States"
term_24,24-656,3,20241227161330787_130828_Brief_of_Amici.pdf,38,True,False,False,,"16 But TikTok’s arguments in this case demonstrate that it is trying to have its cake and eat it too. In the Montana litigation, TikTok claims that only Congress can address the unique data security c"
term_24,24-656,4,20241217150212414_24A587_Amicus_Brief_PDFA.pdf,12,True,False,False,,"3 websites, www.reason.com and www.reason.org. To further Reason’s commitment to “Free Minds and Free Markets,” Reason has participated as amicus curiae in numerous cases raising significant legal and"
term_24,24-656,5,20241218103859536_TikTok_Brief.pdf,16,True,False,False,,corporate death penalty will be stayed if they can drag out the divesture beyond the statutory mandate. This tactic of punting final actions into a potentially more sympathetic administration is not u
term_24,24-656,6,20241227161330787_130828_Brief_of_Amici.pdf,40,True,False,False,,"17 A. The Act doesn’t implicate First Amendment rights. A statute only triggers First Amendment scrutiny if it targets “conduct with a significant expressive element” or, if “based on a nonexpressive "
term_24,24-656,7,20241217150212414_24A587_Amicus_Brief_PDFA.pdf,0,True,False,False,,"No. 24A587 In The Supreme Court of the United States TIKTOK, INC. AND BYTEDANCE LTD., Applicants, v. MERRICK B. GARLAND, ATTORNEY GENERAL, Respondent. On Emergency Application for Injunction Pending R"
term_24,24-656,8,20241216201945437_Steilen_Amicus_Brief.pdf,20,True,False,False,,"names to the list in the act. Id. at 202–03. Fourth, it broadly attainted of high treason all residents of the state who in the future served in the British army. Id. at 203. The state was driven to e"
term_24,24-656,9,20241217144322392_24A587_TikTok_v_Garland_Amicus_Brief_pdfa.pdf,13,True,False,False,,". The Knight First Amendment Institute at Columbia University is a nonpartisan, not-for-profit organization that works to defend the freedoms of speech and the press in the digital age through strateg"
term_24,24-656,10,20241216201945437_Steilen_Amicus_Brief.pdf,34,True,False,False,,"they should be deemed to be, and treated, as convicted felons or traitors.”); see also Bills of Attainder, The Heritage Guide to the Constitution (“[P]unishment may not only be for past acts, but it a"
term_24,24-7,1,20250312155904988_24-7bsUnitedStates.pdf,11,True,False,False,,"In the Supreme Court of the United States No. 24-7 DIAMOND ALTERNATIVE ENERGY, LLC, ET AL., PETITIONERS v. ENVIRONMENTAL PROTECTION AGENCY, ET AL. ON WRIT OF CERTIORARI TO THE UNITED STATES COURT OF A"
term_24,24-7,2,20250203124242409_Diamond_v_EPA_TSI_Amicus_ISO_Petrs_2025.02.03.pdf,0,True,False,False,,"No. 24-7 In the Supreme Court of the United States DIAMOND ALTERNATIVE ENERGY, LLC, ET AL., Petitioners, v. ENVIRONMENTAL PROTECTION AGENCY ET AL. Respondents. ON WRIT OF CERTIORARI TO THE UNITED STAT"
term_24,24-7,3,20240807135406011_Diamond_v_EPA.pdf,0,True,False,False,,"No. 24-7 In the Supreme Court of the United States DIAMOND ALTERNATIVE ENERGY, LLC, ET AL., Petitioners, v. ENVIRONMENTAL PROTECTION AGENCY ET AL., Respondents. ON PETITION FOR WRIT OF CERTIORARI TO T"
term_24,24-7,4,20250203123631163_24-7_Brief_for_Amicus.pdf,0,True,False,False,,"No. 24-7 In the Supreme Court of the United States ________________ DIAMOND ALTERNATIVE ENERGY, LLC, et al., Petitioners, v. ENVIRONMENTAL PROTECTION AGENCY, et al., Respondents. ________________ On W"
term_24,24-7,5,20240807125036654_2024-08-07_FINAL_API_Cert-Stage_Amicus.pdf,0,True,False,False,,"No. 24-7 In the Supreme Court of the United States ________________ DIAMOND ALTERNATIVE ENERGY, LLC, et al., Petitioners, v. ENVIRONMENTAL PROTECTION AGENCY, et al., Respondents. ________________ On P"
term_24,24-7,6,20250131120610024_24-7_Amicus_Brief_of_Foothill_Church_and_Cedar_Park_Assembly_of_God_of_K_f4555049.pdf,0,True,False,False,,"NO. 24-7 IN THE Supreme Court of the United States DIAMOND ALTERNATIVE ENERGY, LLC, ET AL., Petitioners, v. ENVIRONMENTAL PROTECTION AGENCY, ET AL., Respondents. On Writ of Certiorari to the United St"
term_24,24-7,7,20250203152353394_2025_02_03_Diamond_Alternative_24-7_Amicus_Brief_filed.pdf,0,True,False,False,,"No. 24-7 In the Supreme Court of the United States DIAMOND ALTERNATIVE ENERGY, LLC ET AL., Petitioners, v. ENVIRONMENTAL PROTECTION AGENCY, ET. AL., Respondents. On Writ of Certiorari to the United St"
term_24,24-7,8,20240807162701191_2024_08_07_Diamond_24-7_Amicus_Brief_AAF_et_al_FILED.pdf,0,True,False,False,,"No. 24-7 In the Supreme Court of the United States DIAMOND ALTERNATIVE ENERGY, LLC, et al., Petitioners, v. ENVIRONMENTAL PROTECTION AGENCY, et al., Respondents. On Petition for a Writ of Certiorari t"
term_24,24-7,9,20250203125847482_2025.02.03.Amicus_Brief.pdf,20,True,False,False,,"8 Nashville, 288 U.S. at 264 (“[T]he Constitution does not require that the case or controversy should . . . invok[e] only traditional remedies”; only that “the case retains the essentials of an adver"
term_24,24-7,10,20250312155904988_24-7bsUnitedStates.pdf,0,True,False,False,,"No. 24-7 In the Supreme Court of the United States DIAMOND ALTERNATIVE ENERGY, LLC, ET AL., PETITIONERS v. ENVIRONMENTAL PROTECTION AGENCY, ET AL. ON WRIT OF CERTIORARI TO THE UNITED STATES COURT OF A"
term_24,24-809,1,20250512130105667_Fields_BIO_-_final_to_file.pdf,0,True,False,False,,"No. 24-809 IN THE Supreme Court of the United States _______________________ HOWARD GOLDEY, et al., Petitioners, v. ANDREW FIELDS, III, Respondent. _______________________ On Petition for a Writ of Ce"
term_24,24-809,2,20250303153035059_24-809amicus.pdf,7,True,False,False,,"In the Supreme Court of the United States No. 24-809 HOWARD GOLDEY, ASSOCIATE WARDEN, ET AL., PETITIONERS v. ANDREW FIELDS, III, ET AL. ON PETITION FOR A WRIT OF CERTIORARI TO THE UNITED STATES COURT "
term_24,24-809,3,20250303153035059_24-809amicus.pdf,0,True,False,False,,"No. 24-809 In the Supreme Court of the United States HOWARD GOLDEY, ASSOCIATE WARDEN, ET AL., PETITIONERS v. ANDREW FIELDS, III, ET AL. ON PETITION FOR A WRIT OF CERTIORARI TO THE UNITED STATES COURT "
term_24,24-809,4,20250219120906114_24-809_Letter.pdf,0,True,False,False,,"109 NORFOLK AVENUE, S.W,2ND FLOOR P.O. BOX 2826 ROANOKE, VA 24011 MAIN 540-492-5800 MICHIEHAMLETT ATTORNEYS AT LAW JAMES J. O'KEEFFE IV jokeeffe@michiehamlett.com Phone: 540.491.0634 Fax: 434.951.7271"
term_24,24-809,5,20250512130105667_Fields_BIO_-_final_to_file.pdf,23,True,False,False,,. Pet. at 3. Petitioners’ arguments are aimed at an opinion that was never written and thus all miss the mark. The Fourth Circuit issued a narrow decision in a “rare case.” B. The Fourth Circuit Caref
term_24,24-809,6,20250128152217028_Goldey_Corrected_Petition.pdf,73,True,False,False,,"8a Appendix A in a new context, a court may not recognize a Bivens remedy. Egbert, 596 U.S. at 492 (internal quotations omitted). With respect to the first step, the Supreme Court has counseled that “"
term_24,24-809,7,20250128152217028_Goldey_Corrected_Petition.pdf,138,True,False,False,,"43a Appendix B allege that any particular lawsuit or case was affected by the interference with his mail or by the loss of his legal papers, he fails to state a First Amendment violation based on a de"
term_24,24-809,8,20250512130105667_Fields_BIO_-_final_to_file.pdf,22,True,False,False,,"9 Fields. Fields extended Bivens, the court observed, only where a prisoner “lacked access to alternative remedies because prison officials deliberately thwarted his access to them.” Id. (quoting Fiel"
term_24,24-809,9,20250512130105667_Fields_BIO_-_final_to_file.pdf,62,True,False,False,,"29 determined that the Federal Deposit Insurance Corporation (“FDIC”) made two legal errors in adjudicating the petitioner’s case, but then affirmed the FDIC’s sanctions on grounds other than those in"
term_24,24-809,10,20250128152217028_Goldey_Corrected_Petition.pdf,136,True,False,False,,"42a Appendix B In his second claim, Fields asserts that he was denied the right to seek redress via USP Lee’s grievance procedure, was denied access to his legal materials and legal forms, and that ce"
term_24,24A884,1,20250423143706067_Chamber_Trump_v._CASA_amicus_brief.pdf,0,True,False,False,,"No. 24A884 IN THE Supreme Court of the United States ________________________________ DONALD J. TRUMP, et al., Applicants, v. CASA, INC., et al., Respondents. BRIEF OF THE CHAMBER OF COMMERCE OF THE U"
term_24,24A884,2,20250429112321454_24A884_-_Legal_Historians_Amicus.pdf,0,True,False,False,,"No. 24A884 IN THE Supreme Court of the United States ________________ DONALD J. TRUMP, PRESIDENT OF THE UNITED STATES, et al., Applicants, v. CASA, INC., ET AL., Respondents. ________________ On Appli"
term_24,24A884,3,20250324161158851_120378_brief.pdf,26,True,False,False,,". B. Longstanding Misinterpretation of Wong Kim Ark The conventional wisdom, accepted over decades, is that Wong Kim Ark supports absolute birthright citizenship to everyone born in the United States."
term_24,24A884,4,20250407104421694_24A884_Reply.pdf,0,True,False,False,,"No. 24A884 In the Supreme Court of the United States ─────────── DONALD J. TRUMP, PRESIDENT OF THE UNITED STATES, ET AL., APPLICANTS v. CASA, INC., ET AL. ─────────── REPLY IN SUPPORT OF APPLICATION F"
term_24,24A884,5,20250407120537009_24A884_24A885_24A886_Amica_Brief.pdf,53,True,False,False,,". Similarly, the Government’s complaint about “asymmetric” effects (at App. 20) would remain if requests for broad relief were channeled into Rule 23 suits. For example, the Government faced exactly t"
term_24,24A884,6,20250429230223515_Trump_v_Casa_NIJC_amicus.pdf,7,True,False,False,,Government sought review of these procedural questions in this case for reasons other than the supposedly perfection of the case as a vehicle. The substantive legal issue implicated presents no circui
term_24,24A884,7,20250429230223515_Trump_v_Casa_NIJC_amicus.pdf,5,True,False,False,,INTEREST OF THE AMICI CURIAE The National Immigrant Justice Center (NIJC) is a nonprofit legal services organization. NIJC’s legal staff and its network of approximately 2000 pro bono attorneys repres
term_24,24A884,8,20250407120537009_24A884_24A885_24A886_Amica_Brief.pdf,38,True,False,False,,2. The Government’s Article III standing arguments have far-reaching repercussions that it fails to acknowledge—including for administrative law. 9 The APA and numerous other review statutes (such as 
term_24,24A884,9,20250407104421694_24A884_Reply.pdf,13,True,False,False,,7 but they show this Court need not break new ground to hold that nationwide injunctions cannot be justified simply as measures to stop putatively illegal actions. Countless litigants challenging new 
term_24,24A884,10,20250324161158851_120378_brief.pdf,23,True,False,False,,III. Supreme Court Precedent Does Not Support Universal Birthright Citizenship. The Supreme Court has never actually interpreted the Citizenship Clause of the Fourteenth Amendment in a manner that sup
term_25,23-1197,1,20250904015600011_Landor_Amicus_Brief_Religious_Liberty_Scholars.pdf,0,True,False,False,,"No. 23-1197 In the Supreme Court of the United States DAMON LANDOR, Petitioner, v. LOUISIANA DEPARTMENT OF CORRECTIONS AND PUBLIC SAFETY, ET AL., Respondents. On Writ of Certiorari to the United State"
term_25,23-1197,2,20240606163908244_2024-06-06_Landor_Cert_Petition_Religious_Liberty_Scholars_Amicus_Brief.pdf,0,True,False,False,,"No. 23-1197 In the Supreme Court of the United States DAMON LANDOR, Petitioner, v. LOUISIANA DEPARTMENT OF CORRECTIONS AND PUBLIC SAFETY, ET AL., Respondent. On Petition for a Writ of Certiorari to th"
term_25,23-1197,3,20250903160218295_Former_Corr._Officials_merits_amicus_brief_-_Landor_v._La._DOC_-_No._23-1197.pdf,0,True,False,False,,"No. 23-1197 IN THE Supreme Court of the United States __________ DAMON LANDOR, Petitioner, v. LOUISIANA DEPARTMENT OF CORRECTIONS AND PUBLIC SAFETY, ET AL., Respondents. __________ On Writ of Certiora"
term_25,23-1197,4,20250903171708812_23-1197acSenatorsTedCruzAndTedBudd.pdf,0,True,False,False,,"No. 23-1197 IN THE Supreme Court of the United States ———— DAMON LANDOR, Petitioner, v. LOUISIANA DEPARTMENT OF CORRECTIONS AND PUBLIC SAFETY, ET AL., Respondents. ———— On Writ of Certiorari to the Un"
term_25,23-1197,5,20250827153433755_No._23-1197_Landor_joint_appendix.pdf,78,True,False,False,,". Now, the arguments can be proven demonstrably false by the facts. Since the Religious Freedom Restoration Act was enacted in 1993, strict scrutiny has been the applicable standard in religious liber"
term_25,23-1197,6,20240807123140525_23-1197_Brief_in_Opposition.pdf,0,True,False,False,,"No. 23-1197 In the Supreme Court of the United States DAMON LANDOR, Petitioner, v. LOUISIANA DEPARTMENT OF CORRECTIONS AND PUBLIC SAFETY, ET AL., Respondents. On Petition for Writ of Certiorari to the"
term_25,23-1197,7,20250903084133107_23-1197_Amicus_Brief_of_American_Center_for_Law_And_Justice.pdf,0,True,False,False,,"No. 23-1197 In the Supreme Court of the United States ______________ DAMON LANDOR, Petitioner v. LOUISIANA DEPARTMENT OF CORRECTIONS AND PUBLIC SAFETY, ET AL., Respondents ______________ On Writ of Ce"
term_25,23-1197,8,20250903123736380_AAJ_Amicus_Brief_Landor_v._La._Final.pdf,0,True,False,False,,"No. 23-1197 IN THE Supreme Court of the United States DAMON LANDOR, Petitioner, v. LOUISIANA DEPARTMENT OF CORRECTIONS AND PUBLIC HEALTH, ET AL., Respondents. On Writ of Certiorari to the United State"
term_25,23-1197,9,20240606110738264_23-1197_NDLS_RLC_Landor_Cert_Pet_Amicus_Br_Final.pdf,0,True,False,False,,"No. 23-1197 In the Supreme Court of the United States DAMON LANDOR, Petitioner, v. LOUISIANA DEPARTMENT OF CORRECTIONS AND PUBLIC SAFETY, ET AL., Respondents. ________________ ON PETITION FOR A WRIT O"
term_25,23-1197,10,20250903134304390_23-1197_tsac.pdf,0,True,False,False,,"No. 23-1197 IN THE Supreme Court of the United States DAMON LANDOR, Petitioner, v. LOUISIANA DEPT. OF CORRECTIONS AND PUBLIC SAFETY, ET AL., Respondents. On Writ of Certiorari to the United States Cou"
term_25,23-1209,1,20250904140743527_23-1209acJamesPNaughton.pdf,0,True,False,False,,"No. 23-1209 IN THE Supreme Court of the United States ———— M&K EMPLOYEE SOLUTIONS, LLC, et al., Petitioners, v. TRUSTEES OF THE IAM NATIONAL PENSION FUND, Respondent. ———— On Writ of Certiorari to the"
term_25,23-1209,2,20250904171839974_Amicus_Brief.pdf,0,True,False,False,,"No. 23-1209 IN THE Supreme Court of the United States ___________ M & K EMPLOYEE SOLUTIONS, LLC, et al., Petitioners, v. TRUSTEES OF THE IAM NATIONAL PENSION FUND, Respondent. ___________ On Writ of C"
term_25,23-1209,3,20251021091632990_AFL_CIO_Amicus_Br_MK_FINAL.pdf,0,True,False,False,,"No. 23-1209 In The Supreme Court of the United States M & K Employee Solutions, LLC, et al., Petitioners, v. Trustees of the IAM Pension Fund, Respondent. On Writ of Certiorari to the United States Co"
term_25,23-1209,4,20250828191647293_2025-08-28_Joint_Appendix.pdf,0,True,False,False,,"No. 23-1209 In the Supreme Court of the United States M & K EMPLOYEE SOLUTIONS, LLC, ET AL., PETITIONERS v. TRUSTEES OF THE IAM NATIONAL PENSION FUND On Writ Of Certiorari To The United States Court O"
term_25,23-1209,5,20240712144721402_23-1209_Brief_in_Opposition.pdf,0,True,False,False,,"No. 23-1209 In the Supreme Court of the United States M & K EMPLOYEE SOLUTIONS, LLC, et al., Petitioners, v. TRUSTEES OF THE IAM NATIONAL PENSION FUND, Respondents. On Petition for a Writ of Certiorar"
term_25,23-1209,6,20250904140323730_No._23-1209_Amicus_Brief_for_Chamber_of_Commerce_for_filing.pdf,0,True,False,False,,"No. 23-1209 IN THE Supreme Court of the United States ___________ M & K EMPLOYEE SOLUTIONS, LLC, et al., Petitioners, v. TRUSTEES OF THE IAM NATIONAL PENSION FUND, Respondent. ___________ On Writ of C"
term_25,23-1209,7,20240612095749369_23-1209_Amicus_Brief_for_Chamber_of_Commerce_for_Filing.pdf,0,True,False,False,,"No. 23-1209 IN THE Supreme Court of the United States ___________ M & K EMPLOYEE SOLUTIONS, LLC, et al., Petitioners, v. TRUSTEES OF THE IAM PENSION FUND, Respondent. ___________ On Petition for a Wri"
term_25,23-1209,8,20250828191647293_2025-08-28_Joint_Appendix.pdf,374,True,False,False,,"291 been made. See Jacobson v. Fireman’s Fund Ins. Co., 111 F.3d 2d (CA 2 1997). For all of the foregoing reasons, the Fund asks that M & K’s Motion for Partial Summary Judgment be denied. C. M & K’s "
term_25,23-1209,9,20251021133513428_23-1209bsacThePensionRightsCenter.pdf,0,True,False,False,,"No. 23-1209 IN THE Supreme Court of the United States ———— M&K EMPLOYEE SOLUTIONS, LLC, et al., Petitioners, v. TRUSTEES OF THE IAM NATIONAL PENSION FUND, Respondents. ———— On Writ of Certiorari to th"
term_25,23-1209,10,20251021155127873_23-1209_bsac_MKEmpSols.pdf,0,True,False,False,,"No. 23-1209 In the Supreme Court of the United States M & K EMPLOYEE SOLUTIONS, LLC, ET AL., PETITIONERS v. TRUSTEES OF THE IAM NATIONAL PENSION FUND ON WRIT OF CERTIORARI TO THE UNITED STATES COURT O"
term_25,24-1021,1,20251119144334860_2025.11.19_PC_-_NJ_Transit_amicus_brief_-_final_PDF-A.pdf,0,True,False,False,,"Nos. 24-1021 & 24-1113 IN THE Supreme Court of the United States CEDRIC GALETTE, Petitioner, v. NEW JERSEY TRANSIT CORPORATION, Respondent. NEW JERSEY TRANSIT CORPORATION, ET AL., Petitioners, v. JEFF"
term_25,24-1021,2,20251119113256248_Galette_v._NJ_Transit_CAC_Brief_-_FINAL.pdf,0,True,False,False,,"Nos. 24-1021 & 24-1113 IN THE Supreme Court of the United States CEDRIC GALETTE, Petitioner, v. NEW JERSEY TRANSIT CORPORATION, Respondent. NEW JERSEY TRANSIT CORPORATION, ET AL., Petitioners, v. JEFF"
term_25,24-1021,3,20251119194418346_NJT_v_Colt_Federal_Courts_Scholars_Amicus_Brief_Final.pdf,0,True,False,False,,"Nos. 24-1021 and 24-1113 IN THE Supreme Court of the United States CEDRIC GALLETTE, Petitioner, v. NEW JERSEY TRANSIT CORPORATION, Respondent. NEW JERSEY TRANSIT CORPORATION, ET AL., Petitioners, v. J"
term_25,24-1021,4,20251119144334860_2025.11.19_PC_-_NJ_Transit_amicus_brief_-_final_PDF-A.pdf,50,True,False,False,,"23 enterprises that fall outside the traditional scope of sovereign immunity. CONCLUSION The judgment of the Supreme Court of Pennsylvania in No. 24-1021 should be reversed, and the judgment of the Co"
term_25,24-1021,5,20250319171829535_2025_03_19_Cert_Pet_Appendix.pdf,44,True,False,False,,"23a view the first factor as the driving force in concluding that NJ Transit is an arm of the State of New Jersey. NJ Transit’s arguments to this Court align with our analysis. Galette, however, attem"
term_25,24-1021,6,20251119124832449_AAJ_Amicus_Brief_Galette_v._NJ_Transit_Corp._Final_20251119.pdf,0,True,False,False,,"Nos. 24-1021 & 24-1113 IN THE Supreme Court of the United States CEDRIC GALETTE, Petitioner, v. NEW JERSEY TRANSIT CORP., Respondent. NEW JERSEY TRANSIT CORP., ET AL., Petitioners, v. JEFFREY COLT AND"
term_25,24-1021,7,20250910143427351_Nos._24-1021_and_24-1113_Amicus_Brief.pdf,0,True,False,False,,"Nos. 24-1021 and 24-1113 IN THE Supreme Court of the United States _________ CEDRIC GALETTE, Petitioner, v. NEW JERSEY TRANSIT CORPORATION, Respondent. _________ NEW JERSEY TRANSIT CORPORATION, ET AL."
term_25,24-1021,8,20251118113307523_24_1021_Cedric_Galette_v_New_Jersey_Amicus_Brief_for_New_York_State_Acad_1734b1b8.pdf,0,True,False,False,,"Nos. 24-1021 and 24-1113 IN THE Supreme Court of the United States >>>> CEDRIC GALETTE, Petitioner, v. NEW JERSEY TRANSIT CORPORATION, Respondent. (Additional Caption on the Reverse) On Writs of Certi"
term_25,24-1021,9,20250415155610780_2025_0415_Galette_Response.pdf,0,True,False,False,,"No. 24-1021 In the Supreme Court of the United States CEDRIC GALETTE, Petitioner, v. NEW JERSEY TRANSIT CORPORATION, Respondent. On Petition For A Writ Of Certiorari To The Supreme Court of Pennsylvan"
term_25,24-1021,10,20251112133443658_24-1113_bs.pdf,84,True,False,False,,". Petr. Br. 21. Their evidence is a New Jersey Supreme Court case that was not about sovereign immunity at all. Petr. Br. 21 (discussing Infinity Broad. Corp. v. N.J. Meadowlands Comm’n, 901 A.2d 312,"
term_25,24-1046,1,20251124144006768_Wolford_v._Lopez_-_2025-11-24_Amicus_Brief_of_Clayton_Cramer_CRPA_2ALC.pdf,28,True,False,False,,"13 holdings in Heller, McDonald, and Bruen were historically accurate. These are not “facts”; they are legal conclusions that fall outside the proper scope of expert testimony. Rule 702 permits a witn"
term_25,24-1046,2,20250505102700221_24-1046_Amicus_Brief.pdf,14,True,False,False,,". . . .” Glenn H. Reynolds & Brannon P. Denning, Heller’s Future in the Lower Courts, 102 Nw. U. L. Rev. 2035, 2035 (2008). They observed that, at the time, it was “impossible to review the Second Ame"
term_25,24-1046,3,20251124103346618_24-1046_-_TSAC_CCJ.pdf,53,True,False,False,,". But this Court has already rejected the notion that generalized safety concerns can justify obliterating the core of a right the Constitution singles out for special protection. In McDonald, Chicago"
term_25,24-1046,4,20251124103346618_24-1046_-_TSAC_CCJ.pdf,0,True,False,False,,"NO. 24-1046 In the Supreme Court of the United States JASON WOLFORD, ET AL., Petitioners, V. ANNE E. LOPEZ, ATTORNEY GENERAL OF HAWAII, Respondent. On Writ of Certiorari to the United States Court of "
term_25,24-1046,5,20251120174017887_Wolford_v._Lopez_Merits_amicus_brief_Final.pdf,0,True,False,False,,"No. 24-1046 IN THE Supreme Court of the United States _____________________________ JASON WOLFORD, ALISON WOLFORD, ATOM KASPRZYCKI, AND THE HAWAII FIREARMS COALITION, Petitioners, v. ANNE E. LOPEZ, IN"
term_25,24-1046,6,20250505105550177_Wolford_v._Lopez_amicus_brief_Final.pdf,0,True,False,False,,"No. 24-1046 IN THE Supreme Court of the United States _____________________________ JASON WOLFORD, ALISON WOLFORD, ATOM KASPRZYCKI, AND THE HAWAII FIREARMS COALITION, Petitioners, v. ANNE E. LOPEZ, IN"
term_25,24-1046,7,20251124120526320_24-1046_Amicus_Brief.pdf,0,True,False,False,,"No. 24-1046 IN THE Supreme Court of the United States __________________________________________________________________________ JASON WOLFORD, ET AL., Petitioners, v. ANNE E. LOPEZ, ATTORNEY GENERAL "
term_25,24-1046,8,20251124131203768_2025-11-24_Wolford_CGF_CHL_Amicus_Brief_FILE.pdf,0,True,False,False,,"No. 24-1046 In the Supreme Court of the United States _____________ JASON WOLFORD, ALISON WOLFORD, ATOM KASPRZYCKI, AND THE HAWAII FIREARMS COALITION, et al., Petitioners, v. ANNE E. LOPEZ, IN HER OFF"
term_25,24-1046,9,20251117164808088_24-1046_Joint_Appendix.pdf,17,True,False,False,,". “[T]o the extent later history contradicts what the text says, the text controls.” Id. at 2137. “Thus, ‘postratification adoption or acceptance of laws that are inconsistent with the original meanin"
term_25,24-1046,10,20250401142124829_24-_Petition.pdf,93,True,False,False,,"20a Appendix A the evidence in the record in that case. See, e.g., Bruen, 597 U.S. at 25 n.6 (holding that courts are “entitled to decide a case based on the historical record compiled by the parties”"
term_25,24-1056,1,20250821133324369_Rico_NACDL_Amicus_8_21_25_-_Final.pdf,0,True,False,False,,"No. 24-1056 In the Supreme Court of the United States _________ ISABEL RICO, Petitioner, v. UNITED STATES OF AMERICA, Respondent. _________ On Writ of Certiorari to the United States Court of Appeals "
term_25,24-1056,2,20250815154513227_24-1056_Amicus_Brief.pdf,0,True,False,False,,"NO. 24-1056 In the Supreme Court of the United States ________________ ISABEL RICO, Petitioner, v. UNITED STATES OF AMERICA, Respondent. ________________ On Writ of Certiorari to the United States Cou"
term_25,24-1056,3,20250820135017822_24-1056_Amicus_Brief.pdf,0,True,False,False,,"No. 24-1056 IN THE Supreme Court of the United States ___________ ISABEL RICO, Petitioner, v. UNITED STATES OF AMERICA, Respondent. ___________ ON WRIT OF CERTIORARI TO THE UNITED STATES COURT OF APPE"
term_25,24-1056,4,20250915154205683_24-1056_--_Rico_v._U.S._with_appendix.pdf,0,True,False,False,,"No. 24-1056 In the Supreme Court of the United States ISABEL RICO, PETITIONER v. UNITED STATES OF AMERICA ON WRIT OF CERTIORARI TO THE UNITED STATES COURT OF APPEALS FOR THE NINTH CIRCUIT BRIEF FOR TH"
term_25,24-1056,5,20250606141828993_24-1056_Rico_Opp.pdf,0,True,False,False,,"No. 24-1056 In the Supreme Court of the United States ISABEL RICO, PETITIONER v. UNITED STATES OF AMERICA ON PETITION FOR A WRIT OF CERTIORARI TO THE UNITED STATES COURT OF APPEALS FOR THE NINTH CIRCU"
term_25,24-1056,6,20250821131806308_Rico_MJC_Amicus_Brief_FINAL.pdf,0,True,False,False,,"No. 24-1056 IN THE Supreme Court of the United States _______________________ ISABEL RICO, Petitioner, v. UNITED STATES, Respondent. _______________________ On Writ of Certiorari to the U.S. Court of "
term_25,24-1056,7,20250403144021025_24-_Rico_Pet._4.3.25_pdfA.pdf,94,True,False,False,,"32a were here, but nonetheless, hopefully I have explained myself better in light of the parties’ briefing, the applicable sentencing guidelines range is 33 to 36 months, the statutory maximum. So, I "
term_25,24-1056,8,20250915154205683_24-1056_--_Rico_v._U.S._with_appendix.pdf,15,True,False,False,,"In the Supreme Court of the United States No. 24-1056 ISABEL RICO, PETITIONER v. UNITED STATES OF AMERICA ON WRIT OF CERTIORARI TO THE UNITED STATES COURT OF APPEALS FOR THE NINTH CIRCUIT BRIEF FOR TH"
term_25,24-1056,9,20250403144021025_24-_Rico_Pet._4.3.25_pdfA.pdf,91,True,False,False,,"29a other circuits think, I am bound by Ninth Circuit precedent. Now, let me address the Supreme Court decision that the defense is relying on. The decision of Bowles v Russell, 551 U.S. 205, 2007 dec"
term_25,24-1056,10,20250403144021025_24-_Rico_Pet._4.3.25_pdfA.pdf,77,True,False,False,,"15a The government submits again it was a Grade A violation. The government has now submitted documentation showing that the charging document in the Ventura County case from January 22, charged defen"
term_25,24-1063,1,20250625225558579_24-1063acBrettMorrisMcAlpin.pdf,0,False,False,False,,"No. 24-1063 IN THE Supreme Court of the United States ———— HUNTER P. MUNSON, III, Petitioner, v. UNITED STATES, Respondent. ———— On Petition for a Writ of Certiorari to the United States Court of Appe"
term_25,24-1063,2,20251211143420722_Hunter_-_Merits_Stage_Amicus_12-11-25.pdf,0,False,False,False,,"No. 24-1063 IN THE Supreme Court of the United States _________ MUNSON P. HUNTER, III, Petitioner, v. UNITED STATES OF AMERICA, Respondent. _________ On Writ of Certiorari to the United States Court o"
term_25,24-1063,3,20251209150855424_HunterBrief_Amicus_12_8_25.pdf,0,False,False,False,,"No. 24-1063 IN THE__________________________________________________________________ Supreme Court of the United States ___________________________________________ MUNSON P. HUNTER III, Petitioner, v."
term_25,24-1063,4,20250827145414077_24-1063_--_Hunter_v_US.pdf,0,False,False,False,,"No. 24-1063 In the Supreme Court of the United States MUNSON P. HUNTER, III, PETITIONER v. UNITED STATES OF AMERICA ON PETITION FOR A WRIT OF CERTIORARI TO THE UNITED STATES COURT OF APPEALS FOR THE F"
term_25,24-1063,5,20251211172132957_24-1063acTexasCriminalDefenseLawyersAssociation.pdf,0,False,False,False,,"No. 24-1063 IN THE Supreme Court of the United States ———— MUNSON P. HUNTER, Petitioner, v. UNITED STATES OF AMERICA, Respondent. ———— On Writ of Certiorari to the United States Court of Appeals for t"
term_25,24-1063,6,20251208150213139_Hunter_Joint_Appendix.pdf,0,False,False,False,,"No. 24-1063 In the Supreme Court of the United States MUNSON P. HUNTER, III, PETITIONER, v. UNITED STATES OF AMERICA, RESPONDENT. ON WRIT OF CERTIORARI TO THE UNITED STATES COURT OF APPEALS FOR THE FI"
term_25,24-1063,7,20251204102014511_Hunter_Joint_Appendix.pdf,0,False,False,False,,"No. 24-1063 In the Supreme Court of the United States MUNSON P. HUNTER, III, PETITIONER, v. UNITED STATES OF AMERICA, RESPONDENT. ON WRIT OF CERTIORARI TO THE UNITED STATES COURT OF APPEALS FOR THE FI"
term_25,24-1063,8,20250508125139530_Hunter_Final.pdf,0,False,False,False,,"No. 24-1063 In the Supreme Court of the United States __________ MUNSON P. HUNTER III, Petitioner, v. UNITED STATES OF AMERICA, Respondent. __________ On Petition for a Writ of Certiorari to the Unite"
term_25,24-1063,9,20250827145414077_24-1063_--_Hunter_v_US.pdf,8,False,False,False,,"In the Supreme Court of the United States No. 24-1063 MUNSON P. HUNTER, III, PETITIONER v. UNITED STATES OF AMERICA ON PETITION FOR A WRIT OF CERTIORARI TO THE UNITED STATES COURT OF APPEALS FOR THE F"
term_25,24-1063,10,20260114182144958_24-1063bsUnitedStates.pdf,0,False,False,False,,"No. 24-1063 In the Supreme Court of the United States MUNSON P. HUNTER, III, PETITIONER v. UNITED STATES OF AMERICA ON WRIT OF CERTIORARI TO THE UNITED STATES COURT OF APPEALS FOR THE FIFTH CIRCUIT BR"
term_25,24-1068,1,20250507141614361_24-1068_Amicus_Brief.pdf,0,True,False,False,,"No. 24-1068 IN THE Supreme Court of the United States MONSANTO COMPANY, Petitioner, V. JOHN L. DURNELL Respondent. On Petition for Writ of Certiorari to the Missouri Court of Appeals—Eastern District "
term_25,24-1068,2,20260227135109756_24-1068_Amicus_Brief.pdf,0,True,False,False,,"No. 24-1068 IN THE Supreme Court of the United States MONSANTO COMPANY, Petitioner, V. JOHN L. DURNELL, Respondent. ON WRIT OF CERTIORARI TO THE MISSOURI COURT OF APPEALS—EASTERN DISTRICT BRIEF OF CRO"
term_25,24-1068,3,20260223143213285_24-1068_Final_Monsanto_v_Durnell_JA.pdf,0,True,False,False,,"No. 24-1068 In the Supreme Court of the United States ________________ MONSANTO COMPANY, Petitioner, v. JOHN L. DURNELL, Respondent. ________________ On Writ of Certiorari to the Missouri Court of App"
term_25,24-1068,4,20260223143047764_24-1068_Final_Monsanto_Co._v_Durnell_merits_opening_brief.pdf,0,True,False,False,,"No. 24-1068 In the Supreme Court of the United States ________________ MONSANTO COMPANY, Petitioner, v. JOHN L. DURNELL, Respondent. ________________ On Writ of Certiorari to the Missouri Court of App"
term_25,24-1068,5,20250509125723435_Monsanto_--_Amicus_Brief.pdf,0,True,False,False,,"No. 24-1068 IN THE Supreme Court of the United States MONSANTO COMPANY, Petitioner, v. JOHN L. DURNELL, Respondent. On Petition for a Writ of Certiorari to the Court of Appeals of Missouri, Eastern Di"
term_25,24-1068,6,20260223143213285_24-1068_Final_Monsanto_v_Durnell_JA.pdf,235,True,False,False,,". You must not make up your mind about the case until all evidence, and the closing arguments of the parties, have been presented to you. You must not comment on or discuss with anyone, not even among"
term_25,24-1068,7,20250404152744625_No._Petition.pdf,16,True,False,False,,. The Court should resolve this split now. The legal issues have been exhaustively ventilated and explored from every angle in lengthy opinions from multiple federal and state appellate courts. There 
term_25,24-1068,8,20250501085534714_24-1068_Brief.pdf,3,True,False,False,,"1 INTEREST OF THE AMICUS CURIAE 1 Established in 1977, the Atlantic Legal Foundation (ALF) is a national, nonprofit, nonpartisan, public interest law firm. ALF’s mission is to advance the rule of law "
term_25,24-1068,9,20250509164200219_24-1068_Brief_Amicus.pdf,0,True,False,False,,"No. 24-1068 IN THE Supreme Court of the United States MONSANTO COMPANY, Petitioner, v. JOHN L. DURNELL, Respondent. ON PETITION FOR A WRIT OF CERTIORARI TO THE COURT OF APPEALS OF MISSOURI, EASTERN DI"
term_25,24-1068,10,20251201170732560_24-1068_--_Monsanto_v._Durnell.pdf,0,True,False,False,,"No. 24-1068 In the Supreme Court of the United States MONSANTO COMPANY, PETITIONER v. JOHN L. DURNELL ON PETITION FOR A WRIT OF CERTIORARI TO THE MISSOURI COURT OF APPEALS BRIEF FOR THE UNITED STATES "
term_25,24-109,1,20241219161939870_24-109_Brief-updated.pdf,0,True,False,False,,"No. 24-109 In the Supreme Court of the United States STATE OF LOUISIANA, Appellant, v. PHILLIP CALLAIS, ET AL., Appellees. On Appeal from the United States District Court for the Western District of L"
term_25,24-109,2,20241223142254571_24-109_Louisiana_US_Amicus_Merits_final.pdf,6,True,False,False,,"In the Supreme Court of the United States No. 24-109 STATE OF LOUISIANA, APPELLANT v. PHILLIP CALLAIS, ET AL. No. 24-110 PRESS ROBINSON, ET AL., APPELLANTS v. PHILLIP CALLAIS, ET AL. ON APPEAL FROM TH"
term_25,24-109,3,20250128154716863_24-109_24-110_Amicus_Brief.pdf,21,True,False,False,,"12 constitutional right by changing what the right is.” City of Boerne, 521 U.S. at 519. Instead, Congress merely shifted the evidentiary burden on parties seeking to prove a violation of the Fifteent"
term_25,24-109,4,20241219200712778_Joint_Appendix_Volume_I.pdf,445,True,False,False,,. We successfully stayed the case at the United States Supreme Court for more than a year allowing the 2022 elections to proceed. Last October we filed for a writ of mandamus which was granted in the 
term_25,24-109,5,20240903151242324_24-109_Galmon_Amici_Brief.pdf,0,True,False,False,,"No. 24-109 IN THE Supreme Court of the United States _________ LOUISIANA, Appellant, v. PHILLIP CALLAIS, ET AL. Appellees. _________ On Appeal from the United States District Court for the Western Dis"
term_25,24-109,6,20250827134212077_Callais_-_Supplemental_Opening_Merits_Brief.pdf,0,True,True,False,,"No. 24-109 In the Supreme Court of the United States STATE OF LOUISIANA, Appellant, v. PHILLIP CALLAIS, ET AL., Appellees. On Appeal from the United States District Court for the Western District of L"
term_25,24-109,7,20241219200712778_Joint_Appendix_Volume_I.pdf,155,True,False,False,,"99 sought a stay at the 5th Circuit. We successfully stayed the case at the U.S. Supreme Court for more than a year, allowing our 2022 elections to proceed. Last October, we filed a writ of mandamus, "
term_25,24-109,8,20241219200712778_Joint_Appendix_Volume_I.pdf,457,True,False,False,,". To be clear, the fact that the Court is proceeding with the remedial phase of this case does not foreclose the Louisiana Legislature from exercising its “sovereign interest” by drawing a legally com"
term_25,24-109,9,20241219200712778_Joint_Appendix_Volume_I.pdf,133,True,False,False,,". Hunter, 517 U.S. 899, 915 (1996).3 Here, Plaintiffs offer expert evidence and legal argument to show that the Gingles preconditions cannot be satisfied, contrary to the decisions of the District Cou"
term_25,24-109,10,20241219200712778_Joint_Appendix_Volume_I.pdf,58,True,False,False,,"34 protected class elected in numbers equal to their proportion in the population.’” Id. at 10-11 (citing 52 U.S.C. § 10301(b); Thornburg v. Gingles, 478 U.S. 30, 43 (1986)). 8. The State also argued "
term_25,24-1159,1,20250808122930572_cert_reply_24-1159_Pitts_v_Mississippi.pdf,0,True,False,False,,"No. 24-1159 In the Supreme Court of the United States _________________________ JEFFREY CLYDE PITTS, Petitioner, V. MISSISSIPPI, Respondent. _________________________ On Petition for a Writ of Certior"
term_25,24-1159,2,20250729123049633_Pitts_v._MS_No._24-1159_BIO_final.pdf,0,True,False,False,,"No. 24-1159 In the Supreme Court of the United States JEFFREY CLYDE PITTS, Petitioner, v. THE STATE OF MISSISSIPPI, Respondent. On Petition for a Writ of Certiorari to the Supreme Court of Mississippi"
term_25,24-1159,3,20250509131914152_cert_petition_Pitts_v_Mississippi.pdf,29,True,False,False,,14 tually made individualized findings. But neither did so. The statute at issue in today’s case applies mandatorily and equally to four year olds confronting their fathers and to thirteen year olds c
term_25,24-1159,4,20250509131931150_appendix_Pitts_v_Mississippi.pdf,74,True,False,False,,"42a matter, as the statute is mandatory and uses “shall,” and the case did not depend upon its own circumstances, but on a general policy finding of trauma. The trial judge even clearly noted his conc"
term_25,24-1159,5,20250509131931150_appendix_Pitts_v_Mississippi.pdf,191,True,False,False,,"104a tim. Id. at 1340-41. Their testimony was inadmissible under the Mississippi Rules of Evidence but admissible under the Evidence of Child Sexual Abuse Act. Id. at 1341-44. On appeal, the Supreme C"
term_25,24-1159,6,20250509131931150_appendix_Pitts_v_Mississippi.pdf,25,True,False,False,,"16a ¶31. The United States Supreme Court has consistently defined the elements of confrontation as: (1) the witness is under oath, (2) the witness is subject to cross-examination, and (3) the witness "
term_25,24-1159,7,20250509131931150_appendix_Pitts_v_Mississippi.pdf,136,True,False,False,,"75a would “have had no need” to introduce the video of A.G.C.’s forensic interview, and, therefore, this Court also should not consider that evidence. Making such a tenuous connection appears to be th"
term_25,24-1159,8,20250509131931150_appendix_Pitts_v_Mississippi.pdf,124,True,False,False,,"69a the inherent power of the trial judge to control their courtroom. It is a longstanding rule that trial judges have the power to maintain control over the proceedings before it, one grounded in the"
term_25,24-1159,9,20250509131931150_appendix_Pitts_v_Mississippi.pdf,178,True,False,False,,". or caused her significant emotional distress. Indeed, at trial, A.G.C. testified that she loved and missed Pitts and that she would want to hold him and hug him if she could see him. Thus, in additi"
term_25,24-1159,10,20250509131931150_appendix_Pitts_v_Mississippi.pdf,5,True,False,False,,"4a he was done he said touch mine, touch mine.” AGC stated that no one else had ever done such acts to her. When asked by the SW whether anyone told her what to say during the interview, AGC denied th"
term_25,24-1234,1,20251219173435386_US_v._Hemani_-_Brief_for_Amici_Curiae_History_and_Law_Professors_in_Supp_74241d4f.pdf,0,True,False,False,,"No. 24-1234 In the Supreme Court of the United States UNITED STATES OF AMERICA, Petitioner, v. ALI DANIAL HEMANI, Respondent. On Writ of Certiorari to the United States Court of Appeals for the Fifth "
term_25,24-1234,2,20250805153055498_24-1234HemaniCertReply.pdf,0,True,False,False,,"No. 24-1234 In the Supreme Court of the United States UNITED STATES OF AMERICA, PETITIONER v. ALI DANIAL HEMANI ON PETITION FOR A WRIT OF CERTIORARI TO THE UNITED STATES COURT OF APPEALS FOR THE FIFTH"
term_25,24-1234,3,20260115133228705_Hemani_Brief_FINAL.pdf,0,True,False,False,,"No. 24-1234 In the Supreme Court of the United States UNITED STATES, PETITIONER v. ALI DANIEL HEMANI ON WRIT OF CERTIORARI TO THE UNITED STATES COURT OF APPEALS FOR THE FIFTH CIRCUIT BRIEF OF PROFESSO"
term_25,24-1234,4,20250805153055498_24-1234HemaniCertReply.pdf,5,True,False,False,,"III Miscellaneous—Continued: Page 4 William Blackstone, Commentaries on the Laws of England (10th ed. 1787) ......................................................... 2 In the Supreme Court of the Unit"
term_25,24-1234,5,20251219130626673_24-1234_Amicus_Brief.pdf,0,True,False,False,,"No. 24-1234 IN THE Supreme Court of the United States UNITED STATES OF AMERICA, Petitioner, v. ALI DANIAL HEMANI, Respondent. ON WRIT OF CERTIORARI TO THE UNITED STATES COURT OF APPEALS FOR THE FIFTH "
term_25,24-1234,6,20251215160310538_Hemani-Final.pdf,0,True,False,False,,"No. 24-1234 In the Supreme Court of the United States UNITED STATES, Petitioner, v. ALI DANIAL HEMANI. Respondent. ON WRIT OF CERTIORARI TO THE UNITED STATES COURT OF APPEALS FOR THE FIFTH CIRCUIT BRI"
term_25,24-1234,7,20251219131410902_Hemani_-_Amicus_Brief.pdf,0,True,False,False,,"No. 24-1234 IN THE Supreme Court of the United States UNITED STATES, Petitioner, v. ALI DANIAL HEMANI, Respondent. On Writ of Certiorari to the United States Court of Appeals for the Fifth Circuit BRI"
term_25,24-1234,8,20251212200434452_24-1234_Hemani_Opening_Brief_and_Appendix.pdf,0,True,False,False,,"No. 24-1234 In the Supreme Court of the United States UNITED STATES OF AMERICA, PETITIONER v. ALI DANIAL HEMANI ON WRIT OF CERTIORARI TO THE UNITED STATES COURT OF APPEALS FOR THE FIFTH CIRCUIT BRIEF "
term_25,24-1234,9,20251219162954705_24-1234_Amicus_Brief.pdf,49,True,False,False,,20 demonstrates the difficulty in discerning representative analogues. This Court fears it risks making incorrect historical findings because it lacks knowledge about other potentially pivotal histori
term_25,24-1234,10,20251219162954705_24-1234_Amicus_Brief.pdf,0,True,False,False,,"No. 24-1234 In the Supreme Court of the United States UNITED STATES, Petitioner, v. ALI DANIAL HEMANI, Respondent. On Writ of Certiorari to the United States Court of Appeals for the Fifth Circuit BRI"
term_25,24-1238,1,20251208143030745_TSC_Amicus_Final.pdf,0,True,False,False,,"No. 24-1238 In The Supreme Court of the United States SHAWN MONTGOMERY, Petitioner, v. CARIBE TRANSPORT II, LLC, ET AL., Respondents. On Writ of Certiorari to the United States Court of Appeals for th"
term_25,24-1238,2,20260114155612253_Honda_MAIN_E_FILE_Jan_14_26.pdf,0,True,False,False,,"NO. 24-1238 In the Supreme Court of the United States SHAWN MONTGOMERY, Petitioner, v. CARIBE TRANSPORT II, LLC, ET AL., Respondents. __________________________ On Writ of Certiorari to the United Sta"
term_25,24-1238,3,20251201145357842_24-1238_Joint_Appendix.pdf,0,True,False,False,,"No. 24-1238 In the Supreme Court of the United States ________________ SHAWN MONTGOMERY, Petitioner, v. CARIBE TRANSPORT II, LLC, YOSNIEL VARELA-MOJENA, C.H. ROBINSON COMPANY, C.H. ROBINSON COMPANY, I"
term_25,24-1238,4,20250707161819626_Final_-_NAM_Amicus_Brief.pdf,0,True,False,False,,"No. 24-1238 IN THE Supreme Court of the United States ------------------------------------------------------------ SHAWN MONTGOMERY, Petitioner, v. CARIBE TRANSPORT II, LLC, YOSNIEL VARELA-MOJENA, C.H"
term_25,24-1238,5,20251208172322016_24-1238_Amicus_Brief.pdf,0,True,False,False,,"No. 24-1238 In the Supreme Court of the United States SHAWN MONTGOMERY, Petitioner, v. CARIBE TRANSPORT II, LLC, et al., Respondents. On Writ of Certiorari to the United States Court of Appeals for th"
term_25,24-1238,6,20251208172322016_24-1238_Amicus_Brief.pdf,10,True,False,False,,. Each of us believes that legal scholarship should be concerned with and made useful to the decision of issues presently before the courts. We join this brief solely in our individual capacities as l
term_25,24-1238,7,20251208130646161_Cox_Amicus_Montgomery_v_Caribe.pdf,0,True,False,False,,"No. 24-1238 IN THE Supreme Court of the United States SHAWN MONTGOMERY, Petitioner, v. CARIBE TRANSPORT II, LLC, YOSNIEL VARELA-MOJENA, C.H. ROBINSON WORDWIDE, INC., C.H. ROBINSON COMPANY, C.H. ROBINS"
term_25,24-1238,8,20251208143700687_Montgomery_Amicus_Brief.pdf,0,True,False,False,,"No. 24-1238 In the Supreme Court of the United States ______________________________ SHAWN MONTGOMERY, Petitioner, v. CARIBE TRANSPORT II, LLC, ET AL., Respondents. ______________________________ ON W"
term_25,24-1238,9,20250707125855609_24-1238BriefForRespondentsCHRobinsonWorldwideInc.pdf,0,True,False,False,,"No. 24-1238 IN THE Supreme Court of the United States ———— SHAWN MONTGOMERY, Petitioner, v. CARIBE TRANSPORT II, LLC, YOSNIEL VARELA-MOJENA, C.H. ROBINSON WORLDWIDE, INC., C.H. ROBINSON COMPANY, C.H. "
term_25,24-1238,10,20251201145245920_24-1238_Brief_for_Petitioner.pdf,0,True,False,False,,"No. 24-1238 In the Supreme Court of the United States ________________ SHAWN MONTGOMERY, Petitioner, v. CARIBE TRANSPORT II, LLC, YOSNIEL VARELAMOJENA, C.H. ROBINSON COMPANY, C.H. ROBINSON COMPANY, IN"
term_25,24-1260,1,20250606130022508_Watson_v._RNC_Petition_and_Appendix.pdf,71,True,False,False,,. Together those opinions air the key arguments in a case that boils down to construing straightforward statutes. This case is an excellent vehicle. The case was decided on summary judgment and presen
term_25,24-1260,2,20250606130022508_Watson_v._RNC_Petition_and_Appendix.pdf,222,True,False,False,,". Moreover, as the Fifth Circuit has noted, it is difficult to “conceive that Congress intended the federal election day statutes to have the effect of impeding citizens in exercising their right to v"
term_25,24-1260,3,20260217135906640_24-1260_Amicus_Brief.pdf,0,True,False,False,,"No. 24-1260 IN THE Supreme Court of the United States MICHAEL WATSON, MISSISSIPPI SECRETARY OF STATE., Petitioner, v. REPUBLICAN NATIONAL COMMITTEE, ET AL, Respondents. On Writ of Certiorari to the Un"
term_25,24-1260,4,20260102121935930_No._24-1260_Brief_for_Petitioner.pdf,0,True,False,False,,"No. 24-1260 In the Supreme Court of the United States MICHAEL WATSON, MISSISSIPPI SECRETARY OF STATE, Petitioner, v. REPUBLICAN NATIONAL COMMITTEE, ET AL., Respondents. On Writ of Certiorari to the Un"
term_25,24-1260,5,20250811123444959_Watson_v._RNC_-_Cert_Petition_BIO_FINAL.pdf,0,True,False,False,,"No. 24-1260 In the Supreme Court of the United States MICHAEL WATSON, MISSISSIPPI SECRETARY OF STATE, Petitioner, v. REPUBLICAN NATIONAL COMMITTEE, ET AL., Respondents. On Petition for a Writ of Certi"
term_25,24-1260,6,20250811101542560_250806a_BIO_for_efiling.pdf,8,True,False,False,,"2 1175 (9th Cir. 2001), Voting Integrity Proj., Inc. v. Bomer, 199 F.3d 773, 774 (5th Cir. 2000), and Millsaps v. Thompson, 259 F.3d 535, 546 (6th Cir. 2001)). Because Mississippi’s statute, Miss. Cod"
term_25,24-1260,7,20260217180253502_24-1260_Brief.pdf,0,True,False,False,,"i No. 24-1260 In the Supreme Court of the United States MICHAEL WATSON, MISSISSIPPI SECRETARY OF STATE, Petitioner, v. REPUBLICAN NATIONAL COMMITTEE, ET AL., Respondents. On Writ of Certiorari to the "
term_25,24-1260,8,20260217121138048_24-1260_Amici_Brief.pdf,0,True,False,False,,"No. 24-1260 In the Supreme Court of the United States MICHAEL WATSON, MISSISSIPPI SECRETARY OF STATE, Petitioner, v. REPUBLICAN NATIONAL COMMITTEE, et al., Respondents. On Writ of Certiorari to the Un"
term_25,24-1260,9,20250606130022508_Watson_v._RNC_Petition_and_Appendix.pdf,14,True,False,False,,. The stakes are high: ballots cast by—but received after—election day can swing close races and change the course of the country. And this case is an excellent vehicle. The decision below is countere
term_25,24-1260,10,20260109122637479_24-1260_tsac_DNC.pdf,0,True,False,False,,"No. 24-1260 IN THE Supreme Court of the United States MICHAEL WATSON, MISSISSIPPI SECRETARY OF STATE, Petitioner, v. REPUBLICAN NATIONAL COMMITTEE, ET AL., Respondents. On Writ of Certiorari to the Un"
term_25,24-1287,1,20250618115445423_Learning_Resources_WLF_Amicus_Brief_18june2025.pdf,0,True,False,False,,"No. 24-1287 In the Supreme Court of the United States ____________ LEARNING RESOURCES, ET AL., Petitioners, v. DONALD J. TRUMP, ET AL., Respondents. ___________ On Petition for a Writ of Certiorari Be"
term_25,24-1287,2,20250923100530992_24-1287_Amicus_Brief_of_Professor_Chad_Squitieri.pdf,0,True,False,False,,"Nos. 24-1287 & 25-250 IN THE Supreme Court of the United States _____________________________ LEARNING RESOURCES, INC., ET AL., Petitioners, v. DONALD J. TRUMP, PRESIDENT OF THE UNITED STATES, ET AL.,"
term_25,24-1287,3,20250923141437495_Learning_Resources_v_Trump_Amicus_Brief.pdf,0,True,False,False,,"Nos. 24-1287 & 25-250 444444444444444444444444444444444444444444 IN THE Supreme Court of the United States ____________________ LEARNING RESOURCES, INC., ET AL., Petitioners, v. DONALD J. TRUMP, PRESI"
term_25,24-1287,4,20250919185919334_24-1287_Govt_leave_to_file_overlength_reply.pdf,1,True,False,False,,"2 Petitioners in No. 24-1287 and respondents in No. 25-250 do not oppose this request. On September 9, 2020, this Court granted the government’s petition for a writ of certiorari and motion to expedit"
term_25,24-1287,5,20250904140155779_No._24-1287_Letter.pdf,0,True,False,False,,"Akin Gump Strauss Hauer & Feld LLP T +1 202.887.4000 Robert S. Strauss Tower F +1 202.887.4288 2001 K Street, N.W. akingump.comWashington, DC 20006 Pratik A. Shah +1 202.887.4210/fax: +1 202.887.4288 "
term_25,24-1287,6,20250617121437410_No.-_Learning_Resources_Appendix.pdf,180,True,False,False,,"99a The last point I’d like to make is just the president—the Court can’t review the president’s compliance with IEEPA. Now, we focused today mainly on what the statute means, but in their briefing th"
term_25,24-1287,7,20250717130338678_Amicus_Brief.pdf,0,True,False,False,,"No. 24-1287 IN THE Supreme Court of the United States _____________ LEARNING RESOURCES, INC., ET AL, Petitioners, V. DONALD J. TRUMP, PRESIDENT OF THE UNITED STATES, ET AL. Respondent. _____________ O"
term_25,24-1287,8,20250617121437410_No.-_Learning_Resources_Appendix.pdf,183,True,False,False,,"101a case doesn’t arise out of the tariff schedule. It arises out of IEEPA. That is the substantive law under which the president acted. If there is any doubt about that, they cite on Page 6 of their "
term_25,24-1287,9,20250617121437410_No.-_Learning_Resources_Appendix.pdf,150,True,False,False,,". It’s a political question. I’m only asking you to decide that one legal issue. So this— THE COURT: Which I have to do anyway to determine venue. MR. SHAH: That’s right. To determine jurisdiction, be"
term_25,24-1287,10,20250617121437410_No.-_Learning_Resources_Appendix.pdf,144,True,False,False,,". The Supreme Court has said over and over again that ratification is about as weak a reed as you have in interpretation. Most recently in the BP case at 593 U.S. 230, it says when you’re not dealing "
term_25,24-171,1,20250905141225076_PK_Cox_Sony_SCOTUS_amicus.pdf,0,True,False,False,,"In the Supreme Court of the United States No. 24-171 COX COMMUNICATIONS, INC. AND COXCOM, LLC, PETITIONERS, V. SONY MUSIC ENTERTAINMENT, et al., RESPONDENTS. ___________ ON WRIT OF CERTIORARI TO THE U"
term_25,24-171,2,20250905173306311_Brief_for_Internet_Society_as_Amicus_Brief_Supporting_Cox_Commcns_Inc_an_63533767.pdf,0,True,False,False,,"No. 24-171 In the Supreme Court of the United States —————♦————— COX COMMUNICATIONS, INC. and COXCOM, LLC, Petitioners, v. SONY MUSIC ENTERTAINMENT, et al., Respondents. —————♦————— On Writ Of Certior"
term_25,24-171,3,20250904162138338_brief-cox-sony.pdf,0,True,False,False,,"No. 24-171 IN THE Supreme Court of the United States COX COMMUNICATIONS, INC. AND COXCOM, LLC, Petitioners, v. SONY MUSIC ENTERTAINMENT, ET AL., Respondents. ON WRIT OF CERTIORARI TO THE UNITED STATES"
term_25,24-171,4,20250905160708792_No._24-171_Amici_Brief.pdf,0,True,False,False,,"No. 24-171 In The Supreme Court of the United States ________________ COX COMMUNICATIONS, INC., et al., PETITIONERS, v. SONY MUSIC ENTERTAINMENT, et al., RESPONDENTS. ________________ ON WRIT OF CERTI"
term_25,24-171,5,20241016141825555_Cox_v_Sony_BIO_Final.pdf,0,True,False,False,,"No. 24-171 IN THE Supreme Court of the United States _________ COX COMMUNICATIONS, INC. AND COXCOM, LLC, Petitioners, v. SONY MUSIC ENTERTAINMENT, ET AL., Respondents. _________ On Petition for a Writ"
term_25,24-171,6,20250905195143457_24-171_tsac_grande.pdf,0,True,False,False,,"No. 24-171 In the Supreme Court of the United States COX COMMUNICATIONS, INC., ET AL., PETITIONERS v. SONY MUSIC ENTERTAINMENT, ET AL. ON WRIT OF CERTIORARI TO THE UNITED STATES COURT OF APPEALS FOR T"
term_25,24-171,7,20240912103323650_No._24-171_Brief.pdf,0,True,False,False,,"No. 24-171 In the Supreme Court of the United States COX COMMUNICATIONS, INC., et al., Petitioners, v. SONY MUSIC ENTERTAINMENT, et al., Respondents. On Petition for a Writ of Certiorari to the United"
term_25,24-171,8,20250905142327445_24-171_--_Cox_v_Sony_US.pdf,0,True,False,False,,"No. 24-171 In the Supreme Court of the United States COX COMMUNICATIONS, INC., ET AL., PETITIONERS v. SONY MUSIC ENTERTAINMENT, ET AL. ON WRIT OF CERTIORARI TO THE UNITED STATES COURT OF APPEALS FOR T"
term_25,24-171,9,20250905151314499_CCIA_SCOTUS_Cox_v._Sony_Amicus_Brief.pdf,0,True,False,False,,"No. 24-171 In the Supreme Court of the United States COX COMMUNICATIONS, INC., et al., Petitioners, v. SONY MUSIC ENTERTAINMENT, et al., Respondents. On Writ of Certiorari to the United States Court o"
term_25,24-171,10,20250905145238257_Cox_v_Sony_-_Google_et_al_amicus_brief.pdf,0,True,False,False,,"No. 24-171 In the Supreme Court of the United States COX COMMUNICATIONS, INC. AND COXCOM, LLC, Petitioners, v. SONY MUSIC ENTERTAINMENT, ET AL., Respondents. On Writ of Certiorari to the United States"
term_25,24-345,1,20251009145913210_24-345_Brief_for_Respondents.pdf,0,True,False,False,,"No. 24-345 In the Supreme Court of the United States ________________ FS CREDIT OPPORTUNITIES CORP. et al., Petitioners, v. SABA CAPITAL MASTER FUND, LTD. et al., Respondents. ________________ On Writ"
term_25,24-345,2,20250827174947861_FS_Credit_Opportunities_Corp._v._Saba_-_Opening_Brief_FILE.pdf,57,True,False,False,,"21 remains that Congress shows its intent through statutory text, CTS Corp. v. Waldburger, 573 U.S. 1, 12 (2014), and, as is always the case with statutory interpretation, “legal context matters only "
term_25,24-345,3,20250903121256244_2025-09-03_No._24-345_-_Chamber_-_FS_Credit_Amicus_Brief_-_Merits.pdf,0,True,False,False,,"No. 24-345 In the Supreme Court of the United States —————————— FS CREDIT OPPORTUNITIES CORP., ET AL., Petitioners, v. SABA CAPITAL MASTER FUND, LTD., ET AL., Respondents. —————————— ON WRIT OF CERTIO"
term_25,24-345,4,20241217171420123_24-345_Brief_in_Opposition.pdf,0,True,False,False,,"No. 24-345 In the Supreme Court of the United States FS CREDIT OPPORTUNITIES CORP., et al., Petitioners, v. SABA CAPITAL MASTER FUND, LTD., et al., Respondents. On Petition for a Writ of Certiorari to"
term_25,24-345,5,20250903163452977_24-345_Amicus_Brief.pdf,0,True,False,False,,"No. 24-345 In the Supreme Court of the United States FS CREDIT OPPORTUNITIES CORP., ET AL., Petitioners, v. SABA CAPITAL MASTER FUND, LTD., ET AL., Respondents. On Writ of Certiorari to the United Sta"
term_25,24-345,6,20250903170826529_No._24-345_-_ICI_et_al_Amici_Brief.pdf,61,True,False,False,,". Moreover, as demonstrated by the long history of private litigation involving registered funds, such claims are typically motivated by self-interested agendas like 6 It is also unclear that TAMA’s r"
term_25,24-345,7,20250903170826529_No._24-345_-_ICI_et_al_Amici_Brief.pdf,0,True,False,False,,"No. 24-345 In the Supreme Court of the United States FS CREDIT OPPORTUNITIES CORP., ET AL., PETITIONERS v. SABA CAPITAL MASTER FUND, LTD., ET AL. ON WRIT OF CERTIORARI TO THE UNITED STATES COURT OF AP"
term_25,24-345,8,20250827174947861_FS_Credit_Opportunities_Corp._v._Saba_-_Opening_Brief_FILE.pdf,0,True,False,False,,"No. 24-345 In the Supreme Court of the United States ________________________________________ FS CREDIT OPPORTUNITIES CORP., ET AL., PETITIONERS v. SABA CAPITAL MASTER FUND, LTD., ET AL. _____________"
term_25,24-345,9,20250522141630237_24-345FSCreditCVSGfinal.pdf,0,True,False,False,,"No. 24-345 In the Supreme Court of the United States FS CREDIT OPPORTUNITIES CORP., ET AL., PETITIONERS v. SABA CAPITAL MASTER FUND, LTD., ET AL. ON PETITION FOR A WRIT OF CERTIORARI TO THE UNITED STA"
term_25,24-345,10,20250903162813269_24-345_FSCredit_Merits_Amicus.pdf,0,True,False,False,,"No. 24-345 In the Supreme Court of the United States FS CREDIT OPPORTUNITIES CORP., ET AL., PETITIONERS v. SABA CAPITAL MASTER FUND, LTD., ET AL. ON WRIT OF CERTIORARI TO THE UNITED STATES COURT OF AP"
term_25,24-351,1,20250820153048664_APAW_Post_Office_Br.pdf,0,True,False,False,,"No. 24-351 In the Supreme Court of the United States UNITED STATES POSTAL SERVICE, ET AL., Petitioners, v. LEBENE KONAN, Respondent. On Writ of Certiorari to the U.S. Court of Appeals for the Fifth Ci"
term_25,24-351,2,20250820165524562_Konan_Amicus_8.20.25.pdf,0,True,False,False,,"No. 24-351 In the Supreme Court of the United States UNITED STATES POSTAL SERVICE, ET AL., Petitioners, v. LEBENE KONAN On Writ of Certiorari to the United States Court of Appeals for the Fifth Circui"
term_25,24-351,3,20250624154749691_24-351tsUnitedStates.pdf,0,True,False,False,,"No. 24-351 In the Supreme Court of the United States UNITED STATES POSTAL SERVICE, ET AL., PETITIONERS v. LEBENE KONAN ON WRIT OF CERTIORARI TO THE UNITED STATES COURT OF APPEALS FOR THE FIFTH CIRCUIT"
term_25,24-351,4,20250820102023224_2025.08.20_-_Konan_FTCA_amicus_brief.pdf,0,True,False,False,,"No. 24-351 In The Supreme Court of the United States UNITED STATES POSTAL SERVICE, ET AL., Petitioners, v. LEBENE KONAN, Respondent. On Writ of Certiorari to the United States Court of Appeals for the"
term_25,24-351,5,20250624154749691_24-351tsUnitedStates.pdf,12,True,False,False,,"In the Supreme Court of the United States No. 24-351 UNITED STATES POSTAL SERVICE, ET AL., PETITIONERS v. LEBENE KONAN ON WRIT OF CERTIORARI TO THE UNITED STATES COURT OF APPEALS FOR THE FIFTH CIRCUIT"
term_25,24-351,6,20250820102023224_2025.08.20_-_Konan_FTCA_amicus_brief.pdf,4,True,False,False,,1 Interest of Amicus Curiae1 The Institute for Justice (IJ) is a nonprofit publicinterest law firm that defends the foundations of a free society by securing greater protection for individual liberty.
term_25,24-351,7,20250820102023224_2025.08.20_-_Konan_FTCA_amicus_brief.pdf,8,True,False,False,,"3 the statute, and consulting any precedents or authorities that inform the analysis”).2 As described below, the current remedial landscape typically means it’s the FTCA or nothing when it comes to re"
term_25,24-351,8,20240927121441285_USPS_v._Konan_Cert_Petn.pdf,74,True,False,False,,"12a (1983) (applying § 1985(3) and finding there was no animus, so it was inapplicable to the federal actors); see also Ziglar v. Abbasi, 137 S. Ct. 1843, 1865-69 (2017) (applying § 1985(3) to protect"
term_25,24-351,9,20240927121441285_USPS_v._Konan_Cert_Petn.pdf,84,True,False,False,,". 1996)). The court must accept all factual allegations in the complaint as true. See Den Norske Stats Oljeselskap As v. HeereMac Vof, 241 F.3d 420, 424 (5th Cir. 2001). If the court determines that i"
term_25,24-351,10,20250820102023224_2025.08.20_-_Konan_FTCA_amicus_brief.pdf,16,True,False,False,,". Buchanan, 71 F.4th at 1016 (Walker, J., concurring) (citing 28 U.S.C. 2679(b)(1)). The Westfall Act did, however, preserve against federal officials the availability of “a civil action * * * brought"
term_25,24-440,1,20250806144953603_HF_Berk_v_Choy_Amicus_Br_Final.pdf,0,True,False,False,,"No. 24-440 IN THE Supreme Court of the United States HAROLD R. BERK, Petitioner, v. WILSON C. CHOY, ET AL., Respondents. On Writ of Certiorari to the United States Court of Appeals for the Third Circu"
term_25,24-440,2,20250807102418973_24-440_Amicus_Brief.pdf,0,True,False,False,,"No. 24-440 IN THE Supreme Court of the United States HAROLD R. BERK, Petitioner, v. WILSON C. CHOY, ET AL., Respondents. On Writ of Certiorari to the United States Court of Appeals for the Third Circu"
term_25,24-440,3,20250805100935409_24-440_Amicus_Brief.pdf,0,True,False,False,,"No. 24-440 IN THE Supreme Court of the United States _______________ HAROLD R. BERK, Petitioner, v. WILSON C. CHOY, ET AL., Respondents. _______________ On Writ of Certiorari to the United States Cour"
term_25,24-440,4,20250603154713747_AAJ_Corrected_Amicus_Br_Berk_v_Choy.pdf,0,True,False,False,,"No. 24-440 IN THE Supreme Court of the United States HAROLD R. BERK, Petitioner, v. WILSON C. CHOY, M.D., ET AL., Respondents. On Writ of Certiorari to the United States Court of Appeals for the Third"
term_25,24-440,5,20250806152544188_DoctorsChoy_Amici_MAIN_E_FILE_Aug_06_25.pdf,0,True,False,False,,"NO. 24-440 In the Supreme Court of the United States HAROLD R. BERK, Petitioner, v. WILSON C. CHOY, ET AL, Respondents. __________________________ On Writ of Certiorari to the United States Court of A"
term_25,24-440,6,20250127123009257_24-440_Brief_in_Opposition.pdf,0,True,False,False,,"No. 24-440 In the Supreme Court of the United States HAROLD R. BERK, Petitioner, v. WILSON C. CHOY, et al., Respondents. On Petition for a Writ of Certiorari to the United States Court of Appeals for "
term_25,24-440,7,20250730134911483_24-440_Brief_for_Respondent_Beebe_Medical_Center.pdf,0,True,False,False,,"No. 24-440 In the Supreme Court of the United States __________ HAROLD R. BERK, Petitioner, v. WILSON C. CHOY; BEEBE MEDICAL CENTER, INC., Respondents. _____________ On Writ of Certiorari to the Unite"
term_25,24-440,8,20250730103514425_24-440_Brief_for_Respondent_Wilson_C._Choy_MD.pdf,0,True,False,False,,"No. 24-440 In the Supreme Court of the United States HAROLD R. BERK, Petitioner, v. WILSON C. CHOY, MD, ET AL., Respondents. On Writ of Certiorari to the United States Court of Appeals for the Third C"
term_25,24-440,9,20250527152003264_24-440--Berk-_Joint_Appendix_05-27_rtf.pdf,0,True,False,False,,"No. 24-440 IN THE Supreme Court of the United States ———— HAROLD R. BERK, Petitioner, v. WILSON C. CHOY, et al., Respondents. ———— On Writ of Certiorari to the United States Court of Appeals for the T"
term_25,24-440,10,20250804145148054_24-440_Amici_Brief.pdf,0,True,False,False,,"No. 24-440 In the Supreme Court of the United States ___________________________ HAROLD R. BERK, Petitioner, v. WILSON C. CHOY, etal., Respondents. __________________________ On Writ of Certiorari to "
term_25,24-482,1,20250630145157401_24-482_Amicus_Brief.pdf,0,True,False,False,,"No. 24-482 IN THE Supreme Court of the United States _______________ HOLSEY ELLINGBURG, JR., Petitioner, v. UNITED STATES, Respondent. _______________ On Writ of Certiorari to the United States Court "
term_25,24-482,2,20250207153628918_24-482_Ellingburg_opp_Final.pdf,0,True,False,False,,"No. 24-482 In the Supreme Court of the United States HOLSEY ELLINGBURG, JR., PETITIONER v. UNITED STATES OF AMERICA ON PETITION FOR A WRIT OF CERTIORARI TO THE UNITED STATES COURT OF APPEALS FOR THE E"
term_25,24-482,3,20250623134532060_Ellingburg_Brief_for_Petitioner.pdf,0,True,False,False,,"No. 24-482 In the Supreme Court of the United States HOLSEY ELLINGBURG, JR. PETITIONER, v. UNITED STATES OF AMERICA, RESPONDENT. ON WRIT OF CERTIORARI TO THE UNITED STATES COURT OF APPEALS FOR THE EIG"
term_25,24-482,4,20250512162317791_letter_24-482.pdf,0,True,False,False,,"U.S. Department of Justice Office of the Solicitor General The Solicitor General Washington, D.C. 20530 May 12, 2025 Honorable Scott S. Harris Clerk Supreme Court of the United States Washington, D.C."
term_25,24-482,5,20250630144636430_Ellingburg_v._US_Final.pdf,0,True,False,False,,"No. 24-482 In the Supreme Court of the United States __________ HOLSEY ELLINGBURG, JR., Petitioner, v. UNITED STATES OF AMERICA, Respondent. __________ On Writ of Certiorari to the United States Court"
term_25,24-482,6,20250630135048584_Ellingburg_-_NACDL_FAMM_Amicus.pdf,0,True,False,False,,"No. 24-482 IN THE Supreme Court of the United States __________________ HOLSEY ELLINGBURG, JR., Petitioner, v. UNITED STATES OF AMERICA, Respondent. __________________ On Writ of Certiorari to the Uni"
term_25,24-482,7,20250623134532060_Ellingburg_Brief_for_Petitioner.pdf,22,True,False,False,,"In the Supreme Court of the United States No. 24-482 HOLSEY ELLINGBURG, JR. PETITIONER, v. UNITED STATES OF AMERICA, RESPONDENT. ON WRIT OF CERTIORARI TO THE UNITED STATES COURT OF APPEALS FOR THE EIG"
term_25,24-482,8,20250623190708188_24-482_Ellingburg_Opening_Brief_final.pdf,0,True,False,False,,"No. 24-482 In the Supreme Court of the United States HOLSEY ELLINGBURG, JR., PETITIONER v. UNITED STATES OF AMERICA ON WRIT OF CERTIORARI TO THE UNITED STATES COURT OF APPEALS FOR THE EIGHTH CIRCUIT B"
term_25,24-482,9,20250630104952704_Ellingburg_CAC_Amicus.pdf,0,True,False,False,,"No. 24-482 IN THE Supreme Court of the United States HOLSEY ELLINGBURG, JR., Petitioner, v. UNITED STATES OF AMERICA, Respondent. On Writ of Certiorari to the United States Court of Appeals for the Ei"
term_25,24-482,10,20250630123852432_24-482--Ellingburg_Amici_Curiae_Restitution_Scholars_06-30_rtf.pdf,0,True,False,False,,"No. 24-482 In the Supreme Court of the United States HOLSEY ELLINGBURG, JR., PETITIONER, v. UNITED STATES OF AMERICA ON WRIT OF CERTIORARI TO THE UNITED STATES COURT OF APPEALS FOR THE EIGHTH CIRCUIT "
term_25,24-539,1,20250606092328087_24-539_Amicus_Brief_of_National_Religious_Broadcasters.pdf,0,True,False,False,,"No. 24-539 IN THE Supreme Court of the United States KALEY CHILES, Petitioner, v. PATTY SALAZAR, IN HER OFFICIAL CAPACITY AS EXECUTIVE DIRECTOR OF THE COLORADO DEPARTMENT OF REGULATORY AGENCIES, ET AL"
term_25,24-539,2,20250611132204594_24-539_Amicus_Brief.pdf,0,True,False,False,,"No. 24-539 In the Supreme Court of the United States KALEY CHILES, Petitioner, v. PATTY SALAZAR, in her official capacity as Executive Director of the Colorado Department of Regulatory Agencies, et al"
term_25,24-539,3,20250613120637746_Natl_Assn_of_Scholars_Amicus_24-539.pdf,0,True,False,False,,"No. 24-539 In the Supreme Court of the United States _______________ KALEY CHILES, Petitioner, v. PATTY SALAZAR, in her official capacity as Executive Director of the Department of Regulatory Agencies"
term_25,24-539,4,20250613122921028_24-539_Amicus_Brief.pdf,0,True,False,False,,"NO. 24-539 IN THE Supreme Court of the United States KALEY CHILES, Petitioner, v. PATTY SALAZAR, in Her Official Capacity as Executive Director of the Colorado Department of Regulatory Agencies, et al"
term_25,24-539,5,20250715132118012_Scotus_Amicus_Brief_-_Chiles_v_Salazar_-_2025_06_11_-_Copyright_2025_by__943149a7.pdf,0,True,False,False,,"No. 24-539 In The Supreme Court of the United States ––––––––♦–––––––– KALEY CHILES, Petitioner, v. PATTY SALAZAR, in her official capacity as Executive Director of the Department of Regulatory Agenci"
term_25,24-539,6,20250826101129291_24-539_Amicus_Brief.pdf,0,True,False,False,,"No. 24-539 IN THE Supreme Court of the United States _________ KALEY CHILES, Petitioner, v. PATTY SALAZAR, in her official capacity as Executive Director of the Colorado Department of Regulatory Agenc"
term_25,24-539,7,20241213144914765_24-539_Amicus_Brief.pdf,0,True,False,False,,"NO. 24-539 IN THE Supreme Court of the United States KALEY CHILES, Petitioner, v. PATTY SALAZAR, in her official capacity as Executive Director of the Department of Regulatory Agencies, et al., Respon"
term_25,24-539,8,20250613101231453_250610a_AC_Brief_for_efiling.pdf,0,True,False,False,,"No. 24-539 In The Supreme Court of the United States KALEY CHILES, Petitioner, v. PATTY SALAZAR, IN HER OFFICIAL CAPACITY AS EXECUTIVE DIRECTOR OF THE COLORADO DEPARTMENT OF REGULATORY AGENCIES, ET AL"
term_25,24-539,9,20250612200821161_24-539tsacUnitedStates.pdf,11,True,False,False,,"In the Supreme Court of the United States No. 24-539 KALEY CHILES, PETITIONER v. PATTY SALAZAR, IN HER OFFICIAL CAPACITY AS EXECUTIVE DIRECTOR OF THE COLORADO DEPARTMENT OF REGULATORY AGENCIES, ET AL."
term_25,24-539,10,20250612160707287_24-539_Brief.pdf,0,True,False,False,,"No. 24-539 IN THE Supreme Court of the United States _____________________________ KALEY CHILES, Petitioner, v. PATTY SALAZAR, in her official capacity as Executive Director of the Department of Regul"
term_25,24-5438,1,20250822124903073_20250822_FINAL_Amicus_ISO_QP1_Brief_w_Addendum.pdf,73,True,False,False,,36 prisoners makes it completely unsurprising—and perfectly fair—that the same rule applies to the remaining subset of cases. AEDPA’s statute of limitations confirms there is nothing unfair or unusual
term_25,24-5438,2,20241209104948332_Cert_Reply_12-9_FINAL.pdf,0,True,False,False,,"No. 24-5438 IN THE Supreme Court of the United States ______________ MICHAEL BOWE, Petitioner, v. UNITED STATES OF AMERICA, Respondent. ______________ On Petition for a Writ of Certiorari to the Unite"
term_25,24-5438,3,20250414144117557_Bowe_v._US_--_Amicus_Brief_--_Final.pdf,0,True,False,False,,"No. 24-5438 IN THE Supreme Court of the United States ___________ MICHAEL BOWE, Petitioner, v. UNITED STATES OF AMERICA, Respondent. ___________ On Writ of Certiorari to the United States Court of App"
term_25,24-5438,4,20250414141745925_24-5438acTheNationalAssociationOfFederalDefenders.pdf,0,True,False,False,,"No. 24-5438 IN THE Supreme Court of the United States ———— MICHAEL BOWE, Petitioner, v. UNITED STATES, Respondent. ———— On Writ of Certiorari to the United States Court of Appeals For the Eleventh Cir"
term_25,24-5438,5,20250414143026360_Final_Amicus_Brief.pdf,0,True,False,False,,"No. 24-5438 IN THE Supreme Court of the United States ———— MICHAEL BOWE, Petitioner, v. UNITED STATES, Respondent. ———— On Writ of Certiorari to the United States Court of Appeals for the Eleventh Cir"
term_25,24-5438,6,20250409163818176_Bowe_Joint_Appendix_-_FINAL.pdf,47,True,False,False,,"34 cence. Id. at 496; see also Bousley, 523 U.S. at 623 (“‘actual innocence’ means factual innocence, not mere legal insufficiency”); Sawyer v. Whitley, 505 U.S. 333, 339 (1992) (“the miscarriage of j"
term_25,24-5438,7,20250414143026360_Final_Amicus_Brief.pdf,9,True,False,False,,"2 proceeding with small-firm counsel, and intervenes on the parties’ behalf to assist in the preparation of the case presented on appeal. RBB thus has an interest in seeing that courts do not impose a"
term_25,24-5438,8,20250822124903073_20250822_FINAL_Amicus_ISO_QP1_Brief_w_Addendum.pdf,0,True,False,False,,"No. 24-5438 In the Supreme Court of the United States ________________ MICHAEL BOWE, Petitioner, v. UNITED STATES, Respondent. ________________ On Writ of Certiorari to the United States Court of Appe"
term_25,24-5438,9,20250409163818176_Bowe_Joint_Appendix_-_FINAL.pdf,0,True,False,False,,"No. 24-5438 IN THE Supreme Court of the United States __________________________________________________________________ MICHAEL BOWE, Petitioner, v. UNITED STATES OF AMERICA, Respondent. ____________"
term_25,24-5438,10,20250407132513522_Bowe_Merits_Brief_FINAL.pdf,28,True,False,False,,9 that it remained bound by Baptiste until that case was overruled by this Court or the en banc Eleventh Circuit. Id. The court also summarized the arguments presented in his en banc petition and summ
term_25,24-556,1,20250811120549773_24-556_Amicus_Brief.pdf,0,True,False,False,,"No. 24-556 In the Supreme Court of the United States JOE FERNANDEZ, Petitioner, v. UNITED STATES, Respondent. On Writ of Certiorari to the United States Court of Appeals for the Second Circuit BRIEF O"
term_25,24-556,2,20250207160417684_24-556_Fernandez.pdf,7,True,False,False,,"In the Supreme Court of the United States No. 24-556 JOE FERNANDEZ, PETITIONER v. UNITED STATES OF AMERICA ON PETITION FOR A WRIT OF CERTIORARI TO THE UNITED STATES COURT OF APPEALS FOR THE SECOND CIR"
term_25,24-556,3,20250804170159276_24-556_Joint_Appendix.pdf,0,True,False,False,,"No. 24-556 In the Supreme Court of the United States JOE FERNANDEZ, Petitioner, v. UNITED STATES, Respondent. On Writ of Certiorari to the United States Court of Appeals for the Second Circuit JOINT A"
term_25,24-556,4,20250811160940824_24-556_Amicus_Brief.pdf,0,True,False,False,,"No. 24-556 In the Supreme Court of the United States Joe Fernandez, Petitioner, v. United States of America, Respondent. On Writ for Certiorari to the United States Court of Appeals for the Second Cir"
term_25,24-556,5,20250811152220171_24-556_tsac_Senators_Durbin_and_Booker.pdf,0,True,False,False,,"No. 24-556 IN THE Supreme Court of the United States JOE FERNANDEZ, Petitioner, v. UNITED STATES OF AMERICA, Respondent. ON WRIT OF CERTIORARI TO THE UNITED STATES COURT OF APPEALS FOR THE SECOND CIRC"
term_25,24-556,6,20250811150056656_Fernandez_amicus_efile.pdf,0,True,False,False,,"No. 24-556 IN THE Supreme Court of the United States _______________________ JOE FERNANDEZ, Petitioner, v. UNITED STATES, Respondent. _______________________ On Writ of Certiorari to the United States"
term_25,24-556,7,20250811165153568_24-556.tsac.Von_Vader.pdf,0,True,False,False,,"No. 24-556 In the Supreme Court of the United States JOE FERNANDEZ, Petitioner, v. UNITED STATES, Respondent. On a Writ of Certiorari to the United States Court of Appeals for the Second Circuit BRIEF"
term_25,24-556,8,20250804171506200_24-556_Brief_of_Petitioner.pdf,0,True,False,False,,"No. 24-556 IN THE Supreme Court of the United States JOE FERNANDEZ, Petitioner, V. UNITED STATES, Respondent. ON WRIT OF CERTIORARI TO THE UNITED STATES COURT OF APPEALS FOR THE SECOND CIRCUIT BRIEF F"
term_25,24-556,9,20241113102214862_No_24-_Petition.pdf,109,True,False,False,,"35a Appendix C (internal quotation marks omitted); see also Concepcion, 142 S.Ct. at 2404. The relevant policy statement provides that a reduction is permitted if “[e]xtraordinary and compelling reaso"
term_25,24-556,10,20250925163944602_24-556bsUnitedStates.pdf,0,True,False,False,,"No. 24-556 In the Supreme Court of the United States JOE FERNANDEZ, PETITIONER v. UNITED STATES OF AMERICA ON WRIT OF CERTIORARI TO THE UNITED STATES COURT OF APPEALS FOR THE SECOND CIRCUIT BRIEF FOR "
term_25,24-557,1,20250305130135816_cert_reply_24-557_Villarreal_v_Texas.pdf,0,True,False,False,,"No. 24-557 In the Supreme Court of the United States _________________________ DAVID ASA VILLARREAL, Petitioner, V. TEXAS, Respondent. _________________________ On Petition for a Writ of Certiorari to"
term_25,24-557,2,20250305130135816_cert_reply_24-557_Villarreal_v_Texas.pdf,22,True,False,False,,". V. This case is an ideal vehicle. Texas offers two arguments in support of its claim that this case is a poor vehicle for answering the question presented, BIO 29-31, but neither argument is correct"
term_25,24-557,3,20250603151113462_Brief_for_Petitioner_24-557_Villarreal_v_Texas.pdf,0,True,False,False,,"No. 24-557 In the Supreme Court of the United States _________________________ DAVID ASA VILLARREAL, Petitioner, V. TEXAS, Respondent. _________________________ On Writ of Certiorari to the Court of C"
term_25,24-557,4,20250715121208901_Respondent_Merits_Brief.pdf,0,True,False,False,,"No. 24-557 In the Supreme Court of the United States __________________ DAVID ASA VILLARREAL, PETITIONER, v. TEXAS, RESPONDENT. ___________________ ON WRIT OF CERTIORARI TO THE TEXAS COURT OF CRIMINAL"
term_25,24-557,5,20250225093718236_250219a_BIO_for_efiling.pdf,0,True,False,False,,"No. 24-557 In the Supreme Court of the United States __________________ DAVID ASA VILLARREAL, PETITIONER, v. TEXAS, RESPONDENT. ___________________ ON PETITION FOR A WRIT OF CERTIORARI TO THE COURT OF"
term_25,24-557,6,20250610150336400_24-557_tsac_Legal_Ethics_Scholars.pdf,0,True,False,False,,"No. 24-557 IN THE Supreme Court of the United States __________ DAVID ASA VILLARREAL, Petitioner, v. TEXAS, Respondent. __________ On Writ of Certiorari to the Court of Criminal Appeals of Texas _____"
term_25,24-557,7,20250722162240669_24-557bsac_Villarreal.pdf,8,True,False,False,,"In the Supreme Court of the United States No. 24-557 DAVID ASA VILLARREAL, PETITIONER v. STATE OF TEXAS ON WRIT OF CERTIORARI TO THE COURT OF CRIMINAL APPEALS OF TEXAS BRIEF FOR THE UNITED STATES AS A"
term_25,24-557,8,20250722142604339_Villarreal_Merits_Amicus.pdf,0,True,False,False,,"No. 24-557 In the Supreme Court of the United States ______________________________ DAVID ASA VILLARREAL, Petitioner, v. TEXAS, Respondent. ______________________________ ON WRIT OF CERTIORARI TO THE "
term_25,24-557,9,20250814145054183_Reply_Brief_24-557_Villarreal_v_Texas.pdf,0,True,False,False,,"No. 24-557 In the Supreme Court of the United States _________________________ DAVID ASA VILLARREAL, Petitioner, V. TEXAS, Respondent. _________________________ On Writ of Certiorari to the Court of C"
term_25,24-557,10,20250603154952134_24-557_Amicus_Brief.pdf,0,True,False,False,,"No. 24-557 In the Supreme Court of the United States DAVID ASA VILLARREAL, Petitioner, v. TEXAS, Respondent. On Writ of Certiorari to the Court of Criminal Appeals of Texas BRIEF OF THE NATIONAL COLLE"
term_25,24-568,1,20250729103317381_24-568_tsac_CenterforElectionConfidence_PDFA.pdf,0,True,False,False,,"No. 24-568 In the Supreme Court of the United States _____________ MICHAEL J. BOST, et al., Petitioners, v. ILLINOIS STATE BOARD OF ELECTIONS, et al., Respondents. _____________ On Writ of Certiorari "
term_25,24-568,2,20250729170050932_24-568_Merits_Amicus.pdf,0,True,False,False,,"No. 24-568 In the Supreme Court of the United States MICHAEL J. BOST, ET AL., Petitioners, v. ILLINOIS STATE BOARD OF ELECTIONS, ET AL., Respondents. On Writ of Certiorari to the United States Court o"
term_25,24-568,3,20250729152625276_24-568_Amicus_Brief.pdf,0,True,False,False,,"No. 24-568 IN THE Supreme Court of the United States _______________ MICHAEL J. BOST, et al., Petitioners, v. ILLINOIS STATE BOARD OF ELECTIONS, et al., Respondents. _______________ On Writ of Certior"
term_25,24-568,4,20250729084217483_24-568_Amicus_Brief_of_The_American_Center_for_Law_and_Justice.pdf,0,True,False,False,,"No. 24-568 In the Supreme Court of the United States ______________ MICHAEL J. BOST, ET AL., Petitioners v. ILLINOIS STATE BOARD OF ELECTIONS, ET AL., Respondents ______________ On Writ of Certiorari "
term_25,24-568,5,20250729171858044_24-568_Amicus_Brief.pdf,0,True,False,False,,"No. 24-568 In the Supreme Court of the United States MICHAEL J. BOST, et al., Petitioners, v. ILLINOIS STATE BOARD OF ELECTIONS, et al., Respondents. On Writ of Certiorari to the United States Court o"
term_25,24-568,6,20250729132940265_Bost_v_Illinois_-_RITE_Amicus_7.29.25_final.pdf,0,True,False,False,,"No. 24-568 In the Supreme Court of the United States MICHAEL J. BOST, ET AL., Petitioners, v. ILLINOIS STATE BOARD OF ELECTIONS, ET AL., Respondents. On Writ of Certiorari to the United States Court o"
term_25,24-568,7,20250729190305459_24-568tsUnitedStates.pdf,8,True,False,False,,"In the Supreme Court of the United States No. 24-568 MICHAEL J. BOST, ET AL., PETITIONERS v. ILLINOIS STATE BOARD OF ELECTIONS, ET AL. ON WRIT OF CERTIORARI TO THE UNITED STATES COURT OF APPEALS FOR T"
term_25,24-568,8,20250729155808008_24-568_Amici_Curiae_Brief.pdf,0,True,False,False,,"No. 24-568 IN THE Supreme Court of the United States MICHAEL J. BOST, ET AL., Petitioners, v. ILLINOIS STATE BOARD OF ELECTIONS, ET AL., Respondents. ON WRIT OF CERTIORARI TO THE UNITED STATES COURT O"
term_25,24-568,9,20241119111622226_241110a_Appendix_for_efiling.pdf,15,True,False,False,,". (cleaned up). This rationale also informed the Supreme Court’s holding in Gill v. Whitford, 585 U.S. 48, 64 (2018). That case involved a challenge to a redistricting plan in Wisconsin. In determinin"
term_25,24-568,10,20250425101539861_250427a_Reply_for_efiling.pdf,0,True,False,False,,"No. 24-568 In the Supreme Court of the United States MICHAEL J. BOST, ET AL., Petitioners, v. ILLINOIS STATE BOARD OF ELECTIONS and BERNADETTE MATTHEWS, in her official capacity as the Executive Direc"
term_25,24-5774,1,20250827145547542_24-5774rbUnitedStates.pdf,0,True,False,False,,"No. 24-5774 In the Supreme Court of the United States DWAYNE BARRETT, PETITIONER v. UNITED STATES OF AMERICA ON WRIT OF CERTIORARI TO THE UNITED STATES COURT OF APPEALS FOR THE SECOND CIRCUIT REPLY BR"
term_25,24-5774,2,20250827145547542_24-5774rbUnitedStates.pdf,6,True,False,False,,"In the Supreme Court of the United States No. 24-5774 DWAYNE BARRETT, PETITIONER v. UNITED STATES OF AMERICA ON WRIT OF CERTIORARI TO THE UNITED STATES COURT OF APPEALS FOR THE SECOND CIRCUIT REPLY BR"
term_25,24-5774,3,20250131160518418_Reply_Brief_in_Support_of_Petition_for_a_Writ_of_Certiorari.pdf,0,True,False,False,,No. 24-5774 ______________________________________________________________________________ ______________________________________________________________________________ In the Supreme Court of the Un
term_25,24-5774,4,20250728134615697_Barrett_Amicus_Brief_ISO_Judgment_Below.pdf,0,True,False,False,,"No. 24-5774 In the Supreme Court of the United States DWAYNE BARRETT, PETITIONER, v. UNITED STATES, RESPONDENT. ON WRIT OF CERTIORARI TO THE UNITED STATES COURT OF APPEALS FOR THE SECOND CIRCUIT BRIEF"
term_25,24-5774,5,20250530112705593_Barrett_Amicus_Brief_-_FINAL.pdf,0,True,False,False,,"No. 24-5774 IN THE Supreme Court of the United States _______________________ DWAYNE BARRETT, Petitioner, v. UNITED STATES, Respondent. _______________________ On Writ of Certiorari to the United Stat"
term_25,24-5774,6,20250131160518418_Reply_Brief_in_Support_of_Petition_for_a_Writ_of_Certiorari.pdf,29,True,False,False,,"III. If Nothing Else, the Petition Should be Held for Delligatti The “Court often ‘GVRs’ a case – that is, grants the petition for a writ of certiorari, vacates the decision below, and remands for rec"
term_25,24-5774,7,20250523131305155_24-5774tsUnitedStates.pdf,0,True,False,False,,"No. 24-5774 In the Supreme Court of the United States DWAYNE BARRETT, PETITIONER v. UNITED STATES OF AMERICA ON WRIT OF CERTIORARI TO THE UNITED STATES COURT OF APPEALS FOR THE SECOND CIRCUIT BRIEF FO"
term_25,24-5774,8,20250523131305155_24-5774tsUnitedStates.pdf,7,True,False,False,,"In the Supreme Court of the United States No. 24-5774 DWAYNE BARRETT, PETITIONER v. UNITED STATES OF AMERICA ON WRIT OF CERTIORARI TO THE UNITED STATES COURT OF APPEALS FOR THE SECOND CIRCUIT BRIEF FO"
term_25,24-5774,9,20250117191208059_24-5774_Barrett_Opp.pdf,1,True,False,False,,"ADDITIONAL RELATED PROCEEDINGS United States District Court (S.D.N.Y.): United States v. Barrett, No. 12-CR-45 (May 21, 2021) United States v. Barrett, No. 12-CR-45 (July 17, 2014) United States Court"
term_25,24-5774,10,20250728134615697_Barrett_Amicus_Brief_ISO_Judgment_Below.pdf,86,True,False,False,,38 B. Petitioner’s and the Government’s Textual and Structural Arguments Lack Merit 1. Many of petitioner’s and the government’s arguments boil down to the proposition that because section 924(j) lack
term_25,24-621,1,20250929154932437_24-621_NRSC_v_FEC_-_Democratic_Committees_Brief.pdf,94,True,False,False,,. JA725; JA679–82. Their attempt to “bring an as-applied challenge to a statutory provision based on the same factual and legal arguments the Supreme Court expressly considered when rejecting a facial
term_25,24-621,2,20250821145141578_24-621_NRSC_Joint_Appendix_Volume_II.pdf,624,True,False,False,,". at 78. The plaintiffs spend the warmup trying out their Supreme Court strategy, testing their stare decisis arguments for why Colorado II can be overruled and their merits arguments for why it shoul"
term_25,24-621,3,20241204134728729_NRSC_v._FEC_-_Petition_Appendix.pdf,128,True,False,False,,". at 78. The plaintiffs spend the warmup trying out their Supreme Court strategy, testing their stare decisis arguments for why Colorado II can be overruled and their merits arguments for why it shoul"
term_25,24-621,4,20241204134728729_NRSC_v._FEC_-_Petition_Appendix.pdf,366,True,False,False,,"194a district court an obligation to make findings of legislative facts. That inquiry would naturally and necessarily bleed into legal analysis, which is statutorily reserved for the courts of appeals"
term_25,24-621,5,20241204134728729_NRSC_v._FEC_-_Petition_Appendix.pdf,323,True,False,False,,". at 255. Although those standards are distinct, they both aim in the same direction: ascertaining whether the legal issues a case presents have arguable merit that warrants review by the court of app"
term_25,24-621,6,20250821145141578_24-621_NRSC_Joint_Appendix_Volume_II.pdf,428,True,False,False,,"651 that is the nature of the legal analysis required under applicable precedent. But that courts, including appellate courts, engage with legislative materials and historical documents does not impos"
term_25,24-621,7,20250821145141578_24-621_NRSC_Joint_Appendix_Volume_II.pdf,385,True,False,False,,"629 court decision from an in forma pauperis action that employed the standard from the in forma pauperis statute, 28 U.S.C. § 1915(e)(2)(B), to determine whether a challenge to FECA was frivolous.”)."
term_25,24-621,8,20250821145141578_24-621_NRSC_Joint_Appendix_Volume_II.pdf,719,True,False,False,,"827 I. A. Much of the FEC’s briefing is dedicated to the notion that we may not reach the weighty legal questions before us as part of a facial challenge to FECA. To the FEC’s mind, resolution of thos"
term_25,24-621,9,20241204134728729_NRSC_v._FEC_-_Petition_Appendix.pdf,222,True,False,False,,"120a I. A. Much of the FEC’s briefing is dedicated to the notion that we may not reach the weighty legal questions before us as part of a facial challenge to FECA. To the FEC’s mind, resolution of tho"
term_25,24-621,10,20241204134728729_NRSC_v._FEC_-_Petition_Appendix.pdf,324,True,False,False,,173a wholly baseless or whether it has some merit (even if the claim faces an uphill battle against existing precedent). So what does that say about the proposed constitutional challenge at issue? Pla
term_25,24-624,1,20250806152044753_Case_v._Montana_-_Amicus_Brief.pdf,0,True,False,False,,"No. 24-624 444444444444444444444444444444444444444444 IN THE Supreme Court of the United States ____________________ WILLIAM TREVOR CASE, Petitioner, v. MONTANA, Respondent. ____________________ On Wr"
term_25,24-624,2,20250730210826565_Petitioners_Brief_Case_Montana.pdf,49,True,False,False,,". In Minnesota v. Olson, this Court affirmed the Minnesota Supreme Court’s analysis of whether there was probable cause to believe that an exigent circumstance justified a warrantless entry, which thi"
term_25,24-624,3,20250806150640111_APA_et_al._amicus_merits_brief_-_Case_v._Montana_-_No._24-624.pdf,0,True,False,False,,"No. 24-624 IN THE Supreme Court of the United States __________ WILLIAM TREVOR CASE, Petitioner, v. STATE OF MONTANA, Respondent. __________ On Writ of Certiorari to the Supreme Court of Montana _____"
term_25,24-624,4,20250730210433888_24-624_Joint_Appendix.pdf,0,True,False,False,,"No. 24-624 IN THE Supreme Court of the United States ———— WILLIAM TREVOR CASE, Petitioner, v. STATE OF MONTANA, Respondent. ———— On Writ of Certiorari to the Supreme Court of the State of Montana ————"
term_25,24-624,5,20250203190701577_Case_v._Montana_PPSA_Amicus_Brief_2.3.25.pdf,0,True,False,False,,"No. 24-624 In the Supreme Court of the United States WILLIAM TREVOR CASE, Petitioner, v. STATE OF MONTANA On Petition for a Writ of Certiorari to the Supreme Court of the State of Montana BRIEF OF PRO"
term_25,24-624,6,20250402081808589_24-624_Brief_in_Opposition.pdf,0,True,False,False,,"No. 24-624 In the Supreme Court of the United States WILLIAM TREVOR CASE, Petitioner, v. MONTANA, Respondent. On Petition for a Writ of Certiorari to the Montana Supreme Court ––––––––––––––––––––––––"
term_25,24-624,7,20250806152120446_Case_v._Montana_Final.pdf,0,True,False,False,,"No. 24-624 In the Supreme Court of the United States __________ WILLIAM TREVOR CASE, Petitioner, v. STATE OF MONTANA, Respondent. __________ On Writ of Certiorari to the Supreme Court of Montana _____"
term_25,24-624,8,20250806140400068_24-624_Case_v_Montana_Amici_Brief_8.6.25.pdf,0,True,False,False,,"No. 24-624 In the Supreme Court of the United States WILLIAM TREVOR CASE, Petitioner, v. MONTANA On Writ of Certiorari to the Supreme Court of Montana BRIEF OF PROJECT FOR PRIVACY & SURVEILLANCE ACCOU"
term_25,24-624,9,20250805131432164_24-624_tsac_NACDL.pdf,0,True,False,False,,"NO. 24-624 IN THE Supreme Court of the United States WILLIAM TREVOR CASE, Petitioner, v. STATE OF MONTANA, Respondent. On Writ of Certiorari to the Supreme Court of Montana Brief of National Associati"
term_25,24-624,10,20250806103937261_Case_v._Montana_CAC_Brief_-_FINAL.pdf,0,True,False,False,,"No. 24-624 IN THE Supreme Court of the United States WILLIAM TREVOR CASE, Petitioner, v. STATE OF MONTANA, Respondent. On Writ of Certiorari to the Montana Supreme Court BRIEF OF CONSTITUTIONAL ACCOUN"
term_25,24-699,1,20260109133437554_24-699_Respondents_Brief.pdf,0,True,False,False,,"No. 24-699 In the Supreme Court of the United States EXXON MOBIL CORPORATION, Petitioner, v. CORPORACIÓN CIMEX, S.A. (CUBA), et al., Respondents. On Writ of Certiorari to the United States Court of Ap"
term_25,24-699,2,20250401154737650_24-699_Brief_in_Opposition.pdf,0,True,False,False,,"No. 24-699 In the Supreme Court of the United States EXXON MOBIL CORPORATION, Petitioner, v. CORPORACIÓN CIMEX, S.A. (CUBA), et al., Respondents. On Petition for a Writ of Certiorari to the United Sta"
term_25,24-699,3,20260116085946189_24-699-Amicus_Brief.pdf,0,True,False,False,,"No. 24-699 _________________________________________________ In The Supreme Court of the United States _________________________________________________ EXXON MOBIL CORPORATION, Petitioner, V. CORPORA"
term_25,24-699,4,20260116112725365_24-699_Brief.pdf,0,True,False,False,,"No. 24-699 _______________________________________________ In The Supreme Court of the United States _________________________________________________ EXXON MOBIL CORPORATION, Petitioner, V. CORPORACI"
term_25,24-699,5,20251205145704706_24-699tsacUnitedStates.pdf,12,True,False,False,,"In the Supreme Court of the United States No. 24-699 EXXON MOBIL CORPORATION, PETITIONER v. CORPORACIÓN CIMEX, S.A. (CUBA), ET AL. ON WRIT OF CERTIORARI TO THE UNITED STATES COURT OF APPEALS FOR THE D"
term_25,24-699,6,20260116112725365_24-699_Brief.pdf,33,True,False,False,,18 the Court of Appeals from exercising jurisdiction.30 This was because the public acts of the Republic of Cuba were at the center of the dispute and reviewing them was a prerequisite for granting th
term_25,24-699,7,20250130161945435_24-699_Amicus_Brief.pdf,0,True,False,False,,"No. 24-699 In the Supreme Court of the United States EXXON MOBIL CORPORATION, Petitioner, v. CORPORACIÓN CIMEX, S.A. (CUBA), et al., Respondents. On Petition for a Writ of Certiorari to the United Sta"
term_25,24-699,8,20251128123944417_24-699_Merits_Brief_to_e-file.pdf,11,True,False,False,,"In the Supreme Court of the United States No. 24-699 EXXON MOBIL CORPORATION, PETITIONER, v. CORPORACIÓN CIMEX, S.A. (CUBA), ET AL. ON WRIT OF CERTIORARI TO THE UNITED STATES COURT OF APPEALS FOR THE "
term_25,24-699,9,20251201102027639_24-699_Amici_Brief.pdf,0,True,False,False,,"No. 24-699 In the Supreme Court of the United States EXXON MOBIL CORPORATION, Petitioner, v. CORPORACIÓN CIMEX, S.A. (CUBA), et al., Respondents. On Writ of Certiorari to the United States Court of Ap"
term_25,24-699,10,20251205115633357_No._24-699_Amicus_Brief.pdf,0,True,False,False,,"No. 24-699 In the Supreme Court of the United States EXXON MOBIL CORPORATION, Petitioner, v. CORPORACIÓN CIMEX, S.A. (CUBA), et al., Respondents. On Writ of Certiorari to the United States Court of Ap"
term_25,24-724,1,20250707133259149_Palmquist_v_Hain_-_Brief_of_Amicus_PLAC.pdf,0,True,False,False,,"No. 24-724 In the Supreme Court of the United States THE HAIN CELESTIAL GROUP, INC., ET AL., Petitioners, v. SARAH PALMQUIST, INDIVIDUALLY AND AS NEXT FRIEND OF E.P., A MINOR, ET AL. On Writ of Certio"
term_25,24-724,2,20250312102017119_No._24-724_Palmquist_Opposition_to_Petition_for_Writ_of_Certiorari.pdf,0,True,False,False,,"No. 24-724 In The Supreme Court of the United States _______________ THE HAIN CELESTIAL GROUP, INC., et al., Petitioners, v. SARAH PALMQUIST, INDIVIDUALLY AND AS NEXT FRIEND OF E.P., A MINOR, et al., "
term_25,24-724,3,20250818125150493_Hain_Amicus_Brief_and_Appendix.pdf,0,True,False,False,,"No. 24-724 IN THE Supreme Court of the United States __________ THE HAIN CELESTIAL GROUP, ET AL., Petitioner, v. SARAH PALMQUIST, INDIVIDUALLY AND AS NEXT FRIEND OF E.P., A MINOR, ET AL., Respondents."
term_25,24-724,4,20250818163312926_Hain_Celestial.Amicus.pdf,0,True,False,False,,"No. 24-724 In the Supreme Court of the United States THE HAIN CELESTIAL GROUP, INC., et al., Petitioners, v. SARAH PALMQUIST, INDIVIDUALLY AND AS NEXT FRIEND OF E.P., A MINOR, et al., Respondents. On "
term_25,24-724,5,20250203084125804_24-724_Brief.pdf,4,True,False,False,,"1 INTEREST OF THE AMICUS CURIAE 1 Established in 1977, the Atlantic Legal Foundation (ALF) is a national, nonprofit, nonpartisan, public interest law firm. ALF’s mission is to advance the rule of law "
term_25,24-724,6,20250707124624039_WLF_Amicus_Brief_7july2025.pdf,0,True,False,False,,"No. 24-724 In the Supreme Court of the United States ____________ THE HAIN CELESTIAL GROUP, ET AL., Petitioners, v. SARAH PALMQUIST, INDIVIDUALLY AND AS NEXT FRIEND OF E.P., A MINOR, ET AL., Responden"
term_25,24-724,7,20250210164736111_Hain_-_Amicus_Brief.pdf,39,True,False,False,,". The Supreme Court of Ohio, for example, has noted a “gradual evolution in the products-liability law [that] was aimed at making manufacturers more accessible to consumer-product lawsuits.” DiCenzo v"
term_25,24-724,8,20250702114654871_Hain_-_Amicus_Brief.pdf,0,True,False,False,,"No. 24-724 In the Supreme Court of the United States THE HAIN CELESTIAL GROUP, INC., et al., Petitioners, v. SARAH PALMQUIST, INDIVIDUALLY AND AS NEXT FRIEND OF E.P., A MINOR, et al., Respondents. On "
term_25,24-724,9,20250910160916509_24-724_Reply_Brief.pdf,0,True,False,False,,"No. 24-724 IN THE Supreme Court of the United States ___________ THE HAIN CELESTIAL GROUP, INC., WHOLE FOODS MARKET, INC., Petitioners, v. SARAH PALMQUIST, INDIVIDUALLY AND AS NEXT FRIEND OF E.P., A M"
term_25,24-724,10,20250811163207161_resp._merits_brief_-_Hain_Celestial_v._Palmquist_-_No._24-724.pdf,0,True,False,False,,"No. 24-724 IN THE Supreme Court of the United States _______________ THE HAIN CELESTIAL GROUP, INC., et al., Petitioners, v. SARAH PALMQUIST, INDIVIDUALLY AND AS NEXT FRIEND OF E.P., A MINOR, et al., "
term_25,24-758,1,20250807100612126_250804_AC_Brief_for_efiling.pdf,27,True,False,False,,". See, e.g., Combs, 52 S.W.2d at 720 (in a blasting case that otherwise would have been governed by strict liability, the contractor had “immunity from liability” as long as the work was done non-negl"
term_25,24-758,2,20250807150945755_24-758_PSC_Amicus_Brief.pdf,0,True,False,False,,"No. 24-758 IN THE Supreme Court of the United States __________ THE GEO GROUP, INC., Petitioner, v. ALEJANDRO MENOCAL, ET AL., Respondents. _____________ On Writ of Certiorari to the United States Cou"
term_25,24-758,3,20250807175812779_24-758_Brief_of_Amicus_Coalition_for_Common_Sense.pdf,0,True,False,False,,"No. 24-758 In the Supreme Court of the United States THE GEO GROUP, INC., Petitioner, v. ALEJANDRO MENOCAL, ET AL. On Writ of Certiorari to the United States Court of Appeals for the Tenth Circuit BRI"
term_25,24-758,4,20250214163326474_24-758_Brief_of_Amicus_Curiae_The_Professional_Services_Council_ISO_Petitioner.pdf,0,True,False,False,,"No. 24-758 IN THE Supreme Court of the United States __________ THE GEO GROUP, INC., Petitioner, v. ALEJANDRO MENOCAL, ET AL., Respondents. _____________ On Petition for a Writ of Certiorari to the Un"
term_25,24-758,5,20250922131742595_AAJ_Amicus_Brief_GEO_Grp_v._Menocal_Final.pdf,0,True,False,False,,"No. 24-758 IN THE Supreme Court of the United States THE GEO GROUP, INC., Petitioner, v. ALEJANDRO MENOCAL, ET AL., Respondents. On Writ of Certiorari to the United States Court of Appeals for the Ten"
term_25,24-758,6,20250819154252723_24-758_The_Geo_Group_Inc_v_Alejandro_Menocal_Amicus_Brief.pdf,0,True,False,False,,"No. 24-758 In the Supreme Court of the United States THE GEO GROUP, INC., Petitioner, v. ALEJANDRO MENOCAL, et al., Respondents. On Writ of Certiorari to the United States Court of Appeals for the Ten"
term_25,24-758,7,20250922190811671_24-758_bsacUS_GEOGroup_final.pdf,11,True,False,False,,"In the Supreme Court of the United States No. 24-758 THE GEO GROUP, INC., PETITIONER v. ALEJANDRO MENOCAL, ET AL. ON WRIT OF CERTIORARI TO THE UNITED STATES COURT OF APPEALS FOR THE TENTH CIRCUIT BRIE"
term_25,24-758,8,20250922121556943_Menocal_amicus_brief.pdf,0,True,False,False,,"No. 24-758 IN THE Supreme Court of the United States _______________________ THE GEO GROUP, INC., Petitioner, v. ALEJANDRO MENOCAL, ET AL., Respondents. _______________________ On Writ of Certiorari t"
term_25,24-758,9,20250922190811671_24-758_bsacUS_GEOGroup_final.pdf,0,True,False,False,,"No. 24-758 In the Supreme Court of the United States THE GEO GROUP, INC., PETITIONER v. ALEJANDRO MENOCAL, ET AL. ON WRIT OF CERTIORARI TO THE UNITED STATES COURT OF APPEALS FOR THE TENTH CIRCUIT BRIE"
term_25,24-758,10,20250807124934055_24-758_Amicus_Brief_of_The_Chamber_of_Comerce_of_the_United_States_of_America.pdf,0,True,False,False,,"No. 24-758 In the Supreme Court of the United States ___________________ THE GEO GROUP, INC., Petitioner, v. ALEJANDRO MENOCAL, ET AL., Respondents ___________________ On Writ of Certiorari to the Uni"
term_25,24-777,1,20250903150304576_24-777_Urias-Orellana_v._Bondi_-_Immigration_Law_Professors_Amicus_Brief.pdf,0,True,False,False,,"No. 24-777 In the Supreme Court of the United States DOUGLAS HUMBERTO URIAS-ORELLANA, ET AL., Petitioners, v. PAMELA BONDI, ATTORNEY GENERAL On Writ of Certiorari to the United States Court of Appeals"
term_25,24-777,2,20250903132306368_Urias-Orellana_SCOTUS_Amicus_Brief.pdf,7,True,False,False,,"vii Regulations Page(s) 8 C.F.R. § 1003.1(e)................................................... 20  IN THE Supreme Court of the United States No. 24-777 DOUGLAS HUMBERTO URIAS-ORELLANA, ET AL., Petiti"
term_25,24-777,3,20250903145453756_Combined_Morawetz_Brief.pdf,0,True,False,False,,"No. 24-777 IN THE Supreme Court of the United States ———— DOUGLAS HUMBERTO URIAS-ORELLANA, ET AL., Petitioners, v. PAMELA BONDI, UNITED STATES ATTORNEY GENERAL, Respondent. ———— On Writ of Certiorari "
term_25,24-777,4,20250903132306368_Urias-Orellana_SCOTUS_Amicus_Brief.pdf,0,True,False,False,,"No. 24-777 IN THE Supreme Court of the United States _______________ DOUGLAS HUMBERTO URIAS-ORELLANA, ET AL., Petitioners, v. PAMELA BONDI, ATTORNEY GENERAL, Respondent. _______________ On Writ Of Cer"
term_25,24-777,5,20250903155058664_24-777_tsac_Immigration_Law_and_Intl_Human_Rights_Law_Scholars.pdf,0,True,False,False,,"No. 24-777 IN THE Supreme Court of the United States ____________________ DOUGLAS HUMBERTO URIAS-ORELLANA; SAYRA ILIANA GAMEZ-MEJIA; AND G.E.U.G., Petitioners, v. PAMELA BONDI, U.S. ATTORNEY GENERAL, "
term_25,24-777,6,20250919170710102_Urias-Orellana_IJ_Amicus_Br.pdf,0,True,False,False,,"No. 24-777 IN THE Supreme Court of the United States _______________ DOUGLAS HUMBERTO URIAS-ORELLANA; SAYRA ILIANA GAMEZ-MEJIA; AND G.E.U.G., Petitioners, v. PAMELA BONDI, U.S. ATTORNEY GENERAL, Respo"
term_25,24-777,7,20250801101326754_24-777_Urias-Orellana_Cert_Br._final.pdf,0,True,False,False,,"No. 24-777 In the Supreme Court of the United States DOUGLAS HUMBERTO URIAS-ORELLANA, ET AL., PETITIONERS v. PAMELA BONDI, ATTORNEY GENERAL ON PETITION FOR A WRIT OF CERTIORARI TO THE UNITED STATES CO"
term_25,24-777,8,20250827151007040_2025-08-27_Urias_-_No._24-777_Merits_Brief.pdf,0,True,False,False,,"No. 24-777 In the Supreme Court of the United States DOUGLAS HUMBERTO URIAS-ORELLANA; SAYRA ILIANA GAMEZ-MEJIA; AND G.E.U.G., Petitioners, V. PAMELA BONDI, U.S. ATTORNEY GENERAL, Respondent. ON WRIT O"
term_25,24-777,9,20251009153229428_24-777bsUnitedStates.pdf,41,True,False,False,,". Raimondo, 603 U.S. 369 (2024). This case concerns fact-bound applications of law to facts, not pure legal questions. In any event, the INA clearly requires substantial-evidence review here. Petition"
term_25,24-777,10,20251009153229428_24-777bsUnitedStates.pdf,0,True,False,False,,"No. 24-777 In the Supreme Court of the United States DOUGLAS HUMBERTO URIAS-ORELLANA, ET AL., PETITIONERS v. PAMELA BONDI, ATTORNEY GENERAL ON WRIT OF CERTIORARI TO THE UNITED STATES COURT OF APPEALS "
term_25,24-781,1,20250121112546465_USSC_Petition_for_Writ_of_Certiorari.pdf,309,True,False,False,,". Here, while there are additional legal arguments in this case -- there, as here, defendants sought a stay of the matter before the Chancery Court pending the outcome of the first filed federal actio"
term_25,24-781,2,20250828111332403_24-781_Amicus_Brief_of_Americans_United_for_Life.pdf,44,True,False,False,,22 standing to maintain an action for false advertising under the Lanham Act.” 572 U.S. at 125. Although the Supreme Court recognized that “[t]he parties’ briefs treat the question on which we granted
term_25,24-781,3,20250121112546465_USSC_Petition_for_Writ_of_Certiorari.pdf,308,True,False,False,,151a Decision I will state again for the record that I did not receive any request from anyone to record this matter. Thus the Zoom recording and the CourtSmart recording are the only recordings that 
term_25,24-781,4,20250828120159170_24-781_Amicus_Brief_of_Robertson_Center_for_Constitutional_Law.pdf,0,True,False,False,,"No. 24-781 IN THE Supreme Court of the United States ______________ FIRST CHOICE WOMEN’S RESOURCE CENTERS, INC., Petitioner, v. MATTHEW PLATKIN, in his official capacity as Attorney General of New Jer"
term_25,24-781,5,20250827145006961_AFPF_amicus_First_Choice_merits.pdf,0,True,False,False,,"No. 24-781 IN THE Supreme Court of the United States ———— FIRST CHOICE WOMEN’S RESOURCE CENTERS, INC., Petitioner, v. MATTHEW PLATKIN, IN HIS OFFICIAL CAPACITY AS ATTORNEY GENERAL OF NEW JERSEY, Respo"
term_25,24-781,6,20250828142719949_Womens_First_Choice_Amicus.pdf,0,True,False,False,,"No. 24-781 In the Supreme Court of the United States ♦ FIRST CHOICE WOMEN’S RESOURCE CENTERS INC., Petitioner, v. MATHEW PLATKIN, IN HIS OFFICIAL CAPACITY AS ATTORNEY GENERAL OF NEW JERSEY, Respondent"
term_25,24-781,7,20250826093828529_Amicus_Brief.pdf,0,True,False,False,,"No. 24-781 In the Supreme Court of the United States __________ FIRST CHOICE WOMEN’S RESOURCE CENTERS, INC., Petitioner, v. MATTHEW J. PLATKIN, ATTORNEY GENERAL OF NEW JERSEY, Respondent. ____________"
term_25,24-781,8,20250220124353092_First_Choice_v_Platkin_AFPF_amicus.pdf,0,True,False,False,,"No. 24-781 IN THE Supreme Court of the United States ———— FIRST CHOICE WOMEN’S RESOURCE CENTERS, INC., Petitioner, v. MATTHEW PLATKIN, IN HIS OFFICIAL CAPACITY AS ATTORNEY GENERAL OF NEW JERSEY, Respo"
term_25,24-781,9,20250828171614241_24-781_Amicus_Brief.pdf,15,True,False,False,,"7 defined disposition.” Id. at 243–44. And so “[w]e assume,” the Court wrote, “that the State Supreme Court, thus ad­ vised, will not fail to proceed promptly with the disposition of the matters left "
term_25,24-781,10,20250828111332403_24-781_Amicus_Brief_of_Americans_United_for_Life.pdf,0,True,False,False,,"No. 24-781 In the Supreme Court of the United States __________ FIRST CHOICE WOMEN’S RESOURCE CENTERS, INC., Petitioner, v. MATTHEW PLATKIN, in his official capacity as Attorney General of New Jersey,"
term_25,24-783,1,20251021145728822_Enbridge_v._Nessel_-_Scholars_Amicus.pdf,0,True,False,False,,"No. 24-783 In The Supreme Court of the United States ENBRIDGE ENERGY, LP, ET AL., Petitioners, v. DANA NESSEL, ATTORNEY GENERAL OF MICHIGAN, ON BEHALF OF THE PEOPLE OF THE STATE OF MICHIGAN, Responden"
term_25,24-783,2,20251021121320107_24-783_Tribal_Nations_Amicus_Brief.pdf,0,True,False,False,,"No. 24-783 IN THE Supreme Court of the United States ENBRIDGE ENERGY, LP, ET AL., Petitioners, v. DANA NESSEL, ATTORNEY GENERAL OF MICHIGAN, ON BEHALF OF THE PEOPLE OF THE STATE OF MICHIGAN, Responden"
term_25,24-783,3,20250829125632854_24-783_Joint_Appendix.pdf,0,True,False,False,,"No. 24-783 In the Supreme Court of the United States ENBRIDGE ENERGY, LP, et al., Petitioners, v. DANA NESSEL, ATTORNEY GENERAL OF MICHIGAN, ON BEHALF OF THE PEOPLE OF THE STATE OF MICHIGAN, Responden"
term_25,24-783,4,20251021172652305_24-783_Amicus_Brief.pdf,0,True,False,False,,"No. 24-783 IN THE Supreme Court of the United States _________________________________________________ ENBRIDGE ENERGY, LP, et al., Petitioners, v. DANA NESSEL, ATTORNEY GENERAL OF MICHIGAN, ON BEHALF"
term_25,24-783,5,20250906140646130_250908a_AC_Brief_for_efiling.pdf,0,True,False,False,,"No. 24-783 ENBRIDGE ENERGY, LP, et al., Petitioners, v. DANA NESSEL, Attorney General of Michigan, on behalf of the People of the State of Michigan, Respondent. ON WRIT OF CERTIORARI TO THE UNITED STA"
term_25,24-783,6,20250829125632854_24-783_Joint_Appendix.pdf,190,True,False,False,,168a Appendix E Plaintiff raises the significant financial benefit Defendants have enjoyed over the last several decades by use of the existing pipelines—what is the legal significance and related aut
term_25,24-783,7,20250829124313186_24-783_Petitioners_Brief.pdf,0,True,False,False,,"No. 24-783 In the Supreme Court of the United States ENBRIDGE ENERGY, LP, et al., Petitioners, v. DANA NESSEL, ATTORNEY GENERAL OF MICHIGAN, ON BEHALF OF THE PEOPLE OF THE STATE OF MICHIGAN, Responden"
term_25,24-783,8,20250905133203750_Enbridge_Amicus.pdf,0,True,False,False,,"No. 24-783 In the Supreme Court of the United States ENBRIDGE ENERGY, LP, ET AL., Petitioners, V. DANA NESSEL, ATTORNEY GENERAL OF MICHIGAN, ON BEHALF OF THE PEOPLE OF THE STATE OF MICHIGAN, Responden"
term_25,24-783,9,20251020170050917_Nessel.pdf,0,True,False,False,,"No. 24-783 In the Supreme Court of the United States ENBRIDGE ENERGY, L.P., ET AL. Petitioners, v. DANA NESSEL, ATTORNEY GENERAL OF THE STATE OF MICHIGAN, ON BEHALF OF THE PEOPLE OF THE STATE OF MICHI"
term_25,24-783,10,20250905142739707_WLF_Amicus_Brief_5sept2025.pdf,0,True,False,False,,"No. 24-783 In the Supreme Court of the United States ____________ ENBRIDGE ENERGY, LP, et al., Petitioners, v. DANA NESSEL, in her official capacity as Attorney General of Michigan, Respondent. ______"
term_25,24-808,1,20250805102358096_8.5.25_MERITS_BRIEF.pdf,0,True,False,False,,"No. 24-808 IN THE Supreme Court of the United States CONEY ISLAND AUTO PARTS UNLIMITED INC., Petitioner, v. JEANNE ANN BURTON, CHAPTER 7 TRUSTEE FOR VISTA-PRO AUTOMOTIVE, LLC Respondent. ON WRIT OF CE"
term_25,24-808,2,20250429113842525_Burton_BIO.pdf,11,True,False,False,,"In the Supreme Court of the United States No. 24-808 CONEY ISLAND AUTO PARTS UNLIMITED INC., PETITIONER, v. JEANNE ANN BURTON, CHAPTER 7 TRUSTEE FOR VISTAPRO AUTOMOTIVE, LLC, RESPONDENT. ON PETITION F"
term_25,24-808,3,20250919105222250_Burton_-_Respondent_Brief.pdf,15,True,False,False,,"In the Supreme Court of the United States No. 24-808 CONEY ISLAND AUTO PARTS UNLIMITED INC., PETITIONER, v. JEANNE ANN BURTON, CHAPTER 7 TRUSTEE FOR VISTAPRO AUTOMOTIVE, LLC, RESPONDENT. ON WRIT OF CE"
term_25,24-808,4,20250919105222250_Burton_-_Respondent_Brief.pdf,0,True,False,False,,"No. 24-808 In the Supreme Court of the United States CONEY ISLAND AUTO PARTS UNLIMITED, INC., PETITIONER, v. JEANNE ANN BURTON, CHAPTER 7 TRUSTEE FOR VISTAPRO AUTOMOTIVE, LLC, RESPONDENT. ON WRIT OF C"
term_25,24-808,5,20250429113842525_Burton_BIO.pdf,0,True,False,False,,"No. 24-808 In the Supreme Court of the United States CONEY ISLAND AUTO PARTS UNLIMITED INC., PETITIONER, v. JEANNE ANN BURTON, CHAPTER 7 TRUSTEE FOR VISTAPRO AUTOMOTIVE, LLC, RESPONDENT. ON PETITION F"
term_25,24-808,6,20250123121951788_CORRECTED_Application_for_Writ_of_Certiorari.pdf,0,True,False,False,,"No. 24IN THE Supreme Court of the United States CONEY ISLAND AUTO PARTS UNLIMITED INC., Petitioner, v. JEANNE ANN BURTON, CHAPTER 7 TRUSTEE FOR VISTA-PRO AUTOMOTIVE, LLC Respondent. ON PETITION FOR A "
term_25,24-808,7,20250429113842525_Burton_BIO.pdf,50,True,False,False,,". Here, for example, petitioner seeks to unwind the “nearly fully administered Chapter 7 estate of a debtor that ceased operating at least seven years ago.” Pet.App.99a n.4. The Federal Rules rightly "
term_25,24-808,8,20250123121951788_CORRECTED_Application_for_Writ_of_Certiorari.pdf,103,True,False,False,,"motion to vacate the default judgment, in deference to the court which had entered that judgment (the Tennessee Bankruptcy Court), was subject to an abuse of discretion standard. See US. For Use & Ben"
term_25,24-808,9,20250123121951788_CORRECTED_Application_for_Writ_of_Certiorari.pdf,60,True,False,False,,"rule to be more permissive than the requirements for the “old common law writs.” Klapprott v. United States, 335 U.S. 601, 614–15 (1949). In Klapprott, the Court explicitly assumed that no “definite t"
term_25,24-808,10,20250123121951788_CORRECTED_Application_for_Writ_of_Certiorari.pdf,110,True,False,False,,"World Trade Ctr. Disaster Site Litig., 722 F.3d 483,487 (2d Cir. 2013) (“It is well established that district courts possess the ‘inherent power’ and responsibility to manage their dockets ‘so as to a"
term_25,24-813,1,20251120164604301_24-813_Amicus_Brief.pdf,0,True,False,False,,"No. 24-813 In the Supreme Court of the United States CHEVRON USA INCORPORATED, ET AL., Petitioners, v. PLAQUEMINES PARISH, LOUISIANA, ET AL., Respondents. On Writ of Certiorari to the United States Co"
term_25,24-813,2,20251120115534725_24-813_Former_Governor_John_Bel_Edwards_Amicus.pdf,0,True,False,False,,"No. 24-813 IN THE Supreme Court of the United States CHEVRON USA INCORPORATED, ET AL., Petitioners, v. PLAQUEMINES PARISH, LOUISIANA, ET AL., Respondents. On Writ of Certiorari to the United States Co"
term_25,24-813,3,20250904122406188_24-813_Brief_for_Petitioners.pdf,0,True,False,False,,"No. 24-813 In the Supreme Court of the United States ________________ CHEVRON U.S.A. INCORPORATED, et al., Petitioners, v. PLAQUEMINES PARISH, et al., Respondents. ________________ On Writ of Certiora"
term_25,24-813,4,20251113163904899_24-813_Brief.pdf,0,True,False,False,,"No. 24-813 In the Supreme Court of the United States CHEVRON USA INCORPORATED, ET AL., Petitioners, v. PLAQUEMINES PARISH, LOUISIANA, ET AL., Respondents. On Writ of Certiorari to the United States Co"
term_25,24-813,5,20250911175926700_24-813_tsac_ATRA.pdf,0,True,False,False,,"No. 24-813 IN THE Supreme Court of the United States CHEVRON U.S.A. INCORPORATED; CHEVRON U.S.A. HOLDINGS, INCORPORATED; CHEVRON PIPE LINE COMPANY; THE TEXAS COMPANY; EXXON MOBIL CORPORATION, Petition"
term_25,24-813,6,20250911125524629_24-813acOilAndGasAssociations.pdf,0,True,False,False,,"No. 24-813 IN THE Supreme Court of the United States ———— CHEVRON U.S.A. INCORPORATED, et al., Petitioners, v. PLAQUEMINES PARISH, LOUISIANA, et al., Respondents. ———— On Writ of Certiorari to the Uni"
term_25,24-813,7,20251113142213270_24-813_Brief.pdf,0,True,False,False,,"No. 24-813 In the Supreme Court of the United States CHEVRON USA INCORPORATED, et al., Petitioners, v. PLAQUEMINES PARISH, LOUISIANA, et al., Respondents. On Writ of Certiorari to the United States Co"
term_25,24-813,8,20250911145847599_24-813_-Chevron_USA_v._Plaquemines_Parish_Louisiana_.pdf,10,True,False,False,,"In the Supreme Court of the United States No. 24-813 CHEVRON USA INCORPORATED, ET AL., PETITIONERS v. PLAQUEMINES PARISH, LOUISIANA, ET AL. ON WRIT OF CERTIORARI TO THE UNITED STATES COURT OF APPEALS "
term_25,24-813,9,20251120160311097_Chevron_v._Plaquemines_-_EDF-Moore_amicus_brief_-_FINAL.pdf,0,True,False,False,,"No. 24-813 In The Supreme Court of the United States CHEVRON U.S.A. INCORPORATED, ET AL., Petitioners, v. PLAQUEMINES PARISH, LOUISIANA, ET AL., Respondents. On Writ of Certiorari to the United States"
term_25,24-813,10,20250911134056967_24-813_Amicus_Brief.pdf,0,True,False,False,,"No. 24-813 In the Supreme Court of the United States __________ CHEVRON USA INCORPORATED, ET AL., Petitioners, v. PLAQUEMINES PARISH, LOUISIANA, ET AL., Respondents. ____________________ ON WRIT OF CE"
term_25,24-820,1,20250925182237138_24-820bsUnitedStates.pdf,17,True,False,False,,"In the Supreme Court of the United States No. 24-820 DANIEL RUTHERFORD, PETITIONER v. UNITED STATES OF AMERICA No. 24-860 JOHNNIE MARKEL CARTER, PETITIONER v. UNITED STATES OF AMERICA ON WRITS OF CERT"
term_25,24-820,2,20250505182918476_24-820_Rutherford_FINAL.pdf,0,True,False,False,,"No. 24-820 In the Supreme Court of the United States DANIEL RUTHERFORD, PETITIONER v. UNITED STATES OF AMERICA ON PETITION FOR A WRIT OF CERTIORARI TO THE UNITED STATES COURT OF APPEALS FOR THE THIRD "
term_25,24-820,3,20250505182918476_24-820_Rutherford_FINAL.pdf,6,True,False,False,,"In the Supreme Court of the United States No. 24-820 DANIEL RUTHERFORD, PETITIONER v. UNITED STATES OF AMERICA ON PETITION FOR A WRIT OF CERTIORARI TO THE UNITED STATES COURT OF APPEALS FOR THE THIRD "
term_25,24-820,4,20250925182237138_24-820bsUnitedStates.pdf,0,True,False,False,,"Nos. 24-820 and 24-860 In the Supreme Court of the United States DANIEL RUTHERFORD, PETITIONER v. UNITED STATES OF AMERICA JOHNNIE MARKEL CARTER, PETITIONER v. UNITED STATES OF AMERICA ON WRITS OF CER"
term_25,24-820,5,20250305115710096_Amicus_Curiae_Brief.pdf,0,True,False,False,,"No. 24-820 IN THE Supreme Court of the United States ———— DANIEL RUTHERFORD, Petitioner, v. UNITED STATES, Respondent. ———— On Petition for Writ of Certiorari to the Third Circuit ———— BRIEF OF AMICI "
term_25,24-820,6,20250305164948207_Gertner_et_al._Former_Judges.pdf,0,True,False,False,,"No. 24-820 In the Supreme Court of the United States DANIEL RUTHERFORD, PETITIONER, v. UNITED STATES OF AMERICA ON PETITION FOR A WRIT OF CERTIORARI TO THE UNITED STATES COURT OF APPEALS FOR THE THIRD"
term_25,24-820,7,20250815132423859_No._24-820--Rutherford_Merits_Brief_of_Amici_Former_Fed_Judges_08-14_rtf.pdf,0,True,False,False,,"No. 24-820 In the Supreme Court of the United States DANIEL RUTHERFORD, PETITIONER, v. UNITED STATES OF AMERICA ON WRIT OF CERTIORARI TO THE UNITED STATES COURT OF APPEALS FOR THE THIRD CIRCUIT BRIEF "
term_25,24-820,8,20250228132528216_24-820_Brief.pdf,0,True,False,False,,"No. 24-820 IN THE Supreme Court of the United States DANIEL RUTHERFORD, Petitioner, V. UNITED STATES, Respondent. ON PETITION FOR A WRIT OF CERTIORARI TO THE UNITED STATES COURT OF APPEALS FOR THE THI"
term_25,24-820,9,20250815110009426_CAC_Amicus_Brief_Rutherford_Carter.pdf,0,True,False,False,,"Nos. 24-820 & 24-860 IN THE Supreme Court of the United States DANIEL RUTHERFORD, Petitioner, v. UNITED STATES OF AMERICA, Respondent. JOHNNIE MARKEL CARTER, Petitioner, v. UNITED STATES OF AMERICA, R"
term_25,24-820,10,20250815165828357_24-820_24-860_Amicus_Brief.pdf,5,True,False,False,,"1 INTEREST OF AMICUS CURIAE1 The New York Council of Defense Lawyers (“NYCDL”) is a not-for-profit professional association of over 300 lawyers, including many former federal prosecutors, whose princi"
term_25,24-856,1,20260225111616088_24-856_Amicus_Brief_of_CACI_Premier_Technology_Inc_.pdf,21,True,False,False,,". at 658 (Alito, J., dissenting) (noting “strong arguments that federal courts should never recognize new claims under the ATS”); Jesner, 584 U.S. at 274 (Thomas, J., concurring) (“Courts should not b"
term_25,24-856,2,20260225111616088_24-856_Amicus_Brief_of_CACI_Premier_Technology_Inc_.pdf,0,True,False,False,,"No. 24-856 IN THE Supreme Court of the United States _______________ CISCO SYSTEMS, INC. ET AL, Petitioners, V. DOE I, ET AL., Respondents. ______________ On Writ of Certiorari to the United States Co"
term_25,24-856,3,20250313104755156_24-856_Amicus_Brief_of_American_Free_Enterprise_Chamber_of_Commerce.pdf,0,True,False,False,,"No. 24-856 IN THE Supreme Court of the United States _________ CISCO SYSTEMS, INC., ET AL., Petitioners, v. DOE I, ET AL., Respondents. _________ On Petition for Writ of Certiorari to the United State"
term_25,24-856,4,20260218115621093_24-856_-_Joint_Appendix.pdf,182,True,False,False,,". By contrast, the maintenance of this action as a class action, with respect to some or all of the issues presented herein, presents few management difficulties, conserves the resources of the partie"
term_25,24-856,5,20260225165613681_24-856tsacUnitedStates.pdf,7,True,False,False,,"In the Supreme Court of the United States No. 24-856 CISCO SYSTEMS, INC., ET AL., PETITIONERS v. DOE I, ET AL. ON WRIT OF CERTIORARI TO THE UNITED STATES COURT OF APPEALS FOR THE NINTH CIRCUIT BRIEF F"
term_25,24-856,6,20250206141615995_2025.01.31_-_Cisco_Cert_Pet_App.pdf,201,True,False,False,,". This Court first heard oral argument in this case on April 18, 2017. Submission was then vacated while the Supreme Court decided Jesner and Nestlé. We held oral argument again after Nestlé was decid"
term_25,24-856,7,20250313152407985_24-856_Amici_Brief.pdf,0,True,False,False,,"No. 24-856 In the Supreme Court of the United States CISCO SYSTEMS, INC., et al., Petitioners, v. DOE I, et al., Respondents. On Petition for a Writ of Certiorari to the United States Court of Appeals"
term_25,24-856,8,20251209154334578_24-856_Cisco-CVSG.pdf,6,True,False,False,,"In the Supreme Court of the United States No. 24-856 CISCO SYSTEMS, INC., ET AL., PETITIONERS v. DOE I, ET AL. ON PETITION FOR A WRIT OF CERTIORARI TO THE UNITED STATES COURT OF APPEALS FOR THE NINTH "
term_25,24-856,9,20250206141615995_2025.01.31_-_Cisco_Cert_Pet_App.pdf,64,True,False,False,,". Jesner, 138 S. Ct. at 1402 (majority op.). Cisco puts forward two such arguments against the recognition of aiding and abetting liability here. 12 First, Cisco argues that Central Bank of Denver N.A"
term_25,24-856,10,20250317155631952_24_856_tsac_Chevron.pdf,0,True,False,False,,"No. 24-856 IN THE Supreme Court of the United States CISCO SYSTEMS, INC., JOHN CHAMBERS, AND FREDY CHEUNG, Petitioners, v. DOE I, DOE II, IVY HE, DOE III, DOE IV, DOE V, DOE VI, CHARLES LEE, ROE VII, "
term_25,24-872,1,20250317173528073_Hamm_v._Smith_Amicus_Br_final.pdf,5,False,False,False,,"In the Supreme Court of the United States No. 24-872 JOHN Q. HAMM, COMMISSIONER, ALABAMA DEPARTMENT OF CORRECTIONS, PETITIONER v. JOSEPH CLIFTON SMITH (CAPITAL CASE) ON PETITION FOR A WRIT OF CERTIORA"
term_25,24-872,2,20250811112044316_Hamm_v._Smith_Kentucky_Amicus.pdf,0,False,False,False,,"No. 24-872 In the Supreme Court of the United States JOHN Q. HAMM, COMMISSIONER, ALABAMA DEPARTMENT OF CORRECTIONS, Petitioner, v. JOSEPH CLIFTON SMITH, Respondent. (CAPITAL CASE) On Writ of Certiorar"
term_25,24-872,3,20250812154207088_Joint_appendix_Vol_I_for_24-872.pdf,0,False,False,False,,"No. 24-872 Supreme Court of the United States ────────────────────────── JOHN Q. HAMM, COMMISSIONER OF THE ALABAMA DEPARTMENT OF CORRECTIONS, Petitioner, v. JOSEPH CLIFTON SMITH, Respondent. ────────"
term_25,24-872,4,20250811165632796_24-872tsacCJLF.pdf,0,False,False,False,,"No. 24-872 IN THE Supreme Court of the United States ♦ JOHN Q. HAMM, COMMISSIONER OF THE ALABAMA DEPARTMENT OF CORRECTIONS, Petitioner, vs. JOSEPH CLIFTON SMITH, Respondent. ♦ On Writ of Certiorari to"
term_25,24-872,5,20250924165418113_No._24-872_Volume_III_-_Joint_Appendix_-_AGO_-_Redacted.pdf,0,False,False,False,,"No. 24-872 Supreme Court of the United States ────────────────────────── JOHN Q. HAMM, COMMISSIONER OF THE ALABAMA DEPARTMENT OF CORRECTIONS, Petitioner, v. JOSEPH CLIFTON SMITH, Respondent. ────────"
term_25,24-872,6,20250925181844643_No._24-872_Volume_III_-_Joint_Appendix_-_Redacted.pdf,0,False,False,False,,"No. 24-872 Supreme Court of the United States ────────────────────────── JOHN Q. HAMM, COMMISSIONER OF THE ALABAMA DEPARTMENT OF CORRECTIONS, Petitioner, v. JOSEPH CLIFTON SMITH, Respondent. ────────"
term_25,24-872,7,20250812154222606_Joint_appendix_Vol_II_for_24-872.pdf,0,False,False,False,,"No. 24-872 Supreme Court of the United States ────────────────────────── JOHN Q. HAMM, COMMISSIONER OF THE ALABAMA DEPARTMENT OF CORRECTIONS, Petitioner, v. JOSEPH CLIFTON SMITH, Respondent. ────────"
term_25,24-872,8,20250811095157097_Amicus_Brief.pdf,0,False,False,False,,"No. 24-872 In the Supreme Court of the United States __________ JOHN Q. HAMM, COMMISSIONER, ALABAMA DEPARTMENT OF CORRECTIONS, Petitioner, v. JOSEPH CLIFTON SMITH, Respondent. ____________________ ON "
term_25,24-872,9,20251017141726301_2025.10.17_--_Hamm_v._Smith_Reply_Br.pdf,0,False,False,False,,"No. 24-872 Supreme Court of the United States ────────────────────────── JOHN Q. HAMM, COMMISSIONER OF THE ALABAMA DEPARTMENT OF CORRECTIONS, Petitioner, v. JOSEPH CLIFTON SMITH, Respondent. ────────"
term_25,24-872,10,20250924130425109_Hamm_v_Smith_Final_OK_TO_PRINT.pdf,0,False,False,False,,"No. 24-872 CAPITAL CASE IN THE Supreme Court of the United States ———— JOHN Q. HAMM, COMMISSIONER OF THE ALABAMA DEPARTMENT OF CORRECTIONS, Petitioner, v. JOSEPH CLIFTON SMITH, Respondent. ———— On Wri"
term_25,24-889,1,20260225151628487_Hikma_v_Amarin_-_AAM_Amicus_Brief.pdf,0,True,False,False,,"No. 24-889 IN THE Supreme Court of the United States HIKMA PHARMACEUTICALS USA INC., ET AL., Petitioners, v. AMARIN PHARMA, INC., ET AL., Respondents. On Writ of Certiorari to the United States Court "
term_25,24-889,2,20250321135811281_24-889_AAM_Cert._TSAC_Br._3.21.25_pdfA.pdf,0,True,False,False,,"No. 24-889 IN THE Supreme Court of the United States _________ HIKMA PHARMACEUTICALS USA INC., ET AL., Petitioners, v. AMARIN PHARMA, INC., ET AL., Respondents. _________ On Petition for a Writ of Cer"
term_25,24-889,3,20260225144103019_2026-02-24_FINAL_Waxman_amicus_brief_in_HIKMA.pdf,0,True,False,False,,"No. 24-889 IN THE Supreme Court of the United States ———— HIKMA PHARMACEUTICALS USA INC. AND HIKMA PHARMACEUTICALS PLC, Petitioners, v. AMARIN PHARMA, INC., ET AL., Respondents. ———— On Writ of Certio"
term_25,24-889,4,20260225162016293_24-889_Hikma_Merits_Amicus.pdf,0,True,False,False,,"No. 24-889 In the Supreme Court of the United States \ HIKMA PHARMACEUTICALS USA INC., ET AL., PETITIONERS v. AMARIN PHARMA, INC., ET AL. ON WRIT OF CERTIORARI TO THE UNITED STATES COURT OF APPEALS FO"
term_25,24-889,5,20250320153405912_brief-hikma-v-amarin-scpet.pdf,0,True,False,False,,"No. 24-889 IN THE Supreme Court of the United States HIKMA PHARMACEUTICALS USA INC. AND HIKMA PHARMACEUTICALS PLC, Petitioners, v. AMARIN PHARMA, INC., AMARIN PHARMACEUTICALS IRELAND LTD., AND MOCHIDA"
term_25,24-889,6,20251205145014514_24-889_--_Hikma_Pharmaceuticals_v._Amarin_Pharma.pdf,0,True,False,False,,"No. 24-889 In the Supreme Court of the United States \ HIKMA PHARMACEUTICALS USA INC., ET AL., PETITIONERS v. AMARIN PHARMA, INC., ET AL. ON PETITION FOR A WRIT OF CERTIORARI TO THE UNITED STATES COUR"
term_25,24-889,7,20260225162016293_24-889_Hikma_Merits_Amicus.pdf,14,True,False,False,,"In the Supreme Court of the United States No. 24-889 HIKMA PHARMACEUTICALS USA INC., ET AL., PETITIONERS v. AMARIN PHARMA, INC., ET AL. ON WRIT OF CERTIORARI TO THE UNITED STATES COURT OF APPEALS FOR "
term_25,24-889,8,20260218160101931_JA_Vol_2.pdf,0,True,False,False,,"No. 24-889 In the Supreme Court of the United States __________ HIKMA PHARMACEUTICALS USA INC. AND HIKMA PHARMACEUTICALS PLC, PETITIONERS v. AMARIN PHARMA, INC., ET AL. __________ ON WRIT OF CERTIORAR"
term_25,24-889,9,20260218160037196_JA_Vol_1.pdf,0,True,False,False,,"No. 24-889 In the Supreme Court of the United States __________ HIKMA PHARMACEUTICALS USA INC. AND HIKMA PHARMACEUTICALS PLC, PETITIONERS v. AMARIN PHARMA, INC., ET AL. __________ ON WRIT OF CERTIORAR"
term_25,24-889,10,20250515112618670_24-889_Brief_in_Opposition.pdf,0,True,False,False,,"No. 24-889 In the Supreme Court of the United States ɆɆɆɆɆɆɆɆɆ HIKMA PHARMACEUTICALS USA INC. AND HIKMA PHARMACEUTICALS PLC, Petitioners, v. AMARIN PHARMA, INC., ET AL., Respondents __________________"
term_25,24-924,1,20250807160702363_AAJ_Amicus_Brief_Hencely_v._Fluor_Corp._Final-Corrected.pdf,0,True,False,False,,"No. 24-924 IN THE Supreme Court of the United States WINSTON TYLER HENCELY, Petitioner, v. FLUOR CORPORATION, ET AL., Respondents. On Writ of Certiorari to the United States Court of Appeals for the F"
term_25,24-924,2,20250922085308601_24-924_Amicus_Brief.pdf,0,True,False,False,,"No. 24-924 In the Supreme Court of the United States WINSTON TYLER HENCELY, Petitioner, v. FLUOR CORPORATION, et al., Respondents. On Writ of Certiorari to the United States Court of Appeals for the F"
term_25,24-924,3,20250922124115538_24-924_Brief_of_Retired_Senior_Military_Officers_as_Amici_Curiae_in_Supp_4227b4d5.pdf,0,True,False,False,,"No. 24-924 In the Supreme Court of the United States —————— WINSTON TYLER HENCELY, PETITIONER v. FLUOR CORPORATION, ET AL. —————— ON WRIT OF CERTIORARI TO THE UNITED STATES COURT OF APPEALS FOR THE FO"
term_25,24-924,4,20250922152531949_2025-09-22_Hencely_amicus_brief_final.pdf,0,True,False,False,,"No. 24-924 IN THE Supreme Court of the United States ______________________________________________ WINSTON TYLER HENCELY, Petitioner, v. FLUOR CORPORATION; FLUOR ENTERPRISES, INC.; FLUOR INTERNATIONA"
term_25,24-924,5,20250807150437053_Hencely_-_Merits_Amicus_Final.pdf,0,True,False,False,,"No. 24-924 IN THE Supreme Court of the United States _________ WINSTON TYLER HENCELY, Petitioner, v. FLUOR CORPORATION; FLUOR ENTERPRISES, INC.; FLUOR INTERCONTINENTAL, INC.; FLUOR GOVERNMENT GROUP IN"
term_25,24-924,6,20250922193208771_24-924bsacUnitedStates.pdf,0,True,False,False,,"No. 24-924 In the Supreme Court of the United States WINSTON TYLER HENCELY, PETITIONER v. FLUOR CORPORATION, ET AL. ON WRIT OF CERTIORARI TO THE UNITED STATES COURT OF APEALS FOR THE FOURTH CIRCUIT BR"
term_25,24-924,7,20250807153057410_24-924_-_Amicus_Brief_-_Veterans_Of_Foreign_Wars.pdf,0,True,False,False,,"No. 24-924 IN THE Supreme Court of the United States ———— WINSTON TYLER HENCELY, Petitioner, v. FLUOR CORPORATION; FLUOR ENTERPRISES, INC.; FLUOR INTERCONTINENTAL, INC.; FLUOR GOVERNMENT GROUP INTERNA"
term_25,24-924,8,20250328163130233_24-924acVeteransOfForeignWars.pdf,0,True,False,False,,"No. 24-924 IN THE Supreme Court of the United States ———— WINSTON TYLER HENCELY, Petitioner, v. FLUOR CORPORATION; FLUOR ENTERPRISES, INC.; FLUOR INTERCONTINENTAL, INC.; FLUOR GOVERNMENT GROUP INTERNA"
term_25,24-924,9,20250807150437053_Hencely_-_Merits_Amicus_Final.pdf,27,True,False,False,,". Alert Fire & Safety Equip., Inc., 567 N.E.2d 1027, 1034 (Ohio 1991) (Ohio Supreme Court declining to adopt Boyle). 4 In later years, Justice Scalia himself came to doubt Boyle: “[S]tudent[s] inquire"
term_25,24-924,10,20250807121359186_24-924_Amicus_Brief_of_Public_Citizen.pdf,0,True,False,False,,"No. 24-924 IN THE Supreme Court of the United States WINSTON TYLER HENCELY, Petitioner, v. FLUOR CORP., ET AL., Respondents. On Writ of Certiorari to the United States Court of Appeals for the Fourth "
term_25,24-935,1,20250214161920501_Brock_-_Cert_Petition_Appendix.pdf,51,True,False,False,,. We have exercised our discretion to consider a forfeited argument on appeal when the argument involves a “pure matter of law and the proper resolution of the issue is certain.” United States v. Jarv
term_25,24-935,2,20260122125110305_Flowers_Foods_CAC_Amicus_Brief_FINAL_FOR_FILING.pdf,0,True,False,False,,"No. 24-935 IN THE Supreme Court of the United States FLOWERS FOODS, INC., ET AL., Petitioners, v. ANGELO BROCK, Respondent. On Writ of Certiorari to the United States Court of Appeals for the Tenth Ci"
term_25,24-935,3,20260122180547959_24-935_Brief.pdf,0,True,False,False,,"No. 24-935 In the Supreme Court of the United States FLOWER FOODS, INC., ET AL., Petitioners, v. ANGELO BROCK, Respondent. On Writ of Certiorari to the United States Court of Appeals for the Tenth Cir"
term_25,24-935,4,20260122125303674_24-935acProfessorsAndScholarsOfLinguisticsAndLaw.pdf,0,True,False,False,,"No. 24-935 IN THE Supreme Court of the United States ———— FLOWERS FOODS, INC., et al., Petitioners, v. ANGELO BROCK, Respondent. ———— On Writ of Certiorari to the United States Court of Appeals for th"
term_25,24-935,5,20260121092950078_2026_01_21_Flowers_Br_AFL_FINAL.pdf,0,True,False,False,,"No. 24-935 In The Supreme Court of the United States Flowers Foods, Inc., et al., Petitioners, v. Angelo Brock, Respondent. On Writ of Certiorari to the United States Court of Appeals for the Tenth Ci"
term_25,24-935,6,20251211144840255_24-935_Amicus_Brief.pdf,0,True,False,False,,"No. 24-935 In the Supreme Court of the United States ________________ FLOWERS FOODS, INC., ET AL. Petitioners, v. ANGELO BROCK Respondent. ________________ On Writ of Certiorari to the United States C"
term_25,24-935,7,20251211171747036_24-935_Amicus_Brief.pdf,0,True,False,False,,"No. 24-935 In the Supreme Court of the United States FLOWER FOODS, INC., et al., Petitioners, v. ANGELO BROCK, Respondent. On Writ of Certiorari to the United States Court of Appeals for the Tenth Cir"
term_25,24-935,8,20251211131310654_IBA_Amicus_Brief_Final_-_Brock.pdf,0,True,False,False,,"No. 24-935 IN THE Supreme Court of the United States FLOWERS FOODS, INC., et al., Petitioners, v. ANGELO BROCK, Respondent. On Writ of Certiorari to the United States Court of Appeals for the Tenth Ci"
term_25,24-935,9,20251210125359867_No._24-935_amicus_brief_of_Pioneer_New_England_Legal_Foundation.pdf,0,True,False,False,,"No. 24-935 IN THE Supreme Court of the United States FLOWERS FOODS, et al., Petitioners, v. ANGELO BROCK, Respondent. ON A WRIT OF CERTIORARI TO THE UNITED STATES COURT OF APPEALS FOR THE TENTH CIRCUI"
term_25,24-935,10,20250331145219984_No._24-935_Amicus_Brief.pdf,0,True,False,False,,"No. 24-935 In the Supreme Court of the United States ________________ FLOWER FOODS, INC., ET AL. Petitioners, v. ANGELO BROCK Respondent. ________________ On Petition for Writ of Certiorari to the Uni"
term_25,24-983,1,20250813151350377_Final_Supplemental_Brief.pdf,0,True,False,False,,"No. 24-983 IN THE Supreme Court of the United States HAVANA DOCKS CORPORATION, Petitioner, v. ROYAL CARIBBEAN CRUISES, LTD., NORWEGIAN CRUISE LINE HOLDINGS, LTD., CARNIVAL CORPORATION, MSC CRUISES S.A"
term_25,24-983,2,20251224102005263_Travel_Associations_Amicus_Brief.pdf,0,True,False,False,,"No. 24-983 IN THE Supreme Court of the United States ________________ HAVANA DOCKS CORPORATION, Petitioner, v. ROYAL CARIBBEAN CRUISES, LTD., ET AL., Respondents. ________________ On Writ of Certiorar"
term_25,24-983,3,20251124141544143_24-983tsacUnitedStates.pdf,8,True,False,False,,"In the Supreme Court of the United States No. 24-983 HAVANA DOCKS CORPORATION, PETITIONER v. ROYAL CARIBBEAN CRUISES, LTD., ET AL. ON WRIT OF CERTIORARI TO THE UNITED STATES COURT OF APPEALS FOR THE E"
term_25,24-983,4,20251229105928130_Havana_Docks_v._Royal_Caribbean_-_Amicus_Brief_FILE.pdf,0,True,False,False,,"No. 24-983 In the Supreme Court of the United States ________________________________________ HAVANA DOCKS CORP., PETITIONER v. ROYAL CARIBBEAN CRUISES, LTD., ET AL. __________________________________"
term_25,24-983,5,20251217131041802_24-983_Brief_for_Respondents.pdf,0,True,False,False,,"No. 24-983 In the Supreme Court of the United States ________________ HAVANA DOCKS CORPORATION, Petitioner, v. ROYAL CARIBBEAN CRUISES, LTD., NORWEGIAN CRUISE LINE HOLDINGS LTD., CARNIVAL CORPORATION,"
term_25,24-983,6,20250523131325431_24-983-Brief_in_Opposition.pdf,0,True,False,False,,"No. 24-983 In the Supreme Court of the United States ________________ HAVANA DOCKS CORPORATION, Petitioner, v. ROYAL CARIBBEAN CRUISES, LTD., NORWEGIAN CRUISE LINE HOLDINGS LTD., CARNIVAL CORPORATION,"
term_25,24-983,7,20251117201826400_11172025_HDC_merits_opening_final.pdf,0,True,False,False,,"No. 24-983 IN THE Supreme Court of the United States HAVANA DOCKS CORPORATION, Petitioner, v. ROYAL CARIBBEAN CRUISES, LTD., NORWEGIAN CRUISE LINE HOLDINGS, LTD., CARNIVAL CORPORATION, MSC CRUISES S.A"
term_25,24-983,8,20260116112045156_2026.01.16_HDC.Reply.final.v3.pdf,0,True,False,False,,"No. 24-983 IN THE Supreme Court of the United States HAVANA DOCKS CORPORATION, Petitioner, v. ROYAL CARIBBEAN CRUISES, LTD., NORWEGIAN CRUISE LINE HOLDINGS, LTD., CARNIVAL CORPORATION, MSC CRUISES S.A"
term_25,24-983,9,20250827152318382_24-983_Havana_Docks_CVSG.pdf,8,True,False,False,,"In the Supreme Court of the United States No. 24-983 HAVANA DOCKS CORPORATION, PETITIONER v. ROYAL CARIBBEAN CRUISES, LTD., ET AL. ON PETITION FOR A WRIT OF CERTIORARI TO THE UNITED STATES COURT OF AP"
term_25,24-983,10,20251117202302251_No._24-983_Joint_Appendix_Volume_I.pdf,0,True,False,False,,"No. 24-983 IN THE Supreme Court of the United States ———— HAVANA DOCKS CORPORATION, Petitioner, v. ROYAL CARIBBEAN CRUISES, LTD., NORWEGIAN CRUISE LINE HOLDINGS LTD., CARNIVAL CORPORATION, MSC CRUISES"
term_25,24-993,1,20251016172012635_RepBriefOliviervBrandon24993.pdf,0,True,False,False,,"No. 24-993 _________________________________________________ In The Supreme Court of the United States _____________________ GABRIEL OLIVIER, Petitioner, v. CITY OF BRANDON, MISSISSIPPI, ET AL., Respo"
term_25,24-993,2,20250905060335983_Olivier_merits.pdf,0,True,False,False,,"No. 24-993 In the Supreme Court of the United States __________ GABRIEL OLIVIER, Petitioner, v. CITY OF BRANDON, MISSISSIPPI, ET AL., Respondents. __________ On Writ of Certiorari to the United States"
term_25,24-993,3,20250411081112245_Olivier_cert-stage.pdf,0,True,False,False,,"No. 24-993 In the Supreme Court of the United States __________ GABRIEL OLIVIER, Petitioner, v. CITY OF BRANDON, MISSISSIPPI, ET AL., Respondents. __________ On Petition for a Writ of Certiorari to th"
term_25,24-993,4,20251020093623063_24-993_Amicus_Brief_of_Local_Governement_Legal_Center.pdf,0,True,False,False,,"No. 24-993 IN THE Supreme Court of the United States _____________________________ GABRIEL OLIVIER, Petitioner, v. CITY OF BRANDON, ET AL., Respondents. _____________________________ On Writ of Certio"
term_25,24-993,5,20250529123643181_24-963_Final_Response_to_Oliviers_Petition_for_Cert.pdf,26,True,False,False,,"17 There is no reason to think the Fifth Circuit will not take up the issue again, perhaps in a published case that does not have the presentment problems inherent in this one. See Olivier, 121 F.4th "
term_25,24-993,6,20250416101438202_24993_Amicus_Brief_of_Young_Americas_Foundation.pdf,0,True,False,False,,"No. 24-993 In the Supreme Court of the United States GABRIEL OLIVIER, Petitioner, v. CITY OF BRANDON, ET AL., Respondents. On Petition for Writ of Certiorari to the United States Court of Appeals for "
term_25,24-993,7,20250909152940548_24-993_Merits_Amicus_Brief_of_Young_Americas_Foundation.pdf,0,True,False,False,,"No. 24-993 In the Supreme Court of the United States GABRIEL OLIVIER, Petitioner, v. CITY OF BRANDON, ET AL., Respondents. On Writ of Certiorari to the United States Court of Appeals for the Fifth Cir"
term_25,24-993,8,20250909110831110_250912a_AC_Brief_for_efiling.pdf,0,True,False,False,,"No. 24-993 In The Supreme Court of the United States GABRIEL OLIVIER, Petitioner, v. CITY OF BRANDON, ET AL., Respondents. On Writ of Certiorari to the United States Court of Appeals for the Fifth Cir"
term_25,24-993,9,20250909103555383_24-993_Amicus_Brief_of_The_American_Center_for_Law_and_Justice.pdf,0,True,False,False,,"No. 24-993 In the Supreme Court of the United States ______________ GABRIEL OLIVIER, Petitioner, v. CITY OF BRANDON, ET AL., Respondents. ______________ On Writ of Certiorari to the United States Cour"
term_25,24-993,10,20250416115634330_24-993_Amicus_Brief_of_The_American_Center_for_Law_and_Justice.pdf,0,True,False,False,,"No. 24-993 In the Supreme Court of the United States ______________ GABRIEL OLIVIER, Petitioner, v. CITY OF BRANDON, ET AL., Respondents. ______________ On Petition for a Writ of Certiorari to the Uni"
term_25,25-112,1,20260302121050049_25-112_Chatrie_v_US_amicus_Owsley.pdf,0,True,False,False,,"No. 25-112 In the Supreme Court of the United States _________________________ OKELLO CHATRIE, Petitioner, V. UNITED STATES, Respondent. _________________________ On Writ of Certiorari to the United S"
term_25,25-112,2,20260302101249756_Chatrie_-_AC_Merits_Brief_FINAL3.2.26.pdf,41,True,False,False,,". If Kerr’s Katz-ian theory is adopted, we will only see more of this. IV. Coda: What about Katz? Students of legal philosophy may recall Lon Fuller’s The Case of the Speluncean Explorers, 62 Harv. L."
term_25,25-112,3,20260302134355393_2026.3.2.AFPF_Amicus.Chatrie_v._United_States.25.112.pdf,0,True,False,False,,"No. 25-112 IN THE Supreme Court of the United States _________________________________________________ OKELLO T. CHATRIE, Petitioner, v. UNITED STATES OF AMERICA, Respondent. _________________________"
term_25,25-112,4,20260302112951381_Chatrie_CAC_Brief_-_FINAL.pdf,0,True,False,False,,"No. 25-112 IN THE Supreme Court of the United States OKELLO CHATRIE, Petitioner, v. UNITED STATES OF AMERICA, Respondent. On Writ of Certiorari to the United States Court of Appeals for the Fourth Cir"
term_25,25-112,5,20260302135902733_2026-03-01_Chatrie_AmicusBrief_FINAL.pdf,0,True,False,False,,"No. 25-112 IN THE Supreme Court of the United States OKELLO T. CHATRIE, PETITIONER v. UNITED STATES ON WRIT OF CERTIORARI BEFORE JUDGMENT TO THE UNITED STATES COURT OF APPEALS FOR THE FOURTH CIRCUIT B"
term_25,25-112,6,20260302114403305_2026.03.02_-_Chatrie_Institute_for_Justice_Amicus_Brief.pdf,0,True,False,False,,"No. 25-112 In The Supreme Court of the United States OKELLO CHATRIE, Petitioner, v. UNITED STATES OF AMERICA Respondent. On Writ of Certiorari to the United States Court of Appeals for the Fourth Circ"
term_25,25-112,7,20260302131132317_Chatrie_v._US_Final.pdf,0,True,False,False,,"No. 25-112 In the Supreme Court of the United States __________ OKELLO CHATRIE, Petitioner, v. UNITED STATES OF AMERICA, Respondent. __________ On Writ of Certiorari to the United States Court of Appe"
term_25,25-112,8,20260302135902733_2026-03-01_Chatrie_AmicusBrief_FINAL.pdf,12,True,False,False,,1 INTEREST OF AMICI CURIAE Amici curiae (listed in Appendix A) are law professors with expertise in Fourth Amendment jurisprudence and its application to digital surveillance. Amici’s interest in this
term_25,25-112,9,20250829160043957_Chatrie_-_AC_Brief_final.pdf,0,True,False,False,,"No. 25-112 In the Supreme Court of the United States _________ OKELLO T. CHATRIE, Petitioner, v. UNITED STATES OF AMERICA, Respondent. _________ On Petition For A Writ Of Certiorari To The United Stat"
term_25,25-112,10,20260302134430681_25-112_Google_Chatrie_Amicus.final.pdf,0,True,False,False,,"No. 25-112 In the Supreme Court of the United States ________________ OKELLO T. CHATRIE, Petitioner, v. UNITED STATES, Respondent. ________________ On Writ of Certiorari to the United States Court of "
term_25,25-170,1,20251110174050279_25-170_Brief_in_Opposition.pdf,34,True,False,False,,"14 nuisance arising from climate-change injuries. Id. at 415, 420. The Court explained that “[f]our members of the Court . . . would hold that none of the plaintiffs have Article III standing,” while "
term_25,25-170,2,20251110174050279_25-170_Brief_in_Opposition.pdf,0,True,False,False,,"No. 25-170 IN THE Supreme Court of the United States SUNCOR ENERGY (U.S.A.) INC.; SUNCOR ENERGY SALES INC.; EXXON MOBIL CORPORATION, Petitioners, v. COUNTY COMMISSIONERS OF BOULDER COUNTY; CITY OF BOU"
term_25,25-170,3,20250808130855966_Suncor_pet.pdf,65,True,False,False,,"30 “risk[ed] impeding our federal government’s judgment as to how to approach air pollution in the international sphere.” App., infra, 45a (Samour, J., dissenting). The Colorado Supreme Court erred by"
term_25,25-170,4,20250905131438894_25-170_-_Amici_Brief.pdf,0,True,False,False,,"No. 25-170 In the Supreme Court of the United States ______________________ SUNCOR ENERGY (U.S.A.) INC., ET AL., Petitioners, v. COUNTY COMMISSIONERS OF BOULDER COUNTY, ET AL., Respondents. __________"
term_25,25-170,5,20250911142147978_25-170_-_Amici_Brief.pdf,0,True,False,False,,"No. 25-170 In the Supreme Court of the United States ♦ SUNCOR ENERGY (U.S.A.) INC.; SUNCOR ENERGY SALES, INC.; EXXON MOBIL CORPORATION, Petitioners, v. COUNTY COMMISSIONERS OF BOULDER COUNTY AND CITY "
term_25,25-170,6,20251009130224083_25-170-Amicus_Brief.pdf,0,True,False,False,,"Nos. 25-170 In the Supreme Court of the United States ______________________ SUNCOR ENERGY (U.S.A.) INC. ET AL., Petitioners, v. COUNTY COMMISSIONERS OF BOULDER COUNTY, ET AL. Respondents. ___________"
term_25,25-170,7,20251009135357281_Suncor_Exxon_-_Chamber_Amicus_Brief_ISO_Cert..pdf,0,True,False,False,,"No. 25-170 IN THE Supreme Court of the United States SUNCOR ENERGY (U.S.A.) INC., ET AL., Petitioners, v. COUNTY COMMISSIONERS OF BOULDER COUNTY, ET AL., Respondents. On Petition for a Writ of Certior"
term_25,25-170,8,20250911090447036_25-170_Amicus_Brief.pdf,0,True,False,False,,"No. 25-170 In the Supreme Court of the United States SUNCOR ENERGY (U.S.A.) INC., et al., Petitioners, v. COUNTY COMMISSIONERS OF BOULDER COUNTY, et al., Respondents. On Petition for a Writ of Certior"
term_25,25-170,9,20250911090447036_25-170_Amicus_Brief.pdf,18,True,False,False,,10 contingency fees from the governments in case they win.) The foundations hope the companies will agree to the funding and public policies they want imposed if the litigation appears viable and medi
term_25,25-170,10,20251009154303489_25-170_Amicus_Brief_of_House_Majority_Leader_Steve_Scalise_and_102_Other_1978b2da.pdf,0,True,False,False,,"No. 25-170 In the Supreme Court of the United States ______________ SUNCOR ENERGY (U.S.A.) INC., ET AL., Petitioners, v. COUNTY COMMISSIONERS OF BOULDER COUNTY; CITY OF BOULDER, Respondents. _________"
term_25,25-180,1,20251015100306948_2025-10-14_Dynamic_Opposition_to_Cert_Petition.pdf,0,True,False,False,,"No. 25-180 IN THE Supreme Court of the United States _______________ JOHN DOE, Petitioner, v. DYNAMIC PHYSICAL THERAPY, LLC, ET. AL., Respondents. ________ On Petition for a Writ of Certiorari to the "
term_25,25-180,2,20250814140229283_JohnDoe_Petition_EFILE_Updated.pdf,66,True,False,False,,"41 Mr. Doe’s physician and pain doctor. It is ‘absurd’155 for defendants to invoke LHEPA for these purposes. The courts applying LHEPA to this case serves neither state nor federal interests, and inst"
term_25,25-180,3,20250814140229283_JohnDoe_Petition_EFILE_Updated.pdf,45,True,False,False,,"27 The First Circuit heard oral arguments on November 18, 2024, and issued its judgment on December 27, 2024, affirming the trial court’s decision granting defendants’ Exception, dismissing Mr. Doe’s "
term_25,25-180,4,20251015100306948_2025-10-14_Dynamic_Opposition_to_Cert_Petition.pdf,11,True,False,False,,5 conclusory allegations” of preemption “without supporting facts and cite[d] no legal authority supporting [that] argument.” Id. at 1017–18. Pet. App.22a. The Louisiana Supreme Court denied Petitione
term_25,25-180,5,20250814140229283_JohnDoe_Petition_EFILE_Updated.pdf,54,True,False,False,,"34 immunity to healthcare providers and facilities, except for gross negligence and willful misconduct. These immunity provisions shared substantial state interests in incentivizing continued care dur"
term_25,25-180,6,20250814140229283_JohnDoe_Petition_EFILE_Updated.pdf,60,True,False,False,,"37 The Louisiana Courts’ decisions raise dangerous precedent. If states may invoke emergency immunity statutes to preclude ADA and RA claims in their courts, the federal guarantee against discriminati"
term_25,25-180,7,20250814140229283_JohnDoe_Petition_EFILE_Updated.pdf,5,True,False,False,,"vi TABLE OF CONTENTS – Continued Page APPENDIX TABLE OF CONTENTS OPINIONS AND ORDERS Order Denying Application for Writ of Certiorari, Supreme Court of the State of Louisiana (April 29, 2025) ........"
term_25,25-180,8,20250728164412027_JohnDoe_Appendix_EFILE_July_28_2025.pdf,35,True,False,False,,"App.23a JUDGMENT, 22ND JUDICIAL DISTRICT COURT FOR THE PARISH OF ST. TAMMANY, STATE OF LOUISIANA (MARCH 28, 2024) 22ND JUDICIAL DISTRICT COURT FOR THE PARISH OF ST. TAMMANY STATE OF LOUISIANA ________"
term_25,25-180,9,20250728164412027_JohnDoe_Appendix_EFILE_July_28_2025.pdf,0,True,False,False,,"APPENDIX TABLE OF CONTENTS OPINIONS AND ORDERS Order Denying Application for Writ of Certiorari, Supreme Court of the State of Louisiana (April 29, 2025) .............................................."
term_25,25-180,10,20250814140229283_JohnDoe_Petition_EFILE_Updated.pdf,61,True,False,False,,. The decision before this Court rests entirely on the legal determination of whether a state procedural immunity statute may displace a federal cause of action under the ADA and RA in state court. Un
term_25,25-197,1,20260121101440950_Brief_for_the_Institute_for_Justice_as_Amicus_Curiae_in_Support_of_Petit_340ce489.pdf,0,True,False,False,,"No. 25-197 In the Supreme Court of the United States T.M., Petitioner, v. UNIVERSITY OF MARYLAND MEDICAL SYSTEM CORPORATION, et al., Respondents. On Writ of Certiorari to the United States Court of Ap"
term_25,25-197,2,20260121143132885_25-197_Brief_of_Amici_Curiae_Federal_Courts_Scholars_ISO_Petitioners.pdf,0,True,False,False,,"No. 25-197 In the Supreme Court of the United States ________________________________________ T.M., Petitioner, v. UNIVERSITY OF MARYLAND MEDICAL SYSTEM CORPORATION, ET AL., Respondents. _____________"
term_25,25-197,3,20260121103737990_T.M._CAC_Amicus_Brief_FINAL_FOR_FILING.pdf,0,True,False,False,,"No. 25-197 IN THE Supreme Court of the United States T.M., Petitioner, v. UNIVERSITY OF MARYLAND MEDICAL SYSTEM CORPORATION, ET AL., Respondents. On Writ of Certiorari to the United States Court of Ap"
term_25,25-197,4,20250815135129561_TM_pet_app.pdf,24,True,False,False,,"14a state court judgment—the precise remedy T.M. seeks to disclaim on appeal. Shifting gears, T.M. also argues that this suit “seek[s] relief from a state administrative agency’s determination that sh"
term_25,25-197,5,20260114131135522_25-197_ja1.pdf,0,True,False,False,,"No. 25-197 In the Supreme Court of the United States T.M., PETITIONER v. UNIVERSITY OF MARYLAND MEDICAL SYSTEM CORPORATION, ET AL. ON WRIT OF CERTIORARI TO THE UNITED STATES COURT OF APPEALS FOR THE F"
term_25,25-197,6,20260213112320341_TM_v._UMM_Merits_Brief.pdf,0,True,False,False,,"No. 25-197 In the Supreme Court of the United States T.M., PETITIONER, v. UNIVERSITY OF MARYLAND MEDICAL SYSTEM CORPORATION, ET AL., RESPONDENTS. ON WRIT OF CERTIORARI TO THE UNITED STATES COURT OF AP"
term_25,25-197,7,20260114130929641_25-197_petbr.pdf,13,True,False,False,,"In the Supreme Court of the United States No. 25-197 T.M., PETITIONER v. UNIVERSITY OF MARYLAND MEDICAL SYSTEM CORPORATION, ET AL. ON WRIT OF CERTIORARI TO THE UNITED STATES COURT OF APPEALS FOR THE F"
term_25,25-197,8,20260114131135522_25-197_ja1.pdf,105,True,False,False,,"69 MR. SHEPARD: Right. What’s dangerous ground, Your Honor, is—and forgive me, but I believe the hospital’s actions in this case are nothing that I’ve seen in my practice. I know that there are—there’"
term_25,25-197,9,20251020122754253_T.M._v._Univ._Md._Med._Sys._Corp_BIO.pdf,8,True,False,False,,"In the Supreme Court of the United States NO. 25-197 T.M., PETITIONER, v. UNIVERSITY OF MARYLAND MEDICAL SYSTEM CORPORATION, ET AL., RESPONDENTS. ON PETITION FOR A WRIT OF CERTIORARI TO THE UNITED STA"
term_25,25-197,10,20260213112320341_TM_v._UMM_Merits_Brief.pdf,13,True,False,False,,"VIII Page Other Authorities—continued: System Overview, UMMS (2026), https://tinyurl.com/2wtruv3s .......................................... 3 In the Supreme Court of the United States NO. 25-197 T.M."
term_25,25-332,1,20251017154737924_Slaughter_Merits_Amicus_Brief.pdf,17,True,False,False,,"6 official’s removal from public office, either through relief at equity or at law. These amici addressed both issues at the Application stage and expound on those arguments here. However, this grant "
term_25,25-332,2,20251010164235290_Trump_v._Slaughter_JA.pdf,134,True,False,False,,". Biden, 636 F. Supp. 3d 1, 31 (D.D.C. 2022) (quoting Glenn v. Thomas Fortune Fay, 222 F. Supp. 3d 31, 36 (D.D.C. 2016)). While the law governing this case was already clear, a reminder seems—unfortun"
term_25,25-332,3,20251010164235290_Trump_v._Slaughter_JA.pdf,186,True,False,False,,". Gov’t Stay Mot. 15. Because we take the Supreme Court at its word, the government’s arguments have no prospect of success on appeal, which weighs heavily against granting a stay. 1 First, the govern"
term_25,25-332,4,20251016121227966_2025.10.16.AFPF_Amicus.Trump_v._Slaughter.No._25.pdf,0,True,False,False,,"No. 25-332 IN THE Supreme Court of the United States _________________________________________________ DONALD J. TRUMP, PRESIDENT OF THE UNITED STATES, ET AL., Petitioners, v. REBECCA KELLY SLAUGHTER,"
term_25,25-332,5,20251017161931664_25-332_Amicus_Brief.pdf,0,True,False,False,,"No. 25-332 In the Supreme Court of the United States DONALD J. TRUMP, PRESIDENT OF THE UNITED STATES, et al., Petitioners, v. REBECCA KELLY SLAUGHTER, et al., Respondents. On Writ of Certiorari to the"
term_25,25-332,6,20251010164235290_Trump_v._Slaughter_JA.pdf,102,True,False,False,,". See Harris, 2025 WL 980278, at *13-18 (Walker, J., concurring); id. at *21-23 (Henderson, J., concurring). Judge Millett dissented, writing that the “none of the government’s arguments . . . disting"
term_25,25-332,7,20251017170553744_Slaughter_Amicus_NCLA_Final_for_Filing.pdf,0,True,False,False,,"No. 25-332 IN THE Supreme Court of the United States _______________________________ DONALD J. TRUMP, PRESIDENT OF THE UNITED STATES, ET AL., Petitioners, v. REBECCA SLAUGHTER, ET AL., Respondents. __"
term_25,25-332,8,20251017153109735_Trump_v._Slaughter_Final.pdf,5,True,False,False,,"1 INTEREST OF AMICUS CURIAE1 The Cato Institute is a nonpartisan public policy research foundation founded in 1977 and dedicated to advancing the principles of individual liberty, free markets, and li"
term_25,25-332,9,20251010164235290_Trump_v._Slaughter_JA.pdf,0,True,False,False,,"No. 25-332 In the Supreme Court of the United States DONALD J. TRUMP, PRESIDENT OF THE UNITED STATES, ET AL., PETITIONERS v. REBECCA KELLY SLAUGHTER, ET AL. ON WRIT OF CERTIORARI BEFORE JUDGMENT TO TH"
term_25,25-332,10,20251017115107749_20251017_SvT_MERITS_ABR_Brief_of_Amicus_Curiae_Christian_Employers_Allia_0d68708e.pdf,0,True,False,False,,"NO. 25-332 IN THE Supreme Court of the United States DONALD J. TRUMP, PRESIDENT OF THE UNITED STATES, ET AL. Petitioners, v. REBECCA KELLY SLAUGHTER, ET AL., Respondents. On Writ of Certiorari to the "
term_25,25-365,1,20260218161439117_25-365_bsac_Citizenship_Law_Scholars.pdf,11,True,False,False,,"IN THE Supreme Court of the United States No. 25-365 DONALD J. TRUMP, PRESIDENT OF THE UNITED STATES, ET AL., Petitioners, v. BARBARA, ET AL., Respondents. ON WRIT OF CERTIORARI BEFORE JUDGMENT TO THE"
term_25,25-365,2,20260123111939637_25-365_Amicus_Brief.pdf,0,True,False,False,,"No. 25-365 IN THE Supreme Court of the United States ____________ DONALD J. TRUMP, PRESIDENT OF THE UNITED STATES, ET AL., Petitioners, v. BARBARA, ET AL., Respondents. ____________ On Writ of Certior"
term_25,25-365,3,20260127110123657_25-365_Amicus_Brief.pdf,0,True,False,False,,"No. 25-365 IN THE Supreme Court of the United States DONALD J. TRUMP, PRESIDENT OF THE UNITED STATES, ET AL., Petitioners, v. BARBARA, ET AL., Respondents. On Writ of Certiorari Before Judgment to the"
term_25,25-365,4,20260226143920896_Muller_Brief.pdf,0,True,False,False,,"No. 25-365 IN THE Supreme Court of the United States DONALD J. TRUMP, PRESIDENT OF THE UNITED STATES, ET AL., Petitioners, v. BARBARA, ET AL., Respondents. On Writ of Certiorari Before Judgment to the"
term_25,25-365,5,20260127175852031_Trump_v_Barbara_-_Wurman_Amicus_Brief_-_FINAL.pdf,0,True,False,False,,"No. 25-365 In the Supreme Court of the United States __________ DONALD TRUMP, ET AL., PETITIONERS v. BARBARA, ET AL., RESPONDENTS _________ ON WRIT OF CERTIORARI BEFORE JUDGMENT TO THE UNITED STATES C"
term_25,25-365,6,20260127110123657_25-365_Amicus_Brief.pdf,30,True,False,False,,"15 B. Longstanding Misinterpretation of Wong Kim Ark. The conventional wisdom, accepted over decades, is that Wong Kim Ark supports absolute birthright citizenship to everyone born in the United State"
term_25,25-365,7,20260127131459707_25-365_TSAC_CCJ.pdf,0,True,False,False,,"i No. 25-365 In the Supreme Court of the United States DONALD J. TRUMP, PRESIDENT OF THE UNITED STATES, ET AL, Petitioners, v. BARBARA, ET AL, Respondents. On Writ of Certiorari Before Judgment to the"
term_25,25-365,8,20260127154058974_25-365_Amicus_Brief.pdf,0,True,False,False,,"No. 25-365 IN THE Supreme Court of the United States _______________ DONALD TRUMP, PRESIDENT OF THE UNITED STATES, ET AL., Petitioners, v. BARBARA, ET AL., Respondents. _______________ On Writ of Cert"
term_25,25-365,9,20260128114151284_Birthright_Citizenship_Merits_Amicus_Brief_1.27.26.pdf,0,True,False,False,,"No. 25-365 IN THE Supreme Court of the United States DONALD J. TRUMP, ET AL., Petitioners, v. BARBARA, ET AL., Respondents. On Writ of Certiorari Before Judgment to the United States Court of Appeals "
term_25,25-365,10,20260218161439117_25-365_bsac_Citizenship_Law_Scholars.pdf,0,True,False,False,,"No. 25-365 IN THE Supreme Court of the United States DONALD J. TRUMP, PRESIDENT OF THE UNITED STATES, ET AL., Petitioners, v. BARBARA, ET AL., Respondents. ON WRIT OF CERTIORARI BEFORE JUDGMENT TO THE"
term_25,25-406,1,20260114104750538_Letter_25-406_25-567.pdf,0,True,False,False,,"1 U.S. Department of Justice Office of the Solicitor General Washington, D.C. 20530 January 14, 2026 Honorable Scott S. Harris Clerk Supreme Court of the United States Washington, D.C. 20543 Re: FCC, "
term_25,25-406,2,20260225143449065_25-406_Amicus_Brief_of_Telnyx_LLC.pdf,0,True,False,False,,"Nos. 25-406 and 25-567 In the Supreme Court of the United States __________________ FEDERAL COMMUNICATIONS COMMISSION, ET AL., Petitioners, v. AT&T, INC., Respondent __________________ VERIZON COMMUNI"
term_25,25-406,3,20260218142818402_25-406_and_25-567_Brief.pdf,15,True,False,False,,"XI Thomas M. Cooley, A Treatise on the Constitutional Limitations Which Rest Upon the Legislative Power of the States of the American Union (4th ed. 1878) .................. 28 In the Supreme Court of"
term_25,25-406,4,20260225124511280_Amicus_brief_of_Institute_for_Justice.pdf,0,True,False,False,,"Nos. 25-406 & 25-567 In The Supreme Court of the United States FEDERAL COMMUNICATIONS COMMISSION, ET AL., Petitioners, v. AT&T, INC. Respondent. VERIZON COMMUNICATIONS INC., Petitioner, v. FEDERAL COM"
term_25,25-406,5,20260227153506767_25-406_Amicus_Brief_of_National_Religious_Broadcasters.pdf,0,True,False,False,,"Nos. 25-406 and 25-567 IN THE Supreme Court of the United States _____________________________________________________ FEDERAL COMMUNICATIONS COMMISSION, et al., Petitioners, v. AT&T, INC., Respondent"
term_25,25-406,6,20260225134155366_2026.02.25_NCLA_Amicus_Brief_final_for_filing.pdf,0,True,False,False,,"Nos. 25-406 and 25-567 In the Supreme Court of the United States _______________________________ FEDERAL COMMUNICATIONS COMMISSION, et al., Petitioners, v. AT&T, INC. _______________________________ V"
term_25,25-406,7,20260225113359052_ATT-Verizon_v._FCC_-_WLF_Amicus_Brief.pdf,0,True,False,False,,"Nos. 25-406 & 25-567 In the Supreme Court of the United States FEDERAL COMMUNICATIONS COMMISSION, ET AL., PETITIONERS v. AT&T, INC., RESPONDENT VERIZON COMMUNICATIONS INC., PETITIONER v. FEDERAL COMMU"
term_25,25-406,8,20260225094232418_tsac_TechFreedom_Nos_25_406_25_567.pdf,0,True,False,False,,"Nos. 25-406 & 25-567 IN THE Supreme Court of the United States ___________ FEDERAL COMMUNICATIONS COMMISSION, et al., Petitioners, v. AT&T, INC. ____________________ VERIZON COMMUNICATIONS INC., Petit"
term_25,25-406,9,20260225094712137_FCC_v._ATT_Final.pdf,0,True,False,False,,"Nos. 25-406 & 25-567 In the Supreme Court of the United States __________ FEDERAL COMMUNICATIONS COMMISSION, ET AL., Petitioners, v. AT&T, INC., Respondent. VERIZON COMMUNICATIONS INC., Petitioner, v."
term_25,25-406,10,20260225094712137_FCC_v._ATT_Final.pdf,5,True,False,False,,"1 INTEREST OF AMICUS CURIAE1 The Cato Institute is a nonpartisan public policy research foundation founded in 1977 and dedicated to advancing the principles of individual liberty, free markets, and li"
term_25,25-429,1,20260218161708389_25-429ts_Bondi_v_Lau_FILE.pdf,0,True,False,False,,"No. 25-429 In the Supreme Court of the United States PAMELA BONDI, ATTORNEY GENERAL, PETITIONER v. MUK CHOI LAU ON WRIT OF CERTIORARI TO THE UNITED STATES COURT OF APPEALS FOR THE SECOND CIRCUIT BRIEF"
term_25,25-429,2,20260218162032007_25-429_Bondi_v._Lau_Joint_Appendix.pdf,0,True,False,False,,"No. 25-429 In the Supreme Court of the United States PAMELA BONDI, ATTORNEY GENERAL, PETITIONER v. MUK CHOI LAU ON WRIT OF CERTIORARI TO THE UNITED STATES COURT OF APPEALS FOR THE SECOND CIRCUIT JOINT"
term_25,25-429,3,20260120152104910_Bondi_v._Lau_-_Brief_in_Opposition_FILE.pdf,0,True,False,False,,"No. 25-429 In the Supreme Court of the United States ________________________________________ PAMELA BONDI, ATTORNEY GENERAL, PETITIONER v. MUK CHOI LAU ________________________________________ ON PET"
term_25,25-429,4,20260123104239755_25-429_Petition_and_Appendix.pdf,111,True,False,False,,". In addition to the aforementioned exhibits, the parties have submitted legal briefs. The Court has considered all of the arguments set forth in their respective briefs. The respondent seeks a waiver"
term_25,25-429,5,20260218161708389_25-429ts_Bondi_v_Lau_FILE.pdf,12,True,False,False,,"VIII Miscellaneous—Continued: Page U.S. Dep’t of Justice, Annual Report of the Immigration and Naturalization Service for the Fiscal Year Ended June 30, 1951 (1951) ..................................."
term_25,25-429,6,20260225141402609_25-429_Brief.pdf,0,True,False,False,,"No. 25-429 In the Supreme Court of the United States PAMELA BONDI, ATTORNEY GENERAL, Petitioner, v. MUK CHOI LAU, Respondent. On Writ of Certiorari to the United States Court of Appeals for the Second"
term_25,25-429,7,20260123104239755_25-429_Petition_and_Appendix.pdf,110,True,False,False,,"34a Here, the respondent falls within the exception highlighted in 101(a)(13)(C)(5) since the respondent has committed an offense in Section 212(a)(2). The respondent committed the offense of trademar"
term_25,25-429,8,20260120152104910_Bondi_v._Lau_-_Brief_in_Opposition_FILE.pdf,32,True,False,False,,12 split on that question. And the government didn’t challenge BIA precedent holding that the government must prove an exception by clear and convincing evidence in the proceedings below. The governme
term_25,25-429,9,20260123104239755_25-429_Petition_and_Appendix.pdf,0,True,False,False,,"No. xxxxxx In the Supreme Court of the United States PAMELA BONDI, PETITIONER v. MUK CHOI LAU ON PETITION FOR A WRIT OF CERTIORARI TO THE UNITED STATES COURT OF APPEALS FOR THE SECOND CIRCUIT PETITION"
term_25,25-429,10,20260120152104910_Bondi_v._Lau_-_Brief_in_Opposition_FILE.pdf,72,True,False,False,,"32 issued its decision, there was no precedent on what burden the government must meet to prove a § 1101(a)(13)(C) exception, so the court felt obligated to supply a standard under federal common law."
term_25,25-459,1,20251216114139096_Salazar_v._Paramount_BIO.pdf,0,True,False,False,,"No. 25-459 In the Supreme Court of the United States MICHAEL SALAZAR, PETITIONER, v. PARAMOUNT GLOBAL, DBA 247SPORTS ON PETITION FOR A WRIT OF CERTIORARI TO THE UNITED STATES COURT OF APPEALS FOR THE "
term_25,25-459,2,20251010164519322_25-_Petition_for_Writ.pdf,46,True,False,False,,". If this Court were to grant the NBA’s petition, though, that single case would have simultaneous appeals before two different courts concerning two independent, and potentially dispositive, legal qu"
term_25,25-459,3,20251010164519322_25-_Petition_for_Writ.pdf,42,True,False,False,,". As a result, where the circuit court has vacated a judgment and remanded for additional proceedings, this Court typically denies certiorari. See Mount Soledad, 567 U.S. at 945; Virginia Mil. Inst., "
term_25,25-459,4,20251216114139096_Salazar_v._Paramount_BIO.pdf,11,True,False,False,,"3 Christopherson v. Cinema Ent. Corp., No. 24-3042, 2025 WL 3512393 (8th Cir. Dec. 8, 2025); see also Pileggi, 146 F.4th at 1238 (Randolph, J., concurring) (similar). 247Sports does not rent, sell, or"
term_25,25-459,5,20251010164519322_25-_Petition_for_Writ.pdf,14,True,False,False,,"3 The question presented here implicates the same circuit split involved in a currently pending petition for certiorari. See Nat’l Basketball Ass’n, No. 24-994. The question is just as important here "
term_25,25-459,6,20251010164519322_25-_Petition_for_Writ.pdf,179,True,False,False,,"56a [T]he VPPA identifies a substantive right to privacy that suffers any time a video service provider discloses otherwise private information. As a result, every 18 U.S.C. § 2710(b)(1) violation “pr"
term_25,25-459,7,20251010164519322_25-_Petition_for_Writ.pdf,134,True,False,False,,"33a one word a meaning so broad that it is inconsistent with its accompanying words.’” Id. (quoting Yates v. United States, 574 U.S. 528, 543-44, 135 S.Ct. 1074, 191 L.Ed.2d 64 (2015)). For instance, "
term_25,25-459,8,20251010164519322_25-_Petition_for_Writ.pdf,0,True,False,False,,"No. 25In the Supreme Court of the United States MICHAEL SALAZAR, INDIVIDUALLY AND ON BEHALF OF ALL OTHERS SIMILARLY SITUATED, Petitioner, v. PARAMOUNT GLOBAL, DBA 247SPORTS, Respondent. On Petition fo"
term_25,25-459,9,20251010164519322_25-_Petition_for_Writ.pdf,45,True,False,False,,"19 information” if it would take “a sophisticated technology company” to understand it, even if the disclosure in fact went to a sophisticated technology company that did understand it). There is alre"
term_25,25-459,10,20251010164519322_25-_Petition_for_Writ.pdf,41,True,False,False,,"17 Only this Court can resolve the split and bring uniformity to this important area of federal law. This Court should grant review to resolve the conflict, and it should reject the Sixth Circuit’s mi"
term_25,25-466,1,20251217144305709_25-466SripetchResponse.pdf,0,True,False,False,,"No. 25-466 In the Supreme Court of the United States ONGKARUCK SRIPETCH, PETITIONER v. SECURITIES AND EXCHANGE COMMISSION ON PETITION FOR A WRIT OF CERTIORARI TO THE UNITED STATES COURT OF APPEALS FOR"
term_25,25-466,2,20260223230227953_25-466_ts.pdf,0,True,False,False,,"No. 25-466 In the Supreme Court of the United States ONGKARUCK SRIPETCH, PETITIONER v. U.S. SECURITIES AND EXCHANGE COMMISSION ON WRIT OF CERTIORARI TO THE UNITED STATES COURT OF APPEALS FOR THE NINTH"
term_25,25-466,3,20260223230227953_25-466_ts.pdf,10,True,False,False,,"VII Page Miscellaneous—continued: Frederic Campbell Woodward, The Law of Quasi Contracts (1913)................................ 35 In the Supreme Court of the United States No. 25-466 ONGKARUCK SRIPET"
term_25,25-466,4,20260302100404636_Cato_Institute_-_Merits_Amicus_Brief.pdf,0,True,False,False,,"No. 25-466 In the Supreme Court of the United States ONGKARUCK SRIPETCH, Petitioner, v. U.S. SECURITIES AND EXCHANGE COMMISSION, Respondent. On Writ of Certiorari to the United States Court of Appeals"
term_25,25-466,5,20251117115044854_Brief_of_The_Cato_Institute_as_Amicus_Curiae_in_Support_of_Petitioner.pdf,0,True,False,False,,"No. 25-466 In the Supreme Court of the United States ONGKARUCK SRIPETCH, Petitioner, v. U.S. SECURITIES AND EXCHANGE COMMISSION, Respondent. On Petition for a Writ of Certiorari to the United States C"
term_25,25-466,6,20251117115044854_Brief_of_The_Cato_Institute_as_Amicus_Curiae_in_Support_of_Petitioner.pdf,6,True,False,False,,"1 INTEREST OF AMICUS CURIAE1 Established in 1977, the Cato Institute is a nonpartisan public-policy research foundation dedicated to advancing the principles of individual liberty, free markets, and l"
term_25,25-466,7,20260302100404636_Cato_Institute_-_Merits_Amicus_Brief.pdf,6,True,False,False,,"viii Reilly S. Steel, Partisan bias in securities enforcement, J. Law, Econ. & Org. 1 (2024) .............. 14 4 C. Suetonius Tranquillus, The Lives of the Twelve Caesars (1686) ......................"
term_25,25-466,8,20260302114619310_Sriptech_-_Amicus_Brief.pdf,0,True,False,False,,"No. 25-466 In the Supreme Court of the United States _________ ONGKARUCK SRIPETCH, Petitioner, v. U.S. SECURITIES AND EXCHANGE COMMISSION, Respondent. _________ On Writ Of Certiorari To The United Sta"
term_25,25-466,9,20251204134511220_No_25-466_-_Sripetch_Amicus_Brief_-_Updated.pdf,0,True,False,False,,"No. 25-466 IN THE Supreme Court of the United States ________________ ONGKARUCK SRIPETCH, Petitioner, v. U.S. SECURITIES AND EXCHANGE COMMISSION, Respondent. ________________ ON PETITION FOR A WRIT OF"
term_25,25-466,10,20251014115821481_sripetch_--_petition_appendix_--_FILED.pdf,51,True,False,False,,". v. Hallam, the Fifth Circuit held that the Supreme Court’s holding in Liu does not apply to disgorgement awards under 15 U.S.C. §§ 78u(d)(3) and (d)(7). See 42 F.4th 316, 338 (5th Cir. 2022) (“As am"
term_25,25-498,1,20251209135430367_Brief_in_Opposition_to_Cert_--_Anderson_v._Intel_Corp._.pdf,62,True,False,False,,"29 arise in the way that courts are applying the pleading standard for indirect allegations of imprudence. IV. Were the Court Inclined To Address the Question Presented, It Should Grant this Petition "
term_25,25-498,2,20251209135430367_Brief_in_Opposition_to_Cert_--_Anderson_v._Intel_Corp._.pdf,7,True,False,False,,"In the Supreme Court of the United States NO. 25-498 WINSTON R. ANDERSON, ET AL. PETITIONERS, v. INTEL CORPORATION INVESTMENT POLICY COMMITTEE, ET AL., RESPONDENTS. ON PETITION FOR A WRIT OF CERTIORAR"
term_25,25-498,3,20251209135430367_Brief_in_Opposition_to_Cert_--_Anderson_v._Intel_Corp._.pdf,0,True,False,False,,"No. 25-498 In the Supreme Court of the United States WINSTON R. ANDERSON, ET AL. PETITIONERS, v. INTEL CORPORATION INVESTMENT POLICY COMMITTEE, ET AL., RESPONDENTS. ON PETITION FOR A WRIT OF CERTIORAR"
term_25,25-498,4,20251020175921326_Anderson_Certiorari_Appendix.pdf,92,True,False,False,,"-App. 50aPlaintiffs’ seventh cause of action is an individual cause of action brought by Plaintiff Winston Anderson (“Anderson”), which alleges that the Administrate Committee failed to provide docume"
term_25,25-498,5,20251020175921326_Anderson_Certiorari_Appendix.pdf,119,True,False,False,,". Therefore, the facts alleged in the FAC and the documents incorporated by reference into the FAC demonstrate that Plaintiffs fail to identify meaningful benchmarks. d. Plaintiffs’ Additional Argumen"
term_25,25-498,6,20251020175921326_Anderson_Certiorari_Appendix.pdf,103,True,False,False,,". Plaintiffs note that “[c]ommon benchmarks include: (1) published indices such as the S&P 500; (2) peer groups such as the categories established by Morningstar, Inc., a leading provider of 5 Defenda"
term_25,25-498,7,20251209135430367_Brief_in_Opposition_to_Cert_--_Anderson_v._Intel_Corp._.pdf,65,True,False,False,,". Therefore, both that claim and a derivative failureto-monitor claim will proceed to discovery regardless of whether the Court grants or denies certiorari in that case. 3. An independent deficiency w"
term_25,25-498,8,20251020175921326_Anderson_Certiorari_Appendix.pdf,80,True,False,False,,"-App. 44acases. Compare Consolidated Class Action Complaint, Sulyma, No. 15-CV-04977 (April 26, 2016), ECF No. 93, with ECF No. 1. Anderson was originally assigned to United States Magistrate Judge Su"
term_25,25-498,9,20251209135430367_Brief_in_Opposition_to_Cert_--_Anderson_v._Intel_Corp._.pdf,56,True,False,False,,"26 managed through diversification).8 And “the prudence of each investment is not assessed in isolation but, rather, as the investment relates to the portfolio as a whole.” St. Vincent, 712 F.3d at 71"
term_25,25-498,10,20251020175921326_Anderson_Certiorari_Appendix.pdf,148,True,False,False,,"-App. 78acaused their injury. That argument does not hold water under United States Supreme Court case law. Thole, 140 S. Ct. at 1620; see also Spokeo v. Robins, 578 U.S. 330, 341 (2016) (“Congress’s "
term_25,25-5,1,20250701145016985_Al_Otro_Lado_Pet_App.pdf,680,True,False,False,,". v. European Cmty., 136 S. Ct. 2090, 2101 (2016)). The Court therefore finds Sale inapposite and rejects Defendants’ arguments based on this case. (b) DHS v. Thuraissigiam The second case Defendants "
term_25,25-5,2,20260217151307097_25-5_bsac_Members_of_Congress.pdf,0,True,False,False,,"No. 25-5 IN THE Supreme Court of the United States ___________ KRISTI NOEM, Secretary of Homeland Security, et al., Petitioners, v. AL OTRO LADO, et al., Respondents. ___________ On Writ of Certiorari"
term_25,25-5,3,20260217102317195_Al_Otro_Lado_CAC_Amicus_Brief.pdf,0,True,False,False,,"No. 25-5 IN THE Supreme Court of the United States KRISTI NOEM, SECRETARY OF HOMELAND SECURITY, ET AL., Petitioners, v. AL OTRO LADO, ET AL., Respondents. On Writ of Certiorari to the United States Co"
term_25,25-5,4,20250731145535382_Noem_v._AOL_amicus_brief.pdf,0,True,False,False,,"No. 25-5 444444444444444444444444444444444444444444 IN THE Supreme Court of the United States ____________________ KRISTI NOEM, SECRETARY OF HOMELAND SECURITY, ET AL., Petitioners, v. AL OTRO LADO, ET"
term_25,25-5,5,20251008162551261_Noem_v._AOL_Brief_in_Opposition_for_Filing_10.8.25.pdf,0,True,False,False,,"No. 25-5 IN THE Supreme Court of the United States KRISTI NOEM, SECRETARY OF HOMELAND SECURITY, ET AL., Petitioners, v. AL OTRO LADO, ET AL., Respondents. On Petition for a Writ of Certiorari to the U"
term_25,25-5,6,20260113120807412_Noem_v_Al_Otro_Lado_-_Merits_Amicus_Brief.pdf,0,True,False,False,,"No. 25-5 IN THE Supreme Court of the United States __________________________________________________ KRISTI NOEM, SECRETARY OF HOMELAND SECURITY, ET AL., Petitioners, v. AL OTRO LADO, ET AL., Respond"
term_25,25-5,7,20260113133340267_Noem_v_AOL_Merits_Amicus_Brief.pdf,0,True,False,False,,"No. 25-5 444444444444444444444444444444444444444444 IN THE Supreme Court of the United States ____________________ KRISTI NOEM, SECRETARY OF HOMELAND SECURITY, ET AL., Petitioners, v. AL OTRO LADO, A "
term_25,25-5,8,20260106153943107_Noem_v._Al_Otro_Lado_J.A..pdf,0,True,False,False,,"No. 25-5 In the Supreme Court of the United States KRISTI NOEM, SECRETARY OF HOMELAND SECURITY, ET AL., PETITIONERS v. AL OTRO LADO, A CALIFORNIA CORPORATION, ET AL. ON WRIT OF CERTIORARI TO THE UNITE"
term_25,25-5,9,20250731123439900_25-5_Amicus_Brief_of_US_Senator_Ted_Cruz_et_al..pdf,0,True,False,False,,"No. 25-5 IN THE Supreme Court__________________________________________________of the United States KRISTI NOEM, SECRETARY OF HOMELAND SECURITY, ET AL., Petitioners, v. AL OTRO LADO, ET AL., Responden"
term_25,25-5,10,20260217144755719_Al_Otro_Lado_-_USCCB_Amicus_Brief.pdf,0,True,False,False,,"No. 25-5 IN THE Supreme Court of the United States KRISTI NOEM, SECRETARY OF HOMELAND SECURITY, et al., Petitioners, v. AL OTRO LADO, et al. Respondents. On Writ of Certiorari to the United States Cou"
term_25,25-51,1,20250827141636932_Klein_v._Martin_-_Brief_in_Opposition_FILE.pdf,0,True,False,False,,"No. 25-51 In the Supreme Court of the United States ________________________________________ CHRISTOPHER KLEIN, SUPERINTENDENT, ET AL., PETITIONERS v. CHARLES BRANDON MARTIN __________________________"
term_25,25-51,2,20250711120301154_Klein_v_Martin_appendix.pdf,47,True,False,False,,"26a to alter the materiality analysis. To the contrary, the Supreme Court reiterated that it would be legal error to find undisclosed evidence immaterial on the basis of “the remaining evidence [being"
term_25,25-51,3,20250711120301154_Klein_v_Martin_appendix.pdf,31,True,False,False,,"18a Woods v. Donald, 575 U.S. 312, 316 (2015) (quotation marks omitted). Under AEDPA, a federal court may not grant a writ of habeas corpus unless the state court’s adjudication was either (1) “contra"
term_25,25-51,4,20250711120301154_Klein_v_Martin_appendix.pdf,97,True,False,False,,56a impermissible compound voir dire questions and failing to object to the prosecution’s burden shifting arguments during closing statements.2 Id. at 387-90; 393-96. The Appellate Court of Maryland g
term_25,25-51,5,20250711120301154_Klein_v_Martin_appendix.pdf,239,True,False,False,,146a APPENDIX E CHARLES MARTIN IN THE Petitioner CIRCUIT COURT v. FOR STATE OF ANNE ARUNDEL MARYLAND COUNTY Respondent CASE NO.: 02-K-09-000831 MEMORANDUM OPINION This matter came before this Court fo
term_25,25-51,6,20250711120301154_Klein_v_Martin_appendix.pdf,376,True,False,False,,". at 456. Then, before reversing Dzikowski’s conviction, the Court rejected any suggestion that Dzikowski’s demand for a bill of particulars sought “the State’s legal theory of the case.” Id. at 452. "
term_25,25-51,7,20250827141636932_Klein_v._Martin_-_Brief_in_Opposition_FILE.pdf,17,True,False,False,,"5 the United States, 28 U.S.C. § 2254(a), and the state court decision denying him relief is “contrary to, or involve[s] an unreasonable application of, [this Court’s] clearly established” precedent, "
term_25,25-51,8,20250711120301154_Klein_v_Martin_appendix.pdf,218,True,False,False,,"133a constitute deficient performance. In any event, even if the arguments were improper, the State contends that the postconviction court erred in concluding that appellee was prejudiced by the failu"
term_25,25-51,9,20250711120301154_Klein_v_Martin_appendix.pdf,64,True,False,False,,". Jones, 685 F.2d 35, 41 (2d Cir. 1982) (affirming district court “decision requiring the State to release or retry [petitioner] for attempted murder within sixty days”); Browder v. Dir., Dep’t of Cor"
term_25,25-51,10,20250711120301154_Klein_v_Martin_appendix.pdf,41,True,False,False,,"23a different result. However, in its listing of evidence that supported the verdict without analyzing the impact of the undisclosed evidence on the entire case, the dissent applied the rule as a suff"
term_25,25-5146,1,20260120115047299_No._25-5146_-_Abouammo_v._US_-_Joint_Appendix.pdf,146,True,False,False,,". See Brief of Petitioner at 9, Ciminelli v. United States, 142 S. Ct. 2901 (2022) (No. 21-1170). This case is substantially different in nature because it deals with confidential business information"
term_25,25-5146,2,20250818172204202_25-5146_Amicus_Brief.pdf,0,True,False,False,,"No. 25-5146 IN THE Supreme Court of the United States __________________ AHMAD ABOUAMMO, Petitioner, v. UNITED STATES OF AMERICA, Respondent. __________________ On Petition for a Writ of Certiorari to"
term_25,25-5146,3,20260127151113023_Abouammo_Mertis_Final.pdf,0,True,False,False,,"No. 25-5146 In the Supreme Court of the United States ___________ AHMAD ABOUAMMO, Petitioner, v. UNITED STATES OF AMERICA, Respondent. ___________ On Writ of Certiorari to the United States Court of A"
term_25,25-5146,4,20260127152929842_No._25-5146_Amici_Brief.pdf,0,True,False,False,,"No. 25-5146 IN THE Supreme Court of the United States __________________ AHMAD ABOUAMMO, Petitioner, v. UNITED STATES OF AMERICA, Respondent. __________________ On Writ of Certiorari to the United Sta"
term_25,25-5146,5,20250818112547165_Abouammo_Final.pdf,0,True,False,False,,"No. 25-5146 In the Supreme Court of the United States __________ AHMAD ABOUAMMO, Petitioner, v. UNITED STATES OF AMERICA, Respondent. __________ On Petition for a Writ of Certiorari to the United Stat"
term_25,25-5146,6,20260219192622991_25-5146bsUnitedStates.pdf,0,True,False,False,,"No. 25-5146 In the Supreme Court of the United States AHMAD ABOUAMMO, PETITIONER v. UNITED STATES OF AMERICA ON WRIT OF CERTIORARI TO THE UNITED STATES COURT OF APPEALS FOR THE NINTH CIRCUIT BRIEF FOR"
term_25,25-5146,7,20260120115047299_No._25-5146_-_Abouammo_v._US_-_Joint_Appendix.pdf,145,True,False,False,,"JA75 technically confidential, information. See Gukasyan, 2022 WL 345647, at *6. Finally, the Court notes that it is aware and has taken account of United States v. Percoco, 13 F.4th 158 (2d Cir. 2021"
term_25,25-5146,8,20260219192622991_25-5146bsUnitedStates.pdf,12,True,False,False,,"In the Supreme Court of the United States No. 25-5146 AHMAD ABOUAMMO, PETITIONER v. UNITED STATES ON WRIT OF CERTIORARI TO THE UNITED STATES COURT OF APPEALS FOR THE NINTH CIRCUIT BRIEF FOR THE UNITED"
term_25,25-5146,9,20260120115047299_No._25-5146_-_Abouammo_v._US_-_Joint_Appendix.pdf,168,True,False,False,,"JA87 have occurred.’” Kellington, 217 F.3d at 1087 (quoting Alston, 974 F.2d at 1211). While not as rigorous as the showing needed to satisfy Rule 29, it is a demanding standard nonetheless, and the N"
term_25,25-5146,10,20260120115047299_No._25-5146_-_Abouammo_v._US_-_Joint_Appendix.pdf,0,True,False,False,,"No. 25-5146 IN THE Supreme Court of the United States AHMAD ABOUAMMO, Petitioner, v. UNITED STATES OF AMERICA, Respondent. On Writ of Certiorari to the United States Court of Appeals for the Ninth Cir"
term_25,25-52,1,20251002143717413_25-52_Sweeney_BIO.pdf,71,True,False,False,,". The record shows that Sweeney raised the arguments on which the court relied in his filings. The court did not resolve this case based on arguments never presented by the parties; rather, the issues"
term_25,25-52,2,20251002143717413_25-52_Sweeney_BIO.pdf,0,True,False,False,,"No. 25-52 IN THE Supreme Court of the United States _________ TERENCE CLARK, DIRECTOR, et al., Petitioners, V. JEREMIAH ANTOINE SWEENEY, Respondent. _________ On Petition for a Writ of Certiorari to t"
term_25,25-52,3,20250710102741783_Clark_v_Sweeney_corrected_appendix.pdf,179,True,False,False,,". United States, 554 U.S. 237, 243 (2008). These are not empty words. In United States v. Sineneng-Smith, the Supreme Court rebuked the Ninth Circuit for “depart[ing] so drastically from the principle"
term_25,25-52,4,20250710102741783_Clark_v_Sweeney_corrected_appendix.pdf,136,True,False,False,,"76a The Supreme Court has not clearly established that a juror’s visit to a crime scene constitutes a “communication, contact, or tampering” sufficient to trigger Remmer. Indeed, at oral argument Swee"
term_25,25-52,5,20251002143717413_25-52_Sweeney_BIO.pdf,26,True,False,False,,"11 Sweeney filed a § 2254 petition in the District of Maryland. In his petition, Sweeney argued that “[b]oth the court and Petitioner’s attorney *** had a legal duty to determine the extent to which” "
term_25,25-52,6,20250710102741783_Clark_v_Sweeney_corrected_appendix.pdf,184,True,False,False,,"102a Congress’ express statutory provisions or decisions from the Supreme Court requiring their application. Third, even if the majority’s exhaustion conclusions were sound—and they aren’t—they still "
term_25,25-52,7,20250710102741783_Clark_v_Sweeney_corrected_appendix.pdf,180,True,False,False,,100a the pale.” Id. at 380.10 We should follow Justice Ginsburg’s guidance. We have our own precedent on party presentation. The majority flouts it too. “We ordinarily do not consider arguments raised
term_25,25-52,8,20251002143717413_25-52_Sweeney_BIO.pdf,70,True,False,False,,"34 III. THE EXTRAORDINARY RELIEF OF SUMMARY REVERSAL WOULD BE INAPPROPRIATE HERE. Summary reversal is an “extraordinary” form of judicial relief, Major League Baseball Players Ass’n v. Garvey, 532 U.S"
term_25,25-52,9,20250710102741783_Clark_v_Sweeney_corrected_appendix.pdf,194,True,False,False,,"107a attempt to conclude that this rationale fits. “We need not discuss this third rationale,” the majority explains. Maj. Op. at 44. So, the majority is left with hollow, unexplained distinctions fro"
term_25,25-52,10,20250710102732966_Clark_v_Sweeney_corrected_petition.pdf,19,True,False,False,,"5 this Court’s precedent. Judge Gregory, writing for the majority, reviewed the trial record de novo and granted relief based on a “confluence” of supposed errors and constitutional violations that Mr"
term_25,25-579,1,20260116144325693_Prutehi_Guahan_Brief_in_Opposition.pdf,0,True,False,False,,"No. 25-579 IN THE Supreme Court of the United States DEPARTMENT OF THE AIR FORCE, ET AL., Petitioners, v. PRUTEHI GUAHAN, Respondent. On Petition for a Writ of Certiorari to the United States Court of"
term_25,25-579,2,20251114142732315_Prutehi_Guahan_Cert_Petition.pdf,162,True,False,False,,". Spear, 520 U.S. 154, 177 (1997) (citations omitted). “First, the action must mark the ‘consummation’ of the agency’s decisionmaking process—it must not be of a merely tentative or interlocutory natu"
term_25,25-579,3,20251114142732315_Prutehi_Guahan_Cert_Petition.pdf,0,True,False,False,,"No. # # In the Supreme Court of the United States UNITED STATES DEPARTMENT OF THE AIR FORCE, ET AL., PETITIONERS v. PRUTEHI GUAHAN ON PETITION FOR A WRIT OF CERTIORARI TO THE UNITED STATES COURT OF AP"
term_25,25-579,4,20251114142732315_Prutehi_Guahan_Cert_Petition.pdf,166,True,False,False,,". Res. Conservation Dist. v. Mayorkas, 5 F.4th 997, 1010 (9th Cir. 2021); see also In re Border Infrastructure Env’t Litig., 915 F.3d 1213, 1225 (9th Cir. 2019).3 Moreover, Plaintiff has never cited t"
term_25,25-579,5,20251114142732315_Prutehi_Guahan_Cert_Petition.pdf,13,True,False,False,,"In the Supreme Court of the United States No. # # UNITED STATES DEPARTMENT OF THE AIR FORCE, ET AL., PETITIONERS v. PRUTEHI GUAHAN ON PETITION FOR A WRIT OF CERTIORARI TO THE UNITED STATES COURT OF AP"
term_25,25-579,6,20260116144325693_Prutehi_Guahan_Brief_in_Opposition.pdf,2,True,False,False,,"ii CORPORATE DISCLOSURE STATEMENT Under Supreme Court Rule 29.6, respondent Prutehi Guahan states that it is a nonprofit organization that has no parent corporation and no publicly held company has an"
term_25,25-579,7,20251114142732315_Prutehi_Guahan_Cert_Petition.pdf,236,True,False,False,,". In the second category of exemptions, courts have found that NEPA does not apply when procedures under another statute “displace” (or make “superfluous”) the NEPA procedures, or provide the “functio"
term_25,25-579,8,20251114142732315_Prutehi_Guahan_Cert_Petition.pdf,52,True,False,False,,"21 The permit-renewal application thus resembles other agency submissions that this Court has held to be not immediately reviewable because they do not impose direct legal consequences, but merely inf"
term_25,25-579,9,20260116144325693_Prutehi_Guahan_Brief_in_Opposition.pdf,78,True,False,False,,"35 be all the more reason why this case presents an awful vehicle for deciding the second question presented. At a minimum, because petitioners convinced the lower court that it could not take the 202"
term_25,25-579,10,20251114142732315_Prutehi_Guahan_Cert_Petition.pdf,199,True,False,False,,"66a 2018 permit, and no new legal obligations were determined by submitting the new application. Only if Guam EPA grants the new permit will new legal rights be determined and culminate as a new final"
term_25,25-6,1,20251210160424963_25-6_Amicus_Brief.pdf,0,True,False,False,,"No. 25-6 In the Supreme Court of the United States THOMAS KEATHLEY, Petitioner, v. BUDDY AYERS CONSTRUCTION, INCORPORATED, Respondent. On Writ of Certiorari to the United States Court of Appeals for t"
term_25,25-6,2,20251219123234038_AAJ_Amicus_Brief_Keathley_v._BAC_Final.pdf,0,True,False,False,,"No. 25-6 IN THE Supreme Court of the United States THOMAS KEATHLEY, Petitioner, v. BUDDY AYERS CONSTRUCTION, INC., Respondent. On Writ of Certiorari to the United States Court of Appeals for the Fifth"
term_25,25-6,3,20251219103400348_251217a_AC_Brief_for_efiling.pdf,0,True,False,False,,"No. 25-6 IN THE Supreme Court of the United States ___________________________________ THOMAS KEATHLEY, Petitioner, v. BUDDY AYERS CONSTRUCTION, INCORPORATED, Respondent. _____________________________"
term_25,25-6,4,20251212162430753_SCT_No._25-6_Keathley_Joint_Appendix.pdf,0,True,False,False,,"No. 25-6 In the Supreme Court of the United States THOMAS KEATHLEY, Petitioner, V. BUDDY AYERS CONSTRUCTION, INC., Respondent. ON WRIT OF CERTIORARI TO THE UNITED STATES COURT OF APPEALS FOR THE FIFTH"
term_25,25-6,5,20250902130658968_25-6_Brief_in_Opposition.pdf,0,True,False,False,,"No. 25-6 In the Supreme Court of the United States THOMAS KEATHLEY, Petitioner, v. BUDDY AYERS CONSTRUCTION, INCORPORATED, Respondent. On Petition for a Writ of Certiorari to the United States Court o"
term_25,25-6,6,20251212162114343_SCT_No._25-6_Keathley_Merits_Brief.pdf,0,True,False,False,,"No. 25-6 In the Supreme Court of the United States THOMAS KEATHLEY, Petitioner, V. BUDDY AYERS CONSTRUCTION, INC., Respondent. ON WRIT OF CERTIORARI TO THE UNITED STATES COURT OF APPEALS FOR THE FIFTH"
term_25,25-6,7,20251219110704967_Brief_of_Amici_Curiae-PDFA.pdf,0,True,False,False,,"No. 25-6 IN THE Supreme Court of the United States _________ THOMAS KEATHLEY, Petitioner, v. BUDDY AYERS CONSTRUCTION, INC., Respondent. On Writ of Certiorari to the United States Court of Appeals for"
term_25,25-6,8,20251219135643827_Keathley_brief_final.pdf,11,True,False,False,,"In the Supreme Court of the United States No. 25-6 THOMAS KEATHLEY, PETITIONER v. BUDDY AYERS CONSTRUCTION, INC. ON WRIT OF CERTIORARI TO THE UNITED STATES COURT OF APPEALS FOR THE FIFTH CIRCUIT BRIEF"
term_25,25-6,9,20260127173104149_25-6_-_Keathley_v._Buddy_Ayers_-_Brief_for_Respondent.pdf,0,True,False,False,,"No. 25-6 IN THE Supreme Court of the United States THOMAS KEATHLEY, Petitioner, v. BUDDY AYERS CONSTRUCTION, INC., Respondent. On Writ of Certiorari to the United States Court of Appeals for the Fifth"
term_25,25-6,10,20251219135643827_Keathley_brief_final.pdf,0,True,False,False,,"No. 25-6 In the Supreme Court of the United States THOMAS KEATHLEY, PETITIONER v. BUDDY AYERS CONSTRUCTION, INC. ON WRIT OF CERTIORARI TO THE UNITED STATES COURT OF APPEALS FOR THE FIFTH CIRCUIT BRIEF"
term_25,25-83,1,20251031110342720_Adrian_Jules_-_Cert_Reply.pdf,4,True,False,False,,". As the Second Circuit held in this very case, those decisions remain binding circuit precedent. Thus, eight courts of appeals have resolved the question presented, not three. That is more than suffi"
term_25,25-83,2,20260116122533610_25-83_Brief_for_Petitioner.pdf,0,True,False,False,,"No. 25-83 IN THE Supreme Court of the United States _________ ADRIAN JULES, Petitioner, v. ANDRE BALAZS PROPERTIES, ANDRE TOMES BALAZS, BALAZS INVESTORS, LLC, HOTELS A.B., LLC, CHATEAU HOLDINGS, LTD.,"
term_25,25-83,3,20260217162302726_25-83_bs.pdf,0,True,False,False,,"No. 25-83 In the Supreme Court of the United States ADRIAN JULES, PETITIONER v. ANDRE BALAZS PROPERTIES, ET AL. ON WRIT OF CERTIORARI TO THE UNITED STATES COURT OF APPEALS FOR THE SECOND CIRCUIT BRIEF"
term_25,25-83,4,20251022135955367_25-83-Brief_in_Opposition.pdf,0,True,False,False,,"No. 25-83 In the Supreme Court of the United States _______________ ADRIAN JULES, Petitioner, v. ANDRE BALAZS PROPERTIES, ET AL., Respondents. _______________ On Petition for a Writ of Certiorari to t"
term_25,25-83,5,20251031110342720_Adrian_Jules_-_Cert_Reply.pdf,0,True,False,False,,"No. 25-83 IN THE Supreme Court of the United States _________ ADRIAN JULES, Petitioner, v. ANDRE BALAZS PROPERTIES, ANDRE TOMES BALAZS, BALAZS INVESTORS, LLC, HOTELS A.B., LLC, CHATEAU HOLDINGS, LTD.,"
term_25,25-83,6,20251022135955367_25-83-Brief_in_Opposition.pdf,6,True,False,False,,"In the Supreme Court of the United States _______________ No. 25-83 ADRIAN JULES, Petitioner, v. ANDRE BALAZS PROPERTIES, ET AL., Respondents. _______________ On Petition for a Writ of Certiorari to t"
term_25,25-83,7,20260217162302726_25-83_bs.pdf,8,True,False,False,,"VI Statutes and rules—continued: 28 U.S.C. 1367(a) ........ 2, 5, 10-11, 16-22, 25, 28-29, 34-35, 37 28 U.S.C. 1367(c) .................................................... 2, 11, 21-25 28 U.S.C. 1367("
term_25,25-83,8,20250718102458658_USSC_Petition_for_Writ_of_Certiorari.pdf,77,True,False,False,,"9a Union No. 2 United Ass’n of Journeymen, 841 F.2d 461, 466–67 (2d Cir. 1988), we decline to consider whether to expand those circumstances here because the issue of the award’s confirmation was prop"
term_25,25-83,9,20251031110342720_Adrian_Jules_-_Cert_Reply.pdf,16,True,False,False,,". App. Dkt. 153, at 16-18 (similar). Having made that argument, petitioner argued in the alternative that, if the court determined it did have jurisdiction, the award should be vacated. This was perfe"
term_25,25-83,10,20250718102458658_USSC_Petition_for_Writ_of_Certiorari.pdf,85,True,False,False,,"15a 49 F.4th at 809. Ultimately, “an arbitral decision even arguably construing or applying the contract must stand, regardless of a court’s view of its demerits.” Weiss v. Sallie Mae, Inc., 939 F.3d "
term_25,25-95,1,20251208091316840_Pung_v._Isabella_County_-_Institute_for_Justice_Amicus_Brief.pdf,0,True,False,False,,"No. 25-95 In the Supreme Court of the United States MICHAEL PUNG, PERSONAL REPRESENTATIVE OF THE ESTATE OF TIMOTHY SCOTT PUNG, PETITIONER v. ISABELLA COUNTY, MICHIGAN On Writ of Certiorari to the Unit"
term_25,25-95,2,20250813115130886_25-95_Brief_in_Opposition.pdf,0,True,False,False,,"No. 25-95 In the Supreme Court of the United States MICHAEL PUNG, PERSONAL REPRESENTATIVE OF THE ESTATE OF TIMOTHY SCOTT PUNG, Petitioner, v. ISABELLA COUNTY, MICHIGAN, Respondent. On Petition for a W"
term_25,25-95,3,20251208144254439_MLA_Pung_amicus_brief_final_formatted.pdf,0,True,False,False,,"No. 25-95 In the Supreme Court of the United States MICHAEL PUNG , Personal Representative of the Estate of Timothy Scott Pung, Petitioner, v. ISABELLA COUNTY, MICH., Respondent. On Writ of Certiorari"
term_25,25-95,4,20251208170652710_25-95_tsac_NAR.pdf,0,True,False,False,,"No. 25-95 IN THE Supreme Court of the United States MICHAEL PUNG, PERSONAL REPRESENTATIVE OF THE ESTATE OF TIMOTHY SCOTT PUNG, Petitioner, v. ISABELLA COUNTY, MICHIGAN, Respondent. On Writ of Certiora"
term_25,25-95,5,20251208122637526_25-95_Amicus_Brief.pdf,0,True,False,False,,"No. 25-95 In The Supreme Court of the United States _______________________ MICHAEL PUNG, Personal Representative of the Estate of Timothy Scott Pung, Petitioner, v. ISABELLA COUNTY, MICHIGAN, Respond"
term_25,25-95,6,20251121131456690_25-95acJosephDonaldBourgeois.pdf,0,True,False,False,,"No. 25-95 IN THE Supreme Court of the United States ———— MICHAEL PUNG, PERSONAL REPRESENTATIVE OF THE ESTATE OF TIMOTHY SCOTT PUNG, Petitioner, v. ISABELLA COUNTY, MICHIGAN, Respondent. ———— On Writ o"
term_25,25-95,7,20251208130128128_251204a_LSNJ_AC_Brief_for_efiling.pdf,0,True,False,False,,"No. 25-95 In the Supreme Court of the United States ____________________ MICHAEL PUNG, PERSONAL REPRESENTATIVE OF THE ESTATE OF TIMOTHY SCOTT PUNG, Petitioner, v. ISABELLA COUNTY, MICHIGAN, Respondent"
term_25,25-95,8,20250722101235741_250715a_Petition_for_efiling.pdf,33,True,False,False,,"21 incentivize municipalities to maximize revenue by seizing and selling properties at depressed prices, leaving owners with minimal or no compensation for their equity. This Court’s intervention is n"
term_25,25-95,9,20251208155124723_25-95_Brief_of_Amicus_Curiae_PNELF.pdf,0,True,False,False,,"NO. 25-95 IN THE Supreme Court of the United States MICHAEL PUNG, PERSONAL REPRESENTATIVE OF THE ESTATE OF TIMOTHY SCOTT PUNG, Petitioner, v. ISABELLA COUNTY, MICHIGAN, Respondent. ON A WRIT OF CERTIO"
term_25,25-95,10,20251208191320751_25-95_Pung_FINAL.pdf,13,True,False,False,,"In the Supreme Court of the United States No. 25-95 MICHAEL PUNG, PERSONAL REPRESENTATIVE OF THE ESTATE OF TIMOTHY SCOTT PUNG, PETITIONER v. ISABELLA COUNTY, MICHIGAN ON WRIT OF CERTIORARI TO THE UNIT"
term_25,25A312,1,20250925163919624_Shugerman_Amicus_Brief_in_Opposition_to_Appl_for_Stay_of_PI.pdf,0,True,False,False,,"No. 25A312 IN THE Supreme Court of the United States ___________________ DONALD J. TRUMP, et al. Applicant, v. LISA D. COOK ___________________ BRIEF OF AMICUS CURIAE JED SHUGERMAN IN OPPOSITION TO TH"
term_25,25A312,2,20251029125843121_2025-10-29_Amici_Curiae_Brief_of_Former_Federal_Reserve_Governors.pdf,45,True,False,False,,"20 When Senator Bulkley asked what Congress should do if former Board member Miller’s proposal that Board members should not be removable except for malfeasance was “not constitutional,” Miller respon"
term_25,25A312,3,20251029153524812_25A312_Amicus_Brief.pdf,0,True,False,False,,"NO. 25A312 IN THE Supreme Court of the United States _________ DONALD J. TRUMP, PRESIDENT OF THE UNITED STATES, ET AL., APPLICANTS, v. LISA D. COOK, MEMBER OF THE BOARD OF GOVERNORS OF THE FEDERAL RES"
term_25,25A312,4,20251119160740717_25A312_--_Trump_v._Cook_-_Supp._Br..pdf,16,True,False,False,,"In the Supreme Court of the United States No. 25A312 DONALD. J. TRUMP, PRESIDENT OF THE UNITED STATES, APPLICANT v. LISA D. COOK, ET AL. ON APPLICATION FOR STAY OF THE PRELIMINARY INJUNCTION OF THE UN"
term_25,25A312,5,20250930162759399_25A312_Amicus_Brief.pdf,0,True,False,False,,"No. 25A312 In the Supreme Court of the United States _____________________________________ DONALD J. TRUMP, President of the United States, et al. Applicants, v. LISA D. COOK, member of the Board of G"
term_25,25A312,6,20251029130436608_NCLA_Trump_v._Cook_Amicus_Brief.pdf,0,True,False,False,,"No. 25A312 IN THE Supreme Court of the United States _______________________________ DONALD J. TRUMP, PRESIDENT OF THE UNITED STATES, Applicant, v. LISA D. COOK, ET AL., Respondents. _________________"
term_25,25A312,7,20251029111632061_25A312_Amicus_Brief.pdf,0,True,False,False,,"NO. 25A312 In the Supreme Court of the United States DONALD J. TRUMP, PRESIDENT OF THE UNITED STATES, ET AL., Applicants, v. LISA D. COOK, MEMBER OF THE BOARD OF GOVERNORS OF THE FEDERAL RESERVE SYSTE"
term_25,25A312,8,20250925093950081_25A312_-_Amicus_Br._in_Opposition_to_Application.pdf,0,True,False,False,,"No. 25A312 IN THE Supreme Court of the United States DONALD J. TRUMP, PRESIDENT OF THE UNITED STATES, ET AL., Applicants, v. LISA D. COOK, Respondent. BRIEF OF AMICI CURIAE FORMER TREASURY SECRETARIES"
term_25,25A312,9,20250925201705240_COOK_-_SCOTUS_-_amic_brf_stay_-_FINAL.pdf,0,True,False,False,,"No. 25A312 In the Supreme Court of the United States DONALD J. TRUMP, President of the United States, et al., Applicants, v. LISA D. COOK, Respondent. BRIEF OF AMICI CURIAE FLORIDA, 21 OTHER STATES, A"
term_25,25A312,10,20251029145752993_2025.10.29_Trump_v._Cook_25A312_Colorado_and_22_States_Amicus_Brief.pdf,35,True,False,False,,"United States, 357 U.S. 349, 356 (1958); Humphrey’s Ex’r v. United States, 295 U.S. 602, 632 (1935). Moreover, it makes little difference that the question before this Court is whether to grant a stay"
