term_dir,docket,file,chunk_index,offset,pattern,high_precision,mentions_own_case,snippet,scdb_term
term_22,20-1199,20220502145702300_20-1199_Volume_I.pdf,275,182,mandate,False,True," Students for Fair Admissions, Inc. (Paine, Matthew) (Entered: 11/13/2020) 12/03/2020 684 MANDATE of USCA as to 674 Notice of Appeal filed by Students for Fair Admissions, Inc.. Appeal 67",2022.0
term_22,20-1199,20220502145702300_20-1199_Volume_I.pdf,356,671,judgment_is,True,False," Upon consideration whereof, it is now here ordered, adjudged and decreed as follows: The judgment of the district court is affirmed. No costs are awarded. [19-2005] (GRC) [Entered: 11/12/2020 09:03 A",2022.0
term_22,20-1199,20220811155948327_20-1199_21-707_Amicus_Brief.pdf,13,921,costs,False,True,"match hypothesis either. In short, Sander’s research has “significantly overestimated the costs of affirmative action and failed to demonstrate benefits from ending it.”4 The Court shou",2022.0
term_22,21-1043,20220121154950126_Abitron_Petition.pdf,291,554,so_ordered,True,True,"s a remedy with respect to any of its claims. The motion is DENIED in all other respects. IT IS SO ORDERED this 22nd day of March, 2019. [signature] STEPHEN P. FRIOT DISTRICT JUDGE
 113a APPENDIX ",2022.0
term_22,21-1052,20220503171035619_21-1052_Polansky.opp.pdf,7,331,opinion_of_the_court,False,True,PPEALS FOR THE THIRD CIRCUIT BRIEF FOR THE UNITED STATES IN OPPOSITION OPINIONS BELOW The opinion of the court of appeals (Pet. App. 1a-30a) is reported at 17 F.4th 376. The order of the district cour,2022.0
term_22,21-1052,20220826234222199_21-1052_ts.pdf,10,299,opinion_of_the_court,False,True,STATES COURT OF APPEALS FOR THE THIRD CIRCUIT BRIEF FOR THE PETITIONER OPINIONS BELOW The opinion of the court of appeals (Pet. App. 1a-30a) is reported at 17 F.4th 376. The opinion of the district co,2022.0
term_22,21-1052,20221017173204608_21-1052tsUnitedStates.pdf,11,302,opinion_of_the_court,False,True,TES COURT OF APPEALS FOR THE THIRD CIRCUIT BRIEF FOR THE UNITED STATES OPINIONS BELOW The opinion of the court of appeals (Pet. App. 1a-30a) is reported at 17 F.4th 376. The order of the district cour,2022.0
term_22,21-1086,20220425150812318_42140_pdf_Bowdre_IV_Volume_1.pdf,42,549,costs,False,True,"r and retaining Dr. Persily as an expert cartographer, with instructions (1) not to incur costs until February 8, 2022 and, thereafter (2) to consult all parties about the parties propo",2022.0
term_22,21-1086,20220426140551627_21-1086_Application_booklet.pdf,19,664,mandate,False,True," boundaries of the prior districts only as needed to comply with the one-person, one-vote mandate and to achieve other desired ends.” Cooper, 137 S. Ct. at 1492 (Alito, J., concurring in ",2022.0
term_22,21-1086,20220426140631987_21-1086_Appendix_Booklet_Volume_1_of_2.pdf,368,170,mandate,False,True,"es Section Two, “[s]tates retain broad discretion in drawing districts to comply with the mandate of § 2.” Shaw II, 517 U.S. at 917 n.9. A state may rely on a Section 2 plaintiff ’s remed",2022.0
term_22,21-1158,20220217145509562_Percoco_v._United_States_-_Cert_Petition_Appendix.pdf,86,250,costs,False,True,"In such cases, the defendant has “the burden of proof with respect to the issue of direct costs.” 18 U.S.C. § 981(a)(2)(B); see also United States v. Mandell, 752 F.3d 544, 554 (2d Cir.",2022.0
term_22,21-1158,20220217145509562_Percoco_v._United_States_-_Cert_Petition_Appendix.pdf,88,152,judgment_is,True,False,"80. We thus affirm the forfeiture order. IV. CONCLUSION For the reasons stated above, the judgment of the district court is AFFIRMED.
 47a APPENDIX B UNITED STATES COURT OF APPEALS FOR THE SECOND CIRC",2022.0
term_22,21-1158,20220831155411175_21-1158_Joint_Appendix_Volume_I.pdf,12,259,judgment_is,True,True,"/ECF.[2878810] [18-2990] [Entered: 07/08/2020 08:55 AM] * * * 09/08/2021 398 OPINION, the judgment of the district court is affirmed, by RR, DC, RJS, FILED.[3169250] [182990, 19-1272] [Entered: 09/08/",2022.0
term_22,21-1158,20220831155411175_21-1158_Joint_Appendix_Volume_I.pdf,75,981,mandate,False,True,"ircuit, Clerk USCA. Certified: 6/8/2020. (tp) (Entered: 06/09/2020) * * * 12/14/2021 1030 MANDATE of USCA (Certified Copy) as to Joseph Percoco re: 1001 Notice of Appeal - Final Judgment,",2022.0
term_22,21-1158,20221018161559159_21-1158_Percoco.pdf,10,239,opinion_of_the_court,False,True,ES COURT OF APPEALS FOR THE SECOND CIRCUIT BRIEF FOR THE UNITED STATES OPINIONS BELOW The opinion of the court of appeals (J.A. 641-686) is reported at 13 F.4th 180. The opinion and order of the distr,2022.0
term_22,21-1164,20220218113615993_FINAL_Wilkins_Cert_Petition_Feb_17_2022.pdf,11,262,opinion_of_the_court,False,True,"ent of the United States Court of Appeals for the Ninth Circuit. OPINIONS BELOW The panel opinion of the Court of Appeals, holding that the Quiet Title Act’s statute of limitations is jurisdictional, ",2022.0
term_22,21-1164,20220218113615993_FINAL_Wilkins_Cert_Petition_Feb_17_2022.pdf,29,1063,petition_for_rehearing,False,True,"r for clear error, affirmed the dismissal. App. B-5. Mr. Wilkins and Mrs. Stanton filed a petition for rehearing en banc, which the Ninth Circuit denied on November 23, 2021. App. F-1. REASONS TO GRAN",2022.0
term_22,21-1164,20220218113635477_Wilkins_Appendix_to_Cert_Petition.pdf,19,748,judgment_is,True,False,"um disposition, the government’s motion to dismiss was properly granted. Accordingly, the judgment of the district court is AFFIRMED.",2022.0
term_22,21-1164,20220218113635477_Wilkins_Appendix_to_Cert_Petition.pdf,26,493,judgment_is,True,False,"in our accompanying opinion, the government’s motion to dismiss was properly granted. The judgment of the district court is AFFIRMED.",2022.0
term_22,21-1164,20220218113635477_Wilkins_Appendix_to_Cert_Petition.pdf,115,378,petition_for_rehearing,False,True,"RESS, and VANDYKE, Circuit Judges. Judge Ebel recommended that the panel deny Appellants’ Petition for Rehearing En Banc, filed October 29, 2021 (ECF No. 42), and Judges Bress and VanDyke voted to den",2022.0
term_22,21-1164,20220425150059422_21-1164_-_Wilkins_Opp.pdf,7,279,opinion_of_the_court,False,True,F APPEALS FOR THE NINTH CIRCUIT BRIEF FOR THE RESPONDENT IN OPPOSITION OPINIONS BELOW The opinion of the court of appeals (Pet. App. A1-A12) is reported at 13 F.4th 791. An accompanying memorandum dis,2022.0
term_22,21-1164,20220505133910783_FINAL_Wilkins_Cert_Reply.pdf,2,274,slip_op,False,True,"......................... 2, 5 Boechler, P.C. v. Comm’r of Internal Revenue, No. 20-1472, slip op. (U.S. Apr. 21, 2022) ..........................3–4, 6, 8–9, 11 Cassirer v. Thyssen-Bornem",2022.0
term_22,21-1164,20220505133910783_FINAL_Wilkins_Cert_Reply.pdf,2,409,slip_op,False,True,"...........3–4, 6, 8–9, 11 Cassirer v. Thyssen-Bornemisza Collection Found., No. 20-1566, slip op. (U.S. Apr. 21, 2022) ............. 1 Cutter v. Wilkinson, 544 U.S. 709 (2005) ...........",2022.0
term_22,21-1164,20220505133910783_FINAL_Wilkins_Cert_Reply.pdf,20,607,slip_op,False,True,", 718 n.7 (2005) (this Court is a court of review, not of first view); see also Boechler, slip op. at 11 (remanding to lower court to decide whether petitioner is entitled to equitable tol",2022.0
term_22,21-1164,20220804132211036_FINAL_Wilkins_Opening_Brief.pdf,27,638,petition_for_rehearing,False,True,"clear error, affirmed the dismissal. Cert. App. B-5. Mr. Wilkins and Mrs. Stanton filed a petition for rehearing en banc, which the Ninth Circuit denied on November 23, 2021. Cert. App. F-1. Mr. Wilki",2022.0
term_22,21-1164,20220920194013410_21-1164bsUnitedStates.pdf,10,250,opinion_of_the_court,False,True,STATES COURT OF APPEALS FOR THE NINTH CIRCUIT BRIEF FOR THE RESPONDENT OPINIONS BELOW The opinion of the court of appeals (Pet. App. A1A12) is reported at 13 F.4th 791. An accompanying memorandum disp,2022.0
term_22,21-1168,20220712143844224_Brief_of_Scholars_on_Corporate_Registration_and_Jurisdiction_as_Amici_Cu_d663551f.pdf,24,68,judgment_issued,True,False,11 insurance company’s full-faith-and-credit challenge to a default judgment issued under an Ohio statute authorizing service on a resident agent for suits founded on insura,2022.0
term_22,21-1170,20220218160657754_OMM_Ciminelli_Appendix.pdf,73,187,costs,False,True,____ Costs of printing brief (necessary copies ______________ ____) _____________________ Costs of printing reply brief (necessary copies ______________ ) _____________________ (VERIFIC,2022.0
term_22,21-1170,20220218160657754_OMM_Ciminelli_Appendix.pdf,76,19,mandate,False,True,45a days after the mandate issues on his appeal. RETURN I have executed this judgment as follows: Defendant delivere,2022.0
term_22,21-1170,20220222151513931_Ciminelli_Corrected_Petition.pdf,23,275,petition_for_rehearing,False,True,"stituted all the harm to “property” the government needed to show.2 Mr. Ciminelli filed a petition for rehearing en banc, arguing, inter alia, that the Second Circuit’s right-to-control theory conflic",2022.0
term_22,21-1170,20220829154502902_Ciminelli_Petitioner_Brief_-_For_E_File.pdf,25,110,petition_for_rehearing,False,True,"stituted all the harm to “property” the government needed to show.3 Mr. Ciminelli filed a petition for rehearing en banc, arguing, inter alia, that the Second Circuit’s right-tocontrol theory conflict",2022.0
term_22,21-1170,20220829155326690_Ciminelli_JA_-_For_E_File.pdf,24,1441,mandate,False,True,"elli, FILED. [18-2990, 183710, 18-3712, 18-3715, 183850, 19-1272] 12/14/2021 450 JUDGMENT MANDATE, ISSUED. [18-3710, 18-3712, 183715, 18-3850]",2022.0
term_22,21-1170,20220829155326690_Ciminelli_JA_-_For_E_File.pdf,24,1278,petition_for_rehearing,False,True,"9/08/2021 407 JUDGMENT, FILED. [18-3710, 18-3712, 18-3715, 18-3850] 11/01/2021 428 ORDER, petition for rehearing/rehearing en banc denied for Appellant Louis Ciminelli, FILED. [18-2990, 183710, 18-371",2022.0
term_22,21-1170,20221012202656269_21-1170bsUnitedStates_FINAL.pdf,9,672,opinion_of_the_court,False,True,TES COURT OF APPEALS FOR THE SECOND CIRCUIT BRIEF FOR THE UNITED STATES OPINION BELOW The opinion of the court of appeals (Pet. App. 1a-37a) is reported at 13 F.4th 158. JURISDICTION The judgment of t,2022.0
term_22,21-1195,20220228231524303_bittner_--_cert._petition_--_FILED.pdf,11,417,opinion_of_the_court,False,True,"the United States Court of Appeals for the Fifth Circuit in this case. OPINIONS BELOW The opinion of the court of appeals (App., infra, 1a26a) is reported at 19 F.4th 734. The opinion of the district ",2022.0
term_22,21-1195,20220228231536240_bittner_--_petition_appendix_--_FILED.pdf,84,822,costs,False,True,"(g)(1) (emphasis added). Thus, while the Court recognizes that concern over investigation costs is legitimate, the Court is not persuaded that concern over those costs should change its",2022.0
term_22,21-1195,20220228231536240_bittner_--_petition_appendix_--_FILED.pdf,84,894,costs,False,True,"ver investigation costs is legitimate, the Court is not persuaded that concern over those costs should change its analysis of the statute’s meaning.7 Now consider a second example, whic",2022.0
term_22,21-1195,20220517190714740_21-1195_Bittner.pdf,6,253,opinion_of_the_court,False,True,STATES COURT OF APPEALS FOR THE FIFTH CIRCUIT BRIEF FOR THE RESPONDENT OPINIONS BELOW The opinion of the court of appeals (Pet. App. 1a-26a) is reported at 19 F.4th 734. The opinion of the district co,2022.0
term_22,21-1195,20220818224918165_21-1195_ts.pdf,10,238,opinion_of_the_court,False,True,STATES COURT OF APPEALS FOR THE FIFTH CIRCUIT BRIEF FOR THE PETITIONER OPINIONS BELOW The opinion of the court of appeals (Pet. App. 1a-26a) is reported at 19 F.4th 734. The opinion of the district co,2022.0
term_22,21-1270,20220317131511431_21-_MOAC_Petition_and_Appendix.pdf,76,736,judgment_is,True,True,"hon, Judge). UPON DUE CONSIDERATION, IT IS HEREBY ORDERED, ADJUDGED, AND DECREED that the judgment of the District Court is AFFIRMED. Appellant-Cross-Appellee MOAC Mall Holdings LLC (“MOAC”) appeals f",2022.0
term_22,21-1270,20220317131511431_21-_MOAC_Petition_and_Appendix.pdf,92,274,judgment_is,True,False,"aining arguments and conclude that they are without merit. For the foregoing reasons, the judgment of the District Court is AFFIRMED.3 3 The District Court’s May 11, 2020 order granting Transform’s mo",2022.0
term_22,21-1270,20220317131511431_21-_MOAC_Petition_and_Appendix.pdf,268,322,costs,False,True,e (“MOAC”) having filed MOAC Mall Holdings LLC’s Objection to Supplemental Notice of Cure Costs and Potential Assumption and Assignment of Executory Contracts and Unexpired Leases in Co,2022.0
term_22,21-1270,20220317131511431_21-_MOAC_Petition_and_Appendix.pdf,310,863,mandate,False,True,ant-Cross-Appellee MOAC Mall Holdings LLC moves for a stay of the issuance of the Court’s mandate pending the filing and disposition of a petition for writ of certiorari. * Judge Ronnie A,2022.0
term_22,21-1270,20220520153014909_21-1270_Brief_in_Opp.pdf,99,443,so_ordered,True,False,"m Counsel for the Debtors and dalowenthal@pbwt.com Debtors in Possession Counsel for MOAC IT IS SO ORDERED Dated: March 12, 2020 New York, NY /s/ THE HONORABLE COLLEEN MCMAHON, CHIEF U.S.D.J.",2022.0
term_22,21-1270,20220829135828821_21-1270_Joint_Appendix_Final.pdf,17,659,mandate,False,True,"t, by RJL, JFB, ABRAMS, FILED. [3229787] [201846, 20-1953] 01/06/2022 132 MOTION, to stay mandate, on behalf of Appellant-Cross-Appellee MOAC Mall Holdings LLC in 201846, Appellee MOAC Ma",2022.0
term_22,21-1270,20220829135828821_21-1270_Joint_Appendix_Final.pdf,18,142,mandate,False,True,", on behalf of AppelleeCross-Appellant Transform Holdco LLC, opposition to motion to stay mandate, RECEIVED. Service date 01/07/2022 by CM/ECF. [3240020] [20-1846]--[Edited 01/07/2022 by ",2022.0
term_22,21-1270,20220829135828821_21-1270_Joint_Appendix_Final.pdf,18,727,mandate,False,True,", [137], ADDED. [3242197] [20-1846, 20-1953] 01/18/2022 139 OPPOSITION TO MOTION, to stay mandate [132], on behalf of Appellee-Cross-Appellant Transform Holdco LLC in 20-1846, Appellant T",2022.0
term_22,21-1270,20220829135828821_21-1270_Joint_Appendix_Final.pdf,19,84,mandate,False,True,"19 Date Docket Proceedings No. 01/24/2022 143 MOTION ORDER, granting motion to stay mandate pending the filing and disposition of a petition for writ of certiorari [132] filed by Ap",2022.0
term_22,21-1270,20220829135828821_21-1270_Joint_Appendix_Final.pdf,53,642,costs,False,True,ldco LLC’s Reply to MOAC Mall Holdings LLC’s (I) Objection to Supplemental Notice of Cure Costs and Potential Assumption and Assignment of Executory Contracts and Unexpired Leases in Co,2022.0
term_22,21-1271,20220906122933617_21-1271_tsac_Citizens_United_Final.pdf,24,784,mandate,False,True,"ure, in promulgating rules for congressional elections, acts pursuant to a constitutional mandate under the Elections Clause.” Moore, 142 S. Ct. at 1091 (Alito, J., dissenting from the de",2022.0
term_22,21-1271,20220906135259528_21-1271_tsac_States_Final.pdf,49,354,mandate,False,True,"ure, in promulgating rules for congressional elections, acts pursuant to a constitutional mandate under the Elections Clause.” Id. at 1091 (citation omitted). Finally, Chief Justice Rehnq",2022.0
term_22,21-1326,20220401160219413_Schutte_Petition_and_Appendix.pdf,81,176,judgment_is,True,False,"o the case at hand, SuperValu did not act with the requisite knowledge under the FCA. The judgment of the district court is affirmed. I. Background Underlying this case is a complex regulatory scheme,",2022.0
term_22,21-1326,20230303172712394_2023-02-23_TAFEF_Amicus_v3_-_FINAL_-_with_footnote.pdf,39,713,mandate,False,True,"ex rel. Walker v. R & F Props. of Lake County, Inc., 04-15283 (11th Cir.) Given the broad mandate of the Medicare program—to provide beneficiaries with reasonable and necessary health car",2022.0
term_22,21-1326,20230303172712394_2023-02-23_TAFEF_Amicus_v3_-_FINAL_-_with_footnote.pdf,59,1229,costs,False,True,"price from the goods’ “manufacturer/supplier,” with an additional charge for distribution costs and profit. See United States ex rel. Kamal Mustafa Al-Sultan v. Agility Public Warehousi",2022.0
term_22,21-1333,20220404211548101_GonzalezPetPDF.pdf,11,302,opinion_of_the_court,False,True,"----------------------♦--------------------------------- OPINIONS BELOW The June 22, 2021 opinion of the court of appeals, which is reported at 2 F.4th 871, is set out at pp. 1a169a of the Appendix. T",2022.0
term_22,21-1333,20220404211605882_GonzalezPetAppPDF.pdf,75,588,mandate,False,True," F.3d 676, 683 (9th Cir. 2019) (concluding that a city ordinance that did “not proscribe, mandate, or even discuss the content of the listings that the [plaintiffs] display[ed] on their w",2022.0
term_22,21-1333,20220404211605882_GonzalezPetAppPDF.pdf,373,666,so_ordered,True,False,ded complaint may not contain any claims for relief that the court has already dismissed. IT IS SO ORDERED.,2022.0
term_22,21-1333,20220404211605882_GonzalezPetAppPDF.pdf,449,910,so_ordered,True,False," to amend. Any amended complaint shall be filed within 14 days of the date of this order. IT IS SO ORDERED. 7 Because the court concludes that section 230(c)(1) bars Plaintiffs’ claims, it does no",2022.0
term_22,21-1333,20221130182958343_GonzalezJ.App..pdf,10,628,petition_for_rehearing,False,True,"z Gonzalez, Paul Gonzalez, Rey Gonzalez, Jose Hernandez and The Estate of Nohemi Gonzalez petition for rehearing en banc (from 06/22/2021 opinion). Date of service: 08/03/2021. [12190950] [18-16700] (",2022.0
term_22,21-1333,20221130182958343_GonzalezJ.App..pdf,10,840,petition_for_rehearing,False,True,ert) [Entered: 08/03/2021 02:46 PM] 08/03/2021 88 Filed (ECF) Appellant Reynaldo Gonzalez petition for rehearing en banc (from 06/22/2021 opinion). Date of service: 08/03/2021. [12190972] [18-16700] (,2022.0
term_22,21-1333,20221130182958343_GonzalezJ.App..pdf,12,508,mandate,False,True,"ncurrently with this order. [12328590] (MM) [Entered: 01/03/2022 08:14 AM] 01/11/2022 102 MANDATE ISSUED.(RMG, MSB and MBC) [12336726] (DJV) [Entered: 01/11/2022 06:38 AM] 04/07/2022 103 ",2022.0
term_22,21-1333,20221207104817099_AAJ_Amicus_Brief_Gonzalez_v._Google_Final_202212061618.pdf,42,686,mandate,False,True,"7 U.S.C. § 230(b)(1), (2). The message received by the Fourth Circuit was a congressional mandate that “the new and burgeoning Internet medium” needed shelter from “intrusive government r",2022.0
term_22,21-1397,20220802153547163_21-1397_In_Re_Grand_Jury.pdf,5,237,opinion_of_the_court,False,True,OR THE NINTH CIRCUIT BRIEF FOR THE UNITED STATES IN OPPOSITION OPINIONS BELOW The amended opinion of the court of appeals regarding dual-purpose communications (Pet. App. 1a-12a) is reported at 23 F.4,2022.0
term_22,21-1436,20220812143127107_21-1436_Santos-Zacaria.pdf,8,306,opinion_of_the_court,False,True,F APPEALS FOR THE FIFTH CIRCUIT BRIEF FOR THE RESPONDENT IN OPPOSITION OPINIONS BELOW The opinion of the court of appeals (Pet. App. la-13a) is reported at 22 F.4th 570. The decisions of the Board of ,2022.0
term_22,21-1436,20221019181049348_21-1436.Pet.pdf,12,229,opinion_of_the_court,False,True,"the United States Court of Appeals for the Fifth Circuit in this case. OPINIONS BELOW The opinion of the court of appeals (App., infra, 1a-13a) is reported at 22 F.4th 570. The decisions of the Board ",2022.0
term_22,21-1449,20220512162008159_Glacier_Northwest_Inc._v._Intl_Bhd_of_Teamsters_-_Cert_Petition_Appendix.pdf,135,643,so_ordered,True,False,"s Court’s oral ruling on November 16, 2018, is incorporated by reference into this Order. It is so ORDERED this 14th day of November, 2018.
 77a Presented by: s/Darin M. Dalmat Dmitri Iglitzin, WS",2022.0
term_22,21-1449,20221101152859725_21-1449_-_Joint_Appendix.pdf,156,1424,so_ordered,True,False,"s Court’s oral ruling on November 16, 2018, is incorporated by reference into this Order. It is so ORDERED this 14th day of November, 2018.",2022.0
term_22,21-1449,20221108133338239_21-1449npacUnitedStates.pdf,72,409,costs,False,True," Regulations of the National Labor Relations Board (the “Board”) and to avoid unnecessary costs or delay, IT IS ORDERED THAT Cases 19-CA-203068 and 19-CA-211776, which are based on char",2022.0
term_22,21-1450,20220718193235279_21-1450_Halkbank.Opp.07.18.22.pdf,8,293,opinion_of_the_court,False,True,PEALS FOR THE SECOND CIRCUIT BRIEF FOR THE UNITED STATES IN OPPOSITION OPINIONS BELOW The opinion of the court of appeals (Pet. App. 1a-24a) is reported at 16 F.4th 336. The order of the district cour,2022.0
term_22,21-1454,20220513122748383_Adjutant_General_Cert_Petition.PDF,43,669,mandate,False,True,"state.” Bollen v. Nat’l Guard Bureau, 449 F. Supp. 343, 345 (W.D. Pa. 1978). The Bureau’s mandate specifically includes an obligation to set “policies and programs for the employment and ",2022.0
term_22,21-1454,20220718173827302_21-1454_Ohio_Adjutant_General_Final.pdf,9,323,opinion_of_the_court,False,True,S FOR THE SIXTH CIRCUIT BRIEF FOR THE FEDERAL RESPONDENT IN OPPOSITION OPINIONS BELOW The opinion of the court of appeals (Pet. App. 1a-16a) is reported at 21 F.4th 401. The decision and order of the ,2022.0
term_22,21-1454,20221109084750418_Adjutant_General_Opening_Brief.PDF,70,1212,mandate,False,True,"state.” Bollen v. Nat’l Guard Bureau, 449 F. Supp. 343, 345 (W.D. Pa. 1978). The Bureau’s mandate specifically includes an obligation to set “policies and programs for the employment and ",2022.0
term_22,21-1454,20221109085706171_Adj._Gen._Joint_Appendix.PDF,7,61,mandate,False,True,"5 Judges. (BLH) [Entered: 02/14/2022 10:42 AM] 02/22/2022 41 MANDATE ISSUED with no costs taxed. (PJE) [Entered: 02/22/2022 07:56 AM]
 6 UNITED STATES OF AMER",2022.0
term_22,21-1454,20221109085706171_Adj._Gen._Joint_Appendix.PDF,7,84,costs,False,True,"5 Judges. (BLH) [Entered: 02/14/2022 10:42 AM] 02/22/2022 41 MANDATE ISSUED with no costs taxed. (PJE) [Entered: 02/22/2022 07:56 AM]
 6 UNITED STATES OF AMERICA BEFORE THE FEDERA",2022.0
term_22,21-1454,20221109085706171_Adj._Gen._Joint_Appendix.PDF,7,658,costs,False,True,"lations of the Federal Labor Relations Authority (the Authority) and to avoid unnecessary costs or delay, it is ordered that Case Nos. CH-CA-17-0248, CH-CA-17-0249, CH-CA-17-0251 and CH",2022.0
term_22,21-1454,20221109085706171_Adj._Gen._Joint_Appendix.PDF,16,451,costs,False,True,"lations of the Federal Labor Relations Authority (the Authority) and to avoid unnecessary costs or delay, it is ordered that Case No. CH-CA-17-0336, which is based on a charge filed by ",2022.0
term_22,21-1484,20221219215422061_22-51_Interior_FINAL.pdf,12,682,opinion_of_the_court,False,True,OF APPEALS FOR THE NINTH CIRCUIT BRIEF FOR THE FEDERAL PARTIES OPINIONS BELOW The amended opinion of the court of appeals (Pet. App. 1-411) is reported at 26 F.4th 794. A prior opinion of the court of,2022.0
term_22,21-1484,20221219215606777_21-1484_22-51_Joint_Appendix_FINAL.pdf,117,1414,costs,False,True,"tion District (“CAWCD”), the entity that operates CAP, over repayment of CAP construction costs",2022.0
term_22,21-1484,20221219215606777_21-1484_22-51_Joint_Appendix_FINAL.pdf,118,295,costs,False,True,"tion District (“CAWCD”), the entity that operates CAP, over repayment of CAP construction costs. While fully settling its financial dispute with CAWCD, the Department agreed to the real",2022.0
term_22,21-1484,20221219215606777_21-1484_22-51_Joint_Appendix_FINAL.pdf,190,1252,costs,False,True,"(a). Reclamation funded and constructed the Project, subject to repayment of construction costs. CAP diverts water from the Colorado River at Lake Havasu on Arizona’s western boundary a",2022.0
term_22,21-1484,20221219215606777_21-1484_22-51_Joint_Appendix_FINAL.pdf,221,682,costs,False,True,me Indian water rights claims also resolved litigation over repayment of CAP construction costs between the Department and Intervenor-Defendant Central Arizona Water Conservation Distri,2022.0
term_22,21-1496,20220526180216120_21-xxxx_-_Twitter_Inc._v._Taamneh_-_cert._petition.pdf,2,708,judgment_issued,True,True,"ROCEEDINGS Taamneh, et al. v. Twitter, Inc., et al., No. 18-17192 (9th Cir.) (opinion and judgment issued on June 22, 2021; rehearing denied on December 27, 2021). Taamneh, et al. v. Twitter, Inc",2022.0
term_22,21-1496,20220526180216120_21-xxxx_-_Twitter_Inc._v._Taamneh_-_cert._petition.pdf,2,895,judgment_issued,True,True,"ter, Inc., et al., No. 3:17-cv04107-EMC (N.D. Cal.) (order granting motion to dismiss and judgment issued on October 29, 2018). (iv)",2022.0
term_22,21-1496,20220526180226261_21-xxxx_-_Twitter_Inc._v._Taamneh_-_APPENDIX_to_cert._petition.pdf,346,1067,so_ordered,True,False,"f the Court shall also close the file in this case. This order disposes of Docket No. 62. IT IS SO ORDERED. Dated: October 29, 2018 [handwritten signature] EDWARD M. CHEN United States District Ju",2022.0
term_22,21-1496,20220526180226261_21-xxxx_-_Twitter_Inc._v._Taamneh_-_APPENDIX_to_cert._petition.pdf,347,504,petition_for_rehearing,False,True," rehearing and rehearing en banc. The full court has been advised of DefendantsAppellees’ petition for rehearing en banc, and no judge of the court has requested a vote on the petition for rehearing e",2022.0
term_22,21-1496,20221129134106982_21-1496_ja.pdf,19,215,petition_for_rehearing,False,True," 06/28/2021 65 Filed (ECF) Appellee Twitter, Inc. Unopposed Motion to extend time to file petition for rehearing until 07/27/2021. Date of service: 06/28/2021. [12156881] [18-17192] (Carome, Patrick) ",2022.0
term_22,21-1496,20221129134106982_21-1496_ja.pdf,19,1025,petition_for_rehearing,False,True,"A S. BERZON and MORGAN B. CHRISTEN): The unopposed motion for extension of time to file a petition for rehearing in Taamneh v. Twitter, No. 18-17192, ECF 67, is GRANTED. For the court’s conven-",2022.0
term_22,21-1496,20221129134106982_21-1496_ja.pdf,20,27,petition_for_rehearing,False,True,"20 ience, the deadlines to petition for rehearing/rehearing en banc in Gonzalez v. Google, No. 18-16700; Taamneh v. Twitter, No. 18-17192; ",2022.0
term_22,21-1496,20221129134106982_21-1496_ja.pdf,20,868,petition_for_rehearing,False,True,":02 PM] 08/03/2021 71 Filed (ECF) Appellee Twitter, Inc. petition for panel rehearing and petition for rehearing en banc (from 06/22/2021 opinion). Date of service: 08/03/2021. [12191305] [18-17192] (",2022.0
term_22,21-1496,20221129134106982_21-1496_ja.pdf,23,874,petition_for_rehearing,False,True,"rehearing and rehearing en banc. The full court has been advised of Defendants-Appellees’ petition for rehearing en banc, and no judge of the court has requested a vote on the petition for rehearing e",2022.0
term_22,21-1496,20221129134106982_21-1496_ja.pdf,23,960,petition_for_rehearing,False,True,"es’ petition for rehearing en banc, and no judge of the court has requested a vote on the petition for rehearing en banc. Fed. R. App. P. 35. The petition for rehearing and rehearing en banc is DENIED",2022.0
term_22,21-1496,20221129134106982_21-1496_ja.pdf,23,1016,petition_for_rehearing,False,True,court has requested a vote on the petition for rehearing en banc. Fed. R. App. P. 35. The petition for rehearing and rehearing en banc is DENIED. [12324894] (OC) [Entered: 12/27/2021 09:41 AM] 12/31/2,2022.0
term_22,21-1496,20221129134106982_21-1496_ja.pdf,212,374,so_ordered,True,False,"torney for Defendant FACEBOOK, INC. (n/k/a Meta Platforms, Inc.) PURSUANT TO STIPULATION, IT IS SO ORDERED. Dated: February 17, 2022 /s/ Edward M. Chen Honorable Edward M. Chen United States Distr",2022.0
term_22,21-1576,20220616132646652_2022-06-16_Smith_Petition_For_Certiorari_and_Petition_Appendix.pdf,12,237,opinion_of_the_court,False,True, United States Court of Appeals for the Eleventh Circuit in this case. OPINIONS BELOW The opinion of the court of appeals (App. 1a-18a) is reported at 22 F.4th 1236 (11th Cir. 2022). The court’s order,2022.0
term_22,21-1576,20221028144714611_21-1576_Smith_Br_in_Opp.pdf,12,272,opinion_of_the_court,False,True,ALS FOR THE ELEVENTH CIRCUIT BRIEF FOR THE UNITED STATES IN OPPOSITION OPINIONS BELOW The opinion of the court of appeals (Pet. App. 1a-18a) is reported at 22 F.4th 1236. The order of the district cou,2022.0
term_22,21-1599,20220624111336436_Polselli_v._IRS_Cert_Petition_Appendix_FILE.pdf,78,162,so_ordered,True,True,"bject matter jurisdiction to hear their petition, and the petition to quash is DISMISSED. IT IS SO ORDERED. Date: November 16, 2020 s/Stephanie Dawkins Davis Stephanie Dawkins Davis United States ",2022.0
term_22,21-1599,20220624111336436_Polselli_v._IRS_Cert_Petition_Appendix_FILE.pdf,78,606,mandate,False,True,"lee BEFORE: MOORE, KETHLEDGE, DONALD, Circuit Judges Upon consideration of motion to stay mandate, It is ORDERED that the mandate be stayed to allow Abraham & Rose, P.L.C., Jerry R. Abrah",2022.0
term_22,21-1599,20220624111336436_Polselli_v._IRS_Cert_Petition_Appendix_FILE.pdf,78,638,mandate,False,True,"NALD, Circuit Judges Upon consideration of motion to stay mandate, It is ORDERED that the mandate be stayed to allow Abraham & Rose, P.L.C., Jerry R. Abraham, P.C. and Ms. Hanna Karcho Po",2022.0
term_22,21-1599,20220624111336436_Polselli_v._IRS_Cert_Petition_Appendix_FILE.pdf,79,410,petition_for_rehearing,False,True,"nt-Appellee. ) BEFORE: MOORE, KETHLEDGE, and DONALD, Circuit Judges. The court received a petition for rehearing en banc. The original panel has reviewed the petition for rehearing and concludes that ",2022.0
term_22,21-1599,20221027174522387_21-1599_Polselli_et_al.pdf,8,420,opinion_of_the_court,False,True,F APPEALS FOR THE SIXTH CIRCUIT BRIEF FOR THE RESPONDENT IN OPPOSITION OPINIONS BELOW The opinion of the court of appeals (Pet. App. 1a-30a) is reported at 23 F.4th 616. A subsequent order of the cour,2022.0
term_22,21-376,20210903170208145_Brackeen_v._Haaland_App..pdf,689,136,judgment_issued,True,False,"pplied. Private parties in child-welfare and adoption proceedings would not be bound by a judgment issued by a federal district court or this court declaring rights as between the Brackeens, for ",2022.0
term_22,21-376,20220526150114470_21-376_Joint_Appendix.pdf,339,493,judgment_is,True,False,"ed on the record on appeal and was argued by counsel. IT IS ORDERED and ADJUDGED that the judgment of the District Court is AFFIRMED IN PART, REVERSED IN PART and RENDERED. 2 JUDGE HO was recused and ",2022.0
term_22,21-432,20210917141459956_21-_PetitionForAWritOfCertiorari.pdf,239,312,mandate,False,True,"ant-Appellant v. DENIS MCDONOUGH, SECRETARY OF VETERANS AFFAIRS, Respondent-Appellee ———— MANDATE In accordance with the judgment of this Court, entered June 17, 2021, and pursuant to Rul",2022.0
term_22,21-432,20210917141459956_21-_PetitionForAWritOfCertiorari.pdf,239,470,mandate,False,True,"17, 2021, and pursuant to Rule 41 of the Federal Rules of Appellate Procedure, the formal mandate is hereby issued. FOR THE COURT August 9, 2021 /s/ Peter R. Marksteiner Peter R. Markstei",2022.0
term_22,21-432,20211222153332345_No._21-432_Arellano_v._McDonough_Final.pdf,7,294,opinion_of_the_court,False,True,APPEALS FOR THE FEDERAL CIRCUIT BRIEF FOR THE RESPONDENT IN OPPOSITION OPINIONS BELOW The opinion of the court of appeals (Pet. App. 14a97a) is reported at 1 F.4th 1059. The decision of the Court of A,2022.0
term_22,21-432,20220718173458614_21-432bsUnitedStates.pdf,12,265,opinion_of_the_court,False,True,ATES COURT OF APPEALS FOR THE FEDERAL CIRCUIT BRIEF FOR THE RESPONDENT OPINIONS BELOW The opinion of the court of appeals (Pet. App. 14a97a) is reported at 1 F.4th 1059. The decision of the Court of A,2022.0
term_22,21-442,20210920114324389_Reed_v._Goertz_Petition_Appendix_FILE.pdf,64,544,opinion_of_the_court,False,True,"ER 8701 IN THE 21ST DISTRICT COURT BASTROP COUNTY ____________ KEASLER, J., delivered the opinion of the Court in which KELLER, P.J., and HERVEY, ALCALA, RICHARDSON, YEARY, KEEL, and WALKER, JJ., join",2022.0
term_22,21-442,20210920114324389_Reed_v._Goertz_Petition_Appendix_FILE.pdf,190,633,so_ordered,True,False,"nce that he would have been acquitted. Accordingly, Movant’s Chapter 64 motion is DENIED. It is so ORDERED.
 131a APPENDIX H [Appendix H reproduces only that portion of a transcript necessary to r",2022.0
term_22,21-442,20220701095716634_Reed_v._Goertz_Merits_Brief_FILE.pdf,82,587,costs,False,True,r a proposed accrual rule “respects the autonomy of state courts” and avoids unnecessary “costs to litigants and federal courts.” Id. at 2158-60. Practical reality and fairness can also,2022.0
term_22,21-442,20220701095924249_Reed_v._Goertz_Joint_Appendix_FILE.pdf,5,627,judgment_issued,True,True,"ey Reed. (Weber, Robert) (Entered: 12/26/2019) * * * 05/14/2021 37 Certified copy of USCA JUDGMENT issued as the MANDATE affirming the judgment of the District Court. (lt) (Entered: 05/14/2021) 0",2022.0
term_22,21-442,20220701095924249_Reed_v._Goertz_Joint_Appendix_FILE.pdf,5,650,mandate,False,True,) (Entered: 12/26/2019) * * * 05/14/2021 37 Certified copy of USCA JUDGMENT issued as the MANDATE affirming the judgment of the District Court. (lt) (Entered: 05/14/2021) 04/27/2022 38 De,2022.0
term_22,21-442,20220701095924249_Reed_v._Goertz_Joint_Appendix_FILE.pdf,10,798,mandate,False,True,21 JUDGMENT ENTERED AND FILED. [19-70022] (MRW) [Entered: 04/22/2021 01:59 PM] 05/14/2021 MANDATE ISSUED. Mandate issue date satisfied. [19-70022] (MRW) [Entered: 05/14/2021 07:41 AM] 09/,2022.0
term_22,21-442,20220701095924249_Reed_v._Goertz_Joint_Appendix_FILE.pdf,10,814,mandate,False,True,RED AND FILED. [19-70022] (MRW) [Entered: 04/22/2021 01:59 PM] 05/14/2021 MANDATE ISSUED. Mandate issue date satisfied. [19-70022] (MRW) [Entered: 05/14/2021 07:41 AM] 09/23/2021 SUPREME ,2022.0
term_22,21-442,20220708082004015_Reed_CAC_Merits_Amicus_FINAL_FINAL.pdf,9,599,petition_for_rehearing,False,True,"e Texas Court of Criminal Appeals, which ultimately denied his request for relief and his petition for rehearing nearly three years after the Texas trial court had initially denied his DNA-testing mot",2022.0
term_22,21-454,20211124133353006_21-454_Sackett_Opp._-_final.pdf,7,300,opinion_of_the_court,False,True, APPEALS FOR THE NINTH CIRCUIT BRIEF FOR THE RESPONDENTS IN OPPOSITION OPINIONS BELOW The opinion of the court of appeals (Pet. App. A1A39) is reported at 8 F.4th 1075. The opinion of the district cou,2022.0
term_22,21-454,20220411143659039_Apr_4_2022_1-1538_Sackett_JOINT_APPENDIX.pdf,5,754,costs,False,True,upreme Court; it is ordered and adjudged that the Ninth Circuit judgment is reversed with costs and the case is remanded to the Ninth Circuit 60 5/3/2012 Order filed for publication; re,2022.0
term_22,21-454,20220418124136836_21-454_Amici_Brief.PDF,33,652,costs,False,True,"xpensive, and long.” Hawkes, 578 U.S. at 601. This Court recognized in Hawkes that “[t]he costs of obtaining such a permit are significant.” Id. at 594. That is because an applicant mus",2022.0
term_22,21-454,20220418132055286_21-454_Brief.pdf,15,436,costs,False,True,"administrative improvisation have resulted in federal overreach, confusion, and crippling costs on property owners like the Sacketts. This Court should stanch the bleeding and respect t",2022.0
term_22,21-454,20220610173641467_21-454bsUnitedStates.pdf,14,271,opinion_of_the_court,False,True,TATES COURT OF APPEALS FOR THE NINTH CIRCUIT BRIEF FOR THE RESPONDENTS OPINIONS BELOW The opinion of the court of appeals (Pet. App. A1A39) is reported at 8 F.4th 1075. The opinion of the district cou,2022.0
term_22,21-454,20220708135220072_Sackett_Reply_Brief_Merits_-_Final.pdf,43,1170,costs,False,True," EPA claims; the low figures the agency cites come from a study that did not quantify the costs of compensatory mitigation. See Army Corps of Engineers, Regulatory Impact Analysis for 2",2022.0
term_22,21-468,20210927102744795_NPPC_v_Ross_Petition_for_Cert_Appendices_PDFA.pdf,32,829,costs,False,True,"Proposition 12’s requirements, “producers will have to expend millions in upfront capital costs and adopt a more labor-intensive method of production.” The cost of compliance would resu",2022.0
term_22,21-468,20210927102744795_NPPC_v_Ross_Petition_for_Cert_Appendices_PDFA.pdf,63,829,so_ordered,True,True,"all have 14 days to file an amended pleading, if any, to cure the defects detailed above. IT IS SO ORDERED. Dated: April 27, 2020 /s/ Thomas J. Whelan Hon. Thomas J. Whelan United States District ",2022.0
term_22,21-468,20211029124644558_21-468acCanadianPorkCouncil.pdf,6,597,costs,False,True,resented by the Canadian Pork Council face a choice of (i) enduring significant increased costs and operational disruptions to bring themselves in compliance with Proposition 12 or (ii),2022.0
term_22,21-468,20211118131857991_NPPC_v._Ross_NCCLI_Amicus_Final.pdf,8,172,costs,False,True,erested in this case because it is their members and constituents that will will face the costs imposed by California’s attempt to regulate nationwide pork production. Proposition 12 wi,2022.0
term_22,21-468,20220617082627560_WLF_Amicus_-_NPP_v._Ross.pdf,11,661,costs,False,True,"nd prices will increase. On the other hand, if new facilities are built, the construction costs will be passed on to consumers. Because of these negative upstream effects, the National ",2022.0
term_22,21-468,20220617125858968_21-468_NPPCvRoss_AmicusBrief_2022-06-17.pdf,33,936,costs,False,True,"ould be unable to meet Proposition 12’s mandates due to the operational burdens and steep costs required. Small, independent sow farmers are less likely to have access to the kind of ca",2022.0
term_22,21-468,20220617125858968_21-468_NPPCvRoss_AmicusBrief_2022-06-17.pdf,35,1228,costs,False,True,"are. Br. of Canadian Pork Council (Oct. 29, 2021), App. 2a-3a. The additional operational costs of segregating California-compliant pigs at nurseries, finishing farms, and processing pl",2022.0
term_22,21-468,20220617125858968_21-468_NPPCvRoss_AmicusBrief_2022-06-17.pdf,36,87,costs,False,True,". Br. of Canadian Pork Council (Oct. 29, 2021), App. 2a-3a. The additional operational costs of segregating California-compliant pigs at nurseries, finishing farms, and processing pl",2022.0
term_22,21-468,20220617125858968_21-468_NPPCvRoss_AmicusBrief_2022-06-17.pdf,36,291,costs,False,True,"antial. Indeed, the Canadian and Mexican pork industries witnessed comparable segregation costs first-hand when the United States—at the federal level, where proper regulations belong—i",2022.0
term_22,21-468,20220617135113152_Amici_Brief_of_N_Carolina_Chamber_Legal_Inst_et_al.pdf,10,144,costs,False,True," and other business groups, their members, and their customers will bear the brunt of the costs and burdens imposed by California. Such an ill-conceived attempt to impose uniform nation",2022.0
term_22,21-476,20220526141015058_21-476_Brief_for_Petitioner.pdf,1,1002,mandate,False,True,"t, No. 19-1413, 303 Creative LLC v. Elenis, 6 F.4th 1160, judgment entered July 26, 2021, mandate issued August 17, 2021, reprinted at Pet.App.1a–103a. U.S. District Court for District of",2022.0
term_22,21-476,20220526141251289_21-476_Joint_Appendix.pdf,385,846,mandate,False,True," Lorie Smith: this appeal is dismissed. (USCA Case No. 17-1344) (This document is not the Mandate) (dkals) (Entered: 08/14/2018) 09/05/2018 Mandate of USCA as to Notice of Appeal, filed b",2022.0
term_22,21-476,20220526141251289_21-476_Joint_Appendix.pdf,385,896,mandate,False,True," No. 17-1344) (This document is not the Mandate) (dkals) (Entered: 08/14/2018) 09/05/2018 Mandate of USCA as to Notice of Appeal, filed by 303 Creative LLC,",2022.0
term_22,21-476,20220526141251289_21-476_Joint_Appendix.pdf,387,695,mandate,False,True," filed by 303 Creative LLC, Lorie Smith: (USCA Case No. 191413) (This document is not the Mandate). The judgment of that court is AFFIRMED. (Attachments: # 1 U.S. Court of Appeals Opinion",2022.0
term_22,21-476,20220526141251289_21-476_Joint_Appendix.pdf,387,836,mandate,False,True,"Attachments: # 1 U.S. Court of Appeals Opinion) (sphil) (Entered: 07/27/2021). 08/17/2021 Mandate of USCA as to USCA Order/Opinion/Judgment, 81 Notice of Appeal, filed by 303 Creative LLC",2022.0
term_22,21-476,20220526141251289_21-476_Joint_Appendix.pdf,397,683,mandate,False,True,udgment for opinion filed. [19-1413] [Entered: 07/26/2021 03:08 PM] 08/17/2021 [10850865] Mandate issued. [191413] [Entered: 08/17/2021 08:08 AM] 09/29/2021 [10861569] Petition for writ o,2022.0
term_22,21-476,20220602132726805_303_Creative_v._Elenis_Amicus_Brief.pdf,10,232,mandate,False,True,"ed for sale. It does not have the ability to compel production in the first instance, nor mandate expressive content. The issue presented by 303 Creative LLC and by amicus arises because ",2022.0
term_22,21-757,20211118155938529_PCSK9_Cert_Petition_-_For_Filing.pdf,180,660,petition_for_rehearing,False,True," Judge Richard G. Andrews ———— JEFFREY A. LAMKEN, MoloLamken LLP, Washington, DC, filed a petition for rehearing en banc for plaintiffs-appellants. Also represented by SARAH JUSTINE NEWMAN, MICHAEL GR",2022.0
term_22,21-757,20211118155938529_PCSK9_Cert_Petition_-_For_Filing.pdf,183,416,petition_for_rehearing,False,True,". PER CURIAM. ORDER Amgen Inc., Amgen Manufacturing, Limited, and Amgen USA, Inc. filed a petition for rehearing en banc. A response to the petition was invited by the court and filed by Sanofi, Avent",2022.0
term_22,21-757,20211118155938529_PCSK9_Cert_Petition_-_For_Filing.pdf,184,146,mandate,False,True,"petition for panel rehearing is denied. The petition for rehearing en banc is denied. The mandate of the court will issue on June 28, 2021. FOR THE COURT June 21, 2021 /s/ Peter R. Markst",2022.0
term_22,21-757,20211118155938529_PCSK9_Cert_Petition_-_For_Filing.pdf,184,100,petition_for_rehearing,False,True,"onsideration thereof, IT IS ORDERED THAT: The petition for panel rehearing is denied. The petition for rehearing en banc is denied. The mandate of the court will issue on June 28, 2021. FOR THE COURT ",2022.0
term_22,21-806,20211123155211479_HHC_Petition_and_Appendix_FINAL_for_E_FILIING.pdf,5,564,petition_for_rehearing,False,True,"he Northern District of Indiana (Mar. 26, 2020)…………………………….…27a APPENDIX C: Order Denying Petition for Rehearing and Rehearing en banc (Aug. 25, 2021)……………..37a APPENDIX D: Federal Nursing Home Reform",2022.0
term_22,21-806,20211123155211479_HHC_Petition_and_Appendix_FINAL_for_E_FILIING.pdf,125,377,judgment_is,True,False,e therefore hold that it was error to dismiss this case for failure to state a claim. The judgment of the district court is REVERSED and the case is REMANDED for further proceedings consistent with th,2022.0
term_22,21-806,20211123155211479_HHC_Petition_and_Appendix_FINAL_for_E_FILIING.pdf,140,821,petition_for_rehearing,False,True,"y, Judge. MARION COUNTY, et al., Defendants-Appellees. ORDER Defendants-appellees filed a petition for rehearing and rehearing en banc on August 10, 2021.
 39a No judge1 in regular active service has ",2022.0
term_22,21-806,20211123155211479_HHC_Petition_and_Appendix_FINAL_for_E_FILIING.pdf,140,955,petition_for_rehearing,False,True," on August 10, 2021.
 39a No judge1 in regular active service has requested a vote on the petition for rehearing en banc, and all members of the original panel have voted to deny panel rehearing. The ",2022.0
term_22,21-806,20220718180444399_2022-07-18_Final_Talevski_JA_PDF-A.pdf,6,321,petition_for_rehearing,False,True,"osts: yes. [67] [7175425] [20-1664] (FP) [Entered: 07/27/2021 12:24 PM] 08/10/21 69 Filed Petition for Rehearing and Petition for Rehearing Enbanc by Appellees American Senior Communities, LLC, Health",2022.0
term_22,21-806,20220718180444399_2022-07-18_Final_Talevski_JA_PDF-A.pdf,6,348,petition_for_rehearing,False,True,"20-1664] (FP) [Entered: 07/27/2021 12:24 PM] 08/10/21 69 Filed Petition for Rehearing and Petition for Rehearing Enbanc by Appellees American Senior Communities, LLC, Health and Hospital Corporation o",2022.0
term_22,21-806,20220718180444399_2022-07-18_Final_Talevski_JA_PDF-A.pdf,6,653,petition_for_rehearing,False,True,"1664] (GW) [Entered: 08/10/2021 03:35 PM] 08/25/21 71 ORDER: Defendants-appellees filed a petition for rehearing and rehearing en banc on August 10, 2021. No judge in regular active service has reques",2022.0
term_22,21-806,20220718180444399_2022-07-18_Final_Talevski_JA_PDF-A.pdf,6,230,costs,False,True, [Entered: 07/27/2021 11:54 AM] 07/27/21 67 ORDER: Final judgment filed per opinion. With costs: yes. [67] [7175425] [20-1664] (FP) [Entered: 07/27/2021 12:24 PM] 08/10/21 69 Filed Peti,2022.0
term_22,21-806,20220718180444399_2022-07-18_Final_Talevski_JA_PDF-A.pdf,7,82,mandate,False,True,7 Date Dkt. No. Docket Text 1664] (CG) [Entered: 08/25/2021 08:53 AM] 09/02/21 72 Mandate issued. No record to be returned. [72] [7183096] [201664] (GW) [Entered: 09/02/2021 09:46,2022.0
term_22,21-846,20211203161249846_Cruz_Petition_Appendix.pdf,0,239,opinion_of_the_court,False,True,"er _______ No. CR-17-0567-PC _______ June 4, 2021 _______ JUSTICE MONTGOMERY authored the opinion of the Court, in which CHIEF JUSTICE BRUTINEL, VICE CHIEF JUSTICE TIMMER, and JUSTICES BOLICK, LOPEZ, ",2022.0
term_22,21-846,20211203161249846_Cruz_Petition_Appendix.pdf,0,412,opinion_of_the_court,False,True,"nd JUSTICES BOLICK, LOPEZ, and BEENE joined.* _______ OPINION _______ JUSTICE MONTGOMERY, opinion of the Court: * Although Justice Andrew W. Gould (ret.) participated in the oral argument in this case",2022.0
term_22,21-846,20220106131349196_220102a_Amicus_Brief_for_efiling.pdf,19,493,mandate,False,True,"ution, state collateral review courts have no greater power than federal habeas courts to mandate that a prisoner continue to suffer punishment barred by the Constitution.” Montgomery, 57",2022.0
term_22,21-846,20220613124558307_21-846_Joint_Appendix_6-10-22_Final.pdf,8,1159,mandate,False,True," full Court, IT IS ORDERED denying the motion. (Hon William G. Montgomery) 30. 9-Jul-2021 MANDATE TO THE SUPERIOR COURT Issued Mandate and copy of Opinion together to the trial court. No ",2022.0
term_22,21-846,20220613124558307_21-846_Joint_Appendix_6-10-22_Final.pdf,8,1196,mandate,False,True,e motion. (Hon William G. Montgomery) 30. 9-Jul-2021 MANDATE TO THE SUPERIOR COURT Issued Mandate and copy of Opinion together to the trial court. No record to return. * * * 32. 31-MarNot,2022.0
term_22,21-846,20220613124558307_21-846_Joint_Appendix_6-10-22_Final.pdf,11,668,costs,False,True,"hundred hours, the superior court shall review and approve additional reasonable fees and costs pursuant to A.R.S. § 13-4041(G). The superior court shall
 13 DOCKET NUMBER DATE PROCEEDI",2022.0
term_22,21-846,20220613124558307_21-846_Joint_Appendix_6-10-22_Final.pdf,565,827,mandate,False,True,"ution, state collateral review courts have no greater power than federal habeas courts to mandate that a prisoner continue to suffer punishment barred by the constitution.” Montgomery v. ",2022.0
term_22,21-857,20220330142846870_21-857_Jones_Opp.pdf,6,270,opinion_of_the_court,False,True, APPEALS FOR THE EIGHTH CIRCUIT BRIEF FOR THE RESPONDENT IN OPPOSITION OPINIONS BELOW The opinion of the court of appeals (Pet. App. 1a-13a) is reported at 8 F.4th 683. The opinion of the district cou,2022.0
term_22,21-857,20220714094518825_21-857_Joint_Appendix.pdf,7,939,judgment_is,True,True,"AUTHORING JUDGE:Raymond W. Gruender (PUBLISHED). * * *
 8 08/06/2021 JUDGMENT FILED - The judgment of the Originating Court is AFFIRMED in accordance with the opinion RAYMOND W. GRUENDER, DUANE BENTON",2022.0
term_22,21-857,20220714094518825_21-857_Joint_Appendix.pdf,7,1103,mandate,False,True,"on RAYMOND W. GRUENDER, DUANE BENTON and BOBBY E. SHEPHERD Hrg Apr 2021. * * * 09/28/2021 MANDATE ISSUED. * * * * * * 10/29/2021 Supreme Court Letter extending time to file cert petition ",2022.0
term_22,21-857,20220714094518825_21-857_Joint_Appendix.pdf,13,1011,mandate,False,True, this cause is affirmed in accordance with the opinion of this Court. * * * 09/28/2021 28 MANDATE of USCA in accordance with the opinion and judgment of 08/06/2021 as to 23 Notice of Appe,2022.0
term_22,21-857,20220808182056765_21-857bsUnitedStates.pdf,11,241,opinion_of_the_court,False,True,TATES COURT OF APPEALS FOR THE EIGHTH CIRCUIT BRIEF FOR THE RESPONDENT OPINIONS BELOW The opinion of the court of appeals (Pet. App. 1a-13a) is reported at 8 F.4th 683. The opinion of the district cou,2022.0
term_22,21-869,20211209140512568_2021-12-09_Andy_Warhol_Foundation_Cert_Petition_with_appendix.pdf,2,776,petition_for_rehearing,False,True,".S. Court of Appeals for the Second Circuit. Amended judgment entered on August 24, 2021. Petition for rehearing en banc denied on September 10, 2021. Andy Warhol Foundation for the Visual Arts, Inc. ",2022.0
term_22,21-869,20211209140512568_2021-12-09_Andy_Warhol_Foundation_Cert_Petition_with_appendix.pdf,4,522,petition_for_rehearing,False,True,".......... 53a Order of the United States Court of Appeals for the Second Circuit denying Petition for Rehearing, Andy Warhol Foundation for the Visual Arts, Inc. v. Goldsmith, No. 192420 (2d Cir. Sep",2022.0
term_22,21-869,20220610142915753_2022-06-10_No._21-869_AWF_Brief_for_Petitioner_with_addendum.pdf,2,776,petition_for_rehearing,False,True,".S. Court of Appeals for the Second Circuit. Amended judgment entered on August 24, 2021. Petition for rehearing en banc denied on September 10, 2021. Andy Warhol Foundation for the Visual Arts, Inc. ",2022.0
term_22,21-869,20220610143839833_2022-06-10_No._21-869_Warhol_Joint_Appendix_Volume_I.pdf,5,333,petition_for_rehearing,False,True,".......... 53a Order of the United States Court of Appeals for the Second Circuit denying Petition for Rehearing, Andy Warhol Foundation for the Visual Arts, Inc. v. Goldsmith, No. 192420 (2d Cir. Sep",2022.0
term_22,21-869,20220610143839833_2022-06-10_No._21-869_Warhol_Joint_Appendix_Volume_I.pdf,16,529,petition_for_rehearing,False,True,"21, by GEL. FILED.[3066949] [19-2420] [Entered: 03/30/2021 03:52 PM] * * * 04/23/2021 237 PETITION FOR REHEARING/ REHEARING EN BANC, on behalf of Appellee The Andy Warhol Foundation For The Visual Art",2022.0
term_22,21-869,20220610143839833_2022-06-10_No._21-869_Warhol_Joint_Appendix_Volume_I.pdf,21,683,mandate,False,True,"d, FILED.[3171716] [19-2420] [Entered: 09/10/2021 01:34 PM] * * * 09/17/2021 297 JUDGMENT MANDATE, ISSUED.[3175841] [19-2420] [Entered: 09/17/2021 02:05 PM] 12/14/2021 298 U.S. SUPREME CO",2022.0
term_22,21-869,20220610143929270_2022-06-10_No._21-869_-_Warhol_Joint_Appendix_Volume_II.pdf,5,333,petition_for_rehearing,False,True,".......... 53a Order of the United States Court of Appeals for the Second Circuit denying Petition for Rehearing, Andy Warhol Foundation for the Visual Arts, Inc. v. Goldsmith, No. 192420 (2d Cir. Sep",2022.0
term_22,21-86,20210720121350540_2021-7-19_Axon_cert_petition_FINAL.pdf,4,385,mandate,False,True,"ed Jan. 28, 2021; petition for rehearing en banc denied Apr. 15, 2021; motion to stay the mandate pending certiorari granted April 21, 2021); and • Axon Enterprise, Inc. v. Federal Trade ",2022.0
term_22,21-86,20210720121350540_2021-7-19_Axon_cert_petition_FINAL.pdf,4,313,petition_for_rehearing,False,True," Inc. v. Federal Trade Commission, No. 20-15662 (9th Cir.) (opinion issued Jan. 28, 2021; petition for rehearing en banc denied Apr. 15, 2021; motion to stay the mandate pending certiorari granted Apr",2022.0
term_22,21-86,20210720121402024_Axon_Pet._Appendix_FINAL.pdf,89,42,petition_for_rehearing,False,True,App-48 full court has been advised of the petition for rehearing en banc and no judge has requested a vote on whether to rehear the matter en banc. Fed. R,2022.0
term_22,21-86,20210720121402024_Axon_Pet._Appendix_FINAL.pdf,89,171,petition_for_rehearing,False,True,"udge has requested a vote on whether to rehear the matter en banc. Fed. R. App P. 35. The petition for rehearing en banc is DENIED.
 App-49 Appendix C UNITED STATES DISTRICT COURT FOR THE DISTRICT OF ",2022.0
term_22,21-86,20210922160643614_21-86_Axon_Enterprise_Final.pdf,5,278,opinion_of_the_court,False,True, APPEALS FOR THE NINTH CIRCUIT BRIEF FOR THE RESPONDENTS IN OPPOSITION OPINIONS BELOW The opinion of the court of appeals (Pet. App. 1a-46a) is reported at 986 F.3d 1173. The order of the district cou,2022.0
term_22,21-86,20211220120740958_2021-12-20_Axon_supp_brief_FINAL.pdf,3,290,slip_op,False,True,"ter jurisdiction to hear structural constitutional claims.” Cochran v. SEC, No. 19-10396, slip op.2 (5th Cir. Dec. 13, 2021) (en banc) (“Cochran Op.”). Judge Willett concurred in the judgm",2022.0
term_22,21-86,20220516104318127_42071_pdf_Ebner.pdf,7,761,mandate,False,True,"ctices,” 15 U.S.C. § 45(a)(2). The question of whether the FTC carries out this expansive mandate in a constitutionally infirm manner is an issue that implicates free enterprise and limit",2022.0
term_22,21-86,20220516104318127_42071_pdf_Ebner.pdf,8,262,costs,False,True,"il enforcement target such as Petitioner Axon Enterprise, Inc. must suffer the litigation costs and burdens, business disruption, reputational harm, and adverse outcome of a fully adjud",2022.0
term_22,21-86,20220808181016498_21-86fpUnitedStates.pdf,19,387,opinion_of_the_court,False,True,"IRCUITS BRIEF FOR THE FEDERAL PARTIES OPINIONS BELOW In Axon Enterprise, Inc. v. FTC, the opinion of the court of appeals (Axon Pet. App. 1a-46a) is reported at 986 F.3d 1173. The order of the distric",2022.0
term_22,21-887,20211213140147005_2021-12-13_Perez_Petition_For_Certiorari_with_appendix.pdf,4,1074,petition_for_rehearing,False,True,"..........54a Opinion of the United States Court of Appeals for the Sixth Circuit Denying Petition for Rehearing, Perez v. Sturgis Public Schools, No. 20-1076 (6th Cir. July 29, 2021), ECF No. 57-1 ..",2022.0
term_22,21-887,20211213140147005_2021-12-13_Perez_Petition_For_Certiorari_with_appendix.pdf,105,625,mandate,False,True,"lusion, the majority disfigures Perez’s allegations, ignoring the Supreme Court’s express mandate to treat a plaintiff as “master” of his own claim. Fry, 137 S. Ct. at 755. The result und",2022.0
term_22,21-887,20211213140147005_2021-12-13_Perez_Petition_For_Certiorari_with_appendix.pdf,153,328,opinion_of_the_court,False,True," reasons to be discussed, the Court will overrule all objections and adopt the R&R as the Opinion of the Court. Legal Framework With respect to a dispositive motion, a magistrate judge issues a report",2022.0
term_22,21-887,20211213140147005_2021-12-13_Perez_Petition_For_Certiorari_with_appendix.pdf,161,313,slip_op,False,True,"this Court’s recent decision in Richards v. Sturgis Public Schools, Case No. 1:18-cv-358, slip op. (W.D. Mich. Sept. 14, 2018). In Richards, a hearing-impaired student filed suit alleging ",2022.0
term_22,21-887,20211213140147005_2021-12-13_Perez_Petition_For_Certiorari_with_appendix.pdf,171,728,petition_for_rehearing,False,True,"ts-Appellees. ) ) BEFORE: BOGGS, STRANCH, and THAPAR, Circuit Judges The court received a petition for rehearing en banc. The original panel has reviewed the petition for rehearing and concludes that ",2022.0
term_22,21-887,20211213140147005_2021-12-13_Perez_Petition_For_Certiorari_with_appendix.pdf,171,796,petition_for_rehearing,False,True, The court received a petition for rehearing en banc. The original panel has reviewed the petition for rehearing and concludes that the issues raised in the petition were fully considered upon the ori,2022.0
term_22,21-887,20221109135618630_2022-11-09_No._21-887_Perez_Joint_Appendix.pdf,3,611,petition_for_rehearing,False,True,"..........54a Opinion of the United States Court of Appeals for the Sixth Circuit Denying Petition for Rehearing, Perez v. Sturgis Public Schools, No. 20-1076 (6th Cir. July 29, 2021), ECF No. 57-1 ..",2022.0
term_22,21-887,20221109135618630_2022-11-09_No._21-887_Perez_Joint_Appendix.pdf,11,1149,mandate,False,True,9 Date No. Docket Text Circuit Judges. (BLH) [Entered: 07/29/2021 08:05 AM] 08/06/2021 58 MANDATE ISSUED with no costs taxed. (GSA) [Entered: 08/06/2021 11:47 AM] 12/17/2021 59 U.S. Supre,2022.0
term_22,21-887,20221109135618630_2022-11-09_No._21-887_Perez_Joint_Appendix.pdf,11,1172,costs,False,True,Circuit Judges. (BLH) [Entered: 07/29/2021 08:05 AM] 08/06/2021 58 MANDATE ISSUED with no costs taxed. (GSA) [Entered: 08/06/2021 11:47 AM] 12/17/2021 59 U.S. Supreme Court notice filed,2022.0
term_22,21-887,20221109135618630_2022-11-09_No._21-887_Perez_Joint_Appendix.pdf,17,321,mandate,False,True,ourt’s decision (jem) (Entered: 06/25/2021) 06/25/2021 35 JUDGMENT of USCA re appeal 32 ; mandate to issue (jem) (Entered: 06/25/2021) 08/06/2021 36 MANDATE of USCA re appeal 32 indicatin,2022.0
term_22,21-887,20221109135618630_2022-11-09_No._21-887_Perez_Joint_Appendix.pdf,17,380,mandate,False,True,UDGMENT of USCA re appeal 32 ; mandate to issue (jem) (Entered: 06/25/2021) 08/06/2021 36 MANDATE of USCA re appeal 32 indicating costs as none (jem) (Entered: 08/06/2021) 12/17/2021 37 L,2022.0
term_22,21-887,20221109135618630_2022-11-09_No._21-887_Perez_Joint_Appendix.pdf,17,420,costs,False,True,o issue (jem) (Entered: 06/25/2021) 08/06/2021 36 MANDATE of USCA re appeal 32 indicating costs as none (jem) (Entered: 08/06/2021) 12/17/2021 37 LETTER from Supreme Court of the United,2022.0
term_22,21-887,20221109135618630_2022-11-09_No._21-887_Perez_Joint_Appendix.pdf,58,474,costs,False,True,etitioners compensatory damages; H. Award Petitioners their reasonable attorneys fees and costs under 42 U.S.C. § 1988 and/or other applicable statues; and I. Any other relief deemed ne,2022.0
term_22,21-908,20211217155158216_41563_pdf_Bartenwerfer_app.pdf,8,447,mandate,False,True," Buckley requests reversal. He argues that the bankruptcy court erred by interpreting our mandate as precluding it from considering Mrs. Bartenwerfer’s direct liability, by declining to e",2022.0
term_22,21-908,20211217155158216_41563_pdf_Bartenwerfer_app.pdf,8,698,mandate,False,True,"ability bases, and in its conduct of the trial. We only agree insofar as we hold that our mandate did not preclude the bankruptcy court from deciding whether she was directly liable for f",2022.0
term_22,21-908,20211217155158216_41563_pdf_Bartenwerfer_app.pdf,17,750,mandate,False,True, 2020). We review the bankruptcy court’s decision to consider an issue on remand that the mandate does not foreclose for an abuse of discretion. Id. We may affirm on any basis supported b,2022.0
term_22,21-908,20211217155158216_41563_pdf_Bartenwerfer_app.pdf,21,396,mandate,False,True,ether it was obliged to do so. This requires us to first consider the extent to which our mandate was binding on the bankruptcy court. 1. Our mandate did not preclude the bankruptcy court,2022.0
term_22,21-908,20211217155158216_41563_pdf_Bartenwerfer_app.pdf,21,448,mandate,False,True,irst consider the extent to which our mandate was binding on the bankruptcy court. 1. Our mandate did not preclude the bankruptcy court from deciding whether Mrs. Bartenwerfer was directl,2022.0
term_22,21-908,20211217155158216_41563_pdf_Bartenwerfer_app.pdf,21,584,mandate,False,True,"from deciding whether Mrs. Bartenwerfer was directly liable for fraud. Under the “rule of mandate,” on remand, a trial court cannot vary or examine the appellate court’s mandate for any p",2022.0
term_22,21-908,20211217155158216_41563_pdf_Bartenwerfer_app.pdf,21,664,mandate,False,True," “rule of mandate,” on remand, a trial court cannot vary or examine the appellate court’s mandate for any purpose other than executing it. Stacy v. Colvin, 825 F.3d 563, 568 (9th Cir. 201",2022.0
term_22,21-908,20211217155158216_41563_pdf_Bartenwerfer_app.pdf,21,955,mandate,False,True,e of mandate does not preclude a trial court from deciding anything not foreclosed by the mandate. Id. “[A]ny issue not expressly or impliedly disposed of on appeal is available for consi,2022.0
term_22,21-908,20211217155158216_41563_pdf_Bartenwerfer_app.pdf,31,957,judgment_is,True,True," above court. ON CONSIDERATION WHEREOF, it is ordered and adjudged by this Panel that the judgment of the Bankruptcy Court is AFFIRMED.
 32a FOR THE PANEL, Susan M Spraul Clerk of Court By: Cecil Liza",2022.0
term_22,21-908,20211217155158216_41563_pdf_Bartenwerfer_app.pdf,73,679,petition_for_rehearing,False,True,"rcuit Judges, and HUCK,* District Judge. Judges McKeown and Nguyen have voted to deny the petition for rehearing en banc, and Judge Huck has so recommended. The full court has been advised of the peti",2022.0
term_22,21-908,20211217155158216_41563_pdf_Bartenwerfer_app.pdf,73,785,petition_for_rehearing,False,True,"earing en banc, and Judge Huck has so recommended. The full court has been advised of the petition for rehearing en banc, and no judge has * The Honorable Paul C. Huck, United States District Judge fo",2022.0
term_22,21-908,20220719144833977_Bartenwerfer_Opening_Brief.pdf,15,720,opinion_of_the_court,False,True,TED STATES COURT OF APPEALS FOR THE NINTH CIRCUIT BRIEF FOR PETITIONER OPINIONS BELOW The opinion of the court of appeals (Pet.App.1a-6a) is unreported but available at 860 F. App’x 544. The order of ,2022.0
term_22,21-908,20220719144833977_Bartenwerfer_Opening_Brief.pdf,31,259,costs,False,True,"nt against David and Kate in October 2012. J.A.27. After remittitur, attorneys’ fees, and costs, the nondisclosure award totaled $532,436. J.A.20-21, 26-27. That judgment—along with the",2022.0
term_22,21-908,20220719144833977_Bartenwerfer_Opening_Brief.pdf,31,355,costs,False,True," the nondisclosure award totaled $532,436. J.A.20-21, 26-27. That judgment—along with the costs of many years of litigation—devasted the Bartenwerfers’ finances. Six months later, in Ap",2022.0
term_22,21-908,20220719144933986_Bartenwerfer_Joint_Appendix.pdf,6,779,costs,False,True,"rmits ($14,888), and the fire escape ($5,076); the value/cost differential ($90,000); and costs of suit ($40,019.89) for a total non-dischargeable debt in the amount of $218,964.89. The",2022.0
term_22,21-908,20220719144933986_Bartenwerfer_Joint_Appendix.pdf,36,335,costs,False,True," declared non-dischargeable pursuant to 11 U.S.C. § 523(a)(2)(A). 3. Plaintiff is awarded costs of $6,721.70 incurred in this action and said costs are hereby declared non-dischargeable",2022.0
term_22,21-908,20220719144933986_Bartenwerfer_Joint_Appendix.pdf,36,387,costs,False,True,"523(a)(2)(A). 3. Plaintiff is awarded costs of $6,721.70 incurred in this action and said costs are hereby declared non-dischargeable pursuant to 11 U.S.C. § 523(a)(2)(A). ***END OF JUD",2022.0
term_22,21-908,20220719144933986_Bartenwerfer_Joint_Appendix.pdf,44,200,costs,False,True,"rally, $234,671 plus 10% interest from October 4, 2012 until paid and attorney’s fees and costs pursuant to a noticed motion. Buckley thereafter filed his post-trial motion for attorney",2022.0
term_22,21-908,20220719144933986_Bartenwerfer_Joint_Appendix.pdf,46,317,costs,False,True,"g interest accrued at the legal rate, was nondischargeable; (2) punitive damages; and (3) costs of suit incurred in the adversary proceeding. Paragraph 4 of the complaint’s preamble sta",2022.0
term_22,21-908,20220719144933986_Bartenwerfer_Joint_Appendix.pdf,46,761,costs,False,True,"the jury in the pre-petition state court trial, to wit, $234,671 plus attorneys’ fees and costs totaling $378,491.” 2. Pretrial motions The Bartenwerfers moved for judgment on the plead",2022.0
term_22,21-908,20220719144933986_Bartenwerfer_Joint_Appendix.pdf,48,415,costs,False,True,"(a)(2)(A) claim. In closing, Buckley stated his intention to move for attorney’s fees and costs incurred in the adversary proceeding by separate motion after entry of judgment. He also ",2022.0
term_22,21-908,20220719144933986_Bartenwerfer_Joint_Appendix.pdf,50,1168,costs,False,True,"r the missing fire escape, $90,000 for the PVD damages and $40,019.89 for the state court costs of suit (“523 Judgment”). The court subsequently granted the Bartenwerfers’ motion to alt",2022.0
term_22,21-908,20220719144933986_Bartenwerfer_Joint_Appendix.pdf,52,704,costs,False,True,"rney’s fees, the Bartenwerfers argued that Buckley was required to apportion his fees and costs incurred in litigating the single claim of the five causes of action that related to the ",2022.0
term_22,21-908,20220719144933986_Bartenwerfer_Joint_Appendix.pdf,58,1117,costs,False,True,"contended he was entitled to interest on the attorney’s fee amount of $348,483.79 and the costs of $30,007.47, accruing from October 4, 2012, at the rate of 10% per annum. The Bartenwer",2022.0
term_22,21-984,20220107141325585_2021-01-07_Helix_Petition_Final.pdf,3,763,judgment_issued,True,False,"ict of Texas: • Hewitt v. Helix Energy Solutions Grp., Inc., No. 17-cv-02545 (S.D. Tex.), judgment issued Dec. 21, 2018 • Hewitt v. Helix Energy Solutions Grp., Inc., No. 19-20023 (5th Cir.), jud",2022.0
term_22,21-984,20220107141340713_2022-01-07_Helix_appendix_Final.pdf,158,82,so_ordered,True,False,"App-87 GRANTED and the plaintiff’s partial motion for summary judgment is DENIED. It is so ORDERED. SIGNED on this 21st day of December, 2018. [handwritten: signature] Kenneth M. Hoyt Unit",2022.0
term_22,21-984,20220321143005224_21-984_Brief_in_Opposition.pdf,11,870,petition_for_rehearing,False,True," 6a, 7a) (emphasis in original). After the Panel issued its decision, Petitioners filed a Petition for Rehearing En Banc and procured a couple of briefs from industry groups bemoaning the decision. Th",2022.0
term_22,21-984,20220708144534986_2022-07-08_Final_Helix_JA.pdf,15,359,petition_for_rehearing,False,True,"utions Group, Incorporated and Helix Well Ops, Incorporated [9504112-1] in support of the Petition for rehearing en banc filed by Appellees Helix Energy Solutions Group, Incorporated and Helix Well Op",2022.0
term_22,21-984,20220708144534986_2022-07-08_Final_Helix_JA.pdf,15,619,petition_for_rehearing,False,True,"/12/2021. [19-20023] (RLL) [Entered: 02/15/2021 08:58 AM] 03/09/2021 COURT ORDER granting petition for rehearing en banc filed on 01/18/21 by Appellees Helix Energy Solutions Group, Incorporated and H",2022.0
term_22,21-984,20220708144534986_2022-07-08_Final_Helix_JA.pdf,15,770,petition_for_rehearing,False,True," Helix Energy Solutions Group, Incorporated and Helix Well Ops, Incorporated [9484188-2]; petition for rehearing en banc filed by Appellees Helix Energy Solutions Group, Incorporated and Helix Well Op",2022.0
term_22,21-984,20220708144534986_2022-07-08_Final_Helix_JA.pdf,21,599,mandate,False,True,y Bear Its Own Costs on Appeal. [1920023] (NFD) [Entered: 09/10/2021 08:08 AM] 10/01/2021 MANDATE ISSUED. Mandate issue date satisfied. [19-20023] (SDH) [Entered: 10/01/2021 10:45 AM] * *,2022.0
term_22,21-984,20220708144534986_2022-07-08_Final_Helix_JA.pdf,21,615,mandate,False,True,"osts on Appeal. [1920023] (NFD) [Entered: 09/10/2021 08:08 AM] 10/01/2021 MANDATE ISSUED. Mandate issue date satisfied. [19-20023] (SDH) [Entered: 10/01/2021 10:45 AM] * * *
 JA 19 UNITED",2022.0
term_22,22-1008,20230413153239252_2023.04.13_-_Corner_Post_Petition_Final.pdf,24,502,costs,False,True,Post argues that the Board set the fee standard at 21 cents by basing it on four types of costs that Congress statutorily barred the Board from considering. App. 79-84. Corner Post aske,2023.0
term_22,22-1008,20230413153252222_Corner_Post_PFC_Apx.pdf,70,448,so_ordered,True,True,"nue is MOOT. Defendants’ earlier Motions to Dismiss or Change Venue are also MOOT. [¶ 44] IT IS SO ORDERED. DATED March 11, 2022. /s/ Daniel M. Traynor Daniel M. Traynor, District Judge United Sta",2023.0
term_22,22-1008,20230413153252222_Corner_Post_PFC_Apx.pdf,84,1051,costs,False,True," the Board could consider nonstatutory costs when setting an interchange fee, it included costs that the Durbin Amendment allowed the Board to account for elsewhere. Third, even if the ",2023.0
term_22,22-1008,20230413153252222_Corner_Post_PFC_Apx.pdf,84,1187,costs,False,True,"ard to account for elsewhere. Third, even if the Board were correct to consider all those costs, it set a single standard for all issuers when the Durbin Amendment plainly requires a ca",2023.0
term_22,22-1008,20230413153252222_Corner_Post_PFC_Apx.pdf,115,778,costs,False,True," II allows almost all covered issuers to charge interchange fees 6 times their actual ACS costs, covered issuers have continued to reap tens of billions of dollars in profits from inter",2023.0
term_22,22-1008,20230413153252222_Corner_Post_PFC_Apx.pdf,115,1279,costs,False,True,"d had followed Congress’s instructions and set the interchange fee to issuers’ actual ACS costs. III. Regulation II’s interchange fee exceeds the Board’s authority, is contrary to law, ",2023.0
term_22,22-1008,20230413153252222_Corner_Post_PFC_Apx.pdf,133,313,costs,False,True,y issuer recover the same amount—21 cents plus .05% of each transaction—regardless of the costs the issuer incurs for each transaction. That exceeds the Board’s statutory authority and ,2023.0
term_22,22-1008,20230413153252222_Corner_Post_PFC_Apx.pdf,133,743,costs,False,True,"cap. Regulation II, as confirmed by the Updated Rule, permits issuers to recover far more costs than the Durbin Amendment’s plain language allows. It exceeds the Board’s statutory autho",2023.0
term_22,22-1008,20230616132214160_22-1008_-_Corner_Post_v._Board_of_Governors_of_the_Federal_Reserve_System.pdf,9,292,opinion_of_the_court,False,True, APPEALS FOR THE EIGHTH CIRCUIT BRIEF FOR THE RESPONDENT IN OPPOSITION OPINIONS BELOW The opinion of the court of appeals (Pet. App. 1-15) is reported at 55 F.4th 634. The order of the district court ,2023.0
term_22,22-1008,20231113164723538_22-1008_Corner_Post_opening_merits_brief_Final.pdf,30,136,costs,False,True,oard exceeded its statutory authority by basing the fee cap on four types of nonstatutory costs that Congress barred the Board from considering. Pet.App.79-84. Corner Post asked the dis,2023.0
term_22,22-1008,20231120102314898_22-1008tsacNationalFederationOfIndependentBusinessSmallBusinessLegalCent_a66f39c6.pdf,47,1141,costs,False,True,"iness activity, such as the debit card-fee rule. For many businesses, the upfront assured costs to put itself in a position to challenge long-ago agency action would not be worth the po",2023.0
term_22,22-1008,20231213165432435_22-1008bsUnitedStates.pdf,16,263,opinion_of_the_court,False,True,TATES COURT OF APPEALS FOR THE EIGHTH CIRCUIT BRIEF FOR THE RESPONDENT OPINIONS BELOW The opinion of the court of appeals (Pet. App. 1-15) is reported at 55 F.4th 634. The opinion of the district cour,2023.0
term_22,22-1025,20230420105307703_Appendix.pdf,156,15,so_ordered,True,True,"97a Appendix C IT IS SO ORDERED. DATE: San Antonio, Texas, March 12, 2021. _________________________________ David Alan E",2023.0
term_22,22-1025,20230420105307703_Appendix.pdf,196,743,costs,False,True,"revino, II; John Siemens; and Alexander Wright. Sylvia also seeks her attorney’s fees and costs under 42 U.S.C. § 1988 as well as all other and further relief as the Court may deem just",2023.0
term_22,22-1025,20230608153325617_22-1025_Brief_in_Opp.pdf,15,487,petition_for_rehearing,False,True,erpretation of the facts in the record are detailed in Appellants’ Response to Appellee’s Petition for Rehearing En Banc. ECF Case: 2150276 Document: 00516511309. The dissent concluded that Nieves hol,2023.0
term_22,22-1025,20231211163518776_Brief_for_Petitioner.pdf,10,189,opinion_of_the_court,False,True, judgment of the United States Court of Appeals for the Fifth Circuit. OPINIONS BELOW The opinion of the court of appeals and the dissenting opinion are reported and available at 42 F.4th 487. Pet. Ap,2023.0
term_22,22-1025,20240131153348197_22-1025_Amicus_BOM_Texas_Association_-_PDFA.pdf,10,612,costs,False,True,"t them from efficiently carrying out their duties. Gonzalez’s approach will also increase costs to already under-resourced city and county governments. Those costs, in turn, will divert",2023.0
term_22,22-1025,20240131153348197_22-1025_Amicus_BOM_Texas_Association_-_PDFA.pdf,10,680,costs,False,True,"ch will also increase costs to already under-resourced city and county governments. Those costs, in turn, will divert important public resources away from governance and toward frivolou",2023.0
term_22,22-1025,20240131153348197_22-1025_Amicus_BOM_Texas_Association_-_PDFA.pdf,30,968,costs,False,True,enue of liability—as Gonzalez’s approach would do— will increase the already overwhelming costs that municipalities bear for section 1983 suits. “Many” section 1983 suits are already “f,2023.0
term_22,22-105,20220729160650870_Coinbase_Petition_Appendix_7-29-22_Final.pdf,30,498,so_ordered,True,True,"le. CONCLUSION For the reasons stated, Coinbase’s motion to compel arbitration is DENIED. IT IS SO ORDERED. Dated: April 8, 2022 /s/ William Alsup WILLIAM ALSUP UNITED STATES DISTRICT JUDGE
 19a A",2022.0
term_22,22-105,20220729160650870_Coinbase_Petition_Appendix_7-29-22_Final.pdf,66,758,so_ordered,True,True,"Plaintiffs shall file their amended complaint, if any, by no later than February 1, 2022. IT IS SO ORDERED. Dated: January 11, 2022 /s/ Sallie Kim SALLIE KIM United States Magistrate Judge",2022.0
term_22,22-105,20220729160650870_Coinbase_Petition_Appendix_7-29-22_Final.pdf,72,393,so_ordered,True,False,"otions should they be made. The hearing on this motion will not be useful and is VACATED. IT IS SO ORDERED. Dated: June 7, 2022 /s/ William Alsup WILLIAM ALSUP UNITED STATES DISTRICT JUDGE
 45a AP",2022.0
term_22,22-105,20220729160650870_Coinbase_Petition_Appendix_7-29-22_Final.pdf,77,393,so_ordered,True,True," For the foregoing reasons, the Court DENIES Coinbase’s motion for a stay pending appeal. IT IS SO ORDERED. Dated: April 19, 2022 /s/ Sallie Kim SALLIE KIM United States Magistrate Judge
 49a APPE",2022.0
term_22,22-105,20220902180311064_2022.09.02_Bielski_Brief_in_Opposition_to_Coinbase_Petition_for_Writ_of_Certioari.pdf,38,684,mandate,False,True,rt to adopt a categorical rule—applicable only to cases involving arbitration— that would mandate a stay of all district court proceedings any time a party files a non-frivolous interlocu,2022.0
term_22,22-105,20220902180311064_2022.09.02_Bielski_Brief_in_Opposition_to_Coinbase_Petition_for_Writ_of_Certioari.pdf,41,505,mandate,False,True,"t judgments contemplated by Griggs. Indeed, circuit courts have held that Griggs does not mandate an automatic halt to district court proceedings pending appeal in cases where the line",2022.0
term_22,22-105,20221031163906368_SuskiRespondents_MAIN_Oct_31_2022_E_FILE.pdf,37,382,mandate,False,True,"nbase after it loses its arbitrability appeal. Absent a clear statutory or constitutional mandate, it cannot be that a plaintiff’s claims, upon which relief may admittedly be granted (Fed",2022.0
term_22,22-105,20230120143746991_Coinbase_Merits_Brief_1-20-23_Final.pdf,27,854,costs,False,True,"s customers to “realize the benefits of private dispute resolution,” which include “lower costs” and “greater efficiency and speed” than federal court litigation. See Stolt-Nielsen S.A.",2022.0
term_22,22-105,20230120143746991_Coinbase_Merits_Brief_1-20-23_Final.pdf,37,101,costs,False,True,"italization altered). Despite voicing these doubts, and despite the additional litigation costs being imposed on the parties, the district court denied Coinbase’s stay motion. 3. In bot",2022.0
term_22,22-105,20230120143746991_Coinbase_Merits_Brief_1-20-23_Final.pdf,39,676,petition_for_rehearing,False,True," case therefore did not belong in arbitration. Id. at 1230-31. Coinbase intends to timely petition for rehearing en banc of that determination. In Bielski, the Ninth Circuit has scheduled oral argumen",2022.0
term_22,22-105,20230120144010468_22-105_Joint_Appendix_Volume_I_-_Final.pdf,9,287,costs,False,True,"defined below), compensatory damages, treble damages, statutory damages, attorneys’ fees, costs of suit, interest, and any other relief the Court deems appropriate. JURISDICTION 6. This",2022.0
term_22,22-105,20230120144010468_22-105_Joint_Appendix_Volume_I_-_Final.pdf,9,881,costs,False,True,"dant and because the amount in controversy exceeds $5,000,000, exclusive of interests and costs. VENUE 8 This Court is the proper venue for this matter pursuant to 28 U.S.C. § 1391(b) a",2022.0
term_22,22-105,20230120144010468_22-105_Joint_Appendix_Volume_I_-_Final.pdf,21,615,costs,False,True,"ge. Accordingly, Class Members are entitled to compensatory damages, attorneys’ fees, and costs for Coinbase’s inadequate investigation pursuant to 15 U.S.C. § 1693m(a). 28. Further, Co",2022.0
term_22,22-105,20230120144010468_22-105_Joint_Appendix_Volume_I_-_Final.pdf,23,1230,costs,False,True,"ff and Class members are therefore entitled to compensatory damages, attorneys’ fees, and costs under 15 U.S.C. § 1693m, as well as treble damages under 15 U.S.C. § 1693f(e), on this cl",2022.0
term_22,22-105,20230120144010468_22-105_Joint_Appendix_Volume_I_-_Final.pdf,25,1153,costs,False,True,"ordingly, Coinbase is liable to Class Members for statutory damages, attorneys’ fees, and costs for this claim pursuant to 15 U.S.C § 1693m. 5 Consumers have a private right of action f",2022.0
term_22,22-105,20230120144010468_22-105_Joint_Appendix_Volume_I_-_Final.pdf,28,1050,costs,False,True,"c and Regulation E, Class Members are entitled to statutory damages, attorneys’ fees, and costs for this claim pursuant to 15 U.S.C. § 1693m(a). *** CLASS ACTION ALLEGATIONS 41. Plainti",2022.0
term_22,22-105,20230120144010468_22-105_Joint_Appendix_Volume_I_-_Final.pdf,105,752,costs,False,True,"staff (such process, “Enhanced Due Diligence”). Coinbase reserves the right to charge you costs and fees associated with Enhanced Due Diligence, provided that we notify you in advance o",2022.0
term_22,22-105,20230120144010468_22-105_Joint_Appendix_Volume_I_-_Final.pdf,143,699,costs,False,True,"imits. Coinbase will require you to submit to Enhanced Due Diligence. Additional fees and costs may apply, and Coinbase does not guarantee that we will raise your limits. APPENDIX 3: E-",2022.0
term_22,22-105,20230120144010468_22-105_Joint_Appendix_Volume_I_-_Final.pdf,176,507,costs,False,True,"n harmed by Coinbase or is entitled to any compensation from Coinbase, including damages, costs, or attorneys’ fees.",2022.0
term_22,22-105,20230120144010468_22-105_Joint_Appendix_Volume_I_-_Final.pdf,179,238,costs,False,True,"nies Plaintiff or any purported class member is entitled to any damages, attorneys’ fees, costs, or treble damages. Coinbase denies the paragraph’s remaining allegations. COUNT TWO 32. ",2022.0
term_22,22-105,20230120144010468_22-105_Joint_Appendix_Volume_I_-_Final.pdf,181,92,costs,False,True,"8 or any purported class member is entitled to any statutory damages, attorneys’ fees, or costs. Coinbase denies the paragraph’s remaining allegations. COUNT THREE 37. Paragraph 37 is a",2022.0
term_22,22-105,20230120144010468_22-105_Joint_Appendix_Volume_I_-_Final.pdf,191,1399,costs,False,True," of Coinbase on each cause of action alleged in the SACC; 3. That Coinbase be awarded its costs, expenses, and attorneys’ fees; and",2022.0
term_22,22-105,20230120144010468_22-105_Joint_Appendix_Volume_I_-_Final.pdf,205,460,costs,False,True,"entitled to compensatory damages, treble damages, statutory damages, attorneys’ fees, and costs of litigation pursuant to the EFTA, as well as preand post-judgment interest. He bases th",2022.0
term_22,22-105,20230120144010468_22-105_Joint_Appendix_Volume_I_-_Final.pdf,211,787,so_ordered,True,False,"lace upon a motion to dismiss, if any. The hearing on this motion is accordingly VACATED. IT IS SO ORDERED. Dated: November 22, 2022. /s/ William Alsup WILLIAM ALSUP UNITED STATES DISTRICT JUDGE",2022.0
term_22,22-105,20230120144010468_22-105_Joint_Appendix_Volume_I_-_Final.pdf,219,687,costs,False,True,"nbase and because the amount in controversy exceeds $5,000,000, exclusive of interest and costs. VENUE 13. This Court is the proper venue for this matter pursuant to 28 U.S.C. § 1391(b)",2022.0
term_22,22-105,20230120144010468_22-105_Joint_Appendix_Volume_I_-_Final.pdf,267,99,costs,False,True,"oinbase is liable to Plaintiffs and the Class for statutory damages, attorneys’ fees, and costs for this claim under 15 U.S.C. § 1693m. CLAIM 3 VIOLATION OF REGULATION E NOTICE REQUIREM",2022.0
term_22,22-105,20230120144010468_22-105_Joint_Appendix_Volume_I_-_Final.pdf,269,211,costs,False,True," and the Notice Requirement Class are entitled to statutory damages, attorneys’ fees, and costs for this claim under 15 U.S.C. § 1963m(a). CLAIM 4 NEGLIGENCE On Behalf of All Class Memb",2022.0
term_22,22-105,20230120144010468_22-105_Joint_Appendix_Volume_I_-_Final.pdf,281,1185,costs,False,True,ng. 163. Plaintiff Dzhura Binyaminov and the New York Subclass are entitled to reasonable costs and attorneys’ fees. See N.Y. Gen. Bus. § 349(h). CLAIM 12 UNJUST ENRICHMENT On Behalf of,2022.0
term_22,22-105,20230120144010468_22-105_Joint_Appendix_Volume_I_-_Final.pdf,282,970,costs,False,True,"ble damages; d. Restitution; e. Disgorgement; f. Punitive damages; g. Attorneys’ fees and costs; h. Preand post-judgment interest, as applicable; and i. All further relief as the Court ",2022.0
term_22,22-105,20230120144010468_22-105_Joint_Appendix_Volume_I_-_Final.pdf,318,308,costs,False,True,"parable, but that is because a purely financial injury “can usually be recovered” through costs and damages after the appeal. Philip Morris USA Inc. v. Scott, 561 U.S. 1301, 1304 (2010)",2022.0
term_22,22-105,20230120144010468_22-105_Joint_Appendix_Volume_I_-_Final.pdf,514,471,costs,False,True,"aims, actions, suits or proceedings, as well as any and all losses, liabilities, damages, costs and expenses (including reasonable attorney’s fees) arising out of or accruing from (a) y",2022.0
term_22,22-105,20230120144010468_22-105_Joint_Appendix_Volume_I_-_Final.pdf,519,1392,costs,False,True, breach notification statutes and any other applicable privacy laws and you will bear the costs incurred by Coinbase resulting from your breach or exposure,2022.0
term_22,22-105,20230120144027444_22-105_Joint_Appendix_Volume_II_-_Final.pdf,59,1332,costs,False,True,"staff (such process, “Enhanced Due Diligence”). Coinbase reserves the right to charge you costs and fees associated with Enhanced Due Diligence, provided that we notify you in advance o",2022.0
term_22,22-105,20230120144027444_22-105_Joint_Appendix_Volume_II_-_Final.pdf,60,44,costs,False,True,". Coinbase reserves the right to charge you costs and fees associated with Enhanced Due Diligence, provided that we notify you in advance o",2022.0
term_22,22-105,20230120144027444_22-105_Joint_Appendix_Volume_II_-_Final.pdf,99,457,costs,False,True,"imits. Coinbase will require you to submit to Enhanced Due Diligence. Additional fees and costs may apply, and Coinbase does not guarantee that we will raise your limits. APPENDIX 3: E-",2022.0
term_22,22-105,20230120144027444_22-105_Joint_Appendix_Volume_II_-_Final.pdf,351,834,so_ordered,True,True,"Plaintiffs shall file their amended complaint, if any, by no later than February 1, 2022. IT IS SO ORDERED. Dated: January 11, 2022 /s/ Sallie Kim SALLIE KIM United States Magistrate Judge",2022.0
term_22,22-105,20230120144027444_22-105_Joint_Appendix_Volume_II_-_Final.pdf,364,953,costs,False,True," or selling $100 or more “in Dogecoin,” and into paying Coinbase’s associated transaction costs, for a chance to win the advertised prizes. 16. Defendants directly and affirmatively dec",2022.0
term_22,22-105,20230120144027444_22-105_Joint_Appendix_Volume_II_-_Final.pdf,365,392,costs,False,True,"ss members to pay hundreds of millions of dollars in “Dogecoin” purchases and transaction costs to Coinbase, which they would not otherwise have paid absent Defendants’",2022.0
term_22,22-105,20230120144027444_22-105_Joint_Appendix_Volume_II_-_Final.pdf,408,340,costs,False,True,ey “need[ed] to” and that they “must” buy or sell DOGE—and pay all associated transaction costs—to obtain a chance to win. 72. It is one thing for consumers to be subjectively unaware o,2022.0
term_22,22-105,20230120144027444_22-105_Joint_Appendix_Volume_II_-_Final.pdf,439,1382,costs,False,True,"g or selling Dogecoins on Coinbase for $100 or more, and paying the attendant transaction costs) in order for them to obtain a chance to win the advertised “property.” Id",2022.0
term_22,22-105,20230120144027444_22-105_Joint_Appendix_Volume_II_-_Final.pdf,443,801,costs,False,True,"or $100 more on coinbase.com or the Coinbase app, and by paying all attendant transaction costs to Coinbase, between June 3, 2021 and June 10, 2021. Plaintiffs, on behalf of themselves ",2022.0
term_22,22-105,20230120144027444_22-105_Joint_Appendix_Volume_II_-_Final.pdf,461,184,costs,False,True, the form of paying Coinbase hundreds of millions of dollars in purchases and transaction costs that they would not otherwise have spent to enter the sweepstakes. Had Plaintiffs and mem,2022.0
term_22,22-105,20230120144027444_22-105_Joint_Appendix_Volume_II_-_Final.pdf,463,44,costs,False,True,"644 attendant purchase and sale transaction costs on Coinbase between June 3, 2021 and June 10, 2021, when in fact no Dogecoin purchase or ",2022.0
term_22,22-105,20230120144027444_22-105_Joint_Appendix_Volume_II_-_Final.pdf,469,877,costs,False,True,"and that they “must,” buy or sell Dogecoins on Coinbase—and pay all attendant transaction costs to Coinbase—constituted an affirmative representation to Plaintiffs and the Class that th",2022.0
term_22,22-105,20230120144027444_22-105_Joint_Appendix_Volume_II_-_Final.pdf,473,1331,costs,False,True,"selling Dogecoins for $100 or more and paying the attendant purchase and sale transaction costs on Coinbase between June 3, 2021 and June 10, 2021. 156. As a result of Defendants’ above",2022.0
term_22,22-105,20230120144027444_22-105_Joint_Appendix_Volume_II_-_Final.pdf,588,1127,so_ordered,True,False,"they are premised on an unlawful lottery. The Court DENIES the remainder of both motions. IT IS SO ORDERED. Dated: August 31, 2022 /s/ Sallie Kim SALLIE KIM United States Magistrate Judge .",2022.0
term_22,22-105,20230120144027444_22-105_Joint_Appendix_Volume_II_-_Final.pdf,604,958,so_ordered,True,False,"nth Circuit issuing an opinion in Ninth Circuit Appeal No. 22-15209, whichever is sooner. IT IS SO ORDERED. Dated: November 14, 2022 By: /s/ Sallie Kim Hon. Sallie Kim United States Magistrate Jud",2022.0
term_22,22-105,20230120144027444_22-105_Joint_Appendix_Volume_II_-_Final.pdf,636,309,costs,False,True,"vail on appeal, it will be unable to “unring any bell rung by discovery” and its assorted costs. Levin, 634 F.3d at 265; see also Roe v. SFBSC Mgmt., LLC, No. 14-cv-03616-LB, 2015 WL 17",2022.0
term_22,22-105,20230120144027444_22-105_Joint_Appendix_Volume_II_-_Final.pdf,658,436,costs,False,True,"ails on appeal, it will be unable to “unring any bell rung by discovery” and its assorted costs. Levin, 634 F.3d at 265. The parties must litigate another motion to dismiss, since Plain",2022.0
term_22,22-105,20230120144027444_22-105_Joint_Appendix_Volume_II_-_Final.pdf,662,1254,opinion_of_the_court,False,True,"he District of Vermont, sitting by designation. † This summary constitutes no part of the opinion of the court. It has been prepared by court staff for the convenience of the reader.",2022.0
term_22,22-105,20230127101340722_No._22-105_Coinbase_WLF_amicus_brief.pdf,10,706,costs,False,True,"ents. Coinbase also explained how it would be harmed if forced to simultaneously bear the costs and burdens of district court litigation, with its intrusive and protracted discovery, an",2022.0
term_22,22-105,20230725085159901_EFiling_22-105_Rev_Rem_COSTS_12.4_DIG_CA9_7.25.pdf,0,487,costs,False,True,"y this Court that the judgment of the above court in Coinbase v. Bielski is reversed with costs, and that case is remanded to the United States Court of Appeals for the Ninth Circuit fo",2022.0
term_22,22-105,20230725085159901_EFiling_22-105_Rev_Rem_COSTS_12.4_DIG_CA9_7.25.pdf,0,917,costs,False,True," Eighteen Thousand Three Hundred Sixty-nine Dollars and Twentynine Cents ($18,369.29) for costs herein expended. June 23, 2023 Printing of joint appendix: $18,069.29 Clerk’s costs: $300",2022.0
term_22,22-105,20230725085159901_EFiling_22-105_Rev_Rem_COSTS_12.4_DIG_CA9_7.25.pdf,0,1001,costs,False,True,") for costs herein expended. June 23, 2023 Printing of joint appendix: $18,069.29 Clerk’s costs: $300.00 Total: $18,369.29",2022.0
term_22,22-105,20230725085159901_EFiling_22-105_Rev_Rem_COSTS_12.4_DIG_CA9_7.25.pdf,0,375,scotus_judgment,True,True,"e record from the above court and were argued by counsel. ON CONSIDERATION WHEREOF, it is ordered and adjudged by this Court that the judgment of the above court in Coinbase v. Bielski is reversed wit",2022.0
term_22,22-1074,20230502160239800_Final_Cert_Petition_PDFA.pdf,24,400,mandate,False,True,which it was imposed. App. A-4. This Petition concerns only his first claim for a writ of mandate under section 1094.5 of the California Code of Civil Procedure. Mr. Sheetz seeks a writ r,2023.0
term_22,22-1074,20230502160314229_Final_Appendix_Combined.pdf,1,482,mandate,False,True,the County’s demurrer without leave to amend and denied his verified petition for writ of mandate. He contends reversal is required because the TIM fee is invalid under both the Mitigatio,2023.0
term_22,22-1074,20230502160314229_Final_Appendix_Combined.pdf,5,313,mandate,False,True,"letters. Procedural Background In June 2017, Sheetz filed a verified petition for writ of mandate and complaint for declaratory and injunctive relief, alleging seven causes of action chal",2023.0
term_22,22-1074,20230502160314229_Final_Appendix_Combined.pdf,6,91,costs,False,True, Sheetz further asserted that the fee violated the Mitigation Fee Act because it included costs attributable to existing deficiencies in the County’s “traffic infrastructure.” As for hi,2023.0
term_22,22-1074,20230502160314229_Final_Appendix_Combined.pdf,7,387,mandate,False,True,"nt evidence. Sheetz sought various relief, including the issuance of a peremptory writ of mandate directing the County to refund the fee, an order declaring that the County failed to demo",2023.0
term_22,22-1074,20230502160314229_Final_Appendix_Combined.pdf,9,297,mandate,False,True,"he parties submitted additional briefing, the trial court denied the petition for writ of mandate in November 2020. As for the state law claim, the court concluded the County had met its ",2023.0
term_22,22-1074,20230502160314229_Final_Appendix_Combined.pdf,11,235,mandate,False,True,"mely appealed. He challenges the trial court’s rulings with respect to his first (writ of mandate), fourth (declaratory relief), and fifth (declaratory relief) causes of action. After del",2023.0
term_22,22-1074,20230502160314229_Final_Appendix_Combined.pdf,28,535,mandate,False,True,"o v. City of Los Angeles (2003) 31 Cal.4th 1074, 1081.) B. First Cause of Action: Writ of Mandate 1. Unconstitutional Conditions Doctrine Sheetz’s first cause of action for writ of mandat",2023.0
term_22,22-1074,20230502160314229_Final_Appendix_Combined.pdf,28,626,mandate,False,True,andate 1. Unconstitutional Conditions Doctrine Sheetz’s first cause of action for writ of mandate alleges that the TIM fee effects an unlawful taking of property in violation of the speci,2023.0
term_22,22-1074,20230502160314229_Final_Appendix_Combined.pdf,36,528,mandate,False,True,Cal.4th at pp. 966-967.) 2. Mitigation Fee Act Sheetz’s first cause of action for writ of mandate alleges that the County violated the Mitigation Fee Act because there is no “reasonable r,2023.0
term_22,22-1074,20230502160314229_Final_Appendix_Combined.pdf,42,39,mandate,False,True,Appendix A-23 III Petition for Writ of Mandate Sheetz contends reversal is required because the TIM fee is invalid under both the height,2023.0
term_22,22-1074,20230502160314229_Final_Appendix_Combined.pdf,46,860,mandate,False,True,"t few pages from the more than 5,000-page administrative record in support of his writ of mandate cause of action, as he did in the trial court. Having reviewed those portions as well as ",2023.0
term_22,22-1074,20230502160314229_Final_Appendix_Combined.pdf,50,1015,costs,False,True," or otherwise invalid. DISPOSITION The judgment is affirmed. The County shall recover its costs on appeal. (Cal. Rules of Court, rule 8.278(a).) evidence presented in the reports, analy",2023.0
term_22,22-1074,20230502160314229_Final_Appendix_Combined.pdf,54,186,costs,False,True,ake nothing against the County; 3. The County is the prevailing party and entitled to its costs in the amount of $ Please submit a memoramdum of costs. Date: Feb 04 2021 Dylan Sullivan ,2023.0
term_22,22-1074,20230502160314229_Final_Appendix_Combined.pdf,54,241,costs,False,True,evailing party and entitled to its costs in the amount of $ Please submit a memoramdum of costs. Date: Feb 04 2021 Dylan Sullivan Judge of the Superior Court El Dorado County Superior C,2023.0
term_22,22-1074,20230502160314229_Final_Appendix_Combined.pdf,55,192,mandate,False,True,"f El Dorado PC-20170255 Respondent County of El Dorado’s Demurrer to Petition for Writ of Mandate and Complaint On June 5, 207 petitioners/plaintiffs filed a petition for writ of mandate ",2023.0
term_22,22-1074,20230502160314229_Final_Appendix_Combined.pdf,55,281,mandate,False,True," Mandate and Complaint On June 5, 207 petitioners/plaintiffs filed a petition for writ of mandate and a complaint asserting several causes of action for declaratory relief. Petitioners/pl",2023.0
term_22,22-1074,20230502160314229_Final_Appendix_Combined.pdf,87,565,costs,False,True,ship to traffic impacts purportedly caused by the manufactured home; and the fee includes costs attributable to existing deficiencies in the traffic infrastructure that the County requi,2023.0
term_22,22-1074,20230502160314229_Final_Appendix_Combined.pdf,93,112,mandate,False,True,"lopment and the need for such roads and widening; the policy is authorized by Measure Y’s mandate, general plan policies TC-X and TC-Xf, and the TIM fee program; and upon information and ",2023.0
term_22,22-1074,20230502160314229_Final_Appendix_Combined.pdf,116,163,mandate,False,True,(1:30 p.m.) 1. Sheetz v. County of El Dorado PC-20170255 Hearing Re: Petition for Writ of Mandate,2023.0
term_22,22-1074,20230502160314229_Final_Appendix_Combined.pdf,120,637,costs,False,True,nable relationship between the fee amount imposed on petitioner Sheetz and individualized costs for traffic improvements attributable to the single building to be placed on the petition,2023.0
term_22,22-1074,20230605153607949_22-1074_Amicus_Brief_Buckeye_Institute_Final.pdf,7,800,costs,False,True,n for road funding is unrelated to Mr. Sheetz’s activity and far out of proportion to any costs that the County of El Dorado might incur as a result of it. El Dorado County and the Cali,2023.0
term_22,22-1074,20230605165730579_22-1074_Sheetz_v_County_of_El_Dorado_Brief_for_Amici_Curiae_CBIA_and_NAHB.pdf,32,797,mandate,False,True,"in Sheetz, permit applicants in California seeking judicial review of legislative fees in mandate proceedings will therefore run up against the “rule” precluding a challenge based on Dola",2023.0
term_22,22-1074,20230605165730579_22-1074_Sheetz_v_County_of_El_Dorado_Brief_for_Amici_Curiae_CBIA_and_NAHB.pdf,38,828,costs,False,True,gation to demonstrate that such an amount was even “roughly proportional” to the County’s costs of “mitigating” additional traffic (if any) caused by Mr. Sheetz building a modest “singl,2023.0
term_22,22-1074,20230705152230773_230705_Opposition_to_Petition_for_Writ_of_Certiorari.pdf,32,973,costs,False,True,"n for road funding is unrelated to Mr. Sheetz’s activity and far out of proportion to any costs that the County of El Dorado might incur as a result of it,” Brief of Amicus Curiae The B",2023.0
term_22,22-1074,20230705152230773_230705_Opposition_to_Petition_for_Writ_of_Certiorari.pdf,33,53,costs,False,True,". Sheetz’s activity and far out of proportion to any costs that the County of El Dorado might incur as a result of it,” Brief of Amicus Curiae The B",2023.0
term_22,22-1074,20231113151329912_Sheetz_Opening_Brief_FINAL_FOR_FILING.pdf,17,1183,mandate,False,True,"ts Do Not Apply to Legislative Exactions In 2017, Mr. Sheetz filed a petition for writ of mandate in the California superior court, seeking an order requiring the County to refund the $23",2023.0
term_22,22-1074,20231113151329912_Sheetz_Opening_Brief_FINAL_FOR_FILING.pdf,29,552,mandate,False,True,ported burden on the County’s roads. Pet.App. A-3. As alleged in the petition for writ of mandate: “Mr. Sheetz’ construction of one manufactured house on his property did not cause public,2023.0
term_22,22-1074,20231113151853167_Joint_Appendix_v3_-_Final_as_of_10.30.23.pdf,2,173,mandate,False,True,nty of El Dorado Case No. PC20170255 Action Description Date 6/05/17 Petition for Writ of Mandate filed Receipt: 170605-0166 $435.00 5/29/18 RULING ON SUBMITTED MATTER (HDEM 05/25/18 8:30,2023.0
term_22,22-1074,20231113151853167_Joint_Appendix_v3_-_Final_as_of_10.30.23.pdf,9,963,mandate,False,True,A-9 Action Description Date FRIENDS OF EL DORADO COUNTY The verified petition for writ of mandate; complaint for declaratory and injunctive relief is denied. Petitioners and Plaintiffs Ge,2023.0
term_22,22-1074,20231113151853167_Joint_Appendix_v3_-_Final_as_of_10.30.23.pdf,9,1198,costs,False,True,l take nothing against the County. The County is the prevailing party and entitled to its costs pursuant to the memorandum of costs procedure.,2023.0
term_22,22-1074,20231113151853167_Joint_Appendix_v3_-_Final_as_of_10.30.23.pdf,9,1234,costs,False,True,he County is the prevailing party and entitled to its costs pursuant to the memorandum of costs procedure.,2023.0
term_22,22-1074,20231113151853167_Joint_Appendix_v3_-_Final_as_of_10.30.23.pdf,10,235,costs,False,True," Opinion filed. (Signed Published) The judgment is affirmed. The County shall recover its costs on appeal. (Cal. Rules of Court, rule 8.278(a).)
 JA-11 Relevant Docket Entries Californi",2023.0
term_22,22-1074,20231113151853167_Joint_Appendix_v3_-_Final_as_of_10.30.23.pdf,11,191,mandate,False,True,".: PC 20170255 FRIENDS OF EL DORADO COUNTY, VERIFIED PETITION FOR WRIT OF Petitioners and MANDATE; Plaintiffs, COMPLAINT FOR v. DECLARATORY AND INJUNCTIVE RELIEF COUNTY OF EL DORADO; and ",2023.0
term_22,22-1074,20231113151853167_Joint_Appendix_v3_-_Final_as_of_10.30.23.pdf,22,624,mandate,False,True,f Measure Y (“Control Traffic Congestion Initiative”). The County implemented Measure Y’s mandate that new development bear the full cost of new roads and the widening of existing roads t,2023.0
term_22,22-1074,20231113151853167_Joint_Appendix_v3_-_Final_as_of_10.30.23.pdf,29,40,mandate,False,True,JA-24 FIRST CAUSE OF ACTION FOR WRIT OF MANDATE (by Petitioner Sheetz) 31. Mr. Sheetz incorporates herein by reference each of the preced,2023.0
term_22,22-1074,20231113151853167_Joint_Appendix_v3_-_Final_as_of_10.30.23.pdf,31,709,mandate,False,True,"quate remedy in the ordinary course of law. Mr. Sheetz therefore is entitled to a writ of mandate, pursuant to Code of Civil Procedure section 1085 and/or section 1094.5, directing and co",2023.0
term_22,22-1074,20231113151853167_Joint_Appendix_v3_-_Final_as_of_10.30.23.pdf,32,795,costs,False,True,"impacts purportedly caused by Mr. Sheetz’s manufactured house. Moreover, the fee includes costs attributable to existing deficiencies in the traffic infrastructure that the County requi",2023.0
term_22,22-1074,20231113151853167_Joint_Appendix_v3_-_Final_as_of_10.30.23.pdf,35,1068,mandate,False,True,"ment on which the fee is imposed; County General Plan Policies that implement Measure Y’s mandate, including General Plan Policy TC-X and TC-Xf; and the TIM Fee Program. 54. On informatio",2023.0
term_22,22-1074,20231113151853167_Joint_Appendix_v3_-_Final_as_of_10.30.23.pdf,47,181,mandate,False,True,"z and Friends respectfully request relief as follows: 1. Issuance of a peremptory writ of mandate, directing and commanding the County to refund to Mr. Sheetz the $23,420 that it unlawful",2023.0
term_22,22-1074,20231113151853167_Joint_Appendix_v3_-_Final_as_of_10.30.23.pdf,48,813,mandate,False,True,e this verification on my behalf. I have read the foregoing Verified Petition for Writ of Mandate; Complaint for Declaratory and Injunctive Relief (“Petition”) and know the contents there,2023.0
term_22,22-1074,20231117125501887_22-1074_tsac_CA_Building_Industry_Association_PDFA.pdf,23,477,costs,False,True,o demonstrate that such an amount of fees was even “roughly proportional” to the County’s costs of “mitigating” additional traffic (if any) caused by Mr. Sheetz building a modest “singl,2023.0
term_22,22-1074,20231117125501887_22-1074_tsac_CA_Building_Industry_Association_PDFA.pdf,26,429,costs,False,True,knowledgement that the County admittedly made no effort to proportionately allocate those costs between costs of improvements made necessary by impacts of new development and costs attr,2023.0
term_22,22-1074,20231120161147609_231120_Sheetz_Amicus_Brief_FINAL.pdf,13,801,costs,False,True,"here is no way of knowing whether this condition bears an “essential nexus” to the public costs the project would impose, and whether the amount the County is charging Sheetz is “roughl",2023.0
term_22,22-1074,20231120161325049_22-1074_tsac_BOM_Bay_Area_Council_Final.pdf,21,1330,costs,False,True,and “will necessarily involve predictions regarding population trends and future building costs.” Id,2023.0
term_22,22-1074,20231120161325049_22-1074_tsac_BOM_Bay_Area_Council_Final.pdf,22,233,costs,False,True,"and “will necessarily involve predictions regarding population trends and future building costs.” Id. If the local government satisfies that initial burden, the applicant bears the burd",2023.0
term_22,22-1074,20231120170351560_SheetzSfaa_Amicus_Document_November_20_2023_EFile.pdf,36,930,costs,False,True," that development’s impact, like those at issue in Sheetz. See, California’s High Housing Costs: Causes and Consequences, Legislative Analyst’s Office (March 2015)",2023.0
term_22,22-1078,20230503091349868_Warner_petition.pdf,6,528,opinion_of_the_court,False,True," United States Court of Appeals for the Eleventh Circuit in this case. OPINIONS BELOW The opinion of the court of appeals (App., infra, 1a17a) is reported at 60 F.4th 1325. The opinion of the district",2023.0
term_22,22-1078,20230503091349868_Warner_petition.pdf,19,668,costs,False,True,"pp. 20-54. Respondents sought injunctive relief, impoundment, profits, damages, fees, and costs under the Copyright Act. Id. at 78-79. The district court granted summary judgment to Atl",2023.0
term_22,22-1078,20231127084742415_Warner_brief_for_petitioners.pdf,16,303,opinion_of_the_court,False,True,ES COURT OF APPEALS FOR THE ELEVENTH CIRCUIT BRIEF FOR THE PETITIONERS OPINIONS BELOW The opinion of the court of appeals (Pet. App. 1a-17a) is reported at 60 F.4th 1325. The opinion of the district c,2023.0
term_22,22-1079,20230503141929457_Truck_Cert_Petition.pdf,12,222,opinion_of_the_court,False,True,judgment of the United States Court of Appeals for the Fourth Circuit. OPINIONS BELOW The opinion of the court of appeals is reported at 60 F.4th 73. App. 1a. The district court’s findings of fact and,2023.0
term_22,22-1079,20230503141939425_Truck_Petition_Appendix.pdf,348,66,costs,False,True,. 131. “Truck” means Truck Insurance Exchange. 132. “Truck Appeal Costs” means if Truck continues litigation in respect of the Phase 1 Claims following the entry,2023.0
term_22,22-10,20220630145230860_Dubin_-_Pet_App.pdf,9,836,costs,False,True,are what they use to perpetrate the fraud. Health care fraud like that committed by Dubin costs taxpayers billions of dollars each year. Why is a criminal who uses a person’s means of i,2022.0
term_22,22-10,20220908173738553_22-10_Dubin_v._USA_.pdf,7,359,opinion_of_the_court,False,True,nion of the en banc court of appeals (Pet. App. 1a-55a) is reported at 27 F.4th 1021. The opinion of the court of appeals panel (Pet. App. 56a-81a) is reported at 982 F.3d 318. JURISDICTION The judgme,2022.0
term_22,22-10,20221223152458753_22-10_JointAppendix.pdf,14,520,mandate,False,True,"UBLISHED OPINION FILED. [19-50891; 19-50912 Affirmed] Judge: RHB, Judge: JWE, Judge: JCH. Mandate issue date is 12/28/2020 for Appellants William Joseph Dubin and David Fox Dubin. 03/03/2",2022.0
term_22,22-10,20221223152458753_22-10_JointAppendix.pdf,14,675,mandate,False,True,"bin and David Fox Dubin. 03/03/2022 EN BANC PUBLISHED OPINION FILED. [19-50912 Affirmed ] Mandate issue date is 03/25/2022 for Appellant David Fox Dubin [19-50912]
 JA 15 UNITED STATES DI",2022.0
term_22,22-1165,20230530162808718_No._PETITION_FOR_A_WRIT_OF_CERTIORARI_MIC.pdf,4,1032,petition_for_rehearing,False,True,"nfrastructure Corporation, et al., No. 21-2524 (2d Cir.), judgment entered Dec. 20, 2022, petition for rehearing denied on Jan. 27, 2023. Following the Second Circuit’s remand, the defendants renewed ",2023.0
term_22,22-1165,20230530162808718_No._PETITION_FOR_A_WRIT_OF_CERTIORARI_MIC.pdf,18,761,costs,False,True,executives is leading them to err on the side of overdisclosure. This creates unnecessary costs and makes already-lengthy corporate filings even less useful to the market. And in any ev,2023.0
term_22,22-1165,20230530162842862_No._PETITION_FOR_A_WRIT_OF_CERTIORARI_MIC_Appendix.pdf,3,348,judgment_is,True,False,"N DUE CONSIDERATION, IT IS HEREBY ORDERED, ADJUDGED, AND DECREED that the October 7, 2021 judgment of the district court is VACATED and the case is REMANDED for further proceedings. Plaintiff Moab Par",2023.0
term_22,22-1165,20231113141531127_MIC-Moab_22-1165_Joint_Appendix_PRINT_PDFA.pdf,6,44,petition_for_rehearing,False,True,"JA5 Date Filed # Docket Text 01/03/2023 128 PETITION FOR REHEARING/REHEARING EN BANC, on behalf of Appellee Norman H. Brown, Jr., George W. Carmany, III, Ro",2023.0
term_22,22-1165,20231113141531127_MIC-Moab_22-1165_Joint_Appendix_PRINT_PDFA.pdf,6,498,petition_for_rehearing,False,True,"of Appellee Macquarie Infrastructure Management (USA) Inc., regarding MIMUSA joins in the Petition for Rehearing En Banc and Panel Rehearing RECEIVED. Service date 01/03/2023 by CM/ECF. 01/03/2023 130",2023.0
term_22,22-1165,20231113141531127_MIC-Moab_22-1165_Joint_Appendix_PRINT_PDFA.pdf,7,60,mandate,False,True,"JA6 Date Filed # Docket Text 02/02/2023 134 MOTION, to stay mandate, on behalf of Appellee Norman H. Brown, Jr., George W. Carmany, III, Robert Choi, Richard",2023.0
term_22,22-1165,20231113141531127_MIC-Moab_22-1165_Joint_Appendix_PRINT_PDFA.pdf,7,403,mandate,False,True,"b, FILED. Service date 02/02/2023 by CM/ECF. 02/13/2023 138 OPPOSITION TO MOTION, to stay mandate [134], on behalf of Appellant Moab Partners, L.P., FILED. Service date 02/13/2023 by CM/E",2023.0
term_22,22-1165,20231113141531127_MIC-Moab_22-1165_Joint_Appendix_PRINT_PDFA.pdf,7,887,mandate,False,True,"D. Service date 02/21/2023 by CM/ECF. 02/23/2023 148 MOTION ORDER, denying motion to stay mandate [134] filed by Appellee Macquarie Infrastructure Corporation, James
 JA7 Date Filed # Doc",2023.0
term_22,22-1165,20231113141531127_MIC-Moab_22-1165_Joint_Appendix_PRINT_PDFA.pdf,7,1221,mandate,False,True,"entz, Ouma Sananikone and William H. Webb, by PNL, RR, MP, FILED. 02/23/2023 149 JUDGMENT MANDATE, ISSUED.",2023.0
term_22,22-1165,20231113141531127_MIC-Moab_22-1165_Joint_Appendix_PRINT_PDFA.pdf,8,257,mandate,False,True,"entz, Ouma Sananikone and William H. Webb, by PNL, RR, MP, FILED. 02/23/2023 149 JUDGMENT MANDATE, ISSUED.
 JA8 U.S. District Court Southern District of New York (Foley Square) CIVIL DOCK",2023.0
term_22,22-1165,20231120111854620_22-1165_Brief.pdf,41,997,costs,False,True,"ture, is costly,” Malack v. BDO Seidman, LLP, 617 F.3d 743, 755 (3d Cir. 2010), and these costs “fall largely on the defendant corporation,” John C. Coffee, Jr., Reforming the Securitie",2023.0
term_22,22-1165,20231120180903858_Macquarie_SIFMA_Chamber_and_Business_Roundtable_Amici_Brief.pdf,48,194,costs,False,True,b-5 to include omissions of disclosures required by Item 303 would further ratchet up the costs. Such a rule would invite plaintiffs’ lawyers to try their luck at manufacturing a fraud ,2023.0
term_22,22-1178,20230602180319346_FBI_v._Fikre_Final.pdf,192,535,so_ordered,True,False,"and DISMISS Plaintiff ’s Seventh Amended Complaint [145] in its entirety, with prejudice. IT IS SO ORDERED. DATED this 12th day of Aug., 2020. /s/ MICHAEL W. MOSMAN MICHAEL W. MOSMAN United States",2023.0
term_22,22-1178,20230602180319346_FBI_v._Fikre_Final.pdf,266,752,so_ordered,True,False,"r 14, 2016, why this action should not be dismissed as to Individual Capacity Defendants. IT IS SO ORDERED. DATED this 28th day of Sept., 2016. /s/ ANNA J. BROWN ANNA J. BROWN United States Distri",2023.0
term_22,22-1178,20231113154203186_22-1178ts_FBI_v._Fikre_FILE.pdf,10,249,opinion_of_the_court,False,True,TATES COURT OF APPEALS FOR THE NINTH CIRCUIT BRIEF FOR THE PETITIONERS OPINIONS BELOW The opinion of the court of appeals (Pet. App. 1a-30a) is reported at 35 F.4th 762. A prior opinion of the court o,2023.0
term_22,22-1178,20231113154203186_22-1178ts_FBI_v._Fikre_FILE.pdf,10,337,opinion_of_the_court,False,True,e opinion of the court of appeals (Pet. App. 1a-30a) is reported at 35 F.4th 762. A prior opinion of the court of appeals (Pet. App. 31a-44a) is reported at 904 F.3d 1033. Another prior opinion of the,2023.0
term_22,22-1218,20230614224229269_forrest_v._spizzirri_--_cert._petition_--_FILED.pdf,11,451,opinion_of_the_court,False,True,"the United States Court of Appeals for the Ninth Circuit in this case. OPINIONS BELOW The opinion of the court of appeals (App., infra, 1a-8a) is reported at 62 F.4th 1201. The order and opinion of th",2023.0
term_22,22-1218,20240226231922948_22-1218_ts.pdf,9,448,opinion_of_the_court,False,True,URT OF APPEALS FOR THE NINTH CIRCUIT PETITION FOR A WRIT OF CERTIORARI OPINIONS BELOW The opinion of the court of appeals (Pet. App. 1a-8a) is reported at 62 F.4th 1201. The order and opinion of the d,2023.0
term_22,22-138,20220809155927708_Petition_--_ready_to_file_-_TO_PRINT.pdf,10,323,opinion_of_the_court,False,True,I OPINIONS BELOW The order of the Supreme Court of Colorado (App. 40a) is unreported. The opinion of the court of appeals (App. la-39a) is reported at 497 P3d 1039. The trial court's orders rejecting ,2022.0
term_22,22-138,20230222155744400_Brief_for_the_Petitioner.pdf,22,315,opinion_of_the_court,False,True,NIONS BELOW The order of the Supreme Court of Colorado (Pet. App. 40a) is unreported. The opinion of the court of appeals (Pet. App. 1a-39a) is reported at 497 P.3d 1039. The trial court’s order (Pet.,2022.0
term_22,22-138,20230222163143925_Counterman_Joint_Appendix_Volume_1.pdf,14,61,mandate,False,True,"15 10/28/2021 N/A [Cert Awaiting Action] N/A 04/15/2022 N/A [Mandate] MANDATE 04/15/2022 N/A [Mandate Issued] N/A 04/15/2022 N/A [Record] N/A
 16 COLORADO SUP",2022.0
term_22,22-138,20230222163143925_Counterman_Joint_Appendix_Volume_1.pdf,14,94,mandate,False,True,"0/28/2021 N/A [Cert Awaiting Action] N/A 04/15/2022 N/A [Mandate] MANDATE 04/15/2022 N/A [Mandate Issued] N/A 04/15/2022 N/A [Record] N/A
 16 COLORADO SUPREME COURT ----------------------",2022.0
term_22,22-138,20230222163153962_Counterman_Joint_Appendix_Volume_2.pdf,81,714,costs,False,True,"ould devolve into something like this. And I really would have loved to avoid that at all costs. Q Before April of 2016, did you know whether or not there was actually a person by the n",2022.0
term_22,22-138,20230731155021764_EFiling_22-138_Judg_Vac_Rem_MANDATE_COSTS_Colo._App._7.31.pdf,0,341,judgment_is,True,True,"d by counsel. ON CONSIDERATION WHEREOF, it is ordered and adjudged by this Court that the judgment of the above court is vacated with costs, and the case is remanded to the Court of Appeals of Colorad",2022.0
term_22,22-138,20230731155021764_EFiling_22-138_Judg_Vac_Rem_MANDATE_COSTS_Colo._App._7.31.pdf,0,385,costs,False,True,"s ordered and adjudged by this Court that the judgment of the above court is vacated with costs, and the case is remanded to the Court of Appeals of Colorado for further proceedings not",2022.0
term_22,22-138,20230731155021764_EFiling_22-138_Judg_Vac_Rem_MANDATE_COSTS_Colo._App._7.31.pdf,0,704,costs,False,True,"do, Sixteen Thousand, Three Hundred Seventy-eight Dollars and Five Cents ($16,378.05) for costs herein expended. June 27, 2023 Printing of joint appendix: $16,078.05 Clerk’s costs: $300",2022.0
term_22,22-138,20230731155021764_EFiling_22-138_Judg_Vac_Rem_MANDATE_COSTS_Colo._App._7.31.pdf,0,788,costs,False,True,") for costs herein expended. June 27, 2023 Printing of joint appendix: $16,078.05 Clerk’s costs: $300.00 Total: $16,378.05",2022.0
term_22,22-138,20230731155021764_EFiling_22-138_Judg_Vac_Rem_MANDATE_COSTS_Colo._App._7.31.pdf,0,297,scotus_judgment,True,True,"he record from the above court and was argued by counsel. ON CONSIDERATION WHEREOF, it is ordered and adjudged by this Court that the judgment of the above court is vacated with costs, and the case is",2022.0
term_22,22-138,20230731155021764_EFiling_22-138_Judg_Vac_Rem_MANDATE_COSTS_Colo._App._7.31.pdf,1,605,costs,False,True,"2023, by this Court that the judgment of the Court of Appeals of Colorado is vacated with costs, and the case is remanded to the Court of Appeals of Colorado for further proceedings not",2022.0
term_22,22-138,20230731155021764_EFiling_22-138_Judg_Vac_Rem_MANDATE_COSTS_Colo._App._7.31.pdf,1,1160,costs,False,True,"ado, Sixteen Thousand Three hundred Seventy Eight Dollars and Five Cents ($16,378.05) for costs herein expended.
 Witness the Honorable JOHN G. ROBERTS, JR., Chief Justice of the United",2022.0
term_22,22-148,20220815135352778_Petn_Appx_Jack_Daniels_Petition_for_Writ_of_Certiorari_8.5.22_as_refiled_8.15.22.pdf,1,1088,petition_for_rehearing,False,True,"TASHIMA, HURWITZ, and MILLER, Circuit Judges. Judges Hurwitz and Miller voted to deny the petition for rehearing en banc, and Judge Tashima so recommended. The full court has been advised of the petit",2022.0
term_22,22-148,20220815135352778_Petn_Appx_Jack_Daniels_Petition_for_Writ_of_Certiorari_8.5.22_as_refiled_8.15.22.pdf,1,1193,petition_for_rehearing,False,True,"hearing en banc, and Judge Tashima so recommended. The full court has been advised of the petition for rehearing en banc and no judge has requested a vote on whether to rehear the matter en banc. Fed.",2022.0
term_22,22-148,20220815135352778_Petn_Appx_Jack_Daniels_Petition_for_Writ_of_Certiorari_8.5.22_as_refiled_8.15.22.pdf,2,544,judgment_is,True,True,"inth Cir. R. 3-6; United States v. Hooton, 693 F.2d 857 (9th Cir. 1982) (per curiam). The judgment of the district court is AFFIRMED.",2022.0
term_22,22-148,20220815135352778_Petn_Appx_Jack_Daniels_Petition_for_Writ_of_Certiorari_8.5.22_as_refiled_8.15.22.pdf,32,769,petition_for_rehearing,False,True,"o deny the petition for panel rehearing. Judges Hurwitz and Miller have voted to deny the petition for rehearing en banc, and Judge Tashima so recommends. The full court has been advised of the petiti",2022.0
term_22,22-148,20230111151701242_Jack_Daniels_petitioners_brief_1.11.23.pdf,24,255,petition_for_rehearing,False,True," of appeals’ judgment was entered on March 18, 2022. The court of appeals denied a timely petition for rehearing en banc on May 10, 2022. This Court has jurisdiction under 28 U.S.C. § 1254(1). STATUTO",2022.0
term_22,22-148,20230710090247385_EFiling_22-148_Vac_Rem_COSTS_CA9_7.10.pdf,0,379,judgment_is,True,True,"d by counsel. ON CONSIDERATION WHEREOF, it is ordered and adjudged by this Court that the judgment of the above court is vacated with costs, and the case is remanded to the United States Court of Appe",2022.0
term_22,22-148,20230710090247385_EFiling_22-148_Vac_Rem_COSTS_CA9_7.10.pdf,0,423,costs,False,True,"s ordered and adjudged by this Court that the judgment of the above court is vacated with costs, and the case is remanded to the United States Court of Appeals for the Ninth Circuit for",2022.0
term_22,22-148,20230710090247385_EFiling_22-148_Vac_Rem_COSTS_CA9_7.10.pdf,0,772,costs,False,True," LLC, Ten Thousand, Five Hundred Sixty-nine Dollars and Eighty-one Cents ($10,569.81) for costs herein expended. June 8, 2023 Printing of joint appendix: $10,269.81 Clerk’s costs: $300.",2022.0
term_22,22-148,20230710090247385_EFiling_22-148_Vac_Rem_COSTS_CA9_7.10.pdf,0,855,costs,False,True,"1) for costs herein expended. June 8, 2023 Printing of joint appendix: $10,269.81 Clerk’s costs: $300.00 Total: $10,569.81",2022.0
term_22,22-148,20230710090247385_EFiling_22-148_Vac_Rem_COSTS_CA9_7.10.pdf,0,335,scotus_judgment,True,True,"he record from the above court and was argued by counsel. ON CONSIDERATION WHEREOF, it is ordered and adjudged by this Court that the judgment of the above court is vacated with costs, and the case is",2022.0
term_22,22-166,20220819120827692_Tyler_PWC_Final.pdf,1,173,costs,False,True,"mer home as payment for approximately $15,000 in property taxes, penalties, interest, and costs. The County sold the home for $40,000, and, consistent with a Minnesota forfeiture statut",2022.0
term_22,22-166,20220819120827692_Tyler_PWC_Final.pdf,20,396,costs,False,True,"ately $2,300 in delinquent property taxes, and nearly $12,700 in interest, penalties, and costs associated with her debt. The County foreclosed on her home and sold it for $40,000, coll",2022.0
term_22,22-166,20220819120827692_Tyler_PWC_Final.pdf,23,456,costs,False,True,"ler owed approximately $2,300 in property taxes, plus $12,700 in interest, penalties, and costs.1 But the County kept the entire $40,000 for itself, returning none of the surplus to Tyl",2022.0
term_22,22-166,20220819120827692_Tyler_PWC_Final.pdf,23,737,costs,False,True," 282.08. The $25,000 surplus is above and beyond the significant penalties, interest, and costs imposed by law. Penalties on delinquent taxes increase the debt by roughly 4–8% within a ",2022.0
term_22,22-166,20220819120827692_Tyler_PWC_Final.pdf,23,1138,costs,False,True,es. Minn. Stat. § 279.03 subd. 1a. Counties also assess a “service fee” that includes all costs associated with collecting the debt 1 Because Tyler’s case was dismissed before she could,2022.0
term_22,22-166,20220819120827692_Tyler_PWC_Final.pdf,27,441,costs,False,True,"by taking more than she and other property owners owed in taxes, penalties, interest, and costs, the County effected uncompensated takings, imposed excessive fines, and violated substan",2022.0
term_22,22-166,20220819120827692_Tyler_PWC_Final.pdf,31,1024,costs,False,True,"reclosed on Tyler’s home to collect delinquent taxes and related interest, penalties, and costs. In doing so, however, it shifted a public burden onto her by keeping the entire home for",2022.0
term_22,22-166,20220819120827692_Tyler_PWC_Final.pdf,60,985,costs,False,True,"t least $40,000, to satisfy a $15,000 debt that already included interest, penalties, and costs. Had her property been worth twice as much with the same debt, the penalty would be capri",2022.0
term_22,22-166,20220819120827692_Tyler_PWC_Final.pdf,68,971,costs,False,True,"tially more than needed to satisfy the debt owed plus reasonable interest, penalties, and costs. The district court determined that the “primary purpose” of the law was to “compensate t",2022.0
term_22,22-166,20220819120846095_Tyler_Appendix_FINAL.pdf,15,81,judgment_is,True,True,"Appendix 10a v. Hennepin Cnty., 505 F. Supp. 3d 879, 895-99 (D. Minn. 2020). The judgment of the district court is affirmed. Tyler’s unopposed motion to file a supplemental letter brief is granted. __",2022.0
term_22,22-166,20220819120846095_Tyler_Appendix_FINAL.pdf,16,95,costs,False,True,"dix 12a Plaintiff Geraldine Tyler owed $15,000 in unpaid state property taxes, penalties, costs, and interest. Acting pursuant to a Minnesota statute, defendants Hennepin County and Hen",2022.0
term_22,22-166,20220819120846095_Tyler_Appendix_FINAL.pdf,23,725,costs,False,True,"40,000 four months later. At the time, Tyler’s outstanding tax debt (including penalties, costs, and interest) was just $15,000. Tyler filed this action in state court, alleging that th",2022.0
term_22,22-166,20220819120846095_Tyler_Appendix_FINAL.pdf,32,451,costs,False,True," her condo after the County had collected every penny of the delinquent taxes, penalties, costs, and interest that she owed. In the words of Brohl, “[t]he TIA is keyed to the acts of as",2022.0
term_22,22-166,20220819120846095_Tyler_Appendix_FINAL.pdf,37,670,costs,False,True,"s, and agree[d] with the District that he owed $133.88 in property taxes, plus penalties, costs, and interest.” Id. at 62–63. Coleman challenged only the District’s failure to compensat",2022.0
term_22,22-166,20220922113207496_22-166_Amici_Brief_AARP.pdf,10,676,costs,False,True,"eizing property tax debtors’ home equity in excess of the taxes, penalties, interest, and costs that are owed. Tyler Pet. at 18-21 (conflicts with Supreme Court precedent); 21-24 (confl",2022.0
term_22,22-166,20221020141508993_Tyler_Final_Brief.pdf,39,476,slip_op,False,True,"a similar statute unconstitutional and contrary to English and American common law. Hall, slip op. at 12. (“Thus—by that ipse dixit—the Act ‘sidestep[ped] the Takings Clause by disavowing ",2022.0
term_22,22-166,20230227173829416_Brief_for_Petitioner.pdf,21,1162,costs,False,True,"me, Tyler owed $2,311 in accumulated property taxes. See Pet. 5. Penalties, interest, and costs ballooned Tyler’s total debt to the County to $15,000.1 Pet.App.12a. A year after confisc",2022.0
term_22,22-166,20230227173829416_Brief_for_Petitioner.pdf,25,937,costs,False,True,"otice the property owner fails to redeem the property by paying all taxes, penalties, and costs due within three years, “absolute title to such parcel . . . shall vest in the state.” Id",2022.0
term_22,22-166,20230227173829416_Brief_for_Petitioner.pdf,27,775,costs,False,True," the value of her property that exceeded what she owed in taxes, interest, penalties, and costs on the grounds that no such property interest exists. The court acknowledged that Minneso",2022.0
term_22,22-166,20230227173829416_Brief_for_Petitioner.pdf,29,1120,costs,False,True,"tely $2,300 in delinquent property taxes plus $12,700 of accumulated interest, collection costs, and penalties. It sold the home for $40,000 and kept the surplus proceeds of $25,000 as ",2022.0
term_22,22-166,20230227173829416_Brief_for_Petitioner.pdf,85,305,costs,False,True,". The $15,000 liability included her unpaid tax, plus penalties, interest, and collection costs added by the County to compensate for all its expenses in pursuing the debt. Pet.App.3a. ",2022.0
term_22,22-166,20230227173829416_Brief_for_Petitioner.pdf,90,212,costs,False,True," recent years, far more property is taken than needed to compensate for lost revenues and costs.17 “When an individual is 17 Annual property taxes in Minnesota typically represent appro",2022.0
term_22,22-166,20230227173829416_Brief_for_Petitioner.pdf,91,550,costs,False,True,"621. They “var[ied] so dramatically that any relationship between the Government’s actual costs and the amount of the sanction is merely coincidental,” defying description as “remedial.",2022.0
term_22,22-166,20230227173829416_Brief_for_Petitioner.pdf,91,837,costs,False,True,"th at least $40,000, to satisfy $2,300 in taxes, plus $12,700 in penalties, interest, and costs. The County kept the difference, which was worth at least $25,000 over and above the stat",2022.0
term_22,22-166,20230227174156602_Tyler_Joint_Appendix.pdf,6,937,costs,False,True,"88, together with an injunction against further violations, reimbursement of expenses and costs of suit as allowed by law, and such other relief as the Court deems just and proper. PART",2022.0
term_22,22-166,20230227174156602_Tyler_Joint_Appendix.pdf,97,743,costs,False,True,hatever portion of the property is not necessary to pay the past due taxes and associated costs.” Supp. App. at 018; see also id. at 011 (defining “surplus” and “value” and noting their,2022.0
term_22,22-166,20230302165841497_tyler_amicus_vF2A.pdf,2,1246,costs,False,True," condominium to compensate for unpaid property taxes, penalties, interest, and collection costs totaling $15,000 that Tyler owed. Keeping the balance of 1 Rule 37 statement: No counsel ",2022.0
term_22,22-166,20230302165841497_tyler_amicus_vF2A.pdf,6,582,costs,False,True,"mount of property taxes unpaid here is $2,311. Adding penalties, interest, and collection costs to the unpaid taxes brought the total aggregate amount to $15,000. Tyler’s property was s",2022.0
term_22,22-166,20230302165841497_tyler_amicus_vF2A.pdf,7,488,costs,False,True,"t was owed that included $2,311 in unpaid taxes, plus penalties, interest, and collection costs. The inflation from $15,000 to fully compensate the government to $40,000 is the tell. Th",2022.0
term_22,22-166,20230303111322424_43360_Ebner_CR_cv_BR_combined.pdf,16,817,costs,False,True,"im a right to recover delinquent taxes, plus any reasonable amount of penalties and other costs associated with the collection of delinquent taxes, under no theory of property law can t",2022.0
term_22,22-166,20230303125813316_43487_pdf_Dwyer.pdf,41,1329,costs,False,True,"her home nor the foreclosure itself as a means to satisfy her tax liability, interest and costs of collection",2022.0
term_22,22-166,20230303125813316_43487_pdf_Dwyer.pdf,42,215,costs,False,True,"her home nor the foreclosure itself as a means to satisfy her tax liability, interest and costs of collection. The question presented by the Petitioner is whether Hennepin County’s forf",2022.0
term_22,22-166,20230306101339497_Amicus_Brief.Final_Electronic_Filing.03.06.23.pdf,51,1175,costs,False,True,"n addition to the $15,000.00 in principal unpaid taxes, quasi-usurious interest, fees and costs that the County lawfully received, is grossly disproportionate to Tyler’s “offense” of ha",2022.0
term_22,22-166,20230306101339497_Amicus_Brief.Final_Electronic_Filing.03.06.23.pdf,55,285,costs,False,True,"antively collecting money or value in excess of a principal tax debt, interests, fees and costs obviously goes beyond being “remedial.” SeeKokeshv.SEC, 137 S. Ct. 1635, 16441645 (2017);",2022.0
term_22,22-166,20230306101339497_Amicus_Brief.Final_Electronic_Filing.03.06.23.pdf,61,448,costs,False,True,"egulatory infraction. She simply failed to pay her real estate taxes, interests, fees and costs, before her equity of redemption was foreclosed upon without any legal recourse under Min",2022.0
term_22,22-166,20230306112758620_Tyler_v._Hennepin_County_22-166_-_Brief_of_amica_curiae_Monica_Toth.pdf,8,373,petition_for_rehearing,False,True,"ourt’s correctly addressing the Eighth Amendment question presented in Tyler. Whether her petition for rehearing is granted or denied, Toth also has an interest in the Court’s reaffirming that governm",2022.0
term_22,22-166,20230306112758620_Tyler_v._Hennepin_County_22-166_-_Brief_of_amica_curiae_Monica_Toth.pdf,8,1404,costs,False,True,"d taken title to the condo based on $15,000 in tax debt—unpaid property taxes, penalties, costs, and interest—and sold it for $40,000",2022.0
term_22,22-166,20230306112758620_Tyler_v._Hennepin_County_22-166_-_Brief_of_amica_curiae_Monica_Toth.pdf,9,214,costs,False,True,"d taken title to the condo based on $15,000 in tax debt—unpaid property taxes, penalties, costs, and interest—and sold it for $40,000. The government then kept all the proceeds—not just",2022.0
term_22,22-166,20230306112758620_Tyler_v._Hennepin_County_22-166_-_Brief_of_amica_curiae_Monica_Toth.pdf,34,1081,slip_op,False,True,"he government. Toth, 598 U.S. at ___ (Gorsuch, J., dissenting from denial of certiorari) (slip op. at 2). In fact, much of the proceeds of Minnesota’s equity forfeitures go to projects wit",2022.0
term_22,22-166,20230306112758620_Tyler_v._Hennepin_County_22-166_-_Brief_of_amica_curiae_Monica_Toth.pdf,38,896,slip_op,False,True,"had incurred.” Toth, 598 U.S. at ___ (Gorsuch, J., dissenting from denial of certiorari) (slip op. at 2). Nor are Toth’s and Tyler’s cases unique. Whatever value the term remedial has as a",2022.0
term_22,22-166,20230306114338193_Hennepin_Amicus_Brief.pdf,9,816,costs,False,True," for the non-payment of taxes—on top of the outstanding $15,000 owed in taxes, penalties, costs, and interest—does not constitute punishment, and therefore is not a “fine” triggering Ex",2022.0
term_22,22-166,20230306125018441_Public_Citizen_Amicus_Brief_FINAL.pdf,10,244,costs,False,True,"alue of the property less the amount needed to satisfy the tax debt (including penalties, costs, and interest). Here, the County compensated her in part by extinguishing her tax debt, b",2022.0
term_22,22-166,20230306125018441_Public_Citizen_Amicus_Brief_FINAL.pdf,25,1208,costs,False,True,"e of the condominium less the amount needed to satisfy the tax debt (including penalties, costs, and interest), the County’s taking violated the just compensation requirement of the Tak",2022.0
term_22,22-166,20230306130518559_22-166_tsac_AARP_Final.pdf,16,1015,costs,False,True,",300. This modest debt quickly ballooned to $15,000 with the addition of penalties, fees, costs, and interest imposed by Hennepin County. As required by state statute, Hennepin County t",2022.0
term_22,22-166,20230306142510917_22-166_merits_tsac_Emmer.pdf,4,132,costs,False,True,"otan widow named Geraldine Tyler owed approximately $15,000 in property taxes and related costs. To recoup that tax debt, Hennepin County sold Ms. Tyler’s home for $40,000—and pocketed ",2022.0
term_22,22-166,20230306150018709_22-166_merits_tsac_NAR.pdf,7,801,costs,False,True,"itled to sell the home to recoup approximately $15,000 in taxes, penalties, interest, and costs that Ms. Tyler owed on her home. But the remaining $25,000 represents Ms. Tyler’s pre-sal",2022.0
term_22,22-166,20230306150429422_U.S._Chamber_Hennepin_County_Amicus_Br._2023.03.06_FINAL.pdf,10,793,costs,False,True,"inium. To collect around $2,300 in property taxes and $12,700 in penalties, interest, and costs, Hennepin County seized her home, selling it for $40,000. After being made whole, however",2022.0
term_22,22-166,20230306150429422_U.S._Chamber_Hennepin_County_Amicus_Br._2023.03.06_FINAL.pdf,16,833,costs,False,True,"” purpose. Here, the value of the property seized had nothing to do with the government’s costs in seizing it—indeed, part of her $15,000 debt to the government already accounted for th",2022.0
term_22,22-166,20230306150429422_U.S._Chamber_Hennepin_County_Amicus_Br._2023.03.06_FINAL.pdf,16,932,costs,False,True,"seizing it—indeed, part of her $15,000 debt to the government already accounted for those costs. That the sanction here is not remedial is further confirmed by the fact that the governm",2022.0
term_22,22-166,20230306150429422_U.S._Chamber_Hennepin_County_Amicus_Br._2023.03.06_FINAL.pdf,49,469,costs,False,True,".01 subd.1), interest on the “unpaid taxes and penalties” (id. § 279.03 subd.1a), and all costs associated with collecting the debt (plus interest) (id. § 279.092). And since the $15,00",2022.0
term_22,22-166,20230627095039162_EFiling_22-166_Rev_COSTS_CA8_6.26.pdf,0,383,judgment_is,True,True,"d by counsel. ON CONSIDERATION WHEREOF, it is ordered and adjudged by this Court that the judgment of the above court is reversed with costs. IT IS FURTHER ORDERED that the petitioner, Geraldine Tyler",2022.0
term_22,22-166,20230627095039162_EFiling_22-166_Rev_COSTS_CA8_6.26.pdf,0,428,costs,False,True," ordered and adjudged by this Court that the judgment of the above court is reversed with costs. IT IS FURTHER ORDERED that the petitioner, Geraldine Tyler, recover from Hennepin County",2022.0
term_22,22-166,20230627095039162_EFiling_22-166_Rev_COSTS_CA8_6.26.pdf,0,623,costs,False,True,"a, et al., One Thousand Three Hundred Ninety-one Dollars and Twenty Cents ($1,391.20) for costs herein expended. May 25, 2023 Printing of joint appendix: $1,091.20 Clerk’s costs: $300.0",2022.0
term_22,22-166,20230627095039162_EFiling_22-166_Rev_COSTS_CA8_6.26.pdf,0,705,costs,False,True,"20) for costs herein expended. May 25, 2023 Printing of joint appendix: $1,091.20 Clerk’s costs: $300.00 Total: $1,391.20",2022.0
term_22,22-166,20230627095039162_EFiling_22-166_Rev_COSTS_CA8_6.26.pdf,0,339,scotus_judgment,True,True,"he record from the above court and was argued by counsel. ON CONSIDERATION WHEREOF, it is ordered and adjudged by this Court that the judgment of the above court is reversed with costs. IT IS FURTHER ",2022.0
term_22,22-174,20220823143151190_Groff_Cert_Petition.pdf,80,372,opinion_of_the_court,False,True,"tates Attorney 615 Chestnut Street Suite 1250 Philadelphia, PA 19106 Counsel for Appellee OPINION OF THE COURT SHWARTZ, Circuit Judge. Plaintiff Gerald Groff is a Sunday Sabbath observer whose religio",2022.0
term_22,22-174,20220823143151190_Groff_Cert_Petition.pdf,115,1014,costs,False,True,"— would result in an undue hardship. C An employer is not required “to accommodate at all costs.” Ansonia, 479 U.S. at 70. Where an employer’s good-faith efforts to accommodate have bee",2022.0
term_22,22-174,20220823143151190_Groff_Cert_Petition.pdf,134,133,costs,False,True," In fact, its corporate representative acknowledged that she had no idea whether overtime costs were incurred to accommodate Groff. The representative also conceded that scheduling an e",2022.0
term_22,22-174,20220823143151190_Groff_Cert_Petition.pdf,134,1197,costs,False,True,ulations “presume that the infrequent payment of premium wages for a substitute . . . are costs which an employer can be required to bear as a means of providing a reasonable accommodat,2022.0
term_22,22-174,20220823143151190_Groff_Cert_Petition.pdf,135,380,costs,False,True,"time pay. When combined with USPS’s failure to identify any concrete evidence of overtime costs, and its own witnesses’ admissions, an issue of material fact precludes summary judgment.",2022.0
term_22,22-174,20220823143151190_Groff_Cert_Petition.pdf,135,552,costs,False,True,"ary judgment. At trial, the District Court could determine whether USPS incurred overtime costs when Groff wasn’t scheduled on Sundays and, if it did,",2022.0
term_22,22-174,20220823143151190_Groff_Cert_Petition.pdf,136,18,costs,False,True,"32a whether those costs resulted in an undue hardship on the conduct of its business. In sum, Title VII requires ",2022.0
term_22,22-174,20221128172439118_22-174_Groff_opp_-_final.pdf,8,271,opinion_of_the_court,False,True,F APPEALS FOR THE THIRD CIRCUIT BRIEF FOR THE RESPONDENT IN OPPOSITION OPINIONS BELOW The opinion of the court of appeals (Pet. App. 1a-32a) is reported at 35 F.4th 162. The opinion of the district co,2022.0
term_22,22-174,20230221123312091_22-174_Joint_Appendix.pdf,291,1042,costs,False,True, and when? A. Which employees? Q. Which employees? Which USPS employees incurred overtime costs to the parcel service? A. It couldn’t tell you that. Q. Why not? A. Two years later.,2022.0
term_22,22-174,20230223103300282_Amicus_Brief.pdf,40,768,costs,False,True,"on, 287 F.3d 152, 160 (2d Cir. 2002)). An employer is not required “to accommodate at all costs.” Ansonia, 479 U.S. at 70. In addressing whether the accommodation sought would be an und",2022.0
term_22,22-174,20230327094704821_Groff_-_Corrected_Merits_Brief.pdf,102,90,costs,False,True,"45 Bolstering that conclusion, USPS’s corporate representative was unable to identify any costs incurred by USPS when skipping over Groff for Sunday shifts. She conjectured that Groff’s",2022.0
term_22,22-174,20230327094704821_Groff_-_Corrected_Merits_Brief.pdf,102,608,costs,False,True,"he did not know. Id. at 259260. Even more critically, when asked whether the same alleged costs would arise if an extra RCA were scheduled in place of Groff, USPS’s corporate representa",2022.0
term_22,22-174,20230327094704821_Groff_-_Corrected_Merits_Brief.pdf,102,743,costs,False,True,"led in place of Groff, USPS’s corporate representative conceded that USPS would not incur costs in that scenario. Id. at 266-268; see Pet. App. 31a (Hardiman, J., dissenting) (noting th",2022.0
term_22,22-174,20230731101241918_EFiling_22-174_Judg_Vac_Rem_COSTS_CA3_7.31.pdf,0,380,judgment_is,True,True,"d by counsel. ON CONSIDERATION WHEREOF, it is ordered and adjudged by this Court that the judgment of the above court is vacated with costs, and the case is remanded to the United States Court of Appe",2022.0
term_22,22-174,20230731101241918_EFiling_22-174_Judg_Vac_Rem_COSTS_CA3_7.31.pdf,0,424,costs,False,True,"s ordered and adjudged by this Court that the judgment of the above court is vacated with costs, and the case is remanded to the United States Court of Appeals for the Third Circuit for",2022.0
term_22,22-174,20230731101241918_EFiling_22-174_Judg_Vac_Rem_COSTS_CA3_7.31.pdf,0,777,costs,False,True,", Fifteen Thousand Four Hundred Sixtythree Dollars and Twenty-five Cents ($15,463.25) for costs herein expended. June 29, 2023 Printing of joint appendix: $15,163.25 Clerk’s costs: $300",2022.0
term_22,22-174,20230731101241918_EFiling_22-174_Judg_Vac_Rem_COSTS_CA3_7.31.pdf,0,861,costs,False,True,") for costs herein expended. June 29, 2023 Printing of joint appendix: $15,163.25 Clerk’s costs: $300.00 Total: $15,463.25",2022.0
term_22,22-174,20230731101241918_EFiling_22-174_Judg_Vac_Rem_COSTS_CA3_7.31.pdf,0,336,scotus_judgment,True,True,"he record from the above court and was argued by counsel. ON CONSIDERATION WHEREOF, it is ordered and adjudged by this Court that the judgment of the above court is vacated with costs, and the case is",2022.0
term_22,22-179,20230118184710475_22-179tsUnitedStates.pdf,18,237,opinion_of_the_court,False,True,TES COURT OF APPEALS FOR THE NINTH CIRCUIT BRIEF FOR THE UNITED STATES OPINIONS BELOW The opinion of the court of appeals (Pet. App. 1a-14a) is reported at 25 F.4th 1103. A memorandum opinion of the c,2022.0
term_22,22-179,20230118184710475_22-179tsUnitedStates.pdf,18,331,opinion_of_the_court,False,True,ion of the court of appeals (Pet. App. 1a-14a) is reported at 25 F.4th 1103. A memorandum opinion of the court of appeals (Pet. App. 15a-19a) is not published in the Federal Reporter but is available ,2022.0
term_22,22-179,20230725085239513_EFiling_22-179_Rev_Rem_COSTS_CA9_7.25.pdf,0,361,judgment_is,True,False,"d by counsel. ON CONSIDERATION WHEREOF, it is ordered and adjudged by this Court that the judgment of the above court is reversed with costs, and the case is remanded to the United States Court of App",2022.0
term_22,22-179,20230725085239513_EFiling_22-179_Rev_Rem_COSTS_CA9_7.25.pdf,0,317,scotus_judgment,True,False,"he record from the above court and was argued by counsel. ON CONSIDERATION WHEREOF, it is ordered and adjudged by this Court that the judgment of the above court is reversed with costs, and the case i",2022.0
term_22,22-193,20230828212956105_Joint_Appendix_-_8.28.2023.pdf,10,951,judgment_is,True,False,"143248] [20-2975] (CMD) [Entered: 04/04/2022 08:44 AM]
 9 04/04/2022 JUDGMENT FILED - The judgment of the Originating Court is AFFIRMED in accordance with the opinion JAMES B. LOKEN, BOBBY E. SHEPHERD",2023.0
term_22,22-193,20230828212956105_Joint_Appendix_-_8.28.2023.pdf,11,34,judgment_is,True,True,"9 04/04/2022 JUDGMENT FILED - The judgment of the Originating Court is AFFIRMED in accordance with the opinion JAMES B. LOKEN, BOBBY E. SHEPHERD and DAVID R. STRAS Hrg D",2023.0
term_22,22-193,20240520125124515_EFILING_22-193_Vac_Rem_COSTS_CA8_5.20.pdf,0,393,judgment_is,True,True,"d by counsel. ON CONSIDERATION WHEREOF, it is ordered and adjudged by this Court that the judgment of the above court is vacated with costs, and the case is remanded to the United States Court of Appe",2023.0
term_22,22-193,20240520125124515_EFILING_22-193_Vac_Rem_COSTS_CA8_5.20.pdf,0,437,costs,False,True,"s ordered and adjudged by this Court that the judgment of the above court is vacated with costs, and the case is remanded to the United States Court of Appeals for the Eighth Circuit fo",2023.0
term_22,22-193,20240520125124515_EFILING_22-193_Vac_Rem_COSTS_CA8_5.20.pdf,0,796,costs,False,True,", et al., Three Thousand Four Hundred Sixty-five Dollars and Twenty Cents ($3,465.20) for costs herein expended. April 17, 2024 Printing of joint appendix: $3,165.20 Clerk’s costs: $300",2023.0
term_22,22-193,20240520125124515_EFILING_22-193_Vac_Rem_COSTS_CA8_5.20.pdf,0,880,costs,False,True,") for costs herein expended. April 17, 2024 Printing of joint appendix: $3,165.20 Clerk’s costs: $300.00 Total: $3,465.20",2023.0
term_22,22-193,20240520125124515_EFILING_22-193_Vac_Rem_COSTS_CA8_5.20.pdf,0,349,scotus_judgment,True,True,"he record from the above court and was argued by counsel. ON CONSIDERATION WHEREOF, it is ordered and adjudged by this Court that the judgment of the above court is vacated with costs, and the case is",2023.0
term_22,22-196,20220830122141265_Samia_cert_petition.pdf,6,405,opinion_of_the_court,False,True,"he United States Court of Appeals for the Second Circuit in this case. OPINIONS BELOW The opinion of the court of appeals (App., infra, 1a17a) is unreported. The relevant ruling of the district court ",2022.0
term_22,22-196,20221102142847928_22-196_-_Samia_Opp.pdf,5,288,opinion_of_the_court,False,True,PEALS FOR THE SECOND CIRCUIT BRIEF FOR THE UNITED STATES IN OPPOSITION OPINIONS BELOW The opinion of the court of appeals (Pet. App. 1a-17a) is not published in the Federal Reporter but is available a,2022.0
term_22,22-196,20230125102002705_22-196_meritsbrief.pdf,7,904,opinion_of_the_court,False,True,TATES COURT OF APPEALS FOR THE SECOND CIRCUIT BRIEF FOR THE PETITIONER OPINIONS BELOW The opinion of the court of appeals (Pet. App. 1a-17a) is unreported. The district court’s ruling denying petition,2022.0
term_22,22-196,20230725085317823_EFiling_22-196_Judg-Aff_CA2_7.25.pdf,0,382,judgment_is,True,False,"d by counsel. ON CONSIDERATION WHEREOF, it is ordered and adjudged by this Court that the judgment of the above court is affirmed. June 23, 2023",2022.0
term_22,22-196,20230725085317823_EFiling_22-196_Judg-Aff_CA2_7.25.pdf,0,338,scotus_judgment,True,True,"he record from the above court and was argued by counsel. ON CONSIDERATION WHEREOF, it is ordered and adjudged by this Court that the judgment of the above court is affirmed. June 23, 2023",2022.0
term_22,22-200,20220831123834328_Pirani_v._Slack_--_Pet._App.pdf,138,909,so_ordered,True,False,"DENIED IN PART. If plaintiff wishes to amend the complaint, he must do so by May 6, 2020. IT IS SO ORDERED. Dated: April 21, 2020 __/s/ Susan Illston__________ SUSAN ILLSTON United States District",2022.0
term_22,22-200,20220831123834328_Pirani_v._Slack_--_Pet._App.pdf,144,1216,so_ordered,True,False," the Court and the Court will vacate the case management conference and stay this action. IT IS SO ORDERED. Dated: June 5, 2020 __/s/ Susan Illston__________ SUSAN ILLSTON United States District J",2022.0
term_22,22-200,20220831123834328_Pirani_v._Slack_--_Pet._App.pdf,145,441,petition_for_rehearing,False,True,oted to deny appellants’ petitions for rehearing. Judge S.R. Thomas has voted to deny the petition for rehearing and rehearing en banc. Judge Restani has voted to deny the petition for rehearing and r,2022.0
term_22,22-200,20230203160500846_Brief_of_Amici_Curiae_The_Honorable_Jay_Clayton_and_The_Honorable_Joseph_25977c66.pdf,9,103,petition_for_rehearing,False,True,Other Authorities Brief of Investor Amici Curiae in Opposition to Defendants’-Appellants’ Petition for Rehearing En Banc ................................................................. 22 Brief of P,2022.0
term_22,22-200,20230703115153772_EFiling_22-200_Vac_Rem_COSTS_CA9_7.3.pdf,0,408,judgment_is,True,True,"d by counsel. ON CONSIDERATION WHEREOF, it is ordered and adjudged by this Court that the judgment of the above court is vacated with costs, and the case is remanded to the United States Court of Appe",2022.0
term_22,22-200,20230703115153772_EFiling_22-200_Vac_Rem_COSTS_CA9_7.3.pdf,0,452,costs,False,True,"s ordered and adjudged by this Court that the judgment of the above court is vacated with costs, and the case is remanded to the United States Court of Appeals for the Ninth Circuit for",2022.0
term_22,22-200,20230703115153772_EFiling_22-200_Vac_Rem_COSTS_CA9_7.3.pdf,0,807,costs,False,True," recover from Fiyyaz Pirani, One Thousand Nine Hundred Fifty-five Dollars ($1,955.00) for costs herein expended. June 1, 2023 Printing of joint appendix: $1,655.00 Clerk’s costs: $300.0",2022.0
term_22,22-200,20230703115153772_EFiling_22-200_Vac_Rem_COSTS_CA9_7.3.pdf,0,889,costs,False,True,"00) for costs herein expended. June 1, 2023 Printing of joint appendix: $1,655.00 Clerk’s costs: $300.00 Total: $1,955.00",2022.0
term_22,22-200,20230703115153772_EFiling_22-200_Vac_Rem_COSTS_CA9_7.3.pdf,0,364,scotus_judgment,True,True,"he record from the above court and was argued by counsel. ON CONSIDERATION WHEREOF, it is ordered and adjudged by this Court that the judgment of the above court is vacated with costs, and the case is",2022.0
term_22,22-210,20220906160709971_Dupree_--_Petition_Appendix-camera_ready_08.30.2022.pdf,24,413,costs,False,True,this Court denied without prejudice Plaintiff’s Motion for Attorneys’ Fees and Litigation Costs pending appeal and granted Defendants Crowder and Dupree’s Motions to Stay Enforcement of,2022.0
term_22,22-210,20220906160709971_Dupree_--_Petition_Appendix-camera_ready_08.30.2022.pdf,204,564,petition_for_rehearing,False,True," H. RAMSEY; WALLACE SINGLETARY; TYRONE CROWDER, Defendants. ————————— ORDER ————————— The petition for rehearing en banc was circulated to the full court. No judge requested a poll under Fed. R. App. ",2022.0
term_22,22-210,20230227171616191_Dupree--FINAL_Brief_for_Petitioner_-_camera_ready_02-27-2023.pdf,23,217,opinion_of_the_court,False,True,ED STATES COURT OF APPEALS FOR THE FOURTH CIRCUIT BRIEF FOR PETITIONER OPINIONS BELOW The opinion of the court of appeals (Pet. App. 1a-9a) is unpublished but available at 2022 WL 738610. The order of,2022.0
term_22,22-210,20230227172236611_Dupree--Joint_Appendix_-_camera_ready.pdf,226,431,so_ordered,True,False,"d Order of Administrative Law Judge Ann C. Kehinde, dated January 25, 2015, are AFFIRMED. It is so ORDERED this 13 day of March, 2017. /s/ Stephen T. Moyer Stephen T. Moyer, Secretary
 221 [Memora",2022.0
term_22,22-210,20230627095115768_EFiling_22-210_Vac_Rem_COSTS_CA4_6.26.pdf,0,358,judgment_is,True,True,"d by counsel. ON CONSIDERATION WHEREOF, it is ordered and adjudged by this Court that the judgment of the above court is vacated with costs, and the case is remanded to the United States Court of Appe",2022.0
term_22,22-210,20230627095115768_EFiling_22-210_Vac_Rem_COSTS_CA4_6.26.pdf,0,402,costs,False,True,"s ordered and adjudged by this Court that the judgment of the above court is vacated with costs, and the case is remanded to the United States Court of Appeals for the Fourth Circuit fo",2022.0
term_22,22-210,20230627095115768_EFiling_22-210_Vac_Rem_COSTS_CA4_6.26.pdf,0,728,costs,False,True,"ounger, Nine Thousand Six Hundred Sixty-six Dollars and Eighty-five Cents ($9,666.85) for costs herein expended. May 25, 2023 Printing of joint appendix: $9,366.85 Clerk’s costs: $300.0",2022.0
term_22,22-210,20230627095115768_EFiling_22-210_Vac_Rem_COSTS_CA4_6.26.pdf,0,810,costs,False,True,"85) for costs herein expended. May 25, 2023 Printing of joint appendix: $9,366.85 Clerk’s costs: $300.00 Total: $9,666.85",2022.0
term_22,22-210,20230627095115768_EFiling_22-210_Vac_Rem_COSTS_CA4_6.26.pdf,0,314,scotus_judgment,True,True,"he record from the above court and was argued by counsel. ON CONSIDERATION WHEREOF, it is ordered and adjudged by this Court that the judgment of the above court is vacated with costs, and the case is",2022.0
term_22,22-227,20230717091542689_Efiling_22-227_Judg-Aff_CA1_7.17.pdf,0,412,judgment_is,True,False,"d by counsel. ON CONSIDERATION WHEREOF, it is ordered and adjudged by this Court that the judgment of the above court is affirmed. June 15, 2023",2022.0
term_22,22-227,20230717091542689_Efiling_22-227_Judg-Aff_CA1_7.17.pdf,0,368,scotus_judgment,True,True,"he record from the above court and was argued by counsel. ON CONSIDERATION WHEREOF, it is ordered and adjudged by this Court that the judgment of the above court is affirmed. June 15, 2023",2022.0
term_22,22-23,20230203182530590_22-23_BIO.pdf,7,431,opinion_of_the_court,False,True,TATES COURT OF APPEALS FOR THE FOURTH CIRCUIT BRIEF FOR THE RESPONDENT OPINIONS BELOW The opinion of the court of appeals (Pet. App. 1a-70a) is reported at 19 F.4th 437. The decisions of the Board of ,2022.0
term_22,22-23,20230215205223562_22-23_Garland_Merits_Br.pdf,28,629,petition_for_rehearing,False,True," 2022. In Pugin, the judgment of the court of appeals was entered on November 30, 2021. A petition for rehearing was denied on March 7, 2022 (Pugin Pet. App. 83a-92a). On April 19, 2022, the Chief Jus",2022.0
term_22,22-23,20230215205223562_22-23_Garland_Merits_Br.pdf,28,147,opinion_of_the_court,False,True,"ation judge (Cordero-Garcia Pet. App. 105a-135a) are unreported. In Pugin v. Garland, the opinion of the court of appeals (Pugin Pet. App. 1a-70a) is reported at 19 F.4th 437. The decisions of the Boa",2022.0
term_22,22-277,20231207153216894_Amicus_Brief_of_Knight_First_Amendment_Institute.pdf,41,1285,costs,False,True,"ces on a contingency-fee basis to disclose that clients could be required to pay fees and costs. Zauderer, 471 U.S. at 650–53. The Court emphasized that the disclosure requirement did “",2023.0
term_22,22-277,20231207205635794_22-277_22-555_Moody_v._NetChoice_-_NetChoice_v._Paxton.pdf,76,1410,mandate,False,True,"U.S. at 254. That is particularly so where, as is true of the Florida law, the government mandate is backed by up to $100,000 in damages per violation. Moody Pet. App",2023.0
term_22,22-324,20221004114608530_Garnier_v._OConnor-Ratcliff_-_Cert_Petition_Appendix.pdf,171,1121,so_ordered,True,False," and injunctive relief on their Section 1983 claim. Judgment will be entered accordingly. IT IS SO ORDERED. Dated: January 14, 2021",2023.0
term_22,22-340,20221007105838980_Pulsifer_v._United_States_Cert_Petition_Appendix_FILE.pdf,15,804,judgment_is,True,False,"terpretation reveal the meaning of the provision, and there is no grievous ambiguity. The judgment of the district court is affirmed. _________________________",2023.0
term_22,22-340,20221007105838980_Pulsifer_v._United_States_Cert_Petition_Appendix_FILE.pdf,32,302,costs,False,True,") JVTA assessment, (9) penalties, and (10) costs, including cost of prosecution and court costs.
 24a APPENDIX C UNITED STATES DISTRICT COURT SOUTHERN DISTRICT OF IOWA WESTERN DIVISION ",2023.0
term_22,22-340,20230113133503784_22-340_Pulsifer.pdf,4,254,opinion_of_the_court,False,True,TES COURT OF APPEALS FOR THE EIGHTH CIRCUIT BRIEF FOR THE UNITED STATES OPINION BELOW The opinion of the court of appeals (Pet. App. 1a-9a) is reported at 39 F.4th 1018. JURISDICTION The judgment of t,2023.0
term_22,22-340,20230526105408374_FAMM_--_Pulsifer_Amicus_Brief.pdf,3,688,costs,False,True,.................................. 12 C. Applying the Rule of Lenity Here Avoids the High Costs of Reading Mandatory Minimums Too Broadly. ............................. 16 II. THE DECIS,2023.0
term_22,22-340,20230526105408374_FAMM_--_Pulsifer_Amicus_Brief.pdf,39,413,costs,False,True, been construed against Mr. Pulsifer. C. Applying the Rule of Lenity Here Avoids the High Costs of Reading Mandatory Minimums Too Broadly. The mandatory-minimum context heightens the im,2023.0
term_22,22-340,20230526105408374_FAMM_--_Pulsifer_Amicus_Brief.pdf,52,502,mandate,False,True,"dants (especially low-level, nonviolent offenders like Mr. Pulsifer), while continuing to mandate minimum penalties for a narrowly defined subcategory of violent recidivists with recent c",2023.0
term_22,22-340,20230724211315733_22-340bsUnitedStates.pdf,18,239,opinion_of_the_court,False,True,TES COURT OF APPEALS FOR THE EIGHTH CIRCUIT BRIEF FOR THE UNITED STATES OPINION BELOW The opinion of the court of appeals (Pet. App. 1a-9a) is reported at 39 F.4th 1018. JURISDICTION The judgment of t,2023.0
term_22,22-340,20240416113355272_EFILING_22-340_Aff_CA8_4.16.pdf,0,363,judgment_is,True,False,"d by counsel. ON CONSIDERATION WHEREOF, it is ordered and adjudged by this Court that the judgment of the above court is affirmed. March 15, 2024",2023.0
term_22,22-340,20240416113355272_EFILING_22-340_Aff_CA8_4.16.pdf,0,319,scotus_judgment,True,True,"he record from the above court and was argued by counsel. ON CONSIDERATION WHEREOF, it is ordered and adjudged by this Court that the judgment of the above court is affirmed. March 15, 2024",2023.0
term_22,22-381,20221020125724708_Petition.pdf,13,1400,petition_for_rehearing,False,True,"–11a. Thus, the court held that Smagin could state a RICO claim. Petitioner then joined a petition for rehearing en banc. App. 32a",2022.0
term_22,22-381,20221020125724708_Petition.pdf,56,575,judgment_issued,True,False,"endants’ assets. In so doing, Plaintiff obtained domestic property in the United States—a judgment issued by a United States district court, conferring rights that Plaintiff can exercise in Calif",2022.0
term_22,22-381,20221020125724708_Petition.pdf,62,1192,judgment_issued,True,False,"dia. As in this case, the plaintiff alleged that the defendants had attempted to thwart a judgment issued by a United States district court that confirmed a foreign arbitration award. Id. at 1092",2022.0
term_22,22-381,20221020125724708_Petition.pdf,64,66,judgment_issued,True,False,"16a injury to its intangible property, even if that property is a judgment issued by a United States district court, is a foreign injury. Id. at 1095. We agree with the Th",2022.0
term_22,22-381,20221020125724708_Petition.pdf,91,1182,so_ordered,True,True,"g to sustain his claims. Accordingly, Smagin’s claims are dismissed as to all defendants. IT IS SO ORDERED.",2022.0
term_22,22-381,20221123123703514_22-381_-383_Brief_in_Opposition.pdf,1,326,judgment_issued,True,True," Respondent Vitaly Smagin, a resident of Russia obtained a more than $92 million domestic judgment issued by a federal district court sitting in California against Petitioner Ashot Yegiazaryan, a",2022.0
term_22,22-381,20221123123703514_22-381_-383_Brief_in_Opposition.pdf,5,472,judgment_issued,True,True," collectively engaged in an illegal scheme to prevent Smagin from collecting on his money judgment issued by a federal district court in California against Yegiazaryan (hereafter, the “California",2022.0
term_22,22-381,20221123123703514_22-381_-383_Brief_in_Opposition.pdf,9,31,judgment_issued,True,True,3 over $100 million on a money judgment issued by a federal district court sitting in California (the “California Judgment”) in a separa,2022.0
term_22,22-381,20221123123703514_22-381_-383_Brief_in_Opposition.pdf,9,395,judgment_issued,True,True,"anctioned. (CMB App. at 62a, 81a-82a.) Although Smagin’s alleges injury to the California Judgment issued in 2016, some pre-judgment background is provided for context into the nature of the init",2022.0
term_22,22-381,20221123123703514_22-381_-383_Brief_in_Opposition.pdf,30,790,judgment_issued,True,True, vehicle to address the question as framed. All this case presents is whether injury to a judgment issued by a federal district court against a California resident may be considered a domestic in,2022.0
term_22,22-381,20230227160438618_Joint_Appendix.pdf,21,575,judgment_issued,True,False,"endants’ assets. In so doing, Plaintiff obtained domestic property in the United States—a judgment issued by a United States district court, conferring rights that Plaintiff can exercise in Calif",2022.0
term_22,22-381,20230227160438618_Joint_Appendix.pdf,27,1192,judgment_issued,True,False,"dia. As in this case, the plaintiff alleged that the defendants had attempted to thwart a judgment issued by a United States district court that confirmed a foreign arbitration award. Id. at 1092",2022.0
term_22,22-381,20230227160438618_Joint_Appendix.pdf,29,66,judgment_issued,True,False,"16a injury to its intangible property, even if that property is a judgment issued by a United States district court, is a foreign injury. Id. at 1095. We agree with the Th",2022.0
term_22,22-381,20230227160438618_Joint_Appendix.pdf,56,1182,so_ordered,True,True,"g to sustain his claims. Accordingly, Smagin’s claims are dismissed as to all defendants. IT IS SO ORDERED.",2022.0
term_22,22-381,20230227160438618_Joint_Appendix.pdf,60,220,costs,False,True,"onégasque De Banque (“CMB Bank”), which agreed to hold, hide, and defend his money at all costs and against all comers. 2. CMB Bank and Mr. Yegiazaryan’s cast of nominees follow command",2022.0
term_22,22-381,20230227160438618_Joint_Appendix.pdf,157,969,costs,False,True,quests and ordered him to reimburse Plaintiff and Trustees Schächle and Näscher for their costs of litigation. A true and correct copy of the German original and English translation of ,2022.0
term_22,22-381,20230227160438618_Joint_Appendix.pdf,178,90,costs,False,True,". Yegiazaryan during the delay and interference; damages in the form of attorney fees and costs resulting from the interference, including attorney fees incurred in California, U.K., Ru",2022.0
term_22,22-381,20230227160438618_Joint_Appendix.pdf,178,227,costs,False,True,"g attorney fees incurred in California, U.K., Russia, Nevis, Monaco and Liechtenstein and costs incurred in addressing the fraudulent conduct in litigation; and all other damages, injur",2022.0
term_22,22-381,20230227160438618_Joint_Appendix.pdf,179,283,costs,False,True,"ally, for the following: Treble damages pursuant to 18 U.S.C. §1964(c); Attorney fees and costs pursuant to 18 U.S.C. §1964(c); and such other and further relief as this Court may deem ",2022.0
term_22,22-381,20230227160438618_Joint_Appendix.pdf,183,1032,costs,False,True," assets committed by Mr. Yegiazaryan during the delay and interference; attorney fees and costs resulting from the interference, including attorney fees and costs incurred in setting as",2022.0
term_22,22-381,20230227160438618_Joint_Appendix.pdf,183,1099,costs,False,True,"nce; attorney fees and costs resulting from the interference, including attorney fees and costs incurred in setting aside the fraudulent actions; all other damages, injuries, and harms ",2022.0
term_22,22-381,20230227160438618_Joint_Appendix.pdf,187,846,costs,False,True," the amount of $6,899,701.32; C. Arbitration legal fees of $4,959,416.88; and arbitration costs of $187,946; D. Post-award interest on the $72,243,000 in damages and $6,899,701.32 in pr",2022.0
term_22,22-381,20230227160438618_Joint_Appendix.pdf,266,555,costs,False,True,"ally, to reimburse Mr Vitaly Ivanovich Smagin an amount of GBP 118,321.75 for arbitration costs; 7. Kalken Holdings Limited and Mr Ashot Yegiazaryan shall bear their own costs for legal",2022.0
term_22,22-381,20230227160438618_Joint_Appendix.pdf,266,635,costs,False,True,bitration costs; 7. Kalken Holdings Limited and Mr Ashot Yegiazaryan shall bear their own costs for legal fees and disbursements. 8. All other claims are dismissed. Seat of Arbitration:,2022.0
term_22,22-429,20221104110538361_Acheson_v._Laufer_-_cert._petition.pdf,127,108,costs,False,True,"e district court is therefore reversed, and the case is remanded for further proceedings. Costs to appellant.
 36a Appendix B UNITED STATES DISTRICT COURT DISTRICT OF MAINE DEBORAH LAUF",2023.0
term_22,22-429,20221208141935477_Acheson_-_Brief_of_Amici_RLC_et_al.pdf,7,1224,costs,False,True,"hey will be forced to decide between making a settlement payment or paying the litigation costs associated with challenging “tester” standing. Indeed, many members of the Amici are smal",2023.0
term_22,22-429,20221208141935477_Acheson_-_Brief_of_Amici_RLC_et_al.pdf,7,1411,costs,False,True,"hotels and bed-and-breakfasts with limited resources, and they cannot take on the defense costs and the risk of a fee award to a plaintiff",2023.0
term_22,22-429,20221208141935477_Acheson_-_Brief_of_Amici_RLC_et_al.pdf,8,136,costs,False,True,"hotels and bed-and-breakfasts with limited resources, and they cannot take on the defense costs and the risk of a fee award to a plaintiff. Amici represent all states of the First Circu",2023.0
term_22,22-429,20230224153233408_22-429_Brief_in_Opposition.pdf,17,1454,petition_for_rehearing,False,True,"anda Hotels, LLC, 2023 U.S. App. Lexis 3602 (4th Cir. 2/15/23).3 2. The Arpan Defendant’s petition for rehearing en banc is pending. 3",2023.0
term_22,22-429,20230224153233408_22-429_Brief_in_Opposition.pdf,18,172,petition_for_rehearing,False,True,"anda Hotels, LLC, 2023 U.S. App. Lexis 3602 (4th Cir. 2/15/23).3 2. The Arpan Defendant’s petition for rehearing en banc is pending. 3. Thus, the District Court Naranda decision cited by Respondent an",2023.0
term_22,22-429,20230605160031302_22-429_ts.pdf,8,971,mandate,False,True,"e Justice Department has promulgated regulations to implement the ADA’s nondiscrimination mandate. One such regulation states that hotels, “with respect to reservations made by any means,",2023.0
term_22,22-429,20230605160706820_22-429_Joint_Appendix.pdf,2,628,costs,False,True," to as “Defendant”), for Injunctive Relief, and attorney’s fees, litigation expenses, and costs pursuant to the Americans with Disabilities Act, 42 U.S.C. § 12181 et seq. (“ADA”).",2023.0
term_22,22-429,20230612170516837_43872_Carp_Amicus_Brief.pdf,9,63,costs,False,True,"5 between making a settlement payment or paying the litigation costs associated with defending their position. See, e.g., Kennedy v. Siesta Inn & Suites, Inc.",2023.0
term_22,22-429,20230612170516837_43872_Carp_Amicus_Brief.pdf,9,402,costs,False,True,"hotels and bed-and-breakfasts with limited resources, and they cannot take on the defense costs and the risk of a fee award to a plaintiff that has no intention of visiting their proper",2023.0
term_22,22-448,20221114155607407_No._CFPB_et_al._v._CFSA_et_al.pdf,14,566,opinion_of_the_court,False,True,"the United States Court of Appeals for the Fifth Circuit in this case. OPINIONS BELOW The opinion of the court of appeals (App., infra, 1a46a) is reported at 51 F.4th 616. The order of the district co",2023.0
term_22,22-448,20221114155607407_No._CFPB_et_al._v._CFSA_et_al.pdf,97,252,costs,False,True,"s. See id. at 54736-37. Regarding the Plaintiffs’ fourth point, the Bureau explained that costs, “[c]omplexities in payment processing systems[,] and the internal procedures of consumer",2023.0
term_22,22-448,20221114155607407_No._CFPB_et_al._v._CFSA_et_al.pdf,181,920,costs,False,True,"ations next point to the requirement that the Bureau consider “the potential benefits and costs to consumers and [lenders],” which the Associations contend the ratification fails to do ",2023.0
term_22,22-448,20221114155607407_No._CFPB_et_al._v._CFSA_et_al.pdf,185,196,costs,False,True,"n determining the withdrawal attempts were unfair, the Bureau did not carefully weigh the costs and benefits to consumers and to competition. The Associations then suggest that the bene",2023.0
term_22,22-448,20221114155607407_No._CFPB_et_al._v._CFSA_et_al.pdf,185,613,costs,False,True," the court agrees with the Bureau or would have made the same decision, so reweighing the costs and benefits is inappropriate. Second, the practice in question is not offering loans, bu",2023.0
term_22,22-448,20221114155607407_No._CFPB_et_al._v._CFSA_et_al.pdf,188,537,costs,False,True,"vantage of (a) a lack of understanding on the part of the consumer of the material risks, costs, or conditions of the product or service; [or] (b) the inability of the consumer to prote",2023.0
term_22,22-448,20221114155607407_No._CFPB_et_al._v._CFSA_et_al.pdf,193,240,costs,False,True,"st-benefit analysis. The CFPA requires the Bureau to consider “the potential benefits and costs to consumers and covered persons, including the potential reduction of access by consumer",2023.0
term_22,22-448,20221114155607407_No._CFPB_et_al._v._CFSA_et_al.pdf,195,41,costs,False,True,65a the benefit of hindsight can produce costs not considered or not thoroughly considered by the agency does not automatically render a,2023.0
term_22,22-448,20221114155607407_No._CFPB_et_al._v._CFSA_et_al.pdf,203,857,costs,False,True,"vantage of (a) a lack of understanding on the part of the consumer of the material risks, costs, or conditions of the product or service and (b) the inability of the consumer to protect",2023.0
term_22,22-448,20221114155607407_No._CFPB_et_al._v._CFSA_et_al.pdf,205,938,costs,False,True,and are not arbitrary and capricious. 3. Bureau reasonably considered Payment Provisions’ costs and benefits The Bureau contends it is entitled to summary judgment on the issue of wheth,2023.0
term_22,22-448,20221114155607407_No._CFPB_et_al._v._CFSA_et_al.pdf,205,1065,costs,False,True,s it is entitled to summary judgment on the issue of whether it thoroughly considered the costs and benefits of the Payment Provisions in accordance with the CFPA. See 12 U.S.C. § 5512(,2023.0
term_22,22-448,20221114155607407_No._CFPB_et_al._v._CFSA_et_al.pdf,205,1435,costs,False,True,"nce certain aspects of the Payment Provisions and, second, by failing to consider certain costs the Payment Provisions would impose on customers",2023.0
term_22,22-448,20221114155607407_No._CFPB_et_al._v._CFSA_et_al.pdf,209,416,mandate,False,True,"s remain. First, the Associations contend the Bureau violates the Appropriations clause’s mandate that “[n]o Money shall be drawn from the Treasury, but in Consequence of Appropriations m",2023.0
term_22,22-448,20221114155607407_No._CFPB_et_al._v._CFSA_et_al.pdf,224,154,costs,False,True,"the President and to the Bureau at the time submitted to the Congress. (C) Assistance and costs For the purpose of conducting an audit under this subsection, the Comptroller General may",2023.0
term_22,22-448,20221114155607407_No._CFPB_et_al._v._CFSA_et_al.pdf,224,704,costs,False,True,"e from funds available, the amount requested by the Comptroller General to cover the full costs of any audit and report conducted by the Comptroller General. The Comptroller General sha",2023.0
term_22,22-448,20221114155607407_No._CFPB_et_al._v._CFSA_et_al.pdf,224,1022,costs,False,True,ount shall be available upon receipt and without fiscal year limitation to cover the full costs of the audit and report. (b) Consumer Financial Protection Fund (1) Separate fund in Fede,2023.0
term_22,22-448,20221214151852678_CFPB_Amicus_ISO_Petition.pdf,13,1219,costs,False,True,"ntry needs a fast answer to a question of this importance. On issues like these, worrying costs arise from letting uncertainty fester. And like the Bureau and private actors, the States",2023.0
term_22,22-448,20221214151852678_CFPB_Amicus_ISO_Petition.pdf,14,33,costs,False,True,". On issues like these, worrying costs arise from letting uncertainty fester. And like the Bureau and private actors, the States",2023.0
term_22,22-448,20221214151852678_CFPB_Amicus_ISO_Petition.pdf,41,926,costs,False,True,"o you?” when a congressperson asked who had authorized hundreds of millions in renovation costs for the Bureau’s headquarters. See H.R. Comm. on Fin. Servs., Committee Pushes for Accoun",2023.0
term_22,22-448,20221214151852678_CFPB_Amicus_ISO_Petition.pdf,45,1145,costs,False,True,s” that is triggered if the Bureau needs more than 12% of the Federal Reserve’s operating costs for its own budget. Id. § 5497(e). Only those funds—which the Bureau has never sought—are,2023.0
term_22,22-448,20230508190055738_22-448tsUnitedStates.pdf,22,875,opinion_of_the_court,False,True,TATES COURT OF APPEALS FOR THE FIFTH CIRCUIT BRIEF FOR THE PETITIONERS OPINIONS BELOW The opinion of the court of appeals (Pet. App. 1a-46a) is reported at 51 F.4th 616. The order of the district cour,2023.0
term_22,22-448,20230508190055738_22-448tsUnitedStates.pdf,122,153,costs,False,True,"the President and to the Bureau at the time submitted to the Congress. (C) Assistance and costs For the purpose of conducting an audit under this subsection, the Comptroller General may",2023.0
term_22,22-448,20230508190055738_22-448tsUnitedStates.pdf,122,703,costs,False,True,"e from funds available, the amount requested by the Comptroller General to cover the full costs of any audit and report conducted by the Comptroller General. The Comptroller General sha",2023.0
term_22,22-448,20230508190055738_22-448tsUnitedStates.pdf,122,1021,costs,False,True,ount shall be available upon receipt and without fiscal year limitation to cover the full costs of the audit and report. (b) Consumer Financial Protection Fund (1) Separate fund in Fede,2023.0
term_22,22-448,20230515081746457_CFPB_Amicus_Brief_For_Filing.pdf,6,757,mandate,False,True,", and consumer finance experts. These dedicated civil servants work to fulfill Congress’s mandate that “all consumers have access to markets for consumer financial products and services .",2023.0
term_22,22-448,20230515125025604_CFPB_Congress_Amicus_Final.pdf,50,1068,mandate,False,True,"ding reports on its “financial literacy activities,” efforts to “fulfill its fair lending mandate,” and consumer complaints about financial products. 12 U.S.C. § 5493(b)(3)(C), (c)(2)(D),",2023.0
term_22,22-448,20230515134812270_22-448_Final_AARP_CFPB_brief.pdf,17,519,costs,False,True,ensions in the private sector – coupled with longer life expectancies and high healthcare costs – means millions of older adults have vastly less discretionary income in their “golden y,2023.0
term_22,22-448,20230515185653174_22-448_Finreg_Scholars_Amicus.pdf,46,583,costs,False,True,"erve Banks: (1) an assessment for the “Board of Governors operating expenses and currency costs,” and (2) an assessment for the “Bureau of Consumer Financial Protection.” 2022 Reserve B",2023.0
term_22,22-448,20230703105533891_22-448_CFSA_Brief_for_Respondents.pdf,30,358,mandate,False,True,"ief, the Bureau seeks to enforce the Rule once funding is fixed, but disregards the APA’s mandate that invalid rules “shall” be “set aside.” 5 U.S.C. § 706(2). And while the Bureau worrie",2023.0
term_22,22-448,20230703105533891_22-448_CFSA_Brief_for_Respondents.pdf,103,271,slip_op,False,True,"egard’” it and award injunctive or declaratory relief. United States v. Texas, No. 22-58, slip op. at 11 (U.S. June 23, 2023) (Gorsuch, J., concurring in the judgment); see id. at 8-17. Ei",2023.0
term_22,22-448,20230706121101671_43535_pdf_Ebner.pdf,6,376,slip_op,False,True,"’s most important authorities is its control of the purse.” Biden v. Nebraska, No. 22506, slip op., at 24 (U.S. June 30, 2023). The Clause’s “straightforward and explicit command . . . ‘me",2023.0
term_22,22-448,20230707162906708_FINAL_CFPB_Amicus_Brief.pdf,23,595,costs,False,True, that the benefits of enforcing the Appropriations Clause are too small and the potential costs too great to justify upholding the Fifth Circuit’s decision. The Constitution isn’t subje,2023.0
term_22,22-448,20230707162906708_FINAL_CFPB_Amicus_Brief.pdf,61,521,slip_op,False,True,"se’ of the House and Senate Committees on Appropriations.” Biden v. Nebraska, No. 22-506, slip op. at 23 (U.S. June 30, 2023), 2023 WL 4277210, at *14. The CFPB’s specific lack of accounta",2023.0
term_22,22-448,20230707162906708_FINAL_CFPB_Amicus_Brief.pdf,70,645,costs,False,True,"round regulatory rules” can upset investment strategies). C. Along with few benefits, the costs of the Bureau’s fiscal autonomy are high. A few examples show how.",2023.0
term_22,22-448,20230707162906708_FINAL_CFPB_Amicus_Brief.pdf,77,57,costs,False,True,"30 who had authorized hundreds of millions in renovation costs for the Bureau’s headquarters. See H.R. Comm. on Fin. Servs., Committee Pushes for Accoun",2023.0
term_22,22-448,20230710112302855_22-448_bsac_Chamber_et_al.pdf,19,1062,mandate,False,True,"thus far been largely unaffected by the Fifth Circuit’s decision—the Court could stay its mandate for a brief period to allow Congress to act. In fact, the House Financial Services Commit",2023.0
term_22,22-448,20230710112302855_22-448_bsac_Chamber_et_al.pdf,26,677,costs,False,True,"f appropriations” if the Bureau requests more than 12% of the Federal Reserve’s operating costs for its budget, the Bureau has never sought or received any such funds. §5497(e). So Cong",2023.0
term_22,22-448,20230710112302855_22-448_bsac_Chamber_et_al.pdf,50,504,mandate,False,True,"2 J. Consumer Aff. 452, 453 (2008). In fact, the CPSC carries out its broad congressional mandate “to protect the public” and “assist consumers” as a market regulator. 15 U.S.C. §§2051(b)",2023.0
term_22,22-448,20230710114158969_22-448_bsac_FGA.pdf,7,263,slip_op,False,True,"ant authorities is its control of the purse.” Biden v. Nebraska, 600 U.S. __ , __ (2023) (slip op., at 24). But here, Congress has established a structure for funding CFPB not through appr",2023.0
term_22,22-448,20230710123433465_22-448_bsac_Mulvaney_Final.pdf,45,1094,costs,False,True,"u’s deficient pleadings. But that does not mean that the Bureau’s failures did not impose costs, both in reputational harm and the time and expense incurred in resisting the Bureau’s ef",2023.0
term_22,22-448,20230710123433465_22-448_bsac_Mulvaney_Final.pdf,46,352,costs,False,True,"s. The separation of powers was designed to check the impulses that impose those types of costs on society. c. The Bureau also has brought numerous enforcement actions based on novel, e",2023.0
term_22,22-448,20230710132303544_CFSA_-_CUNA_NAFCU_and_AACUL_Amici_Br_ISO_of_Respondents_and_Stay.pdf,25,116,costs,False,True,U.S.C. § 5497(a)). Nor must the Bureau relinquish funds in excess of its actual operating costs; it rolls over unused funds yearover-year “until expended.” 12 U.S.C. § 5497(c)(1).,2023.0
term_22,22-448,20230710141338246_CFPB_v_CFSA-_NCLA_amicus.pdf,60,987,costs,False,True, funding level without seeking congressional appropriations. Moroney also warned that the costs of complying further with the Second CID would likely force it to shut down. CFPB filed a,2023.0
term_22,22-448,20230710174536371_ACA_Amicus_Brief_ISO_Respondents.pdf,1,564,mandate,False,True,................... 4 II. THE COURT SHOULD AFFIRM THE LOWER COURT’S DECISION BUT STAY ITS MANDATE TO ALLOW CONGRESS TO RECONSTITUTE THE BUREAU ............. 6 A. Severance is Not Appropri,2023.0
term_22,22-448,20230710174536371_ACA_Amicus_Brief_ISO_Respondents.pdf,1,706,mandate,False,True, ............. 6 A. Severance is Not Appropriate ..........6 B. The Court should stay its mandate a reasonable period to allow Congress the opportunity to minimize disruption ............,2023.0
term_22,22-448,20230710174536371_ACA_Amicus_Brief_ISO_Respondents.pdf,9,602,mandate,False,True,"ress considers its options. ACA therefore asks this Court to affirm, but to also stay its mandate for six months to allow Congress sufficient time to consider its options. SUMMARY OF THE ",2023.0
term_22,22-448,20230710174536371_ACA_Amicus_Brief_ISO_Respondents.pdf,11,1017,mandate,False,True,"tion by the political branches, the Court should exercise its equitable power to stay its mandate in order to give those branches the opportunity to minimize any disruption arising out of",2023.0
term_22,22-448,20230710174536371_ACA_Amicus_Brief_ISO_Respondents.pdf,15,608,mandate,False,True,ts meaningful relief. II. The Court Should Affirm the Lower Court’s Decision but Stay Its Mandate to Allow Congress to Reconstitute the Bureau. A. Severance is Not Appropriate. Where a st,2023.0
term_22,22-448,20230710174536371_ACA_Amicus_Brief_ISO_Respondents.pdf,21,1165,mandate,False,True,77). Among the remedial measure available to the Court is the Court’s ability to stay its mandate for a brief period. See S. Ct. R. 45.3. A stay would allow the Bureau to continue to exis,2023.0
term_22,22-448,20230710174536371_ACA_Amicus_Brief_ISO_Respondents.pdf,23,1418,mandate,False,True,"aligned Bureau might be empowered to ratify or reconsider prior agency actions before the mandate issues, Cmty. Fin. Servs. Ass’n of Am., 51 F",2023.0
term_22,22-448,20230710174536371_ACA_Amicus_Brief_ISO_Respondents.pdf,25,582,mandate,False,True,nsidered by Congress provided this Court implements a reasonable delay before issuing its mandate. And even if overhauling the Bureau’s financing structure proves too difficult for the po,2023.0
term_22,22-448,20230710174536371_ACA_Amicus_Brief_ISO_Respondents.pdf,27,511,mandate,False,True,"ropriations measure to fund the Bureau, if desired. To this end the Court should stay its mandate for six months. Respectfully submitted, CHRISTOPHER O. MURRAY Counsel of Record BROWNSTEI",2023.0
term_22,22-451,20221212125911899_Loper_Bright_cert-stage.pdf,11,249,costs,False,True,"wered whether the Service must pay for those monitors or may require industry to bear the costs of at-sea monitoring mandated by a fishery management plan.” Loper Bright Enterprises, In",2023.0
term_22,22-451,20230216143615072_22-451_Loper_Bright_final.pdf,9,812,opinion_of_the_court,False,True,E DISTRICT OF COLUMBIA CIRCUIT BRIEF FOR THE RESPONDENTS IN OPPOSITION OPINIONS BELOW The opinion of the court of appeals (Pet. App. 1-37) is reported at 45 F.4th 359. The opinion of the district cour,2023.0
term_22,22-451,20230717152715108_2023-07-17_Loper_Bright_Opening_Brief_FINAL.pdf,111,195,costs,False,True," the largest and most commercially successful enterprises that can more easily absorb the costs of federal monitoring. Compare NOAA Fisheries, Alaska, https://perma.cc/4WEC-328H (last v",2023.0
term_22,22-451,20230724092244141_22-451_Amicus_Brief_of_David_Goethel_and_John_Haran.pdf,1,529,mandate,False,True,"MENT ............................................................5 I. The Monitor-Funding Mandate Favors Big Businesses Over Small Ones, Contrary To Congressional Policy .................",2023.0
term_22,22-451,20230724092244141_22-451_Amicus_Brief_of_David_Goethel_and_John_Haran.pdf,1,868,mandate,False,True,"............6 B. By Contrast, Large Enterprises Are Reaping the Rewards of the Monitoring Mandate ......................................................11 II. As the Mandate Illustrates, ",2023.0
term_22,22-451,20230724092244141_22-451_Amicus_Brief_of_David_Goethel_and_John_Haran.pdf,1,944,mandate,False,True,"he Monitoring Mandate ......................................................11 II. As the Mandate Illustrates, Chevron’s Presumption of Congressional Intent Is Mistaken ..................",2023.0
term_22,22-451,20230724092244141_22-451_Amicus_Brief_of_David_Goethel_and_John_Haran.pdf,1,674,costs,False,True, To Congressional Policy ..........................................5 A. At-Sea Monitoring Costs Are Pushing Small Fishing Enterprises Out of Business ...................................,2023.0
term_22,22-451,20230724092244141_22-451_Amicus_Brief_of_David_Goethel_and_John_Haran.pdf,8,476,mandate,False,True,"solution of those questions. In this case, they are not hypothetical. The NMFS regulatory mandate that commercial fishing-vessel owners pay for ride-along government monitors threatens th",2023.0
term_22,22-451,20230724092244141_22-451_Amicus_Brief_of_David_Goethel_and_John_Haran.pdf,8,646,mandate,False,True,"tors threatens the livelihoods of countless small, family-owned fishing enterprises. That mandate serves as a stark illustration of the way that deferring to agencies on the meaning of th",2023.0
term_22,22-451,20230724092244141_22-451_Amicus_Brief_of_David_Goethel_and_John_Haran.pdf,10,655,mandate,False,True,", at a cost that may even exceed their own take for a trip. Little surprise, that funding mandate threatens the continued viability of small fishing enterprises. In so doing, it threatens",2023.0
term_22,22-451,20230724092244141_22-451_Amicus_Brief_of_David_Goethel_and_John_Haran.pdf,13,34,mandate,False,True,"5 ARGUMENT I. The Monitor-Funding Mandate Favors Big Businesses Over Small Ones, Contrary To Congressional Policy The regulatory ac",2023.0
term_22,22-451,20230724092244141_22-451_Amicus_Brief_of_David_Goethel_and_John_Haran.pdf,13,183,costs,False,True,"Congressional Policy The regulatory action at issue in this case imposes disproportionate costs and burdens on small, often family-owned fishing enterprises, in conflict with Congress’s",2023.0
term_22,22-451,20230724092244141_22-451_Amicus_Brief_of_David_Goethel_and_John_Haran.pdf,14,23,costs,False,True,6 A. At-Sea Monitoring Costs Are Pushing Small Fishing Enterprises Out of Business The Magnuson-Stevens Act (“MSA”) ev,2023.0
term_22,22-451,20230724092244141_22-451_Amicus_Brief_of_David_Goethel_and_John_Haran.pdf,15,1187,costs,False,True,"s the older generation retires, the younger pursues more lucrative opportunities, and the costs and regulatory burdens of going to sea only wax and never wane. Where Congress tread care",2023.0
term_22,22-451,20230724092244141_22-451_Amicus_Brief_of_David_Goethel_and_John_Haran.pdf,20,297,costs,False,True,"ry.” Id. Mr. Haran, as a sector manager in the same fishery, has seen first-hand that the costs of monitoring threaten to drive small fishing enterprises out of business by making trips",2023.0
term_22,22-451,20230724092244141_22-451_Amicus_Brief_of_David_Goethel_and_John_Haran.pdf,23,184,mandate,False,True," way of life. B. By Contrast, Large Enterprises Are Reaping the Rewards of the Monitoring Mandate The plight of small, family-owned fishing enterprises has been a boon to their larger com",2023.0
term_22,22-451,20230724092244141_22-451_Amicus_Brief_of_David_Goethel_and_John_Haran.pdf,24,733,costs,False,True,"iness, Nat’l. Assn. of Mfrs. (2014) (surveying studies finding that regulatory compliance costs “fall disproportionately on small businesses”).5 In particular, larger vessels can better",2023.0
term_22,22-451,20230724092244141_22-451_Amicus_Brief_of_David_Goethel_and_John_Haran.pdf,28,376,mandate,False,True,"gulatory fiat, not congressional command—is a clear example of the phenomenon. II. As the Mandate Illustrates, Chevron’s Presumption of Congressional Intent Is Mistaken This case illustra",2023.0
term_22,22-451,20230724092244141_22-451_Amicus_Brief_of_David_Goethel_and_John_Haran.pdf,28,214,costs,False,True," will tend to disproportionately injure small business. The impact of imposing monitoring costs on small, family-owned fishing enterprises— a policy imposed by regulatory fiat, not cong",2023.0
term_22,22-451,20230724092244141_22-451_Amicus_Brief_of_David_Goethel_and_John_Haran.pdf,35,480,costs,False,True,"y at any time that might affect its operations, let alone evaluate them and engage? These costs further “shield[] officials from accountability to the general polity."" Zywicki at 185. A",2023.0
term_22,22-451,20230724150316682_22-451_Brief_for_IWF-WLF_as_Amici_Curiae.pdf,8,431,costs,False,True,evastating consequences for the small and new enterprises that are forced to shoulder the costs of a larger regulatory agenda. This in turn imposes a heavy burden on female entrepreneur,2023.0
term_22,22-451,20230724150316682_22-451_Brief_for_IWF-WLF_as_Amici_Curiae.pdf,23,19,costs,False,True,11 higher than the costs for large businesses.”19 Increased regulation thus burdens small businesses far more than,2023.0
term_22,22-451,20230724150316682_22-451_Brief_for_IWF-WLF_as_Amici_Curiae.pdf,25,79,costs,False,True,13 the size and scale that permit larger companies to better absorb regulatory costs. Female entrepreneurs also suffer disproportionately from the barriers to entry that burd,2023.0
term_22,22-451,20230915170918847_22-451bsUnitedStates.pdf,19,289,opinion_of_the_court,False,True,APPEALS FOR THE DISTRICT OF COLUMBIA CIRCUIT BRIEF FOR THE RESPONDENTS OPINIONS BELOW The opinion of the court of appeals (Pet. App. 1-37) is reported at 45 F.4th 359. The opinion of the district cour,2023.0
term_22,22-49,20220715142446442_Lora_v._United_States_-_Cert_Petition.pdf,1,217,mandate,False,True,"ates otherwise. 18 U.S.C. § 3584(a). Section 924(c)(1)(D)(ii) of Title 18 includes such a mandate, but only for sentences imposed “under this subsection.” Efrain Lora was convicted and se",2022.0
term_22,22-49,20220715142446442_Lora_v._United_States_-_Cert_Petition.pdf,1,398,mandate,False,True,"and sentenced under a different subsection, Section 924(j), which does not include such a mandate. Lora therefore argued that the district court had discretion to impose concurrent senten",2022.0
term_22,22-49,20220715142446442_Lora_v._United_States_-_Cert_Petition.pdf,16,312,mandate,False,True,"j) sentence consecutively with another sentence unless Section 924(c)(1)(D)(ii)’s limited mandate applies. B. Factual Background. On November 4, 2015, a grand jury in the Southern Distric",2022.0
term_22,22-49,20220715142454176_Lora_v._United_States_-_Cert_Petition_-_Appendix.pdf,2,193,judgment_is,True,True,"rdephe, J.). UPON DUE CONSIDERATION, IT IS HEREBY ORDERED, ADJUDGED, AND DECREED that the judgment of the district court is AFFIRMED. Efrain Lora appeals his conviction for offenses related to his par",2022.0
term_22,22-49,20221028132500285_22-49_Lora_Opp.pdf,6,262,opinion_of_the_court,False,True,PPEALS FOR THE SECOND CIRCUIT BRIEF FOR THE UNITED STATES IN OPPOSITION OPINION BELOW The opinion of the court of appeals (Pet. App. 1a-11a) is unreported but is available at 2022 WL 453368. JURISDICT,2022.0
term_22,22-500,20221123124025212_Great_Lakes_Insurance_SE_PETITION_FOR_A_WRIT_OR_CERTIORARI.pdf,100,19,so_ordered,True,False,"18a Appendix B AND IT IS SO ORDERED. /s/ Eduardo C. Robreno EDUARDO C. ROBRENO, J. Granting Defendant’s request would do litt",2023.0
term_22,22-506,20230104223046549_22-506_Biden_v._Nebraska_J.A._Final.pdf,7,450,costs,False,True,"ers in the top 60 percent of the income distribution.” Forgiving Student Loans: Budgetary Costs and Distributional Impact, Penn Wharton University of Pennsylvania (Aug. 23, 2022), https",2022.0
term_22,22-506,20230104223046549_22-506_Biden_v._Nebraska_J.A._Final.pdf,9,703,costs,False,True,"in losses to the federal treasury. See The Biden Student Loan Forgiveness Plan: Budgetary Costs and Distributional Impact, Penn Wharton University of Pennsylvania (Aug. 26, 2022), https",2022.0
term_22,22-506,20230104223046549_22-506_Biden_v._Nebraska_J.A._Final.pdf,125,260,costs,False,True,", University of Pennsylvania, entitled The Biden Student Loan Forgiveness Plan: Budgetary Costs and Distributional Impact. It was downloaded from https://budgetmodel. wharton.upenn.edu/",2022.0
term_22,22-506,20230104223046549_22-506_Biden_v._Nebraska_J.A._Final.pdf,126,70,costs,False,True,"107 EXHIBIT C
 108 The Biden Student Loan Forgiveness Plan: Budgetary Costs and Distributional Impact Summary: President Biden’s new student loan forgiveness plan in",2022.0
term_22,22-506,20230104223046549_22-506_Biden_v._Nebraska_J.A._Final.pdf,126,681,costs,False,True," details to be released and potential behavioral (i.e., “non-static”) changes, total plan costs could exceed $1 trillion. Key Points • We estimate that President Biden’s proposed studen",2022.0
term_22,22-506,20230104223046549_22-506_Biden_v._Nebraska_J.A._Final.pdf,127,56,costs,False,True,"109 an additional $70 billion, increasing total package costs to $605 billion. • However, depending on future details of the actual IDR program and con",2022.0
term_22,22-506,20230104223046549_22-506_Biden_v._Nebraska_J.A._Final.pdf,127,263,costs,False,True,"anges, the IDR program could add another $450 billion or more, thereby raising total plan costs to over $1 trillion. These details require future study. Introduction President Biden has",2022.0
term_22,22-506,20230104223046549_22-506_Biden_v._Nebraska_J.A._Final.pdf,235,666,costs,False,True,"n Congressional Budget Office has estimated that the Program will cost over $400 billion. Costs of Suspending Student Loan Payments and Canceling Debt, Cong. Budget Off. (Sept. 26, 2022",2022.0
term_22,22-506,20230104223046549_22-506_Biden_v._Nebraska_J.A._Final.pdf,235,917,costs,False,True,"igher at $469 billion to $519 billion. The Biden Student Loan Forgiveness Plan: Budgetary Costs and Distributional Impact, Penn Wharton, Univ. of Pa. (Aug. 26, 2022), https://bit. ly/ 3",2022.0
term_22,22-506,20230104223046549_22-506_Biden_v._Nebraska_J.A._Final.pdf,374,971,mandate,False,True,"n, 23 F.4th 585, 606-08 (6th Cir. 2022) (applying the major-questions doctrine to vaccine mandate for federal employees); Georgia v. President of the U.S., 46 F.4th 1283, 1295-96 (11th Ci",2022.0
term_22,22-506,20230111114724413_Brief_of_LAS_as_amicus_Final_Final.pdf,10,434,judgment_is,True,False,"titled “final judgment” with a single sentence that reads, in the case of affirmance “The judgment of the District Court is AFFIRMED, with costs, in accordance with the decision of this court entered ",2022.0
term_22,22-506,20230111123719748_2023-01-11_Nos._22-506_22-535_Amici_Curiae_Bray_and_Baude_Br.pdf,36,646,costs,False,True,"humdrum feature of a regulation count as a uniquely sovereign harm? Most regulations have costs. A State has no more, and no less, reason to fear harms to its bottom line from federal r",2022.0
term_22,22-506,20230111141538206_Brief_of_Amici_Curiae_Legal_Scholars_in_Support_of_Petitioners.pdf,37,923,mandate,False,True,"ers and modifications. Compare, e.g., NFIB, 142 S. Ct. at 666 (striking down OSHA vaccine mandate where “OSHA, in its half century of existence, ha[d] never before adopted a broad public ",2022.0
term_22,22-506,20230111141538206_Brief_of_Amici_Curiae_Legal_Scholars_in_Support_of_Petitioners.pdf,37,1119,mandate,False,True,"gulation” of that kind), with Biden v. Missouri, 142 S. Ct. at 653 (upholding HHS vaccine mandate where “the Secretary routinely imposes conditions of participation” on healthcare workers",2022.0
term_22,22-506,20230112111032891_43235_pdf_Ebner.pdf,10,393,costs,False,True,", the mass student debt cancellation will cost more than $400 billion. Cong. Budget Off., Costs of Suspending Student Loan Payments and Canceling Debt (Sept. 26, 2022).2 Other estimates",2022.0
term_22,22-529,20221205155237486_Cantero_Petition_Appendix.pdf,183,327,costs,False,True,rules for when state laws are and 1639d(g)(2)(C). The other refers to “applicable fees or costs” associated with not creating an escrow account or with closing an escrow account. Id. § ,2023.0
term_22,22-529,20221205155237486_Cantero_Petition_Appendix.pdf,231,536,slip_op,False,True,"otion. See, e.g., Palin v. N.Y. Times Co., 2019 WL 3558545, at *3 (2d Cir. Aug. 6, 2019) (slip op.) (Under Rule 12(b), “matters outside the pleadings” are not to be considered on motions t",2023.0
term_22,22-529,20230830163453839_22-349_22-529_Flagstar_Bank_v._Kivett_Cantero_v._Bank_of_America.pdf,17,1272,petition_for_rehearing,False,True,"accordingly. Flagstar D. Ct. Doc. 227 (June 3, 2022). The Ninth Circuit denied Flagstar’s petition for rehearing en banc. Flagstar Pet. App. 75-76. 2. Cantero Respondent Bank of America is a federally",2023.0
term_22,22-535,20230104223200307_22-506tsUnitedStates.pdf,18,824,opinion_of_the_court,False,True,"R THE EIGHTH AND FIFTH CIRCUITS BRIEF FOR THE PETITIONERS OPINIONS BELOW In Nebraska, the opinion of the court of appeals (J.A. 160-167) is reported at 52 F.4th 1044. The order of the court of appeals",2022.0
term_22,22-535,20230104223306224_22-506_Biden_v._Nebraska_J.A._Final.pdf,42,977,costs,False,True,"icket to a middle-class life” through “post-high school education,” and address education costs that have been rising “[o]ver the last 40 years.” Cancellation Backgrounder, supra. The o",2022.0
term_22,22-535,20230104223306224_22-506_Biden_v._Nebraska_J.A._Final.pdf,107,325,costs,False,True,-Award IDIQ Contract Contract No. 91003120D0002 SECTION B—SUPPLIES OR SERVICES AND PRICES/COSTS 1.0 CONSIDERATION AND PAYMENT This is an Indefinite Delivery/Indefinite Quantity (IDIQ) c,2022.0
term_22,22-535,20230104223306224_22-506_Biden_v._Nebraska_J.A._Final.pdf,131,1357,costs,False,True,"it had sufficient information (i.e., switched from “opt in” to “opt out”), the additional costs of the IDR program alone could reasonably exceed $450 billion",2022.0
term_22,22-585,20221221180300269_Culley_Appendix_December_21_2022_EFile.pdf,133,191,petition_for_rehearing,False,True,"dge
 App.74a ORDER OF THE UNITED STATES COURT OF APPEALS FOR THE ELEVENTH CIRCUIT DENYING PETITION FOR REHEARING EN BANC (AUGUST 30, 2022) IN THE UNITED STATES COURT OF APPEALS FOR THE ELEVENTH CIRCUI",2023.0
term_22,22-585,20230120114400261_22-585_Culley_PLF_AC_Brief.pdf,32,1212,mandate,False,True,"ing would have restored their property to them, a result that combines the constitutional mandate with a fair and just outcome.7 7 A post-deprivation hearing is not a get-out-of-impound-f",2023.0
term_22,22-585,20230622152151761_Culley_v._Marshall_Joint_Appendix_FILE.pdf,136,1056,costs,False,True,"t was previously entered against Defendant Tayjon Culley, so this order is a final order. Costs are remitted. DONE this 30th day of October, 2020. /s/ MICHAEL A. YOUNGPETER CIRCUIT JUDG",2023.0
term_22,22-58,20220912201922622_22-58tsUnitedStates.pdf,18,480,opinion_of_the_court,False,True,TATES COURT OF APPEALS FOR THE FIFTH CIRCUIT BRIEF FOR THE PETITIONERS OPINIONS BELOW The opinion of the court of appeals denying a stay (J.A. 451-486) is reported at 40 F.4th 205. The memorandum and ,2022.0
term_22,22-58,20220912202039589_22-58_U.S._v._Texas_J.A._with_foldouts.pdf,46,599,judgment_issued,True,False,"rica, filed. (Kirschner, Adam) (Entered: 02/03/2022) * * * * * 2/11/22 183 Order of USCA; Judgment issued as mandate February 11, 2022 re: 81 Notice of Appeal; USCA No. 21-40618. IT IS ORDERED th",2022.0
term_22,22-58,20220912202039589_22-58_U.S._v._Texas_J.A._with_foldouts.pdf,592,1344,so_ordered,True,False,"it any relief to remand without vacatur or, in the alternative, remand with vacatur.
 403 It is SO ORDERED. Signed on June 10, 2022. /s/ DREW B. TIPTON DREW B. TIPTON UNITED STATES DISTRICT JUDGE",2022.0
term_22,22-58,20220912202039589_22-58_U.S._v._Texas_J.A._with_foldouts.pdf,593,4,so_ordered,True,False,"403 It is SO ORDERED. Signed on June 10, 2022. /s/ DREW B. TIPTON DREW B. TIPTON UNITED STATES DISTRICT JUDGE
",2022.0
term_22,22-58,20220912202039589_22-58_U.S._v._Texas_J.A._with_foldouts.pdf,594,926,so_ordered,True,False,"ays from the date of entry to allow the Defendants to seek relief at the appellate level. It is SO ORDERED. Signed on June 10, 2022. /s/ DREW B. TIPTON DREW B. TIPTON United States District Judge",2022.0
term_22,22-58,20220912202039589_22-58_U.S._v._Texas_J.A._with_foldouts.pdf,660,523,so_ordered,True,False,"hether an additional stay should be entered. The Court DENIES all other requested relief. It is SO ORDERED. Signed on June 14, 2022. /s/ DREW B. TIPTON DREW B. TIPTON United States District Judge",2022.0
term_22,22-611,20221229135211646_LINDKE_Appendix.pdf,56,355,petition_for_rehearing,False,True,"____________ ORDER BEFORE: GUY, THAPAR, and READLER, Circuit Judges. The court received a petition for rehearing en banc. The original panel has reviewed the petition for rehearing and concludes that ",2023.0
term_22,22-611,20221229135211646_LINDKE_Appendix.pdf,56,423,petition_for_rehearing,False,True, The court received a petition for rehearing en banc. The original panel has reviewed the petition for rehearing and concludes that the issues raised in the petition were fully considered upon the ori,2023.0
term_22,22-611,20230623142340274_22-611_--_FINAL_Pet_Merits_Brief_camera_ready_rtf.pdf,13,222,opinion_of_the_court,False,True,STATES COURT OF APPEALS FOR THE SIXTH CIRCUIT BRIEF FOR THE PETITIONER OPINIONS BELOW The opinion of the court of appeals (Pet. App. 1a-12a) is published at 37 F.4th 1199. The court’s order denying re,2023.0
term_22,22-660,20230113133947078_No._22-_Murray_Appendix_pdfa.pdf,8,1344,costs,False,True,e jury’s advisory verdict on damages. Murray then moved for statutory attorney’s fees and costs,2023.0
term_22,22-660,20230113133947078_No._22-_Murray_Appendix_pdfa.pdf,9,290,costs,False,True,"e jury’s advisory verdict on damages. Murray then moved for statutory attorney’s fees and costs. The district court entered judgment, awarding Murray $1,769,387.52 in attorney’s fees an",2023.0
term_22,22-660,20230113133947078_No._22-_Murray_Appendix_pdfa.pdf,9,387,costs,False,True,"The district court entered judgment, awarding Murray $1,769,387.52 in attorney’s fees and costs, as well as $653,300 in back pay, no front pay, and $250,000 in non-economic damages— ide",2023.0
term_22,22-674,20230830130701479_22-674bsUnitedStates.pdf,14,846,opinion_of_the_court,False,True,"TS BRIEF FOR THE ATTORNEY GENERAL OPINIONS BELOW In Campos-Chaves v. Garland, the amended opinion of the court of appeals (Campos-Chaves Pet. App. 1a2a) is reported at 54 F.4th 314. A prior opinion of",2023.0
term_22,22-674,20230830130701479_22-674bsUnitedStates.pdf,14,946,opinion_of_the_court,False,True, the court of appeals (Campos-Chaves Pet. App. 1a2a) is reported at 54 F.4th 314. A prior opinion of the court of appeals (Campos-Chaves Pet. App. 3a-4a) is reported at 43 F.4th 447. The decisions of ,2023.0
term_22,22-674,20231117141706794_22-674rbUnitedStates.pdf,52,389,mandate,False,True,"ves Br. 37), or any other linguistic rules, require reading Section 1229a(b)(5)(C)(ii) to mandate that noncitizens show they did not receive valid notice under both paragraph (1) and para",2023.0
term_22,22-674,20240612111810736_22-674_BIO_Campos-Chaves_032423.1.pdf,5,282,opinion_of_the_court,False,True,OURT OF APPEALS FOR THE FIFTH CIRCUIT BRIEF FOR THE RESPONDENT OPINIONS BELOW The amended opinion of the court of appeals (Pet. App. 1a-2a) is reported at 54 F.4th 314. A prior opinion of the court of,2023.0
term_22,22-704,20230127152800116_Vidal_v._Elster_012623.3.pdf,9,684,opinion_of_the_court,False,True,"e United States Court of Appeals for the Federal Circuit in this case. OPINIONS BELOW The opinion of the court of appeals (App., infra, 1a21a) is reported at 26 F.4th 1328. The decisions of the Tradem",2023.0
term_22,22-704,20230127152800116_Vidal_v._Elster_012623.3.pdf,139,993,petition_for_rehearing,False,True," Elster. The petition was referred to the panel that heard the appeal, and thereafter the petition for rehearing en banc was referred to the circuit judges who are in regular active service.
 66a Upon",2023.0
term_22,22-704,20230725195926740_22-704tsUnitedStates.pdf,12,339,opinion_of_the_court,False,True,ATES COURT OF APPEALS FOR THE FEDERAL CIRCUIT BRIEF FOR THE PETITIONER OPINIONS BELOW The opinion of the court of appeals (Pet. App. 1a-21a) is reported at 26 F.4th 1328. The decisions of the United S,2023.0
term_22,22-714,20230130164704445_1.30_Calcutt_Petition.pdf,35,245,mandate,False,True,"ibition order. The FDIC refused. Mr. Calcutt then requested the Sixth Circuit to stay the mandate pending this Court’s resolution of this petition. The panel, again in a 2-1 decision over",2022.0
term_22,22-714,20230130164704445_1.30_Calcutt_Petition.pdf,35,509,mandate,False,True,"this Court, Mr. Calcutt filed an application for a stay and recall of the Sixth Circuit’s mandate pending a petition for a writ of certiorari. No. 22A255, Application for Stay and to Reca",2022.0
term_22,22-714,20230130164704445_1.30_Calcutt_Petition.pdf,35,609,mandate,False,True,"nding a petition for a writ of certiorari. No. 22A255, Application for Stay and to Recall Mandate (Sept. 22, 2022). The government agreed that the application should be granted based on t",2022.0
term_22,22-714,20230130164704445_1.30_Calcutt_Petition.pdf,35,1247,mandate,False,True, Justice Kavanaugh granted Mr. Calcutt’s application and ordered that the Sixth Circuit’s mandate be recalled and stayed pending the disposition of this petition for a writ of certiorari.,2022.0
term_22,22-714,20230130164739630_Calcutt_Pet.App..pdf,1,555,opinion_of_the_court,False,True,"KIRSCHBAUM & NAGELBERG LLP, Chicago, Illinois, for Amici Curiae. BOGGS, J., delivered the opinion of the court in which GRIFFIN, J., joined. MURPHY, J.(pp. 54–91), delivered a separate dissenting opin",2022.0
term_22,22-714,20230130164739630_Calcutt_Pet.App..pdf,3,385,mandate,False,True,"n, 141 S. Ct. 1761, 1789 (2021). We also conclude that his 2019 hearing satisfied Lucia’s mandate. As for the limits on cross-examination at that hearing, any error committed by the ALJ w",2022.0
term_22,22-714,20230130164739630_Calcutt_Pet.App..pdf,200,117,costs,False,True,"29, 236–38 (2011). They point out that Calcutt’s remedy would impose heavy administrative costs (because it would require inefficient, duplicative processes). They add that it would off",2022.0
term_22,22-714,20230130164739630_Calcutt_Pet.App..pdf,208,446,costs,False,True," 1979 (2021). But no provision—not even a constitutional one—“pursues its purposes at all costs.” Hernandez, 140 S. Ct. at 741–42 (citation omitted). And Calcutt’s remedy comes with its",2022.0
term_22,22-714,20230130164739630_Calcutt_Pet.App..pdf,208,591,costs,False,True,ed). And Calcutt’s remedy comes with its burdens too. It would add to the “administrative costs” already associated with the,2022.0
term_22,22-714,20230130164739630_Calcutt_Pet.App..pdf,247,295,mandate,False,True,"t Judge; MURPHY, Circuit Judge; Upon consideration of the petitioner’s motion to stay the mandate, It is ORDERED that the motion is DENIED. Judge Murphy would grant the motion to stay the",2022.0
term_22,22-714,20230130164739630_Calcutt_Pet.App..pdf,247,393,mandate,False,True," It is ORDERED that the motion is DENIED. Judge Murphy would grant the motion to stay the mandate. ENTERED BY ORDER OF THE COURT Deborah S. Hunt, Clerk Issued: September 21, 2022 /s/Debor",2022.0
term_22,22-714,20230130164739630_Calcutt_Pet.App..pdf,247,742,petition_for_rehearing,False,True,"ION, Respondent. BEFORE: BOGGS, GRIFFIN, and MURPHY, Circuit Judges. The court received a petition for rehearing en banc. The original panel has reviewed the petition for rehearing and concludes that ",2022.0
term_22,22-714,20230130164739630_Calcutt_Pet.App..pdf,247,810,petition_for_rehearing,False,True, The court received a petition for rehearing en banc. The original panel has reviewed the petition for rehearing and concludes that the issues raised in the petition were fully considered upon the ori,2022.0
term_22,22-714,20230130164739630_Calcutt_Pet.App..pdf,364,256,costs,False,True,"ll Reports and supplemental analyses of the Bank’s lending operations. Coupled with these costs to the Bank, Mr. Calcutt by his actions in concealing the true nature of a series of lend",2022.0
term_22,22-714,20230130164739630_Calcutt_Pet.App..pdf,812,243,so_ordered,True,False,"ured depository institution for the civil money penalty assessed and paid in this matter. IT IS SO ORDERED. Dated at Washington, D.C., this ___ day of _________, 20__. _________________________ Bo",2022.0
term_22,22-714,20230403162750485_22-714_Calcutt_v._Fed._Deposit_Insurance_Corp.pdf,6,269,opinion_of_the_court,False,True,STATES COURT OF APPEALS FOR THE SIXTH CIRCUIT BRIEF FOR THE RESPONDENT OPINIONS BELOW The opinion of the court of appeals (Pet. App. 1a126a) is reported at 37 F.4th 293. The decision of the Board of D,2022.0
term_22,22-800,20230221100735190_USSC_Petition_for_Writ_of_Certiroari.pdf,166,697,costs,False,True,"e 2017 year in the amount of $14,729, plus statutory interest; 46. Award the Moores their costs in this action; Enter such other further relief to which the Moores may be entitled as a ",2023.0
term_22,22-800,20230516164014148_22-800_Moore_v._USA.pdf,11,277,opinion_of_the_court,False,True,PPEALS FOR THE NINTH CIRCUIT BRIEF FOR THE UNITED STATES IN OPPOSITION OPINIONS BELOW The opinion of the court of appeals (Pet. App. 1-20) is reported at 36 F.4th 930. The order of the district court ,2023.0
term_22,22-800,20230906124707208_Moore_v._United_States_Amicus_Brief_Final.pdf,4,311,petition_for_rehearing,False,True,"re v. United States, 53 F.4th 507 (9th Cir. 2022) (Bumatay, J., dissenting from denial of petition for rehearing en banc) ........................ 12 New York State Rifle & Pistol Ass’n, Inc. v. Bruen",2023.0
term_22,22-800,20230906124707208_Moore_v._United_States_Amicus_Brief_Final.pdf,27,1311,petition_for_rehearing,False,True," United States, 53 F.4th 507, 511 (9th Cir. 2022) (Bumatay, J., dissenting from denial of petition for rehearing en banc) (concluding that definitions framed in terms of “‘gain which proceeds from” ce",2023.0
term_22,22-800,20230906151353201_22-800_tsac_Meese_Final.pdf,37,1202,mandate,False,True,"567 U.S. 519 (2012). There, a majority of the Court agreed that the Affordable Care Act’s mandate that people buy health insurance exceeded congressional power under the Commerce and Nece",2023.0
term_22,22-800,20230906151353201_22-800_tsac_Meese_Final.pdf,38,272,mandate,False,True,"Commerce and Necessary and Proper Clauses. The Chief Justice concluded, however, that the mandate could be considered to be a tax, and he upheld it as a direct tax because it was not a ca",2023.0
term_22,22-800,20231016195041390_22-800bsUnited_States.pdf,19,262,opinion_of_the_court,False,True,TES COURT OF APPEALS FOR THE NINTH CIRCUIT BRIEF FOR THE UNITED STATES OPINIONS BELOW The opinion of the court of appeals (Pet. App. 1-20) is reported at 36 F.4th 930. The order of the district court ,2023.0
term_22,22-807,20230223140757233_Corrected_Alexander_v._S.C._State_Conference_of_the_NAACP_-_Jurisdiction_eeb28e2d.pdf,16,337,so_ordered,True,False,til 30 days after a final decision in this matter of the United States Supreme Court. AND IT IS SO ORDERED. s/ Mary Geiger Lewis Mary Geiger Lewis United States District Judge s/ Toby J. Heytens T,2023.0
term_22,22-807,20230223140757233_Corrected_Alexander_v._S.C._State_Conference_of_the_NAACP_-_Jurisdiction_eeb28e2d.pdf,94,822,so_ordered,True,False," present the Court with a remedial map for consideration on or before March 31, 2023. AND IT IS SO ORDERED.
 49a __________________________ Mary Geiger Lewis United States District Judge _________",2023.0
term_22,22-842,20240116170640165_NRA_v_Vullo_merits_amicus_brief.pdf,34,978,mandate,False,True,nsurance — it is now literally impossible to obtain the kind of coverage that A-581 would mandate.20 A mandatory insurance requirement would make the exercise of Second Amendment rights c,2023.0
term_22,22-842,20240603163337432_22-842_Appx.pdf,157,874,so_ordered,True,False,"ment claims, and the appeal of Judge Hummel’s decision granting leave to amend is denied. IT IS SO ORDERED. Dated: March, 15, 2021 /s/ Thomas J. McAvoy Thomas J. McAvoy Senior, U.S. District Judge",2023.0
term_22,22-842,20240603163337432_22-842_Appx.pdf,185,549,costs,False,True,"without limitation, damages due to reputational harm, increased development and marketing costs for any potential new NRA-endorsed insurance,” id. ¶ 69, ¶ 111 (same), and “lost royalty ",2023.0
term_22,22-842,20240603163337432_22-842_Appx.pdf,322,409,so_ordered,True,False,"conomic advantage claims against Gov. Cuomo and Supt. Vullo are dismissed with prejudice. IT IS SO ORDERED. Dated: November 6, 2018 /s/ Thomas J. McAvoy Thomas J. McAvoy Senior, U.S. District Judg",2023.0
term_22,22-842,20240603163337432_22-842_Appx.pdf,443,812,costs,False,True,"at may come next. The legal fees to clear your good name could be enormous. Likewise, the costs of defending and potentially losing a civil lawsuit could cripple your finances for the r",2023.0
term_22,22-859,20230308164750050_Jarkesy.pet_Final.pdf,10,1117,petition_for_rehearing,False,True,"5304908. JURISDICTION The judgment of the court of appeals was entered on May 18, 2022. A petition for rehearing was denied on October 21, 2022. On January 6, 2023, Justice Alito extended the time wit",2023.0
term_22,22-859,20230308164750050_Jarkesy.pet_Final.pdf,10,611,opinion_of_the_court,False,True,"URT OF APPEALS FOR THE FIFTH CIRCUIT PETITION FOR A WRIT OF CERTIORARI OPINIONS BELOW The opinion of the court of appeals (App., infra, 1a62a) is reported at 34 F.4th 446. The order of the court of ap",2023.0
term_22,22-859,20230308164750050_Jarkesy.pet_Final.pdf,170,456,petition_for_rehearing,False,True,"Petition for Review of an Order of the Securities and Exchange Comm Agency No. 3-15255 ON PETITION FOR REHEARING EN BANC Before: DAVIS, ELROD, and OLDHAM, Circuit Judges. PER CURIAM: Treating the peti",2023.0
term_22,22-859,20230308164750050_Jarkesy.pet_Final.pdf,170,562,petition_for_rehearing,False,True,"EARING EN BANC Before: DAVIS, ELROD, and OLDHAM, Circuit Judges. PER CURIAM: Treating the petition for rehearing en banc as a petition for panel rehearing (5TH CIR. R. 35 I.O.P.), the petition for pan",2023.0
term_22,22-859,20230308164750050_Jarkesy.pet_Final.pdf,274,418,costs,False,True,"ecognizing that even when a respondent may be “ ‘entitled to a deduction for all marginal costs incurred in producing the revenues that are subject to disgorgement,’ ” the respondent mu",2023.0
term_22,22-859,20230308164750050_Jarkesy.pet_Final.pdf,319,383,mandate,False,True," discretionary decisionmaking authority that the Commission exercises in carrying out its mandate to enforce—i.e., execute—the law,168 akin to the Commission’s decisions regarding whether",2023.0
term_22,22-859,20230822142355247_SABINO_AMICUS_Jarkesy_BRIEF.pdf,34,613,slip_op,False,True,"ular petitioner, and more about the conjoined action, SEC v. Cochran (No. 21-1239). Axon, slip op. at 4. Therein Michelle Cochran, a certified public accountant, having already received an",2023.0
term_22,22-859,20230822142355247_SABINO_AMICUS_Jarkesy_BRIEF.pdf,34,993,slip_op,False,True,"ncy’s administrative law judges held office in violation of the Appointments Clause. Id., slip op. at 4. See also Anthony Michael Sabino, “Challenging Agency Power: ‘Axon,’ Part 2,” 269 Ne",2023.0
term_22,22-859,20230828183013049_22-859tsUnitedStates.pdf,23,771,petition_for_rehearing,False,True,"5304908. JURISDICTION The judgment of the court of appeals was entered on May 18, 2022. A petition for rehearing was denied on October 21, 2022 (Pet. App. 63a-70a). On January 6, 2023, Justice Alito e",2023.0
term_22,22-859,20230828183013049_22-859tsUnitedStates.pdf,23,275,opinion_of_the_court,False,True,STATES COURT OF APPEALS FOR THE FIFTH CIRCUIT BRIEF FOR THE PETITIONER OPINIONS BELOW The opinion of the court of appeals (Pet. App. 1a-62a) is reported at 34 F.4th 446. The order of the court of appe,2023.0
term_22,22-859,20230828183013049_22-859tsUnitedStates.pdf,44,866,petition_for_rehearing,False,True,"lely adjudicative functions.” Id. at 58a. 4. The court of appeals denied the Commission’s petition for rehearing en banc by a vote of 10-6. Pet. App. 63a-64a. Judge Haynes, joined by four other judges",2023.0
term_22,22-859,20230905163641374_AALJ_Amicus_Final.pdf,31,372,slip_op,False,True,"utionality of the Comm’r of Soc. Sec.’s Tenure Prot., 45 Op. O.L.C., at 1 (July 8, 2021) (slip op.).4 Jettisoning removal protections that preserve core criteria of neutrality and independ",2023.0
term_22,22-859,20231011140507326_22-859_Respondents_Brief.pdf,20,782,opinion_of_the_court,False,True,or the Fifth Circuit _____________ BRIEF FOR RESPONDENTS _____________ OPINIONS BELOW The opinion of the court of appeals is reported at 34 F.4th 446 (Pet. App. 1a-62a). The order of the court of appe,2023.0
term_22,22-888,20230313150838514_PETITION_FOR_A_WRIT_OF_CERTIORARI.pdf,11,529,opinion_of_the_court,False,True,"disill v. McDonough, 55 F.4th 879 (Fed. Cir. 2022), and reproduced at Pet.App.1a–47a. The opinion of the Court of Appeals for Veterans Claims reversing the decision of the Board of Veterans’ Appeals i",2023.0
term_22,22-888,20230313150838514_PETITION_FOR_A_WRIT_OF_CERTIORARI.pdf,76,370,costs,False,True,"efits to 10 months and 16 days, the amount of his unused Montgomery entitlement. REVERSED Costs No costs. 8. Mr. Rudisill suggests that the government’s position is contrary to its own ",2023.0
term_22,22-888,20230313150838514_PETITION_FOR_A_WRIT_OF_CERTIORARI.pdf,76,379,costs,False,True,"10 months and 16 days, the amount of his unused Montgomery entitlement. REVERSED Costs No costs. 8. Mr. Rudisill suggests that the government’s position is contrary to its own regulatio",2023.0
term_22,22-888,20230313150838514_PETITION_FOR_A_WRIT_OF_CERTIORARI.pdf,307,585,petition_for_rehearing,False,True," Accordingly, It is Ordered That: (1) The petition for panel rehearing is denied. (2) The petition for rehearing en banc is granted. (3) The panel opinion in Rudisill v. McDonough, 4 F.4th 1297 (Fed. ",2023.0
term_22,22-888,20230911181052651_22-888bsUnitedStates.pdf,12,356,opinion_of_the_court,False,True,inion of the en banc court of appeals (Pet. App. 1a-47a) is reported at 55 F.4th 879. The opinion of the court of appeals panel (Pet. App. 48a-69a) is reported at 4 F.4th 1297. The opinion of the Cour,2023.0
term_22,22-913,20230317145859330_2_Appendix_Devillier.pdf,4,737,opinion_of_the_court,False,True," be denied. See Dkt. 26. That Memorandum and Recommendation was ultimately adopted as the opinion of the Court. See Dkt. 35. A short time after the Devillier Plaintiffs brought this lawsuit, other pro",2023.0
term_22,22-913,20230317145859330_2_Appendix_Devillier.pdf,49,449,mandate,False,True,"21 Enclosed is an order entered in this case. See FRAP and Local Rules 41 for stay of the mandate.
 39a Sincerely, LYLE W. CAYCE, Clerk /s/ Dantrell L. Johnson By: Dantrell L. Johnson, De",2023.0
term_22,22-913,20231113142349092_Devillier_-_Statement_of_Costs_w_Proof_of_Service_PDFA_11.13.23.pdf,0,299,costs,False,True,"e been served, on this 13th day of November, 2023, one copy of the foregoing STATEMENT OF COSTS by placing said copy in the U.S. mail, first class postage prepaid, addressed as listed b",2023.0
term_22,22-915,20230814194714856_22-915_U.S._v._Rahimi.pdf,31,623,opinion_of_the_court,False,True,ATES COURT OF APPEALS FOR THE FIFTH CIRCUIT BRIEF FOR THE UNITED STATES OPINION BELOW The opinion of the court of appeals (Pet. App. 1a-41a) is published at 61 F.4th 443. JURISDICTION The judgment of ,2023.0
term_22,22-915,20230814194956129_U.S._v._Rahimi_J.A.pdf,3,810,so_ordered,True,False,"hould be excluded from this protective order pursuant to § 85.007, Texas Family Code, and it is so ORDERED. Communication The Court finds good cause exists to prohibit Respondent from communicatin",2023.0
term_22,22-915,20230814194956129_U.S._v._Rahimi_J.A.pdf,3,992,so_ordered,True,False,"m communicating in any manner with Applicant pursuant to § 85.022, Texas Family Code, and it is so ORDERED. Orders It is ORDERED that Zackey Rahimi, Respondent, is hereby IMMEDIATELY PROHIBITED fr",2023.0
term_22,22-96,20220720143446058_Petition.pdf,54,371,costs,False,True, distract the Board from its statutory mission and to impose significant additional legal costs on the taxpayers of Puerto Rico—results that will undercut Puerto Rico’s ability to recov,2022.0
term_22,22-96,20220720143446058_Petition.pdf,143,801,costs,False,True,"ismo Investigativo, Inc.’s 2019 complaint on the basis of sovereign immunity is affirmed. Costs to Centro De Periodismo Investigativo, Inc.
 51a Appendix B By the Court: Maria R. Hamilt",2022.0
term_22,22-96,20220720143446058_Petition.pdf,144,590,petition_for_rehearing,False,True,"RT Entered: June 7, 2022 Pursuant to First Circuit Internal Operating Procedure X(C), the petition for rehearing en banc has also been treated as a petition for rehearing before the * Chief Judge Barr",2022.0
term_22,22-96,20220720143446058_Petition.pdf,144,648,petition_for_rehearing,False,True,"l Operating Procedure X(C), the petition for rehearing en banc has also been treated as a petition for rehearing before the * Chief Judge Barron and Judge Gelpí are recused and did not participate in ",2022.0
term_22,22-96,20220720143446058_Petition.pdf,183,1016,mandate,False,True," of its power when legislating for the territories. This power comes for a constitutional mandate to oversee the territories and make any regulations to help administer them. Thus, Congre",2022.0
term_22,22-96,20220720143446058_Petition.pdf,216,917,mandate,False,True,"n people and, as such, must comply with Puerto Rico law that is not inconsistent with its mandate. PROMESA § 4. Congress, pursuant to its plenary powers, could have drafted PROMESA in man",2022.0
term_22,22-96,20220720143446058_Petition.pdf,216,1377,costs,False,True,"ern with Puerto Rico’s lack of transparency and unaudited financial 24. In all actuality, costs should not be an issue as the government of Puerto Rico funds the Board and all its opera",2022.0
term_22,22-96,20220720143446058_Petition.pdf,224,448,so_ordered,True,True,"nts of Local Rule 26(b) and have adequately justified any request for a protective order. IT IS SO ORDERED. In San Juan, Puerto Rico, this Friday, May 04, 2018. s/ Jay A. Garcia-Gregory JAY A. GAR",2022.0
term_22,22-96,20220728130555091_20220728-130335-95757268-00000673.pdf,49,16,so_ordered,True,True,"169a Appendix I IT IS SO ORDERED. In San Juan, Puerto Rico, this 31st day of July, 2019. S/Bruce J. McGiverin BRUCE J.MCGI",2022.0
term_22,22-96,20221117194009953_22-096_Joint_Appendix.pdf,16,197,mandate,False,True,t Financial Oversight and Management Board for Puerto Rico’s (the Board’s) motion to stay mandate is granted in part. The issuance of the mandate is hereby stayed for 30 days from the dat,2022.0
term_22,22-96,20221117194009953_22-096_Joint_Appendix.pdf,16,245,mandate,False,True,uerto Rico’s (the Board’s) motion to stay mandate is granted in part. The issuance of the mandate is hereby stayed for 30 days from the date of this order. If a timely petition for certio,2022.0
term_22,22-96,20221117194009953_22-096_Joint_Appendix.pdf,16,388,mandate,False,True," this order. If a timely petition for certiorari is filed within that period, the stay of mandate shall continue until final disposition by the United States Supreme Court. If the petitio",2022.0
term_22,22-96,20221117194009953_22-096_Joint_Appendix.pdf,66,917,costs,False,True,"ismo Investigativo, Inc.’s 2019 complaint on the basis of sovereign immunity is AFFIRMED. Costs to Centro De Periodismo Investigativo, Inc. (mcm) (Entered: 05/18/2022)",2022.0
term_22,22-96,20221117194009953_22-096_Joint_Appendix.pdf,67,30,mandate,False,True,65a Appendix A 06/21/2022 148 MANDATE of USCA as to 134 Notice of Interlocutory Appeal filed by Financial Oversight and Managem,2022.0
term_22,22-96,20221117194009953_22-096_Joint_Appendix.pdf,67,398,mandate,False,True,"led by Financial Oversight and Management Board for Puerto Rico entered on 6/14/2022; The mandate entered on June 14, 2022 is administratively recalled as it issued in error. (mcm) (Enter",2022.0
term_22,22-96,20221117194009953_22-096_Joint_Appendix.pdf,74,878,opinion_of_the_court,False,True,"GOVERNOR OF PUERTO RICO; COMMONWEALTH OF PUERTO RICO, Petitioners. CC-2017-668 Certiorari Opinion of the Court issued by the Associate Judge Mr. FELIBERTI CINTRON (Rule 50) In San Juan, Puerto Rico, o",2022.0
term_22,22-96,20221117194009953_22-096_Joint_Appendix.pdf,113,869,mandate,False,True,de in the people and that the governors exercise their duties for the people and by their mandate. The people governing itself would be bad if the people were not aware of what happened i,2022.0
term_22,22-976,20230406221131265_Garland_v._Cargill_petition.pdf,353,795,so_ordered,True,False,"constitutes final judgment in this case, and the case is hereby DISMISSED WITH PREJUDICE. IT IS SO ORDERED. DATED: Austin, Texas, Nov. 23, 2020 /s/ DAVID ALAN EZRA David Alan Ezra Senior United St",2023.0
term_22,22-976,20231218165513713_22-976tsUnitedStates.pdf,10,349,opinion_of_the_court,False,True,inion of the en banc court of appeals (Pet. App. 1a-71a) is reported at 57 F.4th 447. The opinion of the court of appeals panel (Pet. App. 72a-91a) is reported at 20 F.4th 1004. The opinion of the dis,2023.0
term_22,22O145,20211118144218253_Moneygram_Appendix_11.18.21_-_Volume_I.pdf,383,1039,costs,False,True,"oned MoneyGram Official Checks should be remitted to the State of Delaware. D. Grant such costs and other relief as the Court deems just and proper. Respectfully submitted, MATTHEW P. D",2022.0
term_22,22O145,20211118144218253_Moneygram_Appendix_11.18.21_-_Volume_I.pdf,390,294,so_ordered,True,False,"tes only to the potential amount of damages may not be sought during the liability phase. IT IS SO ORDERED. /s/ PIERRE N. LEVAL, Special Master Thurgood Marshall United States Courthouse 40 Foley ",2022.0
term_22,22O145,20211118144249854_Moneygram_Appendix_11.18.21_-_Volume_II.pdf,411,989,so_ordered,True,False,"er for the quorum call be rescinded. The ACTING PRESIDENT pro tempore. Without objection, it is so ordered.",2022.0
term_22,22O145,20211227144422902_145_146OriginalacUnclaimedPropertyProfesionalsOrganization.pdf,41,23,costs,False,True,"19 attorneys’ fees and costs”); Treasury Department of the Commonwealth v. Delaware State Escheator, Case 1:16-cv-0035",2022.0
term_22,22O145,20211227144422902_145_146OriginalacUnclaimedPropertyProfesionalsOrganization.pdf,41,297,costs,False,True,"plus interest at 12% per annum, penalties of $1000 [sic] per day, and attorneys’ fees and costs”). In light of the ambiguity over the scope of the Disposition Act, it would be unfair to",2022.0
term_22,22O145,20220119140401873_Delaware_v._Pennsylvania_Sur-reply_1-19-22_Final.pdf,42,690,costs,False,True,". Br. 49. This Court should not adopt Defendants’ case-bycase approach, which poses undue costs and uncertainty on holders, States, and this Court. 2. Delaware’s interpretation of the F",2022.0
term_22,22O145,20241122112621775_Supreme_Court_-_Delaware_v_Arkansas_-_Dismissal_Stipulation.pdf,0,369,costs,False,True,"te that this case be dismissed. All fees have been paid, and each party will bear its own costs. The parties accordingly respectfully request that the Clerk enter an order of dismissal ",2022.0
term_22,22O156,20220829141226267_20O156_NYSA_Amici_Brief_Final.pdf,5,587,costs,False,True,"es: Containers and Terrorism, in Protecting the Nation’s Seaports: Balancing Security and Costs 91 (Jon D. Haveman & Howard J. Shatz eds., 2006), https://www.ppic.org/wpcontent/uploads/",2022.0
term_22,22O156,20220829162504548_156_OriginalbsacUnitedStates.pdf,54,281,mandate,False,True,"ent agreement of New York or repeal by Congress. Because the text of the Compact does not mandate that outcome, this Court should reject it under the “ ‘strong presumption’ against defeat",2022.0
term_22,22O156,20220829173419350_Brief_of_Amicus_Curiae_MMMCA.pdf,12,339,mandate,False,True,onsent on its own can abrogate state sovereignty by transforming a compact into a federal mandate. But that is not the case in other contexts where the Constitution requires congressional,2022.0
term_23,22-1008,20230413153239252_2023.04.13_-_Corner_Post_Petition_Final.pdf,24,502,costs,False,True,Post argues that the Board set the fee standard at 21 cents by basing it on four types of costs that Congress statutorily barred the Board from considering. App. 79-84. Corner Post aske,2023.0
term_23,22-1008,20230413153252222_Corner_Post_PFC_Apx.pdf,70,448,so_ordered,True,True,"nue is MOOT. Defendants’ earlier Motions to Dismiss or Change Venue are also MOOT. [¶ 44] IT IS SO ORDERED. DATED March 11, 2022. /s/ Daniel M. Traynor Daniel M. Traynor, District Judge United Sta",2023.0
term_23,22-1008,20230413153252222_Corner_Post_PFC_Apx.pdf,84,1051,costs,False,True," the Board could consider nonstatutory costs when setting an interchange fee, it included costs that the Durbin Amendment allowed the Board to account for elsewhere. Third, even if the ",2023.0
term_23,22-1008,20230413153252222_Corner_Post_PFC_Apx.pdf,84,1187,costs,False,True,"ard to account for elsewhere. Third, even if the Board were correct to consider all those costs, it set a single standard for all issuers when the Durbin Amendment plainly requires a ca",2023.0
term_23,22-1008,20230413153252222_Corner_Post_PFC_Apx.pdf,115,778,costs,False,True," II allows almost all covered issuers to charge interchange fees 6 times their actual ACS costs, covered issuers have continued to reap tens of billions of dollars in profits from inter",2023.0
term_23,22-1008,20230413153252222_Corner_Post_PFC_Apx.pdf,115,1279,costs,False,True,"d had followed Congress’s instructions and set the interchange fee to issuers’ actual ACS costs. III. Regulation II’s interchange fee exceeds the Board’s authority, is contrary to law, ",2023.0
term_23,22-1008,20230413153252222_Corner_Post_PFC_Apx.pdf,133,313,costs,False,True,y issuer recover the same amount—21 cents plus .05% of each transaction—regardless of the costs the issuer incurs for each transaction. That exceeds the Board’s statutory authority and ,2023.0
term_23,22-1008,20230413153252222_Corner_Post_PFC_Apx.pdf,133,743,costs,False,True,"cap. Regulation II, as confirmed by the Updated Rule, permits issuers to recover far more costs than the Durbin Amendment’s plain language allows. It exceeds the Board’s statutory autho",2023.0
term_23,22-1008,20230616132214160_22-1008_-_Corner_Post_v._Board_of_Governors_of_the_Federal_Reserve_System.pdf,9,292,opinion_of_the_court,False,True, APPEALS FOR THE EIGHTH CIRCUIT BRIEF FOR THE RESPONDENT IN OPPOSITION OPINIONS BELOW The opinion of the court of appeals (Pet. App. 1-15) is reported at 55 F.4th 634. The order of the district court ,2023.0
term_23,22-1008,20231113164723538_22-1008_Corner_Post_opening_merits_brief_Final.pdf,30,136,costs,False,True,oard exceeded its statutory authority by basing the fee cap on four types of nonstatutory costs that Congress barred the Board from considering. Pet.App.79-84. Corner Post asked the dis,2023.0
term_23,22-1008,20231120102314898_22-1008tsacNationalFederationOfIndependentBusinessSmallBusinessLegalCent_a66f39c6.pdf,47,1141,costs,False,True,"iness activity, such as the debit card-fee rule. For many businesses, the upfront assured costs to put itself in a position to challenge long-ago agency action would not be worth the po",2023.0
term_23,22-1008,20231213165432435_22-1008bsUnitedStates.pdf,16,263,opinion_of_the_court,False,True,TATES COURT OF APPEALS FOR THE EIGHTH CIRCUIT BRIEF FOR THE RESPONDENT OPINIONS BELOW The opinion of the court of appeals (Pet. App. 1-15) is reported at 55 F.4th 634. The opinion of the district cour,2023.0
term_23,22-1025,20230420105307703_Appendix.pdf,156,15,so_ordered,True,True,"97a Appendix C IT IS SO ORDERED. DATE: San Antonio, Texas, March 12, 2021. _________________________________ David Alan E",2023.0
term_23,22-1025,20230420105307703_Appendix.pdf,196,743,costs,False,True,"revino, II; John Siemens; and Alexander Wright. Sylvia also seeks her attorney’s fees and costs under 42 U.S.C. § 1988 as well as all other and further relief as the Court may deem just",2023.0
term_23,22-1025,20230608153325617_22-1025_Brief_in_Opp.pdf,15,487,petition_for_rehearing,False,True,erpretation of the facts in the record are detailed in Appellants’ Response to Appellee’s Petition for Rehearing En Banc. ECF Case: 2150276 Document: 00516511309. The dissent concluded that Nieves hol,2023.0
term_23,22-1025,20231211163518776_Brief_for_Petitioner.pdf,10,189,opinion_of_the_court,False,True, judgment of the United States Court of Appeals for the Fifth Circuit. OPINIONS BELOW The opinion of the court of appeals and the dissenting opinion are reported and available at 42 F.4th 487. Pet. Ap,2023.0
term_23,22-1025,20240131153348197_22-1025_Amicus_BOM_Texas_Association_-_PDFA.pdf,10,612,costs,False,True,"t them from efficiently carrying out their duties. Gonzalez’s approach will also increase costs to already under-resourced city and county governments. Those costs, in turn, will divert",2023.0
term_23,22-1025,20240131153348197_22-1025_Amicus_BOM_Texas_Association_-_PDFA.pdf,10,680,costs,False,True,"ch will also increase costs to already under-resourced city and county governments. Those costs, in turn, will divert important public resources away from governance and toward frivolou",2023.0
term_23,22-1025,20240131153348197_22-1025_Amicus_BOM_Texas_Association_-_PDFA.pdf,30,968,costs,False,True,enue of liability—as Gonzalez’s approach would do— will increase the already overwhelming costs that municipalities bear for section 1983 suits. “Many” section 1983 suits are already “f,2023.0
term_23,22-1074,20230502160239800_Final_Cert_Petition_PDFA.pdf,24,400,mandate,False,True,which it was imposed. App. A-4. This Petition concerns only his first claim for a writ of mandate under section 1094.5 of the California Code of Civil Procedure. Mr. Sheetz seeks a writ r,2023.0
term_23,22-1074,20230502160314229_Final_Appendix_Combined.pdf,1,482,mandate,False,True,the County’s demurrer without leave to amend and denied his verified petition for writ of mandate. He contends reversal is required because the TIM fee is invalid under both the Mitigatio,2023.0
term_23,22-1074,20230502160314229_Final_Appendix_Combined.pdf,5,313,mandate,False,True,"letters. Procedural Background In June 2017, Sheetz filed a verified petition for writ of mandate and complaint for declaratory and injunctive relief, alleging seven causes of action chal",2023.0
term_23,22-1074,20230502160314229_Final_Appendix_Combined.pdf,6,91,costs,False,True, Sheetz further asserted that the fee violated the Mitigation Fee Act because it included costs attributable to existing deficiencies in the County’s “traffic infrastructure.” As for hi,2023.0
term_23,22-1074,20230502160314229_Final_Appendix_Combined.pdf,7,387,mandate,False,True,"nt evidence. Sheetz sought various relief, including the issuance of a peremptory writ of mandate directing the County to refund the fee, an order declaring that the County failed to demo",2023.0
term_23,22-1074,20230502160314229_Final_Appendix_Combined.pdf,9,297,mandate,False,True,"he parties submitted additional briefing, the trial court denied the petition for writ of mandate in November 2020. As for the state law claim, the court concluded the County had met its ",2023.0
term_23,22-1074,20230502160314229_Final_Appendix_Combined.pdf,11,235,mandate,False,True,"mely appealed. He challenges the trial court’s rulings with respect to his first (writ of mandate), fourth (declaratory relief), and fifth (declaratory relief) causes of action. After del",2023.0
term_23,22-1074,20230502160314229_Final_Appendix_Combined.pdf,28,535,mandate,False,True,"o v. City of Los Angeles (2003) 31 Cal.4th 1074, 1081.) B. First Cause of Action: Writ of Mandate 1. Unconstitutional Conditions Doctrine Sheetz’s first cause of action for writ of mandat",2023.0
term_23,22-1074,20230502160314229_Final_Appendix_Combined.pdf,28,626,mandate,False,True,andate 1. Unconstitutional Conditions Doctrine Sheetz’s first cause of action for writ of mandate alleges that the TIM fee effects an unlawful taking of property in violation of the speci,2023.0
term_23,22-1074,20230502160314229_Final_Appendix_Combined.pdf,36,528,mandate,False,True,Cal.4th at pp. 966-967.) 2. Mitigation Fee Act Sheetz’s first cause of action for writ of mandate alleges that the County violated the Mitigation Fee Act because there is no “reasonable r,2023.0
term_23,22-1074,20230502160314229_Final_Appendix_Combined.pdf,42,39,mandate,False,True,Appendix A-23 III Petition for Writ of Mandate Sheetz contends reversal is required because the TIM fee is invalid under both the height,2023.0
term_23,22-1074,20230502160314229_Final_Appendix_Combined.pdf,46,860,mandate,False,True,"t few pages from the more than 5,000-page administrative record in support of his writ of mandate cause of action, as he did in the trial court. Having reviewed those portions as well as ",2023.0
term_23,22-1074,20230502160314229_Final_Appendix_Combined.pdf,50,1015,costs,False,True," or otherwise invalid. DISPOSITION The judgment is affirmed. The County shall recover its costs on appeal. (Cal. Rules of Court, rule 8.278(a).) evidence presented in the reports, analy",2023.0
term_23,22-1074,20230502160314229_Final_Appendix_Combined.pdf,54,186,costs,False,True,ake nothing against the County; 3. The County is the prevailing party and entitled to its costs in the amount of $ Please submit a memoramdum of costs. Date: Feb 04 2021 Dylan Sullivan ,2023.0
term_23,22-1074,20230502160314229_Final_Appendix_Combined.pdf,54,241,costs,False,True,evailing party and entitled to its costs in the amount of $ Please submit a memoramdum of costs. Date: Feb 04 2021 Dylan Sullivan Judge of the Superior Court El Dorado County Superior C,2023.0
term_23,22-1074,20230502160314229_Final_Appendix_Combined.pdf,55,192,mandate,False,True,"f El Dorado PC-20170255 Respondent County of El Dorado’s Demurrer to Petition for Writ of Mandate and Complaint On June 5, 207 petitioners/plaintiffs filed a petition for writ of mandate ",2023.0
term_23,22-1074,20230502160314229_Final_Appendix_Combined.pdf,55,281,mandate,False,True," Mandate and Complaint On June 5, 207 petitioners/plaintiffs filed a petition for writ of mandate and a complaint asserting several causes of action for declaratory relief. Petitioners/pl",2023.0
term_23,22-1074,20230502160314229_Final_Appendix_Combined.pdf,87,565,costs,False,True,ship to traffic impacts purportedly caused by the manufactured home; and the fee includes costs attributable to existing deficiencies in the traffic infrastructure that the County requi,2023.0
term_23,22-1074,20230502160314229_Final_Appendix_Combined.pdf,93,112,mandate,False,True,"lopment and the need for such roads and widening; the policy is authorized by Measure Y’s mandate, general plan policies TC-X and TC-Xf, and the TIM fee program; and upon information and ",2023.0
term_23,22-1074,20230502160314229_Final_Appendix_Combined.pdf,116,163,mandate,False,True,(1:30 p.m.) 1. Sheetz v. County of El Dorado PC-20170255 Hearing Re: Petition for Writ of Mandate,2023.0
term_23,22-1074,20230502160314229_Final_Appendix_Combined.pdf,120,637,costs,False,True,nable relationship between the fee amount imposed on petitioner Sheetz and individualized costs for traffic improvements attributable to the single building to be placed on the petition,2023.0
term_23,22-1074,20230605153607949_22-1074_Amicus_Brief_Buckeye_Institute_Final.pdf,7,800,costs,False,True,n for road funding is unrelated to Mr. Sheetz’s activity and far out of proportion to any costs that the County of El Dorado might incur as a result of it. El Dorado County and the Cali,2023.0
term_23,22-1074,20230605165730579_22-1074_Sheetz_v_County_of_El_Dorado_Brief_for_Amici_Curiae_CBIA_and_NAHB.pdf,32,797,mandate,False,True,"in Sheetz, permit applicants in California seeking judicial review of legislative fees in mandate proceedings will therefore run up against the “rule” precluding a challenge based on Dola",2023.0
term_23,22-1074,20230605165730579_22-1074_Sheetz_v_County_of_El_Dorado_Brief_for_Amici_Curiae_CBIA_and_NAHB.pdf,38,828,costs,False,True,gation to demonstrate that such an amount was even “roughly proportional” to the County’s costs of “mitigating” additional traffic (if any) caused by Mr. Sheetz building a modest “singl,2023.0
term_23,22-1074,20230705152230773_230705_Opposition_to_Petition_for_Writ_of_Certiorari.pdf,32,973,costs,False,True,"n for road funding is unrelated to Mr. Sheetz’s activity and far out of proportion to any costs that the County of El Dorado might incur as a result of it,” Brief of Amicus Curiae The B",2023.0
term_23,22-1074,20230705152230773_230705_Opposition_to_Petition_for_Writ_of_Certiorari.pdf,33,53,costs,False,True,". Sheetz’s activity and far out of proportion to any costs that the County of El Dorado might incur as a result of it,” Brief of Amicus Curiae The B",2023.0
term_23,22-1074,20231113151329912_Sheetz_Opening_Brief_FINAL_FOR_FILING.pdf,17,1183,mandate,False,True,"ts Do Not Apply to Legislative Exactions In 2017, Mr. Sheetz filed a petition for writ of mandate in the California superior court, seeking an order requiring the County to refund the $23",2023.0
term_23,22-1074,20231113151329912_Sheetz_Opening_Brief_FINAL_FOR_FILING.pdf,29,552,mandate,False,True,ported burden on the County’s roads. Pet.App. A-3. As alleged in the petition for writ of mandate: “Mr. Sheetz’ construction of one manufactured house on his property did not cause public,2023.0
term_23,22-1074,20231113151853167_Joint_Appendix_v3_-_Final_as_of_10.30.23.pdf,2,173,mandate,False,True,nty of El Dorado Case No. PC20170255 Action Description Date 6/05/17 Petition for Writ of Mandate filed Receipt: 170605-0166 $435.00 5/29/18 RULING ON SUBMITTED MATTER (HDEM 05/25/18 8:30,2023.0
term_23,22-1074,20231113151853167_Joint_Appendix_v3_-_Final_as_of_10.30.23.pdf,9,963,mandate,False,True,A-9 Action Description Date FRIENDS OF EL DORADO COUNTY The verified petition for writ of mandate; complaint for declaratory and injunctive relief is denied. Petitioners and Plaintiffs Ge,2023.0
term_23,22-1074,20231113151853167_Joint_Appendix_v3_-_Final_as_of_10.30.23.pdf,9,1198,costs,False,True,l take nothing against the County. The County is the prevailing party and entitled to its costs pursuant to the memorandum of costs procedure.,2023.0
term_23,22-1074,20231113151853167_Joint_Appendix_v3_-_Final_as_of_10.30.23.pdf,9,1234,costs,False,True,he County is the prevailing party and entitled to its costs pursuant to the memorandum of costs procedure.,2023.0
term_23,22-1074,20231113151853167_Joint_Appendix_v3_-_Final_as_of_10.30.23.pdf,10,235,costs,False,True," Opinion filed. (Signed Published) The judgment is affirmed. The County shall recover its costs on appeal. (Cal. Rules of Court, rule 8.278(a).)
 JA-11 Relevant Docket Entries Californi",2023.0
term_23,22-1074,20231113151853167_Joint_Appendix_v3_-_Final_as_of_10.30.23.pdf,11,191,mandate,False,True,".: PC 20170255 FRIENDS OF EL DORADO COUNTY, VERIFIED PETITION FOR WRIT OF Petitioners and MANDATE; Plaintiffs, COMPLAINT FOR v. DECLARATORY AND INJUNCTIVE RELIEF COUNTY OF EL DORADO; and ",2023.0
term_23,22-1074,20231113151853167_Joint_Appendix_v3_-_Final_as_of_10.30.23.pdf,22,624,mandate,False,True,f Measure Y (“Control Traffic Congestion Initiative”). The County implemented Measure Y’s mandate that new development bear the full cost of new roads and the widening of existing roads t,2023.0
term_23,22-1074,20231113151853167_Joint_Appendix_v3_-_Final_as_of_10.30.23.pdf,29,40,mandate,False,True,JA-24 FIRST CAUSE OF ACTION FOR WRIT OF MANDATE (by Petitioner Sheetz) 31. Mr. Sheetz incorporates herein by reference each of the preced,2023.0
term_23,22-1074,20231113151853167_Joint_Appendix_v3_-_Final_as_of_10.30.23.pdf,31,709,mandate,False,True,"quate remedy in the ordinary course of law. Mr. Sheetz therefore is entitled to a writ of mandate, pursuant to Code of Civil Procedure section 1085 and/or section 1094.5, directing and co",2023.0
term_23,22-1074,20231113151853167_Joint_Appendix_v3_-_Final_as_of_10.30.23.pdf,32,795,costs,False,True,"impacts purportedly caused by Mr. Sheetz’s manufactured house. Moreover, the fee includes costs attributable to existing deficiencies in the traffic infrastructure that the County requi",2023.0
term_23,22-1074,20231113151853167_Joint_Appendix_v3_-_Final_as_of_10.30.23.pdf,35,1068,mandate,False,True,"ment on which the fee is imposed; County General Plan Policies that implement Measure Y’s mandate, including General Plan Policy TC-X and TC-Xf; and the TIM Fee Program. 54. On informatio",2023.0
term_23,22-1074,20231113151853167_Joint_Appendix_v3_-_Final_as_of_10.30.23.pdf,47,181,mandate,False,True,"z and Friends respectfully request relief as follows: 1. Issuance of a peremptory writ of mandate, directing and commanding the County to refund to Mr. Sheetz the $23,420 that it unlawful",2023.0
term_23,22-1074,20231113151853167_Joint_Appendix_v3_-_Final_as_of_10.30.23.pdf,48,813,mandate,False,True,e this verification on my behalf. I have read the foregoing Verified Petition for Writ of Mandate; Complaint for Declaratory and Injunctive Relief (“Petition”) and know the contents there,2023.0
term_23,22-1074,20231117125501887_22-1074_tsac_CA_Building_Industry_Association_PDFA.pdf,23,477,costs,False,True,o demonstrate that such an amount of fees was even “roughly proportional” to the County’s costs of “mitigating” additional traffic (if any) caused by Mr. Sheetz building a modest “singl,2023.0
term_23,22-1074,20231117125501887_22-1074_tsac_CA_Building_Industry_Association_PDFA.pdf,26,429,costs,False,True,knowledgement that the County admittedly made no effort to proportionately allocate those costs between costs of improvements made necessary by impacts of new development and costs attr,2023.0
term_23,22-1074,20231120161147609_231120_Sheetz_Amicus_Brief_FINAL.pdf,13,801,costs,False,True,"here is no way of knowing whether this condition bears an “essential nexus” to the public costs the project would impose, and whether the amount the County is charging Sheetz is “roughl",2023.0
term_23,22-1074,20231120161325049_22-1074_tsac_BOM_Bay_Area_Council_Final.pdf,21,1330,costs,False,True,and “will necessarily involve predictions regarding population trends and future building costs.” Id,2023.0
term_23,22-1074,20231120161325049_22-1074_tsac_BOM_Bay_Area_Council_Final.pdf,22,233,costs,False,True,"and “will necessarily involve predictions regarding population trends and future building costs.” Id. If the local government satisfies that initial burden, the applicant bears the burd",2023.0
term_23,22-1074,20231120170351560_SheetzSfaa_Amicus_Document_November_20_2023_EFile.pdf,36,930,costs,False,True," that development’s impact, like those at issue in Sheetz. See, California’s High Housing Costs: Causes and Consequences, Legislative Analyst’s Office (March 2015)",2023.0
term_23,22-1078,20230503091349868_Warner_petition.pdf,6,528,opinion_of_the_court,False,True," United States Court of Appeals for the Eleventh Circuit in this case. OPINIONS BELOW The opinion of the court of appeals (App., infra, 1a17a) is reported at 60 F.4th 1325. The opinion of the district",2023.0
term_23,22-1078,20230503091349868_Warner_petition.pdf,19,668,costs,False,True,"pp. 20-54. Respondents sought injunctive relief, impoundment, profits, damages, fees, and costs under the Copyright Act. Id. at 78-79. The district court granted summary judgment to Atl",2023.0
term_23,22-1078,20231127084742415_Warner_brief_for_petitioners.pdf,16,303,opinion_of_the_court,False,True,ES COURT OF APPEALS FOR THE ELEVENTH CIRCUIT BRIEF FOR THE PETITIONERS OPINIONS BELOW The opinion of the court of appeals (Pet. App. 1a-17a) is reported at 60 F.4th 1325. The opinion of the district c,2023.0
term_23,22-1079,20230503141929457_Truck_Cert_Petition.pdf,12,222,opinion_of_the_court,False,True,judgment of the United States Court of Appeals for the Fourth Circuit. OPINIONS BELOW The opinion of the court of appeals is reported at 60 F.4th 73. App. 1a. The district court’s findings of fact and,2023.0
term_23,22-1079,20230503141939425_Truck_Petition_Appendix.pdf,348,66,costs,False,True,. 131. “Truck” means Truck Insurance Exchange. 132. “Truck Appeal Costs” means if Truck continues litigation in respect of the Phase 1 Claims following the entry,2023.0
term_23,22-1165,20230530162808718_No._PETITION_FOR_A_WRIT_OF_CERTIORARI_MIC.pdf,4,1032,petition_for_rehearing,False,True,"nfrastructure Corporation, et al., No. 21-2524 (2d Cir.), judgment entered Dec. 20, 2022, petition for rehearing denied on Jan. 27, 2023. Following the Second Circuit’s remand, the defendants renewed ",2023.0
term_23,22-1165,20230530162808718_No._PETITION_FOR_A_WRIT_OF_CERTIORARI_MIC.pdf,18,761,costs,False,True,executives is leading them to err on the side of overdisclosure. This creates unnecessary costs and makes already-lengthy corporate filings even less useful to the market. And in any ev,2023.0
term_23,22-1165,20230530162842862_No._PETITION_FOR_A_WRIT_OF_CERTIORARI_MIC_Appendix.pdf,3,348,judgment_is,True,False,"N DUE CONSIDERATION, IT IS HEREBY ORDERED, ADJUDGED, AND DECREED that the October 7, 2021 judgment of the district court is VACATED and the case is REMANDED for further proceedings. Plaintiff Moab Par",2023.0
term_23,22-1165,20231113141531127_MIC-Moab_22-1165_Joint_Appendix_PRINT_PDFA.pdf,6,44,petition_for_rehearing,False,True,"JA5 Date Filed # Docket Text 01/03/2023 128 PETITION FOR REHEARING/REHEARING EN BANC, on behalf of Appellee Norman H. Brown, Jr., George W. Carmany, III, Ro",2023.0
term_23,22-1165,20231113141531127_MIC-Moab_22-1165_Joint_Appendix_PRINT_PDFA.pdf,6,498,petition_for_rehearing,False,True,"of Appellee Macquarie Infrastructure Management (USA) Inc., regarding MIMUSA joins in the Petition for Rehearing En Banc and Panel Rehearing RECEIVED. Service date 01/03/2023 by CM/ECF. 01/03/2023 130",2023.0
term_23,22-1165,20231113141531127_MIC-Moab_22-1165_Joint_Appendix_PRINT_PDFA.pdf,7,60,mandate,False,True,"JA6 Date Filed # Docket Text 02/02/2023 134 MOTION, to stay mandate, on behalf of Appellee Norman H. Brown, Jr., George W. Carmany, III, Robert Choi, Richard",2023.0
term_23,22-1165,20231113141531127_MIC-Moab_22-1165_Joint_Appendix_PRINT_PDFA.pdf,7,403,mandate,False,True,"b, FILED. Service date 02/02/2023 by CM/ECF. 02/13/2023 138 OPPOSITION TO MOTION, to stay mandate [134], on behalf of Appellant Moab Partners, L.P., FILED. Service date 02/13/2023 by CM/E",2023.0
term_23,22-1165,20231113141531127_MIC-Moab_22-1165_Joint_Appendix_PRINT_PDFA.pdf,7,887,mandate,False,True,"D. Service date 02/21/2023 by CM/ECF. 02/23/2023 148 MOTION ORDER, denying motion to stay mandate [134] filed by Appellee Macquarie Infrastructure Corporation, James
 JA7 Date Filed # Doc",2023.0
term_23,22-1165,20231113141531127_MIC-Moab_22-1165_Joint_Appendix_PRINT_PDFA.pdf,7,1221,mandate,False,True,"entz, Ouma Sananikone and William H. Webb, by PNL, RR, MP, FILED. 02/23/2023 149 JUDGMENT MANDATE, ISSUED.",2023.0
term_23,22-1165,20231113141531127_MIC-Moab_22-1165_Joint_Appendix_PRINT_PDFA.pdf,8,257,mandate,False,True,"entz, Ouma Sananikone and William H. Webb, by PNL, RR, MP, FILED. 02/23/2023 149 JUDGMENT MANDATE, ISSUED.
 JA8 U.S. District Court Southern District of New York (Foley Square) CIVIL DOCK",2023.0
term_23,22-1165,20231120111854620_22-1165_Brief.pdf,41,997,costs,False,True,"ture, is costly,” Malack v. BDO Seidman, LLP, 617 F.3d 743, 755 (3d Cir. 2010), and these costs “fall largely on the defendant corporation,” John C. Coffee, Jr., Reforming the Securitie",2023.0
term_23,22-1165,20231120180903858_Macquarie_SIFMA_Chamber_and_Business_Roundtable_Amici_Brief.pdf,48,194,costs,False,True,b-5 to include omissions of disclosures required by Item 303 would further ratchet up the costs. Such a rule would invite plaintiffs’ lawyers to try their luck at manufacturing a fraud ,2023.0
term_23,22-1178,20230602180319346_FBI_v._Fikre_Final.pdf,192,535,so_ordered,True,False,"and DISMISS Plaintiff ’s Seventh Amended Complaint [145] in its entirety, with prejudice. IT IS SO ORDERED. DATED this 12th day of Aug., 2020. /s/ MICHAEL W. MOSMAN MICHAEL W. MOSMAN United States",2023.0
term_23,22-1178,20230602180319346_FBI_v._Fikre_Final.pdf,266,752,so_ordered,True,False,"r 14, 2016, why this action should not be dismissed as to Individual Capacity Defendants. IT IS SO ORDERED. DATED this 28th day of Sept., 2016. /s/ ANNA J. BROWN ANNA J. BROWN United States Distri",2023.0
term_23,22-1178,20231113154203186_22-1178ts_FBI_v._Fikre_FILE.pdf,10,249,opinion_of_the_court,False,True,TATES COURT OF APPEALS FOR THE NINTH CIRCUIT BRIEF FOR THE PETITIONERS OPINIONS BELOW The opinion of the court of appeals (Pet. App. 1a-30a) is reported at 35 F.4th 762. A prior opinion of the court o,2023.0
term_23,22-1178,20231113154203186_22-1178ts_FBI_v._Fikre_FILE.pdf,10,337,opinion_of_the_court,False,True,e opinion of the court of appeals (Pet. App. 1a-30a) is reported at 35 F.4th 762. A prior opinion of the court of appeals (Pet. App. 31a-44a) is reported at 904 F.3d 1033. Another prior opinion of the,2023.0
term_23,22-1218,20230614224229269_forrest_v._spizzirri_--_cert._petition_--_FILED.pdf,11,451,opinion_of_the_court,False,True,"the United States Court of Appeals for the Ninth Circuit in this case. OPINIONS BELOW The opinion of the court of appeals (App., infra, 1a-8a) is reported at 62 F.4th 1201. The order and opinion of th",2023.0
term_23,22-1218,20240226231922948_22-1218_ts.pdf,9,448,opinion_of_the_court,False,True,URT OF APPEALS FOR THE NINTH CIRCUIT PETITION FOR A WRIT OF CERTIORARI OPINIONS BELOW The opinion of the court of appeals (Pet. App. 1a-8a) is reported at 62 F.4th 1201. The order and opinion of the d,2023.0
term_23,22-1238,20230623142114369_John_Q_Hammons_petition_final.pdf,71,361,judgment_issued,True,True,"es Trustee v. John Q. Hammons Fall 2006, LLC, 142 S. Ct. 2810 (2022). The Supreme Court’s judgment issued on July 15, 2022. That same day, we recalled our mandate and ordered the parties to file ",2023.0
term_23,22-1238,20230623142114369_John_Q_Hammons_petition_final.pdf,71,426,mandate,False,True,"22). The Supreme Court’s judgment issued on July 15, 2022. That same day, we recalled our mandate and ordered the parties to file supplemental briefs regarding the impact of Siegel on thi",2023.0
term_23,22-1238,20230623142114369_John_Q_Hammons_petition_final.pdf,147,1023,so_ordered,True,False,"er Landgraf and does not violate the Bankruptcy Clause, Debtors’ motion is hereby denied. IT IS SO ORDERED.",2023.0
term_23,22-1238,20230623142114369_John_Q_Hammons_petition_final.pdf,148,451,petition_for_rehearing,False,True,"led: Jan. 26, 2023 ORDER Before BACHARACH, EBEL, and PHILLIPS, Circuit Judges. Appellee’s petition for rehearing is denied. The petition for rehearing en banc was transmitted to all of the judges of t",2023.0
term_23,22-1238,20230623142114369_John_Q_Hammons_petition_final.pdf,148,489,petition_for_rehearing,False,True,"ACH, EBEL, and PHILLIPS, Circuit Judges. Appellee’s petition for rehearing is denied. The petition for rehearing en banc was transmitted to all of the judges of the court who are in regular active ser",2023.0
term_23,22-193,20230828212956105_Joint_Appendix_-_8.28.2023.pdf,10,951,judgment_is,True,False,"143248] [20-2975] (CMD) [Entered: 04/04/2022 08:44 AM]
 9 04/04/2022 JUDGMENT FILED - The judgment of the Originating Court is AFFIRMED in accordance with the opinion JAMES B. LOKEN, BOBBY E. SHEPHERD",2023.0
term_23,22-193,20230828212956105_Joint_Appendix_-_8.28.2023.pdf,11,34,judgment_is,True,True,"9 04/04/2022 JUDGMENT FILED - The judgment of the Originating Court is AFFIRMED in accordance with the opinion JAMES B. LOKEN, BOBBY E. SHEPHERD and DAVID R. STRAS Hrg D",2023.0
term_23,22-277,20231207153216894_Amicus_Brief_of_Knight_First_Amendment_Institute.pdf,41,1285,costs,False,True,"ces on a contingency-fee basis to disclose that clients could be required to pay fees and costs. Zauderer, 471 U.S. at 650–53. The Court emphasized that the disclosure requirement did “",2023.0
term_23,22-277,20231207205635794_22-277_22-555_Moody_v._NetChoice_-_NetChoice_v._Paxton.pdf,76,1410,mandate,False,True,"U.S. at 254. That is particularly so where, as is true of the Florida law, the government mandate is backed by up to $100,000 in damages per violation. Moody Pet. App",2023.0
term_23,22-324,20221004114608530_Garnier_v._OConnor-Ratcliff_-_Cert_Petition_Appendix.pdf,171,1121,so_ordered,True,False," and injunctive relief on their Section 1983 claim. Judgment will be entered accordingly. IT IS SO ORDERED. Dated: January 14, 2021",2023.0
term_23,22-340,20221007105838980_Pulsifer_v._United_States_Cert_Petition_Appendix_FILE.pdf,15,804,judgment_is,True,False,"terpretation reveal the meaning of the provision, and there is no grievous ambiguity. The judgment of the district court is affirmed. _________________________",2023.0
term_23,22-340,20221007105838980_Pulsifer_v._United_States_Cert_Petition_Appendix_FILE.pdf,32,302,costs,False,True,") JVTA assessment, (9) penalties, and (10) costs, including cost of prosecution and court costs.
 24a APPENDIX C UNITED STATES DISTRICT COURT SOUTHERN DISTRICT OF IOWA WESTERN DIVISION ",2023.0
term_23,22-340,20230113133503784_22-340_Pulsifer.pdf,4,254,opinion_of_the_court,False,True,TES COURT OF APPEALS FOR THE EIGHTH CIRCUIT BRIEF FOR THE UNITED STATES OPINION BELOW The opinion of the court of appeals (Pet. App. 1a-9a) is reported at 39 F.4th 1018. JURISDICTION The judgment of t,2023.0
term_23,22-340,20230526105408374_FAMM_--_Pulsifer_Amicus_Brief.pdf,3,688,costs,False,True,.................................. 12 C. Applying the Rule of Lenity Here Avoids the High Costs of Reading Mandatory Minimums Too Broadly. ............................. 16 II. THE DECIS,2023.0
term_23,22-340,20230526105408374_FAMM_--_Pulsifer_Amicus_Brief.pdf,39,413,costs,False,True, been construed against Mr. Pulsifer. C. Applying the Rule of Lenity Here Avoids the High Costs of Reading Mandatory Minimums Too Broadly. The mandatory-minimum context heightens the im,2023.0
term_23,22-340,20230526105408374_FAMM_--_Pulsifer_Amicus_Brief.pdf,52,502,mandate,False,True,"dants (especially low-level, nonviolent offenders like Mr. Pulsifer), while continuing to mandate minimum penalties for a narrowly defined subcategory of violent recidivists with recent c",2023.0
term_23,22-340,20230724211315733_22-340bsUnitedStates.pdf,18,239,opinion_of_the_court,False,True,TES COURT OF APPEALS FOR THE EIGHTH CIRCUIT BRIEF FOR THE UNITED STATES OPINION BELOW The opinion of the court of appeals (Pet. App. 1a-9a) is reported at 39 F.4th 1018. JURISDICTION The judgment of t,2023.0
term_23,22-429,20221104110538361_Acheson_v._Laufer_-_cert._petition.pdf,127,108,costs,False,True,"e district court is therefore reversed, and the case is remanded for further proceedings. Costs to appellant.
 36a Appendix B UNITED STATES DISTRICT COURT DISTRICT OF MAINE DEBORAH LAUF",2023.0
term_23,22-429,20221208141935477_Acheson_-_Brief_of_Amici_RLC_et_al.pdf,7,1224,costs,False,True,"hey will be forced to decide between making a settlement payment or paying the litigation costs associated with challenging “tester” standing. Indeed, many members of the Amici are smal",2023.0
term_23,22-429,20221208141935477_Acheson_-_Brief_of_Amici_RLC_et_al.pdf,7,1411,costs,False,True,"hotels and bed-and-breakfasts with limited resources, and they cannot take on the defense costs and the risk of a fee award to a plaintiff",2023.0
term_23,22-429,20221208141935477_Acheson_-_Brief_of_Amici_RLC_et_al.pdf,8,136,costs,False,True,"hotels and bed-and-breakfasts with limited resources, and they cannot take on the defense costs and the risk of a fee award to a plaintiff. Amici represent all states of the First Circu",2023.0
term_23,22-429,20230224153233408_22-429_Brief_in_Opposition.pdf,17,1454,petition_for_rehearing,False,True,"anda Hotels, LLC, 2023 U.S. App. Lexis 3602 (4th Cir. 2/15/23).3 2. The Arpan Defendant’s petition for rehearing en banc is pending. 3",2023.0
term_23,22-429,20230224153233408_22-429_Brief_in_Opposition.pdf,18,172,petition_for_rehearing,False,True,"anda Hotels, LLC, 2023 U.S. App. Lexis 3602 (4th Cir. 2/15/23).3 2. The Arpan Defendant’s petition for rehearing en banc is pending. 3. Thus, the District Court Naranda decision cited by Respondent an",2023.0
term_23,22-429,20230605160031302_22-429_ts.pdf,8,971,mandate,False,True,"e Justice Department has promulgated regulations to implement the ADA’s nondiscrimination mandate. One such regulation states that hotels, “with respect to reservations made by any means,",2023.0
term_23,22-429,20230605160706820_22-429_Joint_Appendix.pdf,2,628,costs,False,True," to as “Defendant”), for Injunctive Relief, and attorney’s fees, litigation expenses, and costs pursuant to the Americans with Disabilities Act, 42 U.S.C. § 12181 et seq. (“ADA”).",2023.0
term_23,22-429,20230612170516837_43872_Carp_Amicus_Brief.pdf,9,63,costs,False,True,"5 between making a settlement payment or paying the litigation costs associated with defending their position. See, e.g., Kennedy v. Siesta Inn & Suites, Inc.",2023.0
term_23,22-429,20230612170516837_43872_Carp_Amicus_Brief.pdf,9,402,costs,False,True,"hotels and bed-and-breakfasts with limited resources, and they cannot take on the defense costs and the risk of a fee award to a plaintiff that has no intention of visiting their proper",2023.0
term_23,22-448,20221114155607407_No._CFPB_et_al._v._CFSA_et_al.pdf,14,566,opinion_of_the_court,False,True,"the United States Court of Appeals for the Fifth Circuit in this case. OPINIONS BELOW The opinion of the court of appeals (App., infra, 1a46a) is reported at 51 F.4th 616. The order of the district co",2023.0
term_23,22-448,20221114155607407_No._CFPB_et_al._v._CFSA_et_al.pdf,97,252,costs,False,True,"s. See id. at 54736-37. Regarding the Plaintiffs’ fourth point, the Bureau explained that costs, “[c]omplexities in payment processing systems[,] and the internal procedures of consumer",2023.0
term_23,22-448,20221114155607407_No._CFPB_et_al._v._CFSA_et_al.pdf,181,920,costs,False,True,"ations next point to the requirement that the Bureau consider “the potential benefits and costs to consumers and [lenders],” which the Associations contend the ratification fails to do ",2023.0
term_23,22-448,20221114155607407_No._CFPB_et_al._v._CFSA_et_al.pdf,185,196,costs,False,True,"n determining the withdrawal attempts were unfair, the Bureau did not carefully weigh the costs and benefits to consumers and to competition. The Associations then suggest that the bene",2023.0
term_23,22-448,20221114155607407_No._CFPB_et_al._v._CFSA_et_al.pdf,185,613,costs,False,True," the court agrees with the Bureau or would have made the same decision, so reweighing the costs and benefits is inappropriate. Second, the practice in question is not offering loans, bu",2023.0
term_23,22-448,20221114155607407_No._CFPB_et_al._v._CFSA_et_al.pdf,188,537,costs,False,True,"vantage of (a) a lack of understanding on the part of the consumer of the material risks, costs, or conditions of the product or service; [or] (b) the inability of the consumer to prote",2023.0
term_23,22-448,20221114155607407_No._CFPB_et_al._v._CFSA_et_al.pdf,193,240,costs,False,True,"st-benefit analysis. The CFPA requires the Bureau to consider “the potential benefits and costs to consumers and covered persons, including the potential reduction of access by consumer",2023.0
term_23,22-448,20221114155607407_No._CFPB_et_al._v._CFSA_et_al.pdf,195,41,costs,False,True,65a the benefit of hindsight can produce costs not considered or not thoroughly considered by the agency does not automatically render a,2023.0
term_23,22-448,20221114155607407_No._CFPB_et_al._v._CFSA_et_al.pdf,203,857,costs,False,True,"vantage of (a) a lack of understanding on the part of the consumer of the material risks, costs, or conditions of the product or service and (b) the inability of the consumer to protect",2023.0
term_23,22-448,20221114155607407_No._CFPB_et_al._v._CFSA_et_al.pdf,205,938,costs,False,True,and are not arbitrary and capricious. 3. Bureau reasonably considered Payment Provisions’ costs and benefits The Bureau contends it is entitled to summary judgment on the issue of wheth,2023.0
term_23,22-448,20221114155607407_No._CFPB_et_al._v._CFSA_et_al.pdf,205,1065,costs,False,True,s it is entitled to summary judgment on the issue of whether it thoroughly considered the costs and benefits of the Payment Provisions in accordance with the CFPA. See 12 U.S.C. § 5512(,2023.0
term_23,22-448,20221114155607407_No._CFPB_et_al._v._CFSA_et_al.pdf,205,1435,costs,False,True,"nce certain aspects of the Payment Provisions and, second, by failing to consider certain costs the Payment Provisions would impose on customers",2023.0
term_23,22-448,20221114155607407_No._CFPB_et_al._v._CFSA_et_al.pdf,209,416,mandate,False,True,"s remain. First, the Associations contend the Bureau violates the Appropriations clause’s mandate that “[n]o Money shall be drawn from the Treasury, but in Consequence of Appropriations m",2023.0
term_23,22-448,20221114155607407_No._CFPB_et_al._v._CFSA_et_al.pdf,224,154,costs,False,True,"the President and to the Bureau at the time submitted to the Congress. (C) Assistance and costs For the purpose of conducting an audit under this subsection, the Comptroller General may",2023.0
term_23,22-448,20221114155607407_No._CFPB_et_al._v._CFSA_et_al.pdf,224,704,costs,False,True,"e from funds available, the amount requested by the Comptroller General to cover the full costs of any audit and report conducted by the Comptroller General. The Comptroller General sha",2023.0
term_23,22-448,20221114155607407_No._CFPB_et_al._v._CFSA_et_al.pdf,224,1022,costs,False,True,ount shall be available upon receipt and without fiscal year limitation to cover the full costs of the audit and report. (b) Consumer Financial Protection Fund (1) Separate fund in Fede,2023.0
term_23,22-448,20221214151852678_CFPB_Amicus_ISO_Petition.pdf,13,1219,costs,False,True,"ntry needs a fast answer to a question of this importance. On issues like these, worrying costs arise from letting uncertainty fester. And like the Bureau and private actors, the States",2023.0
term_23,22-448,20221214151852678_CFPB_Amicus_ISO_Petition.pdf,14,33,costs,False,True,". On issues like these, worrying costs arise from letting uncertainty fester. And like the Bureau and private actors, the States",2023.0
term_23,22-448,20221214151852678_CFPB_Amicus_ISO_Petition.pdf,41,926,costs,False,True,"o you?” when a congressperson asked who had authorized hundreds of millions in renovation costs for the Bureau’s headquarters. See H.R. Comm. on Fin. Servs., Committee Pushes for Accoun",2023.0
term_23,22-448,20221214151852678_CFPB_Amicus_ISO_Petition.pdf,45,1145,costs,False,True,s” that is triggered if the Bureau needs more than 12% of the Federal Reserve’s operating costs for its own budget. Id. § 5497(e). Only those funds—which the Bureau has never sought—are,2023.0
term_23,22-448,20230508190055738_22-448tsUnitedStates.pdf,22,875,opinion_of_the_court,False,True,TATES COURT OF APPEALS FOR THE FIFTH CIRCUIT BRIEF FOR THE PETITIONERS OPINIONS BELOW The opinion of the court of appeals (Pet. App. 1a-46a) is reported at 51 F.4th 616. The order of the district cour,2023.0
term_23,22-448,20230508190055738_22-448tsUnitedStates.pdf,122,153,costs,False,True,"the President and to the Bureau at the time submitted to the Congress. (C) Assistance and costs For the purpose of conducting an audit under this subsection, the Comptroller General may",2023.0
term_23,22-448,20230508190055738_22-448tsUnitedStates.pdf,122,703,costs,False,True,"e from funds available, the amount requested by the Comptroller General to cover the full costs of any audit and report conducted by the Comptroller General. The Comptroller General sha",2023.0
term_23,22-448,20230508190055738_22-448tsUnitedStates.pdf,122,1021,costs,False,True,ount shall be available upon receipt and without fiscal year limitation to cover the full costs of the audit and report. (b) Consumer Financial Protection Fund (1) Separate fund in Fede,2023.0
term_23,22-448,20230515081746457_CFPB_Amicus_Brief_For_Filing.pdf,6,757,mandate,False,True,", and consumer finance experts. These dedicated civil servants work to fulfill Congress’s mandate that “all consumers have access to markets for consumer financial products and services .",2023.0
term_23,22-448,20230515125025604_CFPB_Congress_Amicus_Final.pdf,50,1068,mandate,False,True,"ding reports on its “financial literacy activities,” efforts to “fulfill its fair lending mandate,” and consumer complaints about financial products. 12 U.S.C. § 5493(b)(3)(C), (c)(2)(D),",2023.0
term_23,22-448,20230515134812270_22-448_Final_AARP_CFPB_brief.pdf,17,519,costs,False,True,ensions in the private sector – coupled with longer life expectancies and high healthcare costs – means millions of older adults have vastly less discretionary income in their “golden y,2023.0
term_23,22-448,20230515185653174_22-448_Finreg_Scholars_Amicus.pdf,46,583,costs,False,True,"erve Banks: (1) an assessment for the “Board of Governors operating expenses and currency costs,” and (2) an assessment for the “Bureau of Consumer Financial Protection.” 2022 Reserve B",2023.0
term_23,22-448,20230703105533891_22-448_CFSA_Brief_for_Respondents.pdf,30,358,mandate,False,True,"ief, the Bureau seeks to enforce the Rule once funding is fixed, but disregards the APA’s mandate that invalid rules “shall” be “set aside.” 5 U.S.C. § 706(2). And while the Bureau worrie",2023.0
term_23,22-448,20230703105533891_22-448_CFSA_Brief_for_Respondents.pdf,103,271,slip_op,False,True,"egard’” it and award injunctive or declaratory relief. United States v. Texas, No. 22-58, slip op. at 11 (U.S. June 23, 2023) (Gorsuch, J., concurring in the judgment); see id. at 8-17. Ei",2023.0
term_23,22-448,20230706121101671_43535_pdf_Ebner.pdf,6,376,slip_op,False,True,"’s most important authorities is its control of the purse.” Biden v. Nebraska, No. 22506, slip op., at 24 (U.S. June 30, 2023). The Clause’s “straightforward and explicit command . . . ‘me",2023.0
term_23,22-448,20230707162906708_FINAL_CFPB_Amicus_Brief.pdf,23,595,costs,False,True, that the benefits of enforcing the Appropriations Clause are too small and the potential costs too great to justify upholding the Fifth Circuit’s decision. The Constitution isn’t subje,2023.0
term_23,22-448,20230707162906708_FINAL_CFPB_Amicus_Brief.pdf,61,521,slip_op,False,True,"se’ of the House and Senate Committees on Appropriations.” Biden v. Nebraska, No. 22-506, slip op. at 23 (U.S. June 30, 2023), 2023 WL 4277210, at *14. The CFPB’s specific lack of accounta",2023.0
term_23,22-448,20230707162906708_FINAL_CFPB_Amicus_Brief.pdf,70,645,costs,False,True,"round regulatory rules” can upset investment strategies). C. Along with few benefits, the costs of the Bureau’s fiscal autonomy are high. A few examples show how.",2023.0
term_23,22-448,20230707162906708_FINAL_CFPB_Amicus_Brief.pdf,77,57,costs,False,True,"30 who had authorized hundreds of millions in renovation costs for the Bureau’s headquarters. See H.R. Comm. on Fin. Servs., Committee Pushes for Accoun",2023.0
term_23,22-448,20230710112302855_22-448_bsac_Chamber_et_al.pdf,19,1062,mandate,False,True,"thus far been largely unaffected by the Fifth Circuit’s decision—the Court could stay its mandate for a brief period to allow Congress to act. In fact, the House Financial Services Commit",2023.0
term_23,22-448,20230710112302855_22-448_bsac_Chamber_et_al.pdf,26,677,costs,False,True,"f appropriations” if the Bureau requests more than 12% of the Federal Reserve’s operating costs for its budget, the Bureau has never sought or received any such funds. §5497(e). So Cong",2023.0
term_23,22-448,20230710112302855_22-448_bsac_Chamber_et_al.pdf,50,504,mandate,False,True,"2 J. Consumer Aff. 452, 453 (2008). In fact, the CPSC carries out its broad congressional mandate “to protect the public” and “assist consumers” as a market regulator. 15 U.S.C. §§2051(b)",2023.0
term_23,22-448,20230710114158969_22-448_bsac_FGA.pdf,7,263,slip_op,False,True,"ant authorities is its control of the purse.” Biden v. Nebraska, 600 U.S. __ , __ (2023) (slip op., at 24). But here, Congress has established a structure for funding CFPB not through appr",2023.0
term_23,22-448,20230710123433465_22-448_bsac_Mulvaney_Final.pdf,45,1094,costs,False,True,"u’s deficient pleadings. But that does not mean that the Bureau’s failures did not impose costs, both in reputational harm and the time and expense incurred in resisting the Bureau’s ef",2023.0
term_23,22-448,20230710123433465_22-448_bsac_Mulvaney_Final.pdf,46,352,costs,False,True,"s. The separation of powers was designed to check the impulses that impose those types of costs on society. c. The Bureau also has brought numerous enforcement actions based on novel, e",2023.0
term_23,22-448,20230710132303544_CFSA_-_CUNA_NAFCU_and_AACUL_Amici_Br_ISO_of_Respondents_and_Stay.pdf,25,116,costs,False,True,U.S.C. § 5497(a)). Nor must the Bureau relinquish funds in excess of its actual operating costs; it rolls over unused funds yearover-year “until expended.” 12 U.S.C. § 5497(c)(1).,2023.0
term_23,22-448,20230710141338246_CFPB_v_CFSA-_NCLA_amicus.pdf,60,987,costs,False,True, funding level without seeking congressional appropriations. Moroney also warned that the costs of complying further with the Second CID would likely force it to shut down. CFPB filed a,2023.0
term_23,22-448,20230710174536371_ACA_Amicus_Brief_ISO_Respondents.pdf,1,564,mandate,False,True,................... 4 II. THE COURT SHOULD AFFIRM THE LOWER COURT’S DECISION BUT STAY ITS MANDATE TO ALLOW CONGRESS TO RECONSTITUTE THE BUREAU ............. 6 A. Severance is Not Appropri,2023.0
term_23,22-448,20230710174536371_ACA_Amicus_Brief_ISO_Respondents.pdf,1,706,mandate,False,True, ............. 6 A. Severance is Not Appropriate ..........6 B. The Court should stay its mandate a reasonable period to allow Congress the opportunity to minimize disruption ............,2023.0
term_23,22-448,20230710174536371_ACA_Amicus_Brief_ISO_Respondents.pdf,9,602,mandate,False,True,"ress considers its options. ACA therefore asks this Court to affirm, but to also stay its mandate for six months to allow Congress sufficient time to consider its options. SUMMARY OF THE ",2023.0
term_23,22-448,20230710174536371_ACA_Amicus_Brief_ISO_Respondents.pdf,11,1017,mandate,False,True,"tion by the political branches, the Court should exercise its equitable power to stay its mandate in order to give those branches the opportunity to minimize any disruption arising out of",2023.0
term_23,22-448,20230710174536371_ACA_Amicus_Brief_ISO_Respondents.pdf,15,608,mandate,False,True,ts meaningful relief. II. The Court Should Affirm the Lower Court’s Decision but Stay Its Mandate to Allow Congress to Reconstitute the Bureau. A. Severance is Not Appropriate. Where a st,2023.0
term_23,22-448,20230710174536371_ACA_Amicus_Brief_ISO_Respondents.pdf,21,1165,mandate,False,True,77). Among the remedial measure available to the Court is the Court’s ability to stay its mandate for a brief period. See S. Ct. R. 45.3. A stay would allow the Bureau to continue to exis,2023.0
term_23,22-448,20230710174536371_ACA_Amicus_Brief_ISO_Respondents.pdf,23,1418,mandate,False,True,"aligned Bureau might be empowered to ratify or reconsider prior agency actions before the mandate issues, Cmty. Fin. Servs. Ass’n of Am., 51 F",2023.0
term_23,22-448,20230710174536371_ACA_Amicus_Brief_ISO_Respondents.pdf,25,582,mandate,False,True,nsidered by Congress provided this Court implements a reasonable delay before issuing its mandate. And even if overhauling the Bureau’s financing structure proves too difficult for the po,2023.0
term_23,22-448,20230710174536371_ACA_Amicus_Brief_ISO_Respondents.pdf,27,511,mandate,False,True,"ropriations measure to fund the Bureau, if desired. To this end the Court should stay its mandate for six months. Respectfully submitted, CHRISTOPHER O. MURRAY Counsel of Record BROWNSTEI",2023.0
term_23,22-451,20221212125911899_Loper_Bright_cert-stage.pdf,11,249,costs,False,True,"wered whether the Service must pay for those monitors or may require industry to bear the costs of at-sea monitoring mandated by a fishery management plan.” Loper Bright Enterprises, In",2023.0
term_23,22-451,20230216143615072_22-451_Loper_Bright_final.pdf,9,812,opinion_of_the_court,False,True,E DISTRICT OF COLUMBIA CIRCUIT BRIEF FOR THE RESPONDENTS IN OPPOSITION OPINIONS BELOW The opinion of the court of appeals (Pet. App. 1-37) is reported at 45 F.4th 359. The opinion of the district cour,2023.0
term_23,22-451,20230717152715108_2023-07-17_Loper_Bright_Opening_Brief_FINAL.pdf,111,195,costs,False,True," the largest and most commercially successful enterprises that can more easily absorb the costs of federal monitoring. Compare NOAA Fisheries, Alaska, https://perma.cc/4WEC-328H (last v",2023.0
term_23,22-451,20230724092244141_22-451_Amicus_Brief_of_David_Goethel_and_John_Haran.pdf,1,529,mandate,False,True,"MENT ............................................................5 I. The Monitor-Funding Mandate Favors Big Businesses Over Small Ones, Contrary To Congressional Policy .................",2023.0
term_23,22-451,20230724092244141_22-451_Amicus_Brief_of_David_Goethel_and_John_Haran.pdf,1,868,mandate,False,True,"............6 B. By Contrast, Large Enterprises Are Reaping the Rewards of the Monitoring Mandate ......................................................11 II. As the Mandate Illustrates, ",2023.0
term_23,22-451,20230724092244141_22-451_Amicus_Brief_of_David_Goethel_and_John_Haran.pdf,1,944,mandate,False,True,"he Monitoring Mandate ......................................................11 II. As the Mandate Illustrates, Chevron’s Presumption of Congressional Intent Is Mistaken ..................",2023.0
term_23,22-451,20230724092244141_22-451_Amicus_Brief_of_David_Goethel_and_John_Haran.pdf,1,674,costs,False,True, To Congressional Policy ..........................................5 A. At-Sea Monitoring Costs Are Pushing Small Fishing Enterprises Out of Business ...................................,2023.0
term_23,22-451,20230724092244141_22-451_Amicus_Brief_of_David_Goethel_and_John_Haran.pdf,8,476,mandate,False,True,"solution of those questions. In this case, they are not hypothetical. The NMFS regulatory mandate that commercial fishing-vessel owners pay for ride-along government monitors threatens th",2023.0
term_23,22-451,20230724092244141_22-451_Amicus_Brief_of_David_Goethel_and_John_Haran.pdf,8,646,mandate,False,True,"tors threatens the livelihoods of countless small, family-owned fishing enterprises. That mandate serves as a stark illustration of the way that deferring to agencies on the meaning of th",2023.0
term_23,22-451,20230724092244141_22-451_Amicus_Brief_of_David_Goethel_and_John_Haran.pdf,10,655,mandate,False,True,", at a cost that may even exceed their own take for a trip. Little surprise, that funding mandate threatens the continued viability of small fishing enterprises. In so doing, it threatens",2023.0
term_23,22-451,20230724092244141_22-451_Amicus_Brief_of_David_Goethel_and_John_Haran.pdf,13,34,mandate,False,True,"5 ARGUMENT I. The Monitor-Funding Mandate Favors Big Businesses Over Small Ones, Contrary To Congressional Policy The regulatory ac",2023.0
term_23,22-451,20230724092244141_22-451_Amicus_Brief_of_David_Goethel_and_John_Haran.pdf,13,183,costs,False,True,"Congressional Policy The regulatory action at issue in this case imposes disproportionate costs and burdens on small, often family-owned fishing enterprises, in conflict with Congress’s",2023.0
term_23,22-451,20230724092244141_22-451_Amicus_Brief_of_David_Goethel_and_John_Haran.pdf,14,23,costs,False,True,6 A. At-Sea Monitoring Costs Are Pushing Small Fishing Enterprises Out of Business The Magnuson-Stevens Act (“MSA”) ev,2023.0
term_23,22-451,20230724092244141_22-451_Amicus_Brief_of_David_Goethel_and_John_Haran.pdf,15,1187,costs,False,True,"s the older generation retires, the younger pursues more lucrative opportunities, and the costs and regulatory burdens of going to sea only wax and never wane. Where Congress tread care",2023.0
term_23,22-451,20230724092244141_22-451_Amicus_Brief_of_David_Goethel_and_John_Haran.pdf,20,297,costs,False,True,"ry.” Id. Mr. Haran, as a sector manager in the same fishery, has seen first-hand that the costs of monitoring threaten to drive small fishing enterprises out of business by making trips",2023.0
term_23,22-451,20230724092244141_22-451_Amicus_Brief_of_David_Goethel_and_John_Haran.pdf,23,184,mandate,False,True," way of life. B. By Contrast, Large Enterprises Are Reaping the Rewards of the Monitoring Mandate The plight of small, family-owned fishing enterprises has been a boon to their larger com",2023.0
term_23,22-451,20230724092244141_22-451_Amicus_Brief_of_David_Goethel_and_John_Haran.pdf,24,733,costs,False,True,"iness, Nat’l. Assn. of Mfrs. (2014) (surveying studies finding that regulatory compliance costs “fall disproportionately on small businesses”).5 In particular, larger vessels can better",2023.0
term_23,22-451,20230724092244141_22-451_Amicus_Brief_of_David_Goethel_and_John_Haran.pdf,28,376,mandate,False,True,"gulatory fiat, not congressional command—is a clear example of the phenomenon. II. As the Mandate Illustrates, Chevron’s Presumption of Congressional Intent Is Mistaken This case illustra",2023.0
term_23,22-451,20230724092244141_22-451_Amicus_Brief_of_David_Goethel_and_John_Haran.pdf,28,214,costs,False,True," will tend to disproportionately injure small business. The impact of imposing monitoring costs on small, family-owned fishing enterprises— a policy imposed by regulatory fiat, not cong",2023.0
term_23,22-451,20230724092244141_22-451_Amicus_Brief_of_David_Goethel_and_John_Haran.pdf,35,480,costs,False,True,"y at any time that might affect its operations, let alone evaluate them and engage? These costs further “shield[] officials from accountability to the general polity."" Zywicki at 185. A",2023.0
term_23,22-451,20230724150316682_22-451_Brief_for_IWF-WLF_as_Amici_Curiae.pdf,8,431,costs,False,True,evastating consequences for the small and new enterprises that are forced to shoulder the costs of a larger regulatory agenda. This in turn imposes a heavy burden on female entrepreneur,2023.0
term_23,22-451,20230724150316682_22-451_Brief_for_IWF-WLF_as_Amici_Curiae.pdf,23,19,costs,False,True,11 higher than the costs for large businesses.”19 Increased regulation thus burdens small businesses far more than,2023.0
term_23,22-451,20230724150316682_22-451_Brief_for_IWF-WLF_as_Amici_Curiae.pdf,25,79,costs,False,True,13 the size and scale that permit larger companies to better absorb regulatory costs. Female entrepreneurs also suffer disproportionately from the barriers to entry that burd,2023.0
term_23,22-451,20230915170918847_22-451bsUnitedStates.pdf,19,289,opinion_of_the_court,False,True,APPEALS FOR THE DISTRICT OF COLUMBIA CIRCUIT BRIEF FOR THE RESPONDENTS OPINIONS BELOW The opinion of the court of appeals (Pet. App. 1-37) is reported at 45 F.4th 359. The opinion of the district cour,2023.0
term_23,22-500,20221123124025212_Great_Lakes_Insurance_SE_PETITION_FOR_A_WRIT_OR_CERTIORARI.pdf,100,19,so_ordered,True,False,"18a Appendix B AND IT IS SO ORDERED. /s/ Eduardo C. Robreno EDUARDO C. ROBRENO, J. Granting Defendant’s request would do litt",2023.0
term_23,22-529,20221205155237486_Cantero_Petition_Appendix.pdf,183,327,costs,False,True,rules for when state laws are and 1639d(g)(2)(C). The other refers to “applicable fees or costs” associated with not creating an escrow account or with closing an escrow account. Id. § ,2023.0
term_23,22-529,20221205155237486_Cantero_Petition_Appendix.pdf,231,536,slip_op,False,True,"otion. See, e.g., Palin v. N.Y. Times Co., 2019 WL 3558545, at *3 (2d Cir. Aug. 6, 2019) (slip op.) (Under Rule 12(b), “matters outside the pleadings” are not to be considered on motions t",2023.0
term_23,22-529,20230830163453839_22-349_22-529_Flagstar_Bank_v._Kivett_Cantero_v._Bank_of_America.pdf,17,1272,petition_for_rehearing,False,True,"accordingly. Flagstar D. Ct. Doc. 227 (June 3, 2022). The Ninth Circuit denied Flagstar’s petition for rehearing en banc. Flagstar Pet. App. 75-76. 2. Cantero Respondent Bank of America is a federally",2023.0
term_23,22-585,20221221180300269_Culley_Appendix_December_21_2022_EFile.pdf,133,191,petition_for_rehearing,False,True,"dge
 App.74a ORDER OF THE UNITED STATES COURT OF APPEALS FOR THE ELEVENTH CIRCUIT DENYING PETITION FOR REHEARING EN BANC (AUGUST 30, 2022) IN THE UNITED STATES COURT OF APPEALS FOR THE ELEVENTH CIRCUI",2023.0
term_23,22-585,20230120114400261_22-585_Culley_PLF_AC_Brief.pdf,32,1212,mandate,False,True,"ing would have restored their property to them, a result that combines the constitutional mandate with a fair and just outcome.7 7 A post-deprivation hearing is not a get-out-of-impound-f",2023.0
term_23,22-585,20230622152151761_Culley_v._Marshall_Joint_Appendix_FILE.pdf,136,1056,costs,False,True,"t was previously entered against Defendant Tayjon Culley, so this order is a final order. Costs are remitted. DONE this 30th day of October, 2020. /s/ MICHAEL A. YOUNGPETER CIRCUIT JUDG",2023.0
term_23,22-611,20221229135211646_LINDKE_Appendix.pdf,56,355,petition_for_rehearing,False,True,"____________ ORDER BEFORE: GUY, THAPAR, and READLER, Circuit Judges. The court received a petition for rehearing en banc. The original panel has reviewed the petition for rehearing and concludes that ",2023.0
term_23,22-611,20221229135211646_LINDKE_Appendix.pdf,56,423,petition_for_rehearing,False,True, The court received a petition for rehearing en banc. The original panel has reviewed the petition for rehearing and concludes that the issues raised in the petition were fully considered upon the ori,2023.0
term_23,22-611,20230623142340274_22-611_--_FINAL_Pet_Merits_Brief_camera_ready_rtf.pdf,13,222,opinion_of_the_court,False,True,STATES COURT OF APPEALS FOR THE SIXTH CIRCUIT BRIEF FOR THE PETITIONER OPINIONS BELOW The opinion of the court of appeals (Pet. App. 1a-12a) is published at 37 F.4th 1199. The court’s order denying re,2023.0
term_23,22-6389,20230324134115450_22-6389_Brown_Hold.pdf,1,613,opinion_of_the_court,False,True,IRD CIRCUIT _______________ BRIEF FOR THE UNITED STATES _______________ OPINION BELOW The opinion of the court of appeals (Pet. App. 1a-16a) is reported at 47 F.4th 147. JURISDICTION The judgment of t,2023.0
term_23,22-6389,20230712141119727_22-6389_Joint_Appendix_A.pdf,2,420,opinion_of_the_court,False,True," 11754 220 Federal Building and Courthouse Harrisburg, PA 17108 Counsel for Appellee ———— OPINION OF THE COURT FISHER, Circuit Judge. Justin Rashaad Brown appeals his fifteen-year mandatory minimum se",2023.0
term_23,22-6389,20230821104804694_Nos._22-6389_22-6640_Brown_Jackson_v._USA.pdf,12,327,opinion_of_the_court,False,True,"PPEALS FOR THE THIRD AND ELEVENTH CIRCUITS BRIEF FOR THE UNITED STATES OPINIONS BELOW The opinion of the court of appeals in Brown v. United States, No. 22-6389, is reported at 47 F.4th 147 (J.A. 1-17",2023.0
term_23,22-6389,20230821104804694_Nos._22-6389_22-6640_Brown_Jackson_v._USA.pdf,12,444,opinion_of_the_court,False,True,"eals in Brown v. United States, No. 22-6389, is reported at 47 F.4th 147 (J.A. 1-17). The opinion of the court of appeals in Jackson v. United States, No. 22-6640, is reported at 55 F.4th 846 (Pet. Ap",2023.0
term_23,22-6389,20230821104804694_Nos._22-6389_22-6640_Brown_Jackson_v._USA.pdf,12,583,opinion_of_the_court,False,True,"ted States, No. 22-6640, is reported at 55 F.4th 846 (Pet. App. 1a-35a). A prior, vacated opinion of the court of appeals in Jackson is reported at 36 F.4th 1294 (Pet. App. 120a-142a). JURISDICTION Th",2023.0
term_23,22-660,20230113133947078_No._22-_Murray_Appendix_pdfa.pdf,8,1344,costs,False,True,e jury’s advisory verdict on damages. Murray then moved for statutory attorney’s fees and costs,2023.0
term_23,22-660,20230113133947078_No._22-_Murray_Appendix_pdfa.pdf,9,290,costs,False,True,"e jury’s advisory verdict on damages. Murray then moved for statutory attorney’s fees and costs. The district court entered judgment, awarding Murray $1,769,387.52 in attorney’s fees an",2023.0
term_23,22-660,20230113133947078_No._22-_Murray_Appendix_pdfa.pdf,9,387,costs,False,True,"The district court entered judgment, awarding Murray $1,769,387.52 in attorney’s fees and costs, as well as $653,300 in back pay, no front pay, and $250,000 in non-economic damages— ide",2023.0
term_23,22-674,20230830130701479_22-674bsUnitedStates.pdf,14,846,opinion_of_the_court,False,True,"TS BRIEF FOR THE ATTORNEY GENERAL OPINIONS BELOW In Campos-Chaves v. Garland, the amended opinion of the court of appeals (Campos-Chaves Pet. App. 1a2a) is reported at 54 F.4th 314. A prior opinion of",2023.0
term_23,22-674,20230830130701479_22-674bsUnitedStates.pdf,14,946,opinion_of_the_court,False,True, the court of appeals (Campos-Chaves Pet. App. 1a2a) is reported at 54 F.4th 314. A prior opinion of the court of appeals (Campos-Chaves Pet. App. 3a-4a) is reported at 43 F.4th 447. The decisions of ,2023.0
term_23,22-674,20231117141706794_22-674rbUnitedStates.pdf,52,389,mandate,False,True,"ves Br. 37), or any other linguistic rules, require reading Section 1229a(b)(5)(C)(ii) to mandate that noncitizens show they did not receive valid notice under both paragraph (1) and para",2023.0
term_23,22-674,20240612111810736_22-674_BIO_Campos-Chaves_032423.1.pdf,5,282,opinion_of_the_court,False,True,OURT OF APPEALS FOR THE FIFTH CIRCUIT BRIEF FOR THE RESPONDENT OPINIONS BELOW The amended opinion of the court of appeals (Pet. App. 1a-2a) is reported at 54 F.4th 314. A prior opinion of the court of,2023.0
term_23,22-704,20230127152800116_Vidal_v._Elster_012623.3.pdf,9,684,opinion_of_the_court,False,True,"e United States Court of Appeals for the Federal Circuit in this case. OPINIONS BELOW The opinion of the court of appeals (App., infra, 1a21a) is reported at 26 F.4th 1328. The decisions of the Tradem",2023.0
term_23,22-704,20230127152800116_Vidal_v._Elster_012623.3.pdf,139,993,petition_for_rehearing,False,True," Elster. The petition was referred to the panel that heard the appeal, and thereafter the petition for rehearing en banc was referred to the circuit judges who are in regular active service.
 66a Upon",2023.0
term_23,22-704,20230725195926740_22-704tsUnitedStates.pdf,12,339,opinion_of_the_court,False,True,ATES COURT OF APPEALS FOR THE FEDERAL CIRCUIT BRIEF FOR THE PETITIONER OPINIONS BELOW The opinion of the court of appeals (Pet. App. 1a-21a) is reported at 26 F.4th 1328. The decisions of the United S,2023.0
term_23,22-7386,20230731104414791_22-7386_McIntosh_Opp.pdf,1,775,opinion_of_the_court,False,True,____ BRIEF FOR THE UNITED STATES IN OPPOSITION _______________ OPINIONS BELOW The amended opinion of the court of appeals (Pet. App. A) is reported at 58 F.4th 606. The amended summary order of the co,2023.0
term_23,22-7386,20231127150008203_McIntosh_Joint_Appendix_-_FINAL_-_to_print.pdf,50,70,costs,False,True,"51 community restitution, (7) JVTA assessment, (8) penalties, and (9) costs, including cost of prosecution and court costs.
 52 UNITED STATES DISTRICT COURT SOUTHERN",2023.0
term_23,22-7386,20231127150008203_McIntosh_Joint_Appendix_-_FINAL_-_to_print.pdf,50,117,costs,False,True,"7) JVTA assessment, (8) penalties, and (9) costs, including cost of prosecution and court costs.
 52 UNITED STATES DISTRICT COURT SOUTHERN DISTRICT OF NEW YORK [filed June 18, 2014] UNI",2023.0
term_23,22-7386,20231127150008203_McIntosh_Joint_Appendix_-_FINAL_-_to_print.pdf,87,229,mandate,False,True,"LOUIS MCINTOSH, Defendant. SIDNEY H. STEIN, U.S.D.J. The Court has received the Order and Mandate of the Second Circuit issued on November 30, 2016, in which a panel of the Second Circuit",2023.0
term_23,22-7386,20231127150008203_McIntosh_Joint_Appendix_-_FINAL_-_to_print.pdf,165,216,mandate,False,True,"S) ORDER LOUIS MCINTOSH, Defendant. SIDNEY H. STEIN, U.S. District Judge. In light of the Mandate of the U.S. Court of Appeals for the Second Circuit issued on May 6, 2020, remanding this",2023.0
term_23,22-7386,20231127150008203_McIntosh_Joint_Appendix_-_FINAL_-_to_print.pdf,236,981,costs,False,True,"7) JVTA assessment, (8) penalties, and (9) costs, including cost of prosecution and court costs.
 176 UNITED STATES DISTRICT COURT SOUTHERN DISTRICT OF NEW YORK [filed May 18, 2023] UNI",2023.0
term_23,22-7386,20240110152445974_22-7386bsUnitedStates.pdf,13,876,opinion_of_the_court,False,True, OF APPEALS FOR THE SECOND CIRCUIT BRIEF FOR THE UNITED STATES OPINIONS BELOW The amended opinion of the court of appeals (J.A. 132-143) is reported at 58 F.4th 606. The amended summary order of the c,2023.0
term_23,22-800,20230221100735190_USSC_Petition_for_Writ_of_Certiroari.pdf,166,697,costs,False,True,"e 2017 year in the amount of $14,729, plus statutory interest; 46. Award the Moores their costs in this action; Enter such other further relief to which the Moores may be entitled as a ",2023.0
term_23,22-800,20230516164014148_22-800_Moore_v._USA.pdf,11,277,opinion_of_the_court,False,True,PPEALS FOR THE NINTH CIRCUIT BRIEF FOR THE UNITED STATES IN OPPOSITION OPINIONS BELOW The opinion of the court of appeals (Pet. App. 1-20) is reported at 36 F.4th 930. The order of the district court ,2023.0
term_23,22-800,20230906124707208_Moore_v._United_States_Amicus_Brief_Final.pdf,4,311,petition_for_rehearing,False,True,"re v. United States, 53 F.4th 507 (9th Cir. 2022) (Bumatay, J., dissenting from denial of petition for rehearing en banc) ........................ 12 New York State Rifle & Pistol Ass’n, Inc. v. Bruen",2023.0
term_23,22-800,20230906124707208_Moore_v._United_States_Amicus_Brief_Final.pdf,27,1311,petition_for_rehearing,False,True," United States, 53 F.4th 507, 511 (9th Cir. 2022) (Bumatay, J., dissenting from denial of petition for rehearing en banc) (concluding that definitions framed in terms of “‘gain which proceeds from” ce",2023.0
term_23,22-800,20230906151353201_22-800_tsac_Meese_Final.pdf,37,1202,mandate,False,True,"567 U.S. 519 (2012). There, a majority of the Court agreed that the Affordable Care Act’s mandate that people buy health insurance exceeded congressional power under the Commerce and Nece",2023.0
term_23,22-800,20230906151353201_22-800_tsac_Meese_Final.pdf,38,272,mandate,False,True,"Commerce and Necessary and Proper Clauses. The Chief Justice concluded, however, that the mandate could be considered to be a tax, and he upheld it as a direct tax because it was not a ca",2023.0
term_23,22-800,20231016195041390_22-800bsUnited_States.pdf,19,262,opinion_of_the_court,False,True,TES COURT OF APPEALS FOR THE NINTH CIRCUIT BRIEF FOR THE UNITED STATES OPINIONS BELOW The opinion of the court of appeals (Pet. App. 1-20) is reported at 36 F.4th 930. The order of the district court ,2023.0
term_23,22-807,20230223140757233_Corrected_Alexander_v._S.C._State_Conference_of_the_NAACP_-_Jurisdiction_eeb28e2d.pdf,16,337,so_ordered,True,False,til 30 days after a final decision in this matter of the United States Supreme Court. AND IT IS SO ORDERED. s/ Mary Geiger Lewis Mary Geiger Lewis United States District Judge s/ Toby J. Heytens T,2023.0
term_23,22-807,20230223140757233_Corrected_Alexander_v._S.C._State_Conference_of_the_NAACP_-_Jurisdiction_eeb28e2d.pdf,94,822,so_ordered,True,False," present the Court with a remedial map for consideration on or before March 31, 2023. AND IT IS SO ORDERED.
 49a __________________________ Mary Geiger Lewis United States District Judge _________",2023.0
term_23,22-842,20240116170640165_NRA_v_Vullo_merits_amicus_brief.pdf,34,978,mandate,False,True,nsurance — it is now literally impossible to obtain the kind of coverage that A-581 would mandate.20 A mandatory insurance requirement would make the exercise of Second Amendment rights c,2023.0
term_23,22-842,20240603163337432_22-842_Appx.pdf,157,874,so_ordered,True,False,"ment claims, and the appeal of Judge Hummel’s decision granting leave to amend is denied. IT IS SO ORDERED. Dated: March, 15, 2021 /s/ Thomas J. McAvoy Thomas J. McAvoy Senior, U.S. District Judge",2023.0
term_23,22-842,20240603163337432_22-842_Appx.pdf,185,549,costs,False,True,"without limitation, damages due to reputational harm, increased development and marketing costs for any potential new NRA-endorsed insurance,” id. ¶ 69, ¶ 111 (same), and “lost royalty ",2023.0
term_23,22-842,20240603163337432_22-842_Appx.pdf,322,409,so_ordered,True,False,"conomic advantage claims against Gov. Cuomo and Supt. Vullo are dismissed with prejudice. IT IS SO ORDERED. Dated: November 6, 2018 /s/ Thomas J. McAvoy Thomas J. McAvoy Senior, U.S. District Judg",2023.0
term_23,22-842,20240603163337432_22-842_Appx.pdf,443,812,costs,False,True,"at may come next. The legal fees to clear your good name could be enormous. Likewise, the costs of defending and potentially losing a civil lawsuit could cripple your finances for the r",2023.0
term_23,22-846,20230303181104913_USDA_Rural_Dev_cert_pet_--_final.pdf,15,579,opinion_of_the_court,False,True,"the United States Court of Appeals for the Third Circuit in this case. OPINIONS BELOW The opinion of the court of appeals (App., infra, 1a34a) is reported at 46 F.4th 159. The opinion of the district ",2023.0
term_23,22-846,20230303181104913_USDA_Rural_Dev_cert_pet_--_final.pdf,77,510,opinion_of_the_court,False,True,"vania District Court No. 2-20-cv-05231 District Judge: The Honorable Mitchell S. Goldberg OPINION OF THE COURT Before: KRAUSE, BIBAS, and PHIPPS, Circuit Judges KRAUSE, Circuit Judge There are profoun",2023.0
term_23,22-846,20230303181104913_USDA_Rural_Dev_cert_pet_--_final.pdf,167,492,petition_for_rehearing,False,True,"URAL DEVELOPMENT RURAL HOUSING SERVICE Filed: Nov. 3, 2022 E.D. Pa. No. 2:20-cv-05231 SUR PETITION FOR REHEARING Present: MCKEE*, JORDAN, KRAUSE, RESTREPO, BIBAS, PORTER, MATEY, and PHIPPS, Circuit Ju",2023.0
term_23,22-846,20230303181104913_USDA_Rural_Dev_cert_pet_--_final.pdf,167,611,petition_for_rehearing,False,True,"t: MCKEE*, JORDAN, KRAUSE, RESTREPO, BIBAS, PORTER, MATEY, and PHIPPS, Circuit Judges The petition for rehearing filed by Appellee United States Department of Agriculture Rural Development Rural Housi",2023.0
term_23,22-846,20230303181104913_USDA_Rural_Dev_cert_pet_--_final.pdf,167,899,petition_for_rehearing,False,True,"ed in the decision of this Court and to all the other available circuit * At the time the petition for rehearing was submitted to the en banc panel, Judge McKee was an active judge of the Court. 3rd C",2023.0
term_23,22-846,20230303181104913_USDA_Rural_Dev_cert_pet_--_final.pdf,168,223,petition_for_rehearing,False,True,"ority of the judges of the circuit in regular service not having voted for rehearing, the petition for rehearing by the panel and the Court en banc, is denied. BY THE COURT, /s/ CHERYL ANN KRAUSE CHER",2023.0
term_23,22-846,20230502163807883_Kirtz_BIO_FINAL.pdf,15,227,costs,False,True,"lful violations and authorizes recovery of actual or statutory damages, punitive damages, costs, and attorney’s fees. Section 1681o applies to negligent violations and authorizes recove",2023.0
term_23,22-846,20230502163807883_Kirtz_BIO_FINAL.pdf,15,344,costs,False,True," Section 1681o applies to negligent violations and authorizes recovery of actual damages, costs, and attorney’s fees. Factual Background and Proceedings Below Respondent Reginald Kirtz ",2023.0
term_23,22-846,20230815163427932_22-846_USDA_v._Kirtz.pdf,18,289,opinion_of_the_court,False,True,STATES COURT OF APPEALS FOR THE THIRD CIRCUIT BRIEF FOR THE PETITIONER OPINIONS BELOW The opinion of the court of appeals (Pet. App. 1a-34a) is reported at 46 F.4th 159. The opinion of the district co,2023.0
term_23,22-859,20230308164750050_Jarkesy.pet_Final.pdf,10,1117,petition_for_rehearing,False,True,"5304908. JURISDICTION The judgment of the court of appeals was entered on May 18, 2022. A petition for rehearing was denied on October 21, 2022. On January 6, 2023, Justice Alito extended the time wit",2023.0
term_23,22-859,20230308164750050_Jarkesy.pet_Final.pdf,10,611,opinion_of_the_court,False,True,"URT OF APPEALS FOR THE FIFTH CIRCUIT PETITION FOR A WRIT OF CERTIORARI OPINIONS BELOW The opinion of the court of appeals (App., infra, 1a62a) is reported at 34 F.4th 446. The order of the court of ap",2023.0
term_23,22-859,20230308164750050_Jarkesy.pet_Final.pdf,170,456,petition_for_rehearing,False,True,"Petition for Review of an Order of the Securities and Exchange Comm Agency No. 3-15255 ON PETITION FOR REHEARING EN BANC Before: DAVIS, ELROD, and OLDHAM, Circuit Judges. PER CURIAM: Treating the peti",2023.0
term_23,22-859,20230308164750050_Jarkesy.pet_Final.pdf,170,562,petition_for_rehearing,False,True,"EARING EN BANC Before: DAVIS, ELROD, and OLDHAM, Circuit Judges. PER CURIAM: Treating the petition for rehearing en banc as a petition for panel rehearing (5TH CIR. R. 35 I.O.P.), the petition for pan",2023.0
term_23,22-859,20230308164750050_Jarkesy.pet_Final.pdf,274,418,costs,False,True,"ecognizing that even when a respondent may be “ ‘entitled to a deduction for all marginal costs incurred in producing the revenues that are subject to disgorgement,’ ” the respondent mu",2023.0
term_23,22-859,20230308164750050_Jarkesy.pet_Final.pdf,319,383,mandate,False,True," discretionary decisionmaking authority that the Commission exercises in carrying out its mandate to enforce—i.e., execute—the law,168 akin to the Commission’s decisions regarding whether",2023.0
term_23,22-859,20230822142355247_SABINO_AMICUS_Jarkesy_BRIEF.pdf,34,613,slip_op,False,True,"ular petitioner, and more about the conjoined action, SEC v. Cochran (No. 21-1239). Axon, slip op. at 4. Therein Michelle Cochran, a certified public accountant, having already received an",2023.0
term_23,22-859,20230822142355247_SABINO_AMICUS_Jarkesy_BRIEF.pdf,34,993,slip_op,False,True,"ncy’s administrative law judges held office in violation of the Appointments Clause. Id., slip op. at 4. See also Anthony Michael Sabino, “Challenging Agency Power: ‘Axon,’ Part 2,” 269 Ne",2023.0
term_23,22-859,20230828183013049_22-859tsUnitedStates.pdf,23,771,petition_for_rehearing,False,True,"5304908. JURISDICTION The judgment of the court of appeals was entered on May 18, 2022. A petition for rehearing was denied on October 21, 2022 (Pet. App. 63a-70a). On January 6, 2023, Justice Alito e",2023.0
term_23,22-859,20230828183013049_22-859tsUnitedStates.pdf,23,275,opinion_of_the_court,False,True,STATES COURT OF APPEALS FOR THE FIFTH CIRCUIT BRIEF FOR THE PETITIONER OPINIONS BELOW The opinion of the court of appeals (Pet. App. 1a-62a) is reported at 34 F.4th 446. The order of the court of appe,2023.0
term_23,22-859,20230828183013049_22-859tsUnitedStates.pdf,44,866,petition_for_rehearing,False,True,"lely adjudicative functions.” Id. at 58a. 4. The court of appeals denied the Commission’s petition for rehearing en banc by a vote of 10-6. Pet. App. 63a-64a. Judge Haynes, joined by four other judges",2023.0
term_23,22-859,20230905163641374_AALJ_Amicus_Final.pdf,31,372,slip_op,False,True,"utionality of the Comm’r of Soc. Sec.’s Tenure Prot., 45 Op. O.L.C., at 1 (July 8, 2021) (slip op.).4 Jettisoning removal protections that preserve core criteria of neutrality and independ",2023.0
term_23,22-859,20231011140507326_22-859_Respondents_Brief.pdf,20,782,opinion_of_the_court,False,True,or the Fifth Circuit _____________ BRIEF FOR RESPONDENTS _____________ OPINIONS BELOW The opinion of the court of appeals is reported at 34 F.4th 446 (Pet. App. 1a-62a). The order of the court of appe,2023.0
term_23,22-888,20230313150838514_PETITION_FOR_A_WRIT_OF_CERTIORARI.pdf,11,529,opinion_of_the_court,False,True,"disill v. McDonough, 55 F.4th 879 (Fed. Cir. 2022), and reproduced at Pet.App.1a–47a. The opinion of the Court of Appeals for Veterans Claims reversing the decision of the Board of Veterans’ Appeals i",2023.0
term_23,22-888,20230313150838514_PETITION_FOR_A_WRIT_OF_CERTIORARI.pdf,76,370,costs,False,True,"efits to 10 months and 16 days, the amount of his unused Montgomery entitlement. REVERSED Costs No costs. 8. Mr. Rudisill suggests that the government’s position is contrary to its own ",2023.0
term_23,22-888,20230313150838514_PETITION_FOR_A_WRIT_OF_CERTIORARI.pdf,76,379,costs,False,True,"10 months and 16 days, the amount of his unused Montgomery entitlement. REVERSED Costs No costs. 8. Mr. Rudisill suggests that the government’s position is contrary to its own regulatio",2023.0
term_23,22-888,20230313150838514_PETITION_FOR_A_WRIT_OF_CERTIORARI.pdf,307,585,petition_for_rehearing,False,True," Accordingly, It is Ordered That: (1) The petition for panel rehearing is denied. (2) The petition for rehearing en banc is granted. (3) The panel opinion in Rudisill v. McDonough, 4 F.4th 1297 (Fed. ",2023.0
term_23,22-888,20230911181052651_22-888bsUnitedStates.pdf,12,356,opinion_of_the_court,False,True,inion of the en banc court of appeals (Pet. App. 1a-47a) is reported at 55 F.4th 879. The opinion of the court of appeals panel (Pet. App. 48a-69a) is reported at 4 F.4th 1297. The opinion of the Cour,2023.0
term_23,22-913,20230317145859330_2_Appendix_Devillier.pdf,4,737,opinion_of_the_court,False,True," be denied. See Dkt. 26. That Memorandum and Recommendation was ultimately adopted as the opinion of the Court. See Dkt. 35. A short time after the Devillier Plaintiffs brought this lawsuit, other pro",2023.0
term_23,22-913,20230317145859330_2_Appendix_Devillier.pdf,49,449,mandate,False,True,"21 Enclosed is an order entered in this case. See FRAP and Local Rules 41 for stay of the mandate.
 39a Sincerely, LYLE W. CAYCE, Clerk /s/ Dantrell L. Johnson By: Dantrell L. Johnson, De",2023.0
term_23,22-913,20231113142349092_Devillier_-_Statement_of_Costs_w_Proof_of_Service_PDFA_11.13.23.pdf,0,299,costs,False,True,"e been served, on this 13th day of November, 2023, one copy of the foregoing STATEMENT OF COSTS by placing said copy in the U.S. mail, first class postage prepaid, addressed as listed b",2023.0
term_23,22-915,20230814194714856_22-915_U.S._v._Rahimi.pdf,31,623,opinion_of_the_court,False,True,ATES COURT OF APPEALS FOR THE FIFTH CIRCUIT BRIEF FOR THE UNITED STATES OPINION BELOW The opinion of the court of appeals (Pet. App. 1a-41a) is published at 61 F.4th 443. JURISDICTION The judgment of ,2023.0
term_23,22-915,20230814194956129_U.S._v._Rahimi_J.A.pdf,3,810,so_ordered,True,False,"hould be excluded from this protective order pursuant to § 85.007, Texas Family Code, and it is so ORDERED. Communication The Court finds good cause exists to prohibit Respondent from communicatin",2023.0
term_23,22-915,20230814194956129_U.S._v._Rahimi_J.A.pdf,3,992,so_ordered,True,False,"m communicating in any manner with Applicant pursuant to § 85.022, Texas Family Code, and it is so ORDERED. Orders It is ORDERED that Zackey Rahimi, Respondent, is hereby IMMEDIATELY PROHIBITED fr",2023.0
term_23,22-976,20230406221131265_Garland_v._Cargill_petition.pdf,353,795,so_ordered,True,False,"constitutes final judgment in this case, and the case is hereby DISMISSED WITH PREJUDICE. IT IS SO ORDERED. DATED: Austin, Texas, Nov. 23, 2020 /s/ DAVID ALAN EZRA David Alan Ezra Senior United St",2023.0
term_23,22-976,20231218165513713_22-976tsUnitedStates.pdf,10,349,opinion_of_the_court,False,True,inion of the en banc court of appeals (Pet. App. 1a-71a) is reported at 57 F.4th 447. The opinion of the court of appeals panel (Pet. App. 72a-91a) is reported at 20 F.4th 1004. The opinion of the dis,2023.0
term_23,22O141,20190607164146389_Reply_Brief_Final_06-07-19.pdf,21,831,mandate,False,True,ts. It is a vitiating infirmity that Compact procedures for Compact administration do not mandate delivery of all senior water rights before water deliveries to junior federal water users,2023.0
term_23,22O141,20231013160503403_Brief_-_Amicus_El_Paso_County_Water_Improvement_District_1.pdf,15,57,costs,False,True,. Blair Decl. ¶ 7 (SM Doc. 754-1). This is on top of the costs that EP1 has to cover for maintaining and operating Project facilities within its boundar,2023.0
term_23,22O141,20231204154639751_12042023_FinalStatesJointReplyandAppx.pdf,14,247,costs,False,True,"mation for water in exchange for taking on repayment obligations for Project construction costs. Elephant Butte Water Users’ Association, Articles of Incorporation, NM-EX-302, Doc. 418-",2023.0
term_23,22O141,20231204154639751_12042023_FinalStatesJointReplyandAppx.pdf,14,766,costs,False,True,"720-6. Pursuant to a 1938 Contract between the Districts and the United States, repayment costs and water shortages were also shared 57:43. See 1938 Downstream Contract (Feb. 16, 1938) ",2023.0
term_23,22O141,20231204154639751_12042023_FinalStatesJointReplyandAppx.pdf,70,420,mandate,False,True,"S. Compl. ¶ 15. To remedy that allegation, the relief sought by the United States was to “mandate that New Mexico affirmatively prevent” unauthorized “interception and interference” of Pr",2023.0
term_23,22O141,20231207180131962_Joint_Amici_Curiae_Brief_of_New_Mexico_Pecan_Growers_and_SRGDCFA_in_Supp_e9f138a4.pdf,9,417,mandate,False,True,eclaration that New Mexico has an obligation to protect the Project from interference and mandate how it must do so. But who is the United States trying to protect? The Compacting States ,2023.0
term_23,22O141,20231207180131962_Joint_Amici_Curiae_Brief_of_New_Mexico_Pecan_Growers_and_SRGDCFA_in_Supp_e9f138a4.pdf,33,731,costs,False,True,dwater to replace reduced surface supply has resulted in significantly higher operational costs. It has also stressed the aquifers upon which the farmers need to rely in times of drough,2023.0
term_23,23-108,20230801105323835_Snyder_Petition_Appendix.pdf,2,648,petition_for_rehearing,False,True,"ring en banc, filed June 29, 2023, no judge in active service has requested a vote on the petition for rehearing en banc, and all judges on the original panel have voted to deny the petition for panel",2023.0
term_23,23-108,20230801105323835_Snyder_Petition_Appendix.pdf,2,856,petition_for_rehearing,False,True,"ng.* * Circuit Judge Thomas L. Kirsch II did not participate in the consideration of this petition for rehearing en banc. (1a)
 2a Accordingly, the petition for panel rehearing and rehearing en banc f",2023.0
term_23,23-108,20230801105323835_Snyder_Petition_Appendix.pdf,5,465,costs,False,True,al Trust Mortgage as a division of GVC Mortgage. Snyder sent invoices to GVC Mortgage for costs ostensibly incurred in operating First Financial,2023.0
term_23,23-108,20230801105323835_Snyder_Petition_Appendix.pdf,86,67,judgment_is,True,True,"45a evidence was sufficient to support both juries’ verdicts.7 The judgment of the district court is AFFIRMED. 7 Snyder also argues that the reasoning of the district court, which denied his motions ",2023.0
term_23,23-108,20231116162545315_Snyder_23-108_-_final.pdf,8,269,opinion_of_the_court,False,True,EALS FOR THE SEVENTH CIRCUIT BRIEF FOR THE UNITED STATES IN OPPOSITION OPINIONS BELOW The opinion of the court of appeals (Pet. App. 3a-45a) is reported at 71 F.4th 555. The order of the district cour,2023.0
term_23,23-108,20240205125638057_Snyder_Joint_Appendix.pdf,23,700,costs,False,True,aziness designed to avoid loopholes through which bad persons can wriggle can impose high costs on people the statute was not designed to catch.”). Congress has yet to take up that invi,2023.0
term_23,23-108,20240209172135129_Snyder_Amicus_Final_Amicus_Brief.pdf,19,850,costs,False,True,m Peterbilt related to legitimate consulting work that he did for Peterbilt to afford the costs of multiple children and outstanding tax liabilities. Id. (citing 3/12/2021 Tr. 1139:6-11,2023.0
term_23,23-108,20240311193806471_23-108bsUnitedStates.pdf,16,240,opinion_of_the_court,False,True,S COURT OF APPEALS FOR THE SEVENTH CIRCUIT BRIEF FOR THE UNITED STATES OPINIONS BELOW The opinion of the court of appeals (Pet. App. 3a-45a) is reported at 71 F.4th 555. The order of the district cour,2023.0
term_23,23-124,20230807153932850_Harrington_v._Purdue_Pharma_stay_reply_final.pdf,0,360,mandate,False,True,"DUE PHARMA L.P., ET AL. _______________ REPLY IN SUPPORT OF APPLICATION FOR A STAY OF THE MANDATE OF THE UNITED STATES COURT OF APPEALS FOR THE SECOND CIRCUIT PENDING THE FILING AND DISPO",2023.0
term_23,23-124,20230920205320537_23-124tsUnitedStates.pdf,3,722,mandate,False,True," In re Purdue Pharma L.P., et al., No. 22-110 (July 25, 2023) (denying motion for stay of mandate) United States Supreme Court: Harrington v. Purdue Pharma L.P., et al., No. 23A87 (Aug. 1",2023.0
term_23,23-124,20230920205320537_23-124tsUnitedStates.pdf,3,587,petition_for_rehearing,False,True,"ict court judgment) In re Purdue Pharma L.P., et al., No. 22-110 (July 24, 2023) (denying petition for rehearing and rehearing en banc) In re Purdue Pharma L.P., et al., No. 22-110 (July 25, 2023) (de",2023.0
term_23,23-124,20230920205320537_23-124tsUnitedStates.pdf,17,277,opinion_of_the_court,False,True,TATES COURT OF APPEALS FOR THE SECOND CIRCUIT BRIEF FOR THE PETITIONER OPINIONS BELOW The opinion of the court of appeals (J.A. 839-914) is reported at 69 F.4th 45. The order of the court of appeals d,2023.0
term_23,23-124,20230920212458415_Harrington_v._Purdue_Pharma_J.A_Vol._2_final_reduced.pdf,517,154,mandate,False,True,cuit Judges. Appellee U.S. Trustee William K. Harrington moves for a stay of this Court’s mandate pending disposition of a petition for writ of certiorari. IT IS HEREBY ORDERED that the m,2023.0
term_23,23-124,20230920212458415_Harrington_v._Purdue_Pharma_J.A_Vol._2_final_reduced.pdf,517,269,mandate,False,True,"on of a petition for writ of certiorari. IT IS HEREBY ORDERED that the motion to stay the mandate is DENIED. For the Court: Catherine O’Hagan Wolfe, Clerk of Court
 920 (ORDER LIST: 600 U",2023.0
term_23,23-124,20230920212458415_Harrington_v._Purdue_Pharma_J.A_Vol._2_final_reduced.pdf,517,590,mandate,False,True, for stay presented to Justice Sotomayor and by her referred to the Court is granted. The mandate of the United States Court of Appeals for the Second Circuit in case No. 22-110 and the c,2023.0
term_23,23-124,20230921130550849_No._23-124_Brief.pdf,8,885,mandate,False,True,"9) . . . . . . . . . . . 14 U.S. Trustee’s Memorandum of Law in Support of Motion to Stay Mandate, Case No. 22-110 bk, ECF Dkt. 1012, . . . . . . . . .25 William Harrington, U.S. Trustee,",2023.0
term_23,23-124,20230921130550849_No._23-124_Brief.pdf,8,1013,mandate,False,True,"1012, . . . . . . . . .25 William Harrington, U.S. Trustee, Application for a Stay of the Mandate of the United States Court of Appeals . . . . . . . . . . . . . . .10
 xi Cited Authoriti",2023.0
term_23,23-124,20230921130550849_No._23-124_Brief.pdf,25,1222,mandate,False,True,"e from liability . . . .” William Harrington, U.S. Trustee, Application for a Stay of the Mandate of the United States Court of Appeals, filed in these proceedings, p. 2 (hereafter, “Trus",2023.0
term_23,23-124,20230927160403794_44254_pdf_Davidoff.pdf,18,1233,mandate,False,True,ignificant reduction in a meaningful reorganization of an 7 Application For A Stay Of The Mandate Of The United States Court Of Appeals For The Second Circuit Pending The Filing And Dispo,2023.0
term_23,23-124,20230927165546707_ABR_amicus_brief_for_efiling.pdf,6,349,mandate,False,True," effect of the release. 5 William Harrington, U.S. Trustee, APPLICATION FOR A STAY OF THE MANDATE OF THE UNITED STATES COURT OF APPEALS, filed in these proceedings, p.2.",2023.0
term_23,23-146,20230818120900598_20230818-120738-95760529-00004113.pdf,7,1269,opinion_of_the_court,False,True,"he United States Court of Appeals for the Eighth Circuit in this case. OPINIONS BELOW The opinion of the court of appeals (App., infra, la15a) is reported at 70 F.4th 412. The opinion of the district ",2023.0
term_23,23-146,20231030172222151_23-146_Connelly_v._IRS_-_FINAL.pdf,6,698,opinion_of_the_court,False,True,PEALS FOR THE EIGHTH CIRCUIT BRIEF FOR THE UNITED STATES IN OPPOSITION OPINIONS BELOW The opinion of the court of appeals (Pet. App. 1a-15a) is reported at 70 F.4th 412. The order of the district cour,2023.0
term_23,23-146,20240124130226166_23-146_petbrief.pdf,11,475,opinion_of_the_court,False,True,TATES COURT OF APPEALS FOR THE EIGHTH CIRCUIT BRIEF FOR THE PETITIONER OPINIONS BELOW The opinion of the court of appeals (J.A. 104-118) is reported at 70 F.4th 412. The opinion of the district court ,2023.0
term_23,23-14,20230630153241379_Diaz_Certiorari_Petition_-_Appendix.pdf,11,491,petition_for_rehearing,False,True,"o deny the petition for panel rehearing. Judges Ikuta and Christen have voted to deny the petition for rehearing en banc, and Judge Bea so recommends. The full court has been advised of the petition f",2023.0
term_23,23-14,20230630153241379_Diaz_Certiorari_Petition_-_Appendix.pdf,11,591,petition_for_rehearing,False,True,"or rehearing en banc, and Judge Bea so recommends. The full court has been advised of the petition for rehearing en banc and no judge has requested a vote on whether to rehear the matter en banc. See ",2023.0
term_23,23-14,20230630153241379_Diaz_Certiorari_Petition_-_Appendix.pdf,11,762,petition_for_rehearing,False,True,"hear the matter en banc. See Fed. R. App. P. 35. The petition for panel rehearing and the petition for rehearing en banc are DENIED.
 8a APPENDIX C [01] IN THE UNITED STATES DISTRICT COURT FOR THE SOU",2023.0
term_23,23-14,20230928104533644_23-14_Diaz_v._USA.pdf,6,272,opinion_of_the_court,False,True,APPEALS FOR THE NINTH CIRCUIT BRIEF FOR THE UNITED STATES IN OPPOSITION OPINION BELOW The opinion of the court of appeals (Pet. App. 1a-6a) is not published in the Federal Reporter but is available at,2023.0
term_23,23-14,20240126143447567_23-14bsUnitedStates.pdf,10,243,opinion_of_the_court,False,True,ATES COURT OF APPEALS FOR THE NINTH CIRCUIT BRIEF FOR THE UNITED STATES OPINION BELOW The opinion of the court of appeals (Pet. App. 1a-6a) is not published in the Federal Reporter but is available at,2023.0
term_23,23-175,20230822105225753_Grants_Pass_Pet._App.pdf,2,466,petition_for_rehearing,False,True,"F.4th 787; filed an amended opinion and dissent concurrently with its order; and denied a petition for rehearing en banc after a request for a vote on whether to rehear the matter en banc, and the mat",2023.0
term_23,23-175,20230822105225753_Grants_Pass_Pet._App.pdf,389,652,so_ordered,True,False," and DENIED in part, and Defendant’s Motion for Summary Judgment (Dkt. No. 80) is DENIED. IT IS SO ORDERED and DATED this 22nd day of July, 2020. /s/ Mark D. Clarke MARK D. CLARKE United States Ma",2023.0
term_23,23-175,20230822105225753_Grants_Pass_Pet._App.pdf,416,1069,so_ordered,True,False,"ER For the foregoing reasons, Plaintiffs Motion for Class Certification (#25) is GRANTED. IT IS SO ORDERED. DATED this __7__ day of August, 2019 __/s/ Mark D. Clarke______ MARK D. CLARKE United St",2023.0
term_23,23-175,20230823153037814_Grants_Pass_v._Johnson_cert_petition_corrected.pdf,30,190,petition_for_rehearing,False,True,"t decision “at the earliest opportunity.” Ibid. 4. The Ninth Circuit denied Grants Pass’s petition for rehearing en banc over the dissent of 13 active judges (one short of a majority). App., infra, 12",2023.0
term_23,23-175,20230920180047655_44262_Brief_-_Amici_Curiae.pdf,17,348,costs,False,True," the daily battles. Continued non-enforcement of these municipal laws imposes significant costs, such as loss of intended uses of public parks and other areas, increased need to respond",2023.0
term_23,23-175,20230922163648635_Amicus_Brief_for_Governor_Newsom_-_Grants_Pass_Final.pdf,25,337,costs,False,True,"L 17905114, at *21-22; Fund for Empowerment, 2022 WL 18213522, at *3. There are real life costs to that refusal to define the scope of the constitutional right. Any attempt to move unho",2023.0
term_23,23-175,20230925135328591_IMLA_Amicus_Brief_FINAL_DRAFT.pdf,39,1062,costs,False,True,lic assistance. Smaller jurisdictions have even less flexibility to absorb these types of costs as a constitutional obligation. The numbers from the City of Grants Pass illustrate this ,2023.0
term_23,23-175,20230925135328591_IMLA_Amicus_Brief_FINAL_DRAFT.pdf,40,76,costs,False,True,. Smaller jurisdictions have even less flexibility to absorb these types of costs as a constitutional obligation. The numbers from the City of Grants Pass illustrate this ,2023.0
term_23,23-175,20230925135328591_IMLA_Amicus_Brief_FINAL_DRAFT.pdf,41,1051,costs,False,True,"text, 13 This estimate is likely well below what the actual cost would be. Annual shelter costs per unit are estimated to be between $58,400 and $70,400 in San Francisco, and at least $",2023.0
term_23,23-175,20230925173704449_SoCalMuni_MAIN_E_FILE_Sep_25_23.pdf,40,570,costs,False,True," because of the constant presence of encampments and the collateral trash and litter that costs the City approximately $25,000 annually in cleanups. V. The Proliferation of Encampments ",2023.0
term_23,23-175,20240226141521734_Grants_Pass_Joint_Appendix_-_TO_FILE.pdf,69,1234,costs,False,True,"can lawfully engage in necessary life-sustaining activities. 5. To award plaintiffs their costs and attorney fees, pursuant to 42 U.S.C. § 1988 6. To award plaintiffs such other relief ",2023.0
term_23,23-175,20240226141521734_Grants_Pass_Joint_Appendix_-_TO_FILE.pdf,76,1344,costs,False,True,"d Complaint, defendant City of Grants Pass requests judgment in its favor and an award of costs and attorney fees as the prevailing party under 42 U.S.C. § 1988.",2023.0
term_23,23-175,20240226141521734_Grants_Pass_Joint_Appendix_-_TO_FILE.pdf,140,1420,costs,False,True,tated they could do a public-private partnership but it would bring in red tape and added costs,2023.0
term_23,23-175,20240226141521734_Grants_Pass_Joint_Appendix_-_TO_FILE.pdf,194,365,so_ordered,True,False,"ffs are entitled to reasonable attorney fees and costs to be determined under FRCP 54(d). IT IS SO ORDERED and DATED this 26th day of August, 2020. /s/ Mark D. Clarke MARK D. CLARKE United States ",2023.0
term_23,23-175,20240226141521734_Grants_Pass_Joint_Appendix_-_TO_FILE.pdf,194,864,costs,False,True,"sued a Judgment in this matter on August 26, 2020 and having granted plaintiffs’ fees and costs by separate Order; It is hereby adjudged: 1. Plaintiffs are awarded the amount of $300,00",2023.0
term_23,23-175,20240226141521734_Grants_Pass_Joint_Appendix_-_TO_FILE.pdf,194,972,costs,False,True,"Order; It is hereby adjudged: 1. Plaintiffs are awarded the amount of $300,000, for their costs and attorney fees, with interest to be calculated consistent with the Federal Rules of Ci",2023.0
term_23,23-175,20240301172330264_44869_pdf_Considine.pdf,14,171,costs,False,True,"e needed to address the problem, and it is States and localities that ultimately bear the costs of homelessness and of homeless policy. It should be States and localities that make the ",2023.0
term_23,23-175,20240304122417614_City_of_Chico_Amicus_Brief.pdf,36,544,costs,False,True,"uently, the potential exists for governments to be overwhelmed with exorbitant litigation costs and personnel issues—e.g., whether there are enough officers to enforce the law, whether ",2023.0
term_23,23-175,20240304125823927_Amicus_Brief.pdf,28,935,mandate,False,True,"wn case said as much, writing: The Martin and Grants Pass decisions created an unworkable mandate based upon questionable legal analysis. . . . One need only look at the multitude of dang",2023.0
term_23,23-175,20240304155924650_Newsome_Amicus_Brief_3-4-2024.pdf,34,569,costs,False,True,"y made the problem worse. See Coal. on Homelessness, 90 F.4th at 979. There are real-life costs to these sweeping pronouncements. Any attempt to move unhoused persons out of encampments",2023.0
term_23,23-175,20240304172419202_23-175_tsac_IMLA_et_al_Final.pdf,21,789,mandate,False,True,ubjecting individual jurisdictions to litigation and federal injunctions that effectively mandate the construction of shelter space is practically counterproductive and constitutionally u,2023.0
term_23,23-175,20240305114552166_Grants_Pass_v_Johnson_CSAC_Cal_Cities_Amicus_Brief.pdf,24,1123,mandate,False,True,"g defendants to clear sidewalks to allow disabled residents to pass would not necessarily mandate the imposition of criminal penalties. Hood v. City of Sacramento, No. 2:23-cv-00232-KJM-C",2023.0
term_23,23-175,20240305131505386_OC_CORRECTED_Amicus_Curiae_Brief_-_COMBINED_FILE_-_03.05.2024.pdf,19,1068,mandate,False,True,to make available for this transient homeless population. Boise and Grants Pass appear to mandate a one-to-one ratio of beds to individuals experiencing homelessness. Under the panel’s de,2023.0
term_23,23-175,20240305131505386_OC_CORRECTED_Amicus_Curiae_Brief_-_COMBINED_FILE_-_03.05.2024.pdf,21,763,mandate,False,True,"bsequent decline in their residents’ quality of life. Second, by imposing this one-to-one mandate, the Ninth Circuit also failed to consider that homeless individuals will often migrate t",2023.0
term_23,23-175,20240305164916636_44803_Rev_pdf_Gardea.pdf,22,331,costs,False,True,"ombat homelessness. Continued non-enforcement of these municipal laws imposes significant costs, such as loss of intended uses of public parks and other areas, increased need to respond",2023.0
term_23,23-21,20230703093252219_2_-_HARROW_-_FINAL_-_APPENDIX_.pdf,3,1361,mandate,False,True,"onsideration thereof, IT IS ORDERED THAT: The petition for panel rehearing is denied. The mandate of the court will issue on April 24,",2023.0
term_23,23-21,20230703093252219_2_-_HARROW_-_FINAL_-_APPENDIX_.pdf,3,926,costs,False,True," ORDERED THAT: (1) The petition for review is dismissed. (2) Each side shall bear its own costs.
 1b APPENDIX B United States Court of Appeals for the Federal Circuit No. 2022-2254 STUA",2023.0
term_23,23-21,20230703105801046_1_-_HARROW_-_FINAL.pdf,11,18,petition_for_rehearing,False,True,"4 Harrow’s timely petition for rehearing was denied on April 17, 2023. (App. B.) Harrow secured counsel and timely petitioned this",2023.0
term_23,23-21,20231006155139031_23-21_Harrow_v._DoD_final.pdf,10,263,opinion_of_the_court,False,True,"APPEALS FOR THE FEDERAL CIRCUIT BRIEF FOR THE RESPONDENT IN OPPOSITION OPINIONS BELOW The opinion of the court of appeals (Pet. App. 1a-3a) is not published in the Federal Reporter, but is available a",2023.0
term_23,23-235,20230908165000535_USFDA_et_al._v._Alliance_for_Hippocratic_Medicine_et_al._Petition.pdf,12,698,opinion_of_the_court,False,True,the United States Court of Appeals for the Fifth Circuit in this case. OPINIONS BELOW The opinion of the court of appeals (Pet. App. 1a110a) is not yet reported but is available at 2023 WL 5266026. Th,2023.0
term_23,23-235,20230908165019043_Alliance_for_Hippocratic_Medicine_App_FINAL.pdf,413,330,costs,False,True," Mail-Order Decision all empower non-doctors to prescribe mifepristone and thus shift the costs of the drug onto the plaintiff physicians who must manage the aftermath. See, e.g., PI Ap",2023.0
term_23,23-235,20231012145300905_2023-10-12_Pharma_Industry_Cert-Stage_Amicus_Br_FINAL.pdf,5,625,costs,False,True,"ling many more for drugs currently in development. They are deeply familiar with the high costs associated with drug development and the need for regulatory clarity, certainty, and stab",2023.0
term_23,23-235,20240123153612664_Danco_-_Merits_Brief.pdf,27,124,mandate,False,True,"ving tens of thousands of women, FDA determined there was no safety or efficacy reason to mandate that the latter two visits be conducted in person. In considering the change to allow at-",2023.0
term_23,23-235,20240130163151672_Honeybee_Amicus_Brief.pdf,15,375,costs,False,True,d by the federal Food and Drug Administration (“FDA”) to patients in the United States at costs almost always less than the patients’ local brick-andmortar pharmacies. Honeybee patients,2023.0
term_23,23-250,20230913180355425_San_Carlos_Apache_Petition_final.pdf,11,611,opinion_of_the_court,False,True,"the United States Court of Appeals for the Ninth Circuit in this case. OPINIONS BELOW The opinion of the court of appeals (App., infra, 1a15a) is reported at 53 F.4th 1236. The opinion of the district",2023.0
term_23,23-250,20230913180355425_San_Carlos_Apache_Petition_final.pdf,32,446,costs,False,True," of the Tribe.” App., infra, 15a. The court thus ruled that IHS must pay contract support costs “for third-partyfunded portions” of the tribe’s health care programs. Ibid. In so holding",2023.0
term_23,23-250,20230913180355425_San_Carlos_Apache_Petition_final.pdf,32,769,costs,False,True,"17 (2021), which had rejected a tribe’s materially identical request for contract support costs associated with income from third-party payors. App., infra, 9a; see id. at 9a-10a. In Sw",2023.0
term_23,23-250,20230913180355425_San_Carlos_Apache_Petition_final.pdf,34,150,petition_for_rehearing,False,True,", 61 F.4th 810, 812 (2023).2 5. The court of appeals subsequently denied the government’s petition for rehearing en banc. App., infra, 36a. REASONS FOR GRANTING THE PETITION Under the Indian Self-Dete",2023.0
term_23,23-250,20230913180355425_San_Carlos_Apache_Petition_final.pdf,38,640,costs,False,True,ative. a. The text and structure of Section 5325 establish that IHS owes contract support costs to “support” the program transferred under the contract and funded by the Secretarial amo,2023.0
term_23,23-250,20230913180355425_San_Carlos_Apache_Petition_final.pdf,38,753,costs,False,True,"program transferred under the contract and funded by the Secretarial amount, not to cover costs associated with the tribe’s expenditure of funds from other sources. See Swinomish Indian",2023.0
term_23,23-250,20230913180355425_San_Carlos_Apache_Petition_final.pdf,38,953,costs,False,True,". Becerra, 993 F.3d 917, 920 (D.C. Cir. 2021). The category of eligible “contract support costs,” 25 U.S.C. 5325(a)(2), is identified specifically in relation to the tribe’s role as a c",2023.0
term_23,23-250,20230913180355425_San_Carlos_Apache_Petition_final.pdf,46,657,costs,False,True,"n this respect too, Section 5326’s “plain and unambiguous” language bars contract support costs for third-party-funded activities. Northern Arapaho Tribe v. Becerra, 61 F.4th 810, 830 (",2023.0
term_23,23-250,20230913180355425_San_Carlos_Apache_Petition_final.pdf,46,868,costs,False,True,"J., dissenting in part). d. The statutory rationale for IHS’s payment of contract support costs also has no application in the context of a tribe’s supplemental revenue streams. Section",2023.0
term_23,23-250,20230913180355425_San_Carlos_Apache_Petition_final.pdf,62,404,costs,False,True," tribe in the Ninth Circuit is seeking nearly $110 million in additional contract support costs and associated damages for a single fiscal year. See Compl. ¶ 46, Gila River Indian Cmty.",2023.0
term_23,23-250,20230913180355425_San_Carlos_Apache_Petition_final.pdf,126,702,petition_for_rehearing,False,True,"efore: HAWKINS, PAEZ, and WATFORD, Circuit Judges. The full court has been advised of the petition for rehearing en banc and no judge has requested a vote on whether to rehear the matter en banc. Fed.",2023.0
term_23,23-250,20231011095112936_File_-_San_Carlos_Apache_-_Brief_in_Response.pdf,26,87,costs,False,True,. The court thus concluded that “the plain language of [§ 5325(a)] appears to include” costs for services funded by program income. Id. at 12a. The Ninth Circuit recognized that the ,2023.0
term_23,23-250,20231011095112936_File_-_San_Carlos_Apache_-_Brief_in_Response.pdf,26,483,costs,False,True,"pp. 10a. Swinomish, the court explained, misread the statute by limiting contract support costs to activities “‘described in the contract’ or ‘funded by the signatories to the",2023.0
term_23,23-250,20231011095112936_File_-_San_Carlos_Apache_-_Brief_in_Response.pdf,29,1009,costs,False,True,"e.” Id. at 15a. Thus, the court held “that the ISDA requires payment of [contract support costs] for third-party-funded portions of the Federal healthcare program operated by the Tribe.",2023.0
term_23,23-250,20240104212631524_23-250tsUnitedStates.pdf,14,431,opinion_of_the_court,False,True,"NTH AND TENTH CIRCUITS BRIEF FOR THE PETITIONERS OPINIONS BELOW In San Carlos Apache, the opinion of the court of appeals (SCA Pet. App. 1a-15a) is reported at 53 F.4th 1236. The opinion of the distri",2023.0
term_23,23-250,20240104212631524_23-250tsUnitedStates.pdf,37,492,costs,False,True,"17 (2021), which had rejected a tribe’s materially identical request for contract support costs associated with its expenditure of third-party income. SCA Pet. App. 9a; see id. at 9a-10",2023.0
term_23,23-250,20240104212631524_23-250tsUnitedStates.pdf,49,832,costs,False,True,"should be rejected: ISDA’s “text and structure do not require payment of contract support costs when a tribe spends money received from sources other than Indian Health Service, like in",2023.0
term_23,23-250,20240104212631524_23-250tsUnitedStates.pdf,100,645,costs,False,True,"1993 (D. Ariz. Nov. 23, 2022) (seeking nearly $110 million in additional contract support costs and associated",2023.0
term_23,23-334,20240117103357238_U.S._Dept_of_State_v._Munoz_Petition.pdf,12,521,opinion_of_the_court,False,True,"the United States Court of Appeals for the Ninth Circuit in this case. OPINIONS BELOW The opinion of the court of appeals (App., infra, 1a41a) is reported at 50 F.4th 906. The order of the en banc cou",2023.0
term_23,23-334,20240117103357238_U.S._Dept_of_State_v._Munoz_Petition.pdf,245,621,petition_for_rehearing,False,True,", KERMIT V. LIPEZ,* and KENNETH K. LEE, Circuit Judges. The full court was advised of the petition for rehearing en banc. A judge requested a vote on whether to rehear the matter en banc. The matter f",2023.0
term_23,23-334,20240220181935001_23-334tsUnitedStates.pdf,17,245,opinion_of_the_court,False,True,TATES COURT OF APPEALS FOR THE NINTH CIRCUIT BRIEF FOR THE PETITIONERS OPINIONS BELOW The opinion of the court of appeals (Pet. App. 1a-41a) is reported at 50 F.4th 906. The order of the en banc court,2023.0
term_23,23-334,20240220182539208_Munoz_J.A._final.pdf,19,420,costs,False,True,"2) Declare that 8 U.S.C. Section 1182(a)(3)(A)(ii) is unconstitutionally vague; (3) Award costs and reasonable attorney fees under the Equal Access to Justice Act, 28 U.S.C. Section 241",2023.0
term_23,23-334,20240220182539208_Munoz_J.A._final.pdf,100,805,so_ordered,True,False,lution process to resolve any remaining discovery issues. (See Judge Sagar’s Procedures). IT IS SO ORDERED. 0 0 : 00 0 Initials of Preparer AF f,2023.0
term_23,23-334,20240220182539208_Munoz_J.A._final.pdf,115,382,so_ordered,True,False,20. The Court will issue a separate order setting this matter for trial in February 2021. IT IS SO ORDERED. 00: 40,2023.0
term_23,23-367,20231003145743724_Starbucks_Petition_for_Certiorari_-_Appendix.pdf,122,634,so_ordered,True,False,"refore remain the same, subject to contrary orders by the Sixth Circuit Court of Appeals. IT IS SO ORDERED, this 26th day of August, 2022. s/ Sheryl H. Lipman SHERYL H. LIPMAN UNITED STATES DISTRI",2023.0
term_23,23-367,20231003145743724_Starbucks_Petition_for_Certiorari_-_Appendix.pdf,226,741,so_ordered,True,False,"his Court’s Order, including how the documents have been posted as required by the Court. IT IS SO ORDERED, this 18th day of August, 2022. s/ Sheryl H. Lipman SHERYL H. LIPMAN UNITED STATES DISTRI",2023.0
term_23,23-370,20231004162118315_Erlinger_Cert_Petition.pdf,8,388,opinion_of_the_court,False,True,e United States Court of Appeals for the Seventh Circuit in this case. OPINIONS BELOW The opinion of the court of appeals is reported at 77 F.4th 617 and reprinted in the Appendix to the Petition (“Pe,2023.0
term_23,23-370,20231017172808600_23-370_Erlinger_v._USA.pdf,9,372,opinion_of_the_court,False,True,S COURT OF APPEALS FOR THE SEVENTH CIRCUIT BRIEF FOR THE UNITED STATES OPINIONS BELOW The opinion of the court of appeals (Pet. App. 1a-9a) is reported at 77 F.4th 617. The order of the district court,2023.0
term_23,23-370,20240103160925322_Erlinger_Merits_Brief.pdf,13,173,opinion_of_the_court,False,True,rse the judgment of the U.S. Court of Appeals for the Seventh Circuit. OPINIONS BELOW The opinion of the court of appeals is reported at 77 F.4th 617 and reprinted in the Appendix to the Petition (“Pe,2023.0
term_23,23-370,20240103184303471_23-370tsUnitedStates.pdf,11,548,opinion_of_the_court,False,True,ALS FOR THE SEVENTH CIRCUIT BRIEF FOR RESPONDENT SUPPORTING PETITIONER OPINIONS BELOW The opinion of the court of appeals (Pet. App. 1a-9a) is reported at 77 F.4th 617. The order of the district court,2023.0
term_23,23-370,20240202145045648_Response_Brief.pdf,102,220,costs,False,True, trial between guilt and ACCA phases is one potential solution—though not without its own costs.”). Erlinger’s amicus identifies a few recent districtcourt cases that bifurcated ACCA tr,2023.0
term_23,23-370,20240202145045648_Response_Brief.pdf,106,918,costs,False,True,"ary (for example, if the defendant ultimately pleads guilty or is acquitted). The serious costs and disruption resulting from Erlinger’s and the government’s rules would not be limited ",2023.0
term_23,23-3,20230623141025953_Coinbase_-_Suski_Petition_Appendix_6-23-23.pdf,1,1091,opinion_of_the_court,False,True,"e District of Vermont, sitting by designation. ** This summary constitutes no part of the opinion of the court. It has been prepared by court staff for the convenience of the reader",2023.0
term_23,23-3,20230623141025953_Coinbase_-_Suski_Petition_Appendix_6-23-23.pdf,51,758,so_ordered,True,True,"Plaintiffs shall file their amended complaint, if any, by no later than February 1, 2022. IT IS SO ORDERED. Dated: January 11, 2022 /s/ Sallie Kim SALLIE KIM United States Magistrate Judge
 35a AP",2023.0
term_23,23-3,20231221135758504_SABINO_COINBASE_MERITS_Amicus_Brief.pdf,15,1177,slip_op,False,True,"re there is a risk of coercive settlements. Coinbase, Inc. v. Bielski, 599 U.S. ___, ___, slip op. at 6 (No. 22-105) (June 23, 2023) (parentheses omitted). Reflecting that arbitral pacts a",2023.0
term_23,23-411,20230925163344188_2023-09-25_-_Letter_to_U.S._Supreme_Court_re_Panel_Rehearing_in_Fifth_Ci_723e8dc8.pdf,41,608,petition_for_rehearing,False,True,"the Western District of Louisiana USDC No. 3:22-CV-1213 ______________________________ ON PETITION FOR REHEARING Before Clement, Elrod, and Willett, Circuit Judges. Per Curiam: IT IS ORDERED that the ",2023.0
term_23,23-411,20231003175757077_2023-10-03_-_Letter_to_U.S._Supreme_Court_re_Panel_Rehearing_in_Fifth_Circuit.pdf,0,324,mandate,False,True," Re: Murthy, et al. v. Missouri, et al., No. 23A243 – Fifth Circuit’s Order Recalling the Mandate and Ordering Briefing on Petition for Panel Rehearing Dear Mr. Harris: We write to advise",2023.0
term_23,23-411,20231003175757077_2023-10-03_-_Letter_to_U.S._Supreme_Court_re_Panel_Rehearing_in_Fifth_Circuit.pdf,3,888,judgment_is,True,False,"ed on the record on appeal and was argued by counsel. IT IS ORDERED and ADJUDGED that the judgment of the District Court is AFFIRMED with respect to the White House, the
Case: 23-30445 Document: 271-1",2023.0
term_23,23-411,20231003175757077_2023-10-03_-_Letter_to_U.S._Supreme_Court_re_Panel_Rehearing_in_Fifth_Circuit.pdf,4,697,petition_for_rehearing,False,True,"the Western District of Louisiana USDC No. 3:22-CV-1213 ______________________________ ON PETITION FOR REHEARING Before Clement, Elrod, and Willett, Circuit Judges. Per Curiam: The petition for panel ",2023.0
term_23,23-411,20231219192259919_23-411ts_Murthy.pdf,17,578,opinion_of_the_court,False,True,TATES COURT OF APPEALS FOR THE FIFTH CIRCUIT BRIEF FOR THE PETITIONERS OPINIONS BELOW The opinion of the court of appeals (J.A. 1-84) is reported at 83 F.4th 350. A prior opinion of the court of appea,2023.0
term_23,23-411,20231219192259919_23-411ts_Murthy.pdf,17,659,opinion_of_the_court,False,True,ELOW The opinion of the court of appeals (J.A. 1-84) is reported at 83 F.4th 350. A prior opinion of the court of appeals (J.A. 305-387) is reported at 80 F.4th 641. The opinion of the district court ,2023.0
term_23,23-411,20240209153733024_23-411_Amicus_Brief_Rutherford_Supp._Resp..pdf,14,737,slip_op,False,True,"a rival candidate.” Murthy v. Missouri, 601 U.S. ___, ___ (2023) (Alito, J., dissenting) (slip op., at 2). Against this background, it is clear how the central issue in this case – whether",2023.0
term_23,23-50,20230714130438199_23-_Chiaverini_Pet_App.pdf,86,344,petition_for_rehearing,False,True,"ellees. ) ) ) ) BEFORE: MOORE, CLAY, and NALBANDIAN, Circuit Judges. The court received a petition for rehearing en banc. The original panel has reviewed the petition for rehearing and concludes that ",2023.0
term_23,23-50,20240131135756495_23-50_JA_pdfa.pdf,66,1072,costs,False,True,st. 136. Mr. Chiaverini is further entitled to an award of reasonable attorneys’ fees and costs. COUNT NINE: PUNITIVE DAMAGES 137. Mr. Chiaverini incorporates paragraphs 1 through 136 a,2023.0
term_23,23-50,20240131135756495_23-50_JA_pdfa.pdf,67,1010,costs,False,True,averini; for an award of punitive damages; for an award of reasonable attorneys’ fees and costs; and for such other relief as the Court may find in law or equity. SHINDLER NEFF LLP By: ,2023.0
term_23,23-5572,20231030160318259_23-32_Lang_et_al._-_final.pdf,9,417,opinion_of_the_court,False,True,"DISTRICT OF COLUMBIA CIRCUIT BRIEF FOR THE UNITED STATES IN OPPOSITION OPINIONS BELOW The opinion of the court of appeals (Lang Pet. App. 1123) is reported at 64 F.4th 329. In Miller, the opinions of ",2023.0
term_23,23-5572,20231030160318259_23-32_Lang_et_al._-_final.pdf,10,196,petition_for_rehearing,False,True,"ported. JURISDICTION The judgment of the court of appeals was entered on April 7, 2023. A petition for rehearing was denied on May 23, 2023 (Lang Pet. App. 124). The petitions for writs of certiorari ",2023.0
term_23,23-5572,20240129162501423_JointAppendix.pdf,2,421,mandate,False,True,", and Pan, Circuit Judges ORDER Upon consideration of the motions to stay issuance of the mandate pending final disposition of a petition for writ of certiorari filed by appellees Joseph ",2023.0
term_23,23-5572,20240228194101353_23-5572bsUnitedStates.pdf,15,256,opinion_of_the_court,False,True,PEALS FOR THE DISTRICT OF COLUMBIA CIRCUIT BRIEF FOR THE UNITED STATES OPINIONS BELOW The opinion of the court of appeals (J.A. 6-110) is reported at 64 F.4th 329. The opinion of the district court (J,2023.0
term_23,23-719,20240104135300932_20240103_Trump_v_Anderson_Cert_Petition_FINAL.pdf,87,84,mandate,False,True,"11a name on the 2024 presidential primary ballot, until the receipt of any order or mandate from the Supreme Court. I. Background ¶8 On November 8, 2016, President Trump was elected",2023.0
term_23,23-719,20240104135300932_20240103_Trump_v_Anderson_Cert_Petition_FINAL.pdf,187,1047,slip_op,False,True,"here are . . . many answers and gradations of answers.” Trump v. Benson, No. 23000151-MZ, slip op. at 24 (Mich. Ct. Cl. Nov. 14, 2023), aff’d sub nom. Davis v. Wayne Cnty. Election Comm’n,",2023.0
term_23,23-719,20240104135300932_20240103_Trump_v_Anderson_Cert_Petition_FINAL.pdf,188,81,slip_op,False,True,". . . many answers and gradations of answers.” Trump v. Benson, No. 23000151-MZ, slip op. at 24 (Mich. Ct. Cl. Nov. 14, 2023), aff’d sub nom. Davis v. Wayne Cnty. Election Comm’n,",2023.0
term_23,23-719,20240104135300932_20240103_Trump_v_Anderson_Cert_Petition_FINAL.pdf,293,1260,mandate,False,True,nt Trump’s name on the 2024 presidential primary ballot until the receipt of any order or mandate from the Supreme Court. CHIEF JUSTICE BOATRIGHT dissented. JUSTICE SAMOUR dissented. JUST,2023.0
term_23,23-726,20240103211203858_Idaho_Legislature_Supplemental_Brief.pdf,5,1011,slip_op,False,True,"ing of EMTALA—offered both in the Fifth Circuit and the Ninth Circuit below. Compare id., slip op. at 16 (“In HHS’s view, EMTALA mandates whatever a medical provider concludes is medically",2023.0
term_23,23-726,20240103211203858_Idaho_Legislature_Supplemental_Brief.pdf,6,15,slip_op,False,True,". Compare id., slip op. at 16 (“In HHS’s view, EMTALA mandates whatever a medical provider concludes is medically",2023.0
term_23,23-939,20240213120356911_2024-2-13_Amici_Curiae_Brief_Opposing_Application_for_Stay.pdf,0,227,mandate,False,True," AMERICA, Respondent. ____________________________________ On Application for Stay of the Mandate To Be Issued by the United States Court of Appeals for the District of Columbia _________",2023.0
term_23,23-939,20240213120356911_2024-2-13_Amici_Curiae_Brief_Opposing_Application_for_Stay.pdf,17,72,mandate,False,True,Mr. Trump leave office at the end “of four years” because he lost. This mandate is reiterated by the Twentieth Amendment. Mr. Trump's alleged federal crimes were designe,2023.0
term_23,23-939,20240213140115053_Trump_v._US_CAC_Scholars_Brief.pdf,0,163,mandate,False,True,"TRUMP, Applicant, v. UNITED STATES OF AMERICA, Respondent. On Application for Stay of the Mandate to Be Issued by the United States Court of Appeals for the District of Columbia Circuit B",2023.0
term_23,23-939,20240213140115053_Trump_v._US_CAC_Scholars_Brief.pdf,0,360,mandate,False,True,HOLARS OF CONSTITUTIONAL LAW AS AMICI CURIAE IN OPPOSITION TO APPLICATION FOR STAY OF THE MANDATE ELIZABETH B. WYDRA BRIANNE J. GOROD* PRAVEEN FERNANDES SMITA GHOSH CONSTITUTIONAL ACCOUNT,2023.0
term_23,23-939,20240213140115053_Trump_v._US_CAC_Scholars_Brief.pdf,14,292,mandate,False,True,"or history for Trump’s immunity claim, this Court should deny his application to stay the mandate. ARGUMENT I. Former President Trump Is Not Immune from Federal Prosecution. A. As an init",2023.0
term_23,23-939,20240214142544324_23A745_Trump_v._USA_Amicus_Brief.pdf,13,129,costs,False,True,ndant’s actions make clear that his ultimate objective . . . is to delay the trial at all costs and for as long as possible.” Government’s Opposition to Defendant’s Motion to Stay Case ,2023.0
term_23,23-939,20240215114857700_23A745_tsac_DavidBoyle.pdf,0,184,mandate,False,True,"NT v. UNITED STATES OF AMERICA, RESPONDENT _______________ On Application for Stay of the Mandate to Be Issued by the United States Court of Appeals for the District of Columbia Circuit _",2023.0
term_23,23-939,20240215114857700_23A745_tsac_DavidBoyle.pdf,1,1005,costs,False,True,"gain to pardon himself. This may be Trump’s prime purpose, to prevent justice, even if it costs the Nation, including Amicus, explaining Amicus’ interest in this matter. But whether it’",2023.0
term_23,23-939,20240215174027604_2024-02-15_-_23A745_-_Reply_iso_Application_to_S._Ct._for_Stay_of_D.C._C_7e250231.pdf,0,163,mandate,False,True,"TRUMP, Applicant, v. UNITED STATES OF AMERICA, Respondent. On Application for Stay of the Mandate To Be Issued by the United States Court of Appeals for the District of Columbia Circuit R",2023.0
term_23,23-939,20240215174027604_2024-02-15_-_23A745_-_Reply_iso_Application_to_S._Ct._for_Stay_of_D.C._C_7e250231.pdf,0,342,mandate,False,True,ircuit REPLY IN SUPPORT OF PRESIDENT TRUMP’S APPLICATION FOR A STAY OF THE D.C. CIRCUIT’S MANDATE PENDING THE FILING OF A PETITION FOR WRIT OF CERTIORARI LAURO & SINGER JAMES OTIS LAW GRO,2023.0
term_23,23-939,20240216132806756_States_Brief_in_Trump_v_US_FINAL_2.16.24.pdf,0,209,mandate,False,True,"STATES OF AMERICA, Respondent. ────────────────────────── ON APPLICATION FOR STAY OF THE MANDATE OF THE U.S. COURT OF APPEALS FOR THE D.C. CIRCUIT ────────────────────────── BRIEF OF AL",2023.0
term_23,23-939,20240216132806756_States_Brief_in_Trump_v_US_FINAL_2.16.24.pdf,27,1228,mandate,False,True,"el rehearing and/or rehearing en banc due on March 22, 2024. In normal circumstances, the mandate would not issue until March 29, 2024, at the earliest. See Fed. R. App. P. 41(b). And tha",2023.0
term_23,23-939,20240216132806756_States_Brief_in_Trump_v_US_FINAL_2.16.24.pdf,28,31,mandate,False,True,". In normal circumstances, the mandate would not issue until March 29, 2024, at the earliest. See Fed. R. App. P. 41(b). And tha",2023.0
term_23,23-939,20240216132806756_States_Brief_in_Trump_v_US_FINAL_2.16.24.pdf,28,342,mandate,False,True,"reasons, these are not normal circumstances, and the D.C. Circuit threatened to issue the mandate if President Trump did not move this Court for a stay within six days. CADC Doc. 2038999.",2023.0
term_23,23-939,20240216132806756_States_Brief_in_Trump_v_US_FINAL_2.16.24.pdf,35,1016,mandate,False,True,"icted President Trump’s ability to seek en banc review, and significantly accelerated the mandate. Respectfully, it does not appear that President Trump is being “treated exactly … [as] a",2023.0
term_23,23-939,20240219151217308_23A745_Amicus_CFC.pdf,0,191,mandate,False,True,". UNITED STATES OF AMERICA, Respondent. __________________ On Application for Stay of the Mandate To Be Issued by the United States Court of Appeals for the District of Columbia Circuit _",2023.0
term_23,23-939,20240219151217308_23A745_Amicus_CFC.pdf,6,364,mandate,False,True,s amicus brief in support of Applicant President Trump and the stay of the D.C. Circuit’s mandate so that this Court may cut to the chase and address the dispositive First Amendment issue,2023.0
term_23,23-939,20240219152614536_amicus_brief_oppn_to_stay_2_19_2024.pdf,0,158,mandate,False,True,", Applicant, v. UNITED STATES OF AMERICA, Respondent. On an Application for a Stay of the Mandate To Be Issued by the United States Court of Appeals for the District of Columbia Circuit B",2023.0
term_23,23-939,20240220173530766_Trump_v_US_Stay_Amicus_Final.pdf,0,129,mandate,False,True,"United States DONALD J. TRUMP, Applicant, v. UNITED STATES On Application for Stay of the Mandate to be Issued by the United States Court of Appeals for the District of Columbia Circuit B",2023.0
term_23,23-939,20240319140344791_2024.03.19_AL_Amicus_Br_ISO_Trump_FINAL.pdf,22,996,mandate,False,True,"ure” President Trump would not “take power.” Days later, the Special Counsel received his mandate, and it was off to the races. After waiting 30 months to indict President Trump, the Spec",2023.0
term_23,23-939,20240319150454815_23-939_-_Brief_for_Petitioner.pdf,10,420,opinion_of_the_court,False,True,"................................................................ 14
 1 OPINIONS BELOW The opinion of the Court of Appeals (J.A.1) is reported at 91 F.4th 1173. Its Judgment is provided in the Joint Ap",2023.0
term_23,23-939,20240319151133212_23-939_-_Joint_Appendix.pdf,81,710,mandate,False,True,ee infra n.14. Former President Trump’s alleged conduct conflicts with his constitutional mandate to enforce the laws governing the process of electing the new President. The public has a,2023.0
term_23,23-939,20240319151133212_23-939_-_Joint_Appendix.pdf,197,531,slip_op,False,True,"eech on matters of public concern.” Blassingame v. Trump, Nos. 22-5069, 22-7030, 22-7031, slip op. at 23–42 (D.C. Cir. Dec. 1, 2023).",2023.0
term_23,23-939,20240319151133212_23-939_-_Joint_Appendix.pdf,202,1427,slip_op,False,True,"t was the President at the time. See Blassingame v. Trump, Nos. 22-5069, 22-7030, 227031, slip op. at 50 (D.C. Cir. Dec",2023.0
term_23,23-939,20240319151133212_23-939_-_Joint_Appendix.pdf,203,220,slip_op,False,True,"t was the President at the time. See Blassingame v. Trump, Nos. 22-5069, 22-7030, 227031, slip op. at 50 (D.C. Cir. Dec. 1, 2023) (Defendant is not entitled to immunity when he “engages in",2023.0
term_23,23-939,20240319151133212_23-939_-_Joint_Appendix.pdf,283,993,mandate,False,True,"f the Court rules against us in any respect, we renew our request that the Court stay its mandate to allow us to seek further review, both en banc and/or Supreme Court review. JUDGE HENDE",2023.0
term_23,23-939,20240319153314051_US_v_Trump_--_amicus_brief.pdf,17,886,mandate,False,True,". Cir. 2024). On February 12, 2024, Trump filed an application to stay the D.C. Circuit’s mandate pending disposition of his petition for certiorari, which this Court treated as a petitio",2023.0
term_23,23-939,20240319162100883_23-939_Amicus_Brief.pdf,10,665,slip_op,False,True,"8 U.S.C. § 241. United States v. Donald J. Trump, No. 23-257 (TSC) (D.D.C. Dec. 1, 2023), slip op., p. 5.",2023.0
term_23,23A349,20231101130430210_SCOTUS_Reply_ISO_Stay_Application.pdf,38,1130,costs,False,True, costs disappear. And just because the States must take on some permitting and compliance costs under the statutory scheme does not mean that the EPA can force the States to incur extra,2023.0
term_23,23A349,20231101130430210_SCOTUS_Reply_ISO_Stay_Application.pdf,38,1226,costs,False,True,under the statutory scheme does not mean that the EPA can force the States to incur extra costs through unlawful action. The EPA’s position also downplays that the States will naturally,2023.0
term_23,23A349,20231101130430210_SCOTUS_Reply_ISO_Stay_Application.pdf,38,1328,costs,False,True,h unlawful action. The EPA’s position also downplays that the States will naturally incur costs to help ensure industries comply with the federal plan. See Ohio EPA Correspondence with ,2023.0
term_23,23A349,20231101130430210_SCOTUS_Reply_ISO_Stay_Application.pdf,39,73,costs,False,True,. The EPA’s position also downplays that the States will naturally incur costs to help ensure industries comply with the federal plan. See Ohio EPA Correspondence with ,2023.0
term_24,22-7466,20240429162522742_22-7466_JA_-_Vol._3_-_JA708-998.pdf,11,224,slip_op,False,True,", cert. denied, 552 U.S. 1167 (2008) (direct appeal); Glossip v. State, No. PCD-2004-978, slip op. (Okla. Cr. App. Dec. 6, 2007) (unpublished) (first postconviction); Glossip v. Workman, N",2024.0
term_24,22-7466,20240429162522742_22-7466_JA_-_Vol._3_-_JA708-998.pdf,11,341,slip_op,False,True,"c. 6, 2007) (unpublished) (first postconviction); Glossip v. Workman, No. CIV-08-0326-HE, slip op. (W.D. Okla. Sept. 28, 2010) (unpublished) (federal habeas petition); Glossip v. Trammell,",2024.0
term_24,22-7466,20240429162522742_22-7466_JA_-_Vol._3_-_JA708-998.pdf,11,453,slip_op,False,True,"ept. 28, 2010) (unpublished) (federal habeas petition); Glossip v. Trammell, No. 10-6244, slip op. (10th Cir. July 25, 2013) (unpublished) (habeas appeal); Glossip v. Trammell, 572 U.S. l ",2024.0
term_24,22-7466,20240429162522742_22-7466_JA_-_Vol._3_-_JA708-998.pdf,11,633,slip_op,False,True," U.S. l 104 (2014) (certiorari petition from habeas); Glossip v. State, No. PCD-2015-820, slip op. (Okla. Cr. App. Sept. 28, 2015) (unpublished) (second post-conviction). On June 6, 2022, ",2024.0
term_24,22-7466,20240429162522742_22-7466_JA_-_Vol._3_-_JA708-998.pdf,148,428,mandate,False,True,"3.15, Rules of the Oklahoma Court of Criminal Appeals, Title 22, Ch. 18, App. (2022), the MANDATE is ORDERED issued upon the delivery and filing of this decision.",2024.0
term_24,22-7466,20240429162522742_22-7466_JA_-_Vol._3_-_JA708-998.pdf,160,603,petition_for_rehearing,False,True,"n Case No. 10-6244 on July 25, 2013. See Glossip v. Trammell, 530 Fed.Appx. 708 (2013). A petition for rehearing was filed on September 9, 2013 and was denied on September 23, 2013. A petition for wri",2024.0
term_24,22-7466,20240429162522742_22-7466_JA_-_Vol._3_-_JA708-998.pdf,161,745,petition_for_rehearing,False,True,"THE RELIABILITY OF THE VERDICT AND DEATH SENTENCE. The Court of Criminal Appeals denied a petition for rehearing on September 29, 2015. Mr. Glossip filed a petition for a writ of certiorari in the U.S",2024.0
term_24,22-7466,20240429162522742_22-7466_JA_-_Vol._3_-_JA708-998.pdf,328,951,petition_for_rehearing,False,True," Case No. 10-6244 on July 25, 2013. See Glossip v. Trammell, 530 Fed. Appx. 708 (2013). A petition for rehearing was filed on September 9, 2013 and was denied on September 23, 2013. A petition for wri",2024.0
term_24,22-7466,20240429162522742_22-7466_JA_-_Vol._3_-_JA708-998.pdf,430,641,slip_op,False,True,"n relief, which was denied in an unpublished opinion. Glossip v. State, No. PCD-2004-978, slip op. (Okl.Cr., Dec. 6, 2007). Glossip has filed other subsequent applications for postconvicti",2024.0
term_24,22-7466,20240429162522742_22-7466_JA_-_Vol._3_-_JA708-998.pdf,445,95,slip_op,False,True,"uffered a miscarriage of justice based on this claim. Glossip v. State, No. PCD-2015-820, slip op. at 7 (Okl.Cr. Sept. 26, 2015). ¶22 There is nothing extraordinarily new in this affidavit",2024.0
term_24,22-7466,20240429162522742_22-7466_JA_-_Vol._3_-_JA708-998.pdf,458,429,mandate,False,True," 3.15, Rules of the Oklahoma Court of Criminal Appeals, Title 22, Ch.18, App. (2023), the MANDATE is ORDERED issued upon the delivery and filing of this decision. ATTORNEYS FOR PETITONER:",2024.0
term_24,22-7466,20240429162522849_22-7466_JA_-_Vol._2_-_JA452-707.pdf,246,346,slip_op,False,True,"n. 22, 2008), and denied state post-conviction relief. Glossip v. State, No. PCD2004-978, slip op. (Okla. Crim. App. Dec. 6, 2007) (unpublished). On November 3, 2008, Petitioner filed a pe",2024.0
term_24,22-7466,20240429162522849_22-7466_JA_-_Vol._2_-_JA452-707.pdf,246,616,slip_op,False,True,"ct court denied relief in an unpublished opinion. Glossip v. Workman, No. CIV-08-0326-HE, slip op. (W.D. Okla. Sept. 28, 2010) (unpublished). The Tenth Circuit thereafter affirmed the deni",2024.0
term_24,22-7466,20240429162522849_22-7466_JA_-_Vol._2_-_JA452-707.pdf,246,769,slip_op,False,True,"ircuit thereafter affirmed the denial of habeas relief. Glossip v. Trammell, No. 10-6244, slip op. (10th Cir. Jul. 25, 2013) (unpublished). The Tenth Circuit also denied panel and en banc ",2024.0
term_24,22-7466,20240429162522849_22-7466_JA_-_Vol._2_-_JA452-707.pdf,301,1088,slip_op,False,True,"ade on direct appeal; therefore the claim is barred.” Glossip v. State, No. PCD-2004-978, slip op. at 6 (Okla. Crim. App. Dec. 6, 2007) (unpublished). This Court then went further and foun",2024.0
term_24,22-7466,20240429162522849_22-7466_JA_-_Vol._2_-_JA452-707.pdf,311,1070,petition_for_rehearing,False,True," evidence. Glossip v. State, 2001 OK CR 21, ¶ 8, 29 P.3d 597,599. Petitioner then filed a petition for rehearing arguing that the evidence in his first trial was insufficient to support his conviction",2024.0
term_24,22-7466,20240429162522849_22-7466_JA_-_Vol._2_-_JA452-707.pdf,339,757,petition_for_rehearing,False,True,"have no confidence that a reliable adversarial proceeding took place.”) See order denying petition for rehearing dated Aug. 20, 2001, Glossip v. State, Court of Criminal Appeals case number D-1996-948",2024.0
term_24,22-7466,20240429162522849_22-7466_JA_-_Vol._2_-_JA452-707.pdf,340,1224,mandate,False,True,"3.15, Rules of the Oklahoma Court of Criminal Appeals, Title 22, Ch. 18, App. (2015), the MANDATE is ORDERED issued upon the delivery and filing of this decision.",2024.0
term_24,22-7466,20240429162522849_22-7466_JA_-_Vol._2_-_JA452-707.pdf,353,1067,so_ordered,True,False,"ourt sets a new execution date pursuant to 22 O.S.2011, § 1001.1 in each respective case. IT IS SO ORDERED. WITNESS OUR HANDS AND THE SEAL OF THIS COURT this 2nd day of October, 2015. [Signature] ",2024.0
term_24,22-7466,20240429162522888_22-7466_JA_-_Vol._1_-_JA1-451.pdf,12,667,mandate,False,True," PENITENTIARY, FOR PUB ** 2023 OK CR 5 ** 04/20/2023 14 DENIED (OPINION)
 6 04/20/2023 15 MANDATE ISSUED 04/27/2023 16 RETURN OF COURT CLERK 04/27/2023 17 RECEIPT FOR MANDATE 01/26/2024 1",2024.0
term_24,22-7466,20240429162522888_22-7466_JA_-_Vol._1_-_JA1-451.pdf,12,744,mandate,False,True,"4/20/2023 15 MANDATE ISSUED 04/27/2023 16 RETURN OF COURT CLERK 04/27/2023 17 RECEIPT FOR MANDATE 01/26/2024 18 LETTER FROM USSCRE: WRIT OF CERTIORARI GRANTED … SEE LETTER
 7 IN THE DISTR",2024.0
term_24,23-1002,20240529135803011_23-1002_23-1150_HewittDuffeyRossFinal.pdf,6,362,opinion_of_the_court,False,True,PPEALS FOR THE FIFTH CIRCUIT BRIEF FOR THE UNITED STATES IN OPPOSITION OPINIONS BELOW The opinion of the court of appeals (Hewitt Pet. App. 1a-16a; Duffey & Ross Pet. App. 1a-19a) is reported at 92 F.,2024.0
term_24,23-1002,20240916165721510_23-1002tsUnitedStates.pdf,12,350,opinion_of_the_court,False,True,EALS FOR THE FIFTH CIRCUIT BRIEF FOR RESPONDENT SUPPORTING PETITIONERS OPINIONS BELOW The opinion of the court of appeals (Hewitt Pet. App. 1a-16a; Duffey & Ross Pet. App. 1a-19a) is reported at 92 F.,2024.0
term_24,23-1002,20240916165721510_23-1002tsUnitedStates.pdf,30,121,mandate,False,True,"y the former version of Section 924(c), notwithstanding Section 403’s elimination of that mandate. 11/2/22 Hewitt Sent. Tr. 22-23. The court resentenced Hewitt to over 130 years of impris",2024.0
term_24,23-1007,20240722182955306_No._23-1007_-_Cunningham_v._Cornell_-_Brief_in_Opposition_Final.pdf,7,259,opinion_of_the_court,False,True,ted States Court of Appeals for the Second Circuit BRIEF IN OPPOSITION OPINIONS BELOW The opinion of the court of appeals (Pet. App. 2a41a) is reported at 86 F.4th 961. The orders of the district cour,2024.0
term_24,23-1039,20240318150951514_No._23-_Ames_Petition_and_Appendix_Combined.pdf,143,452,so_ordered,True,True, 71). Plaintiff’s Title VII sex-based discrimination claims are DISMISSED WITH PREJUDICE. IT IS SO ORDERED. /s/ Algenon L. Marbley ALGENON L. MARBLEY CHIEF UNITED STATES DISTRICT JUDGE Date: March,2024.0
term_24,23-1039,20240318150951514_No._23-_Ames_Petition_and_Appendix_Combined.pdf,173,497,so_ordered,True,False,"d 5 as well as Counts 6, 7, and 8 (the state law claims) are DISMISSED WITHOUT PREJUDICE. IT IS SO ORDERED. /s/ Algenon L. Marbley ALGENON L. MARBLEY CHIEF UNITED STATES DISTRICT JUDGE DATED: Marc",2024.0
term_24,23-1067,20240521150734867_23-1067_23-1068_Oklahoma.pdf,5,623,opinion_of_the_court,False,True,"OURT OF APPEALS FOR THE TENTH CIRCUIT BRIEF FOR THE FEDERAL RESPONDENTS OPINION BELOW The opinion of the court of appeals (No. 23-1067 Pet. App. 1a-19a, No. 23-1068 Pet. App. 1a-17a), is reported at 9",2024.0
term_24,23-1067,20250117190406104_23-1067bsUnitedStates.pdf,12,357,opinion_of_the_court,False,True,"OURT OF APPEALS FOR THE TENTH CIRCUIT BRIEF FOR THE FEDERAL RESPONDENTS OPINION BELOW The opinion of the court of appeals (23-1067 Pet. App. 1a-19a, 23-1068 Pet. App. 1a-17a), is reported at 93 F.4th ",2024.0
term_24,23-1095,20240405122942538_cert_petition_Thompson_v_US.pdf,6,200,opinion_of_the_court,False,True,iew the judgment of the U.S. Court of Appeals for the Seventh Circuit. OPINIONS BELOW The opinion of the Court of Appeals is published at 89 F.4th 1010 (7th Cir. 2024). The opinion of the District Cou,2024.0
term_24,23-1095,20240405122955082_appendix_Thompson_v_US.pdf,123,1352,mandate,False,True,"as such, under the Rule 33 standard, the Court finds that the interests of justice do not mandate a new trial on those points. See Mot. Post-Trial at 16. Thompson points to United States ",2024.0
term_24,23-1095,20240710160203630_23-1095_Thompson_opp.pdf,5,574,opinion_of_the_court,False,True,EALS FOR THE SEVENTH CIRCUIT BRIEF FOR THE UNITED STATES IN OPPOSITION OPINIONS BELOW The opinion of the court of appeals (Pet. App. 2a-23a) is reported at 89 F.4th 1010. The order of the district cou,2024.0
term_24,23-1095,20241106153045991_Brief_for_Petitioner_23-1095_Thompson_v_US.pdf,13,186,opinion_of_the_court,False,True,rse the judgment of the U.S. Court of Appeals for the Seventh Circuit. OPINIONS BELOW The opinion of the Court of Appeals is published at 89 F.4th 1010 (7th Cir. 2024). Pet. App 2a. The opinion of the,2024.0
term_24,23-1095,20241106153238422_23-1095_Joint_Appendix.pdf,97,739,costs,False,True,"tion. The 11th Ward spent $40,190 in masonry repair, $37,700 on demolition, and the total costs of the work was approx. $88K. Thompson agreed to provide copies of all invoices and other",2024.0
term_24,23-1122,20240412160100146_Petition_Appendix.pdf,167,40,judgment_is,True,False,"89a IT IS ORDERED and ADJUDGED that the judgment of the District Court is AFFIRMED IN PART and REVERSED IN PART, and the cause is REMANDED to the District Court for further",2024.0
term_24,23-1122,20240412160100146_Petition_Appendix.pdf,306,473,so_ordered,True,True," the State of Texas, is preliminarily ENJOINED from enforcing any provision of H.B. 1181. IT IS SO ORDERED. DATED: Austin, Texas, August 31, 2023. /s/ David Alan Ezra David Alan Ezra Senior United",2024.0
term_24,23-1122,20240530120355427_23-1122_Brief_in_Opposition.pdf,31,573,costs,False,True,"ng civil-enforcement actions in state court for injunctive relief and attorneys’ fees and costs. Id. §129B.006(a), (d). Civil penalties are also available for violation of the age-verif",2024.0
term_24,23-1122,20240530120355427_23-1122_Brief_in_Opposition.pdf,35,657,mandate,False,True,".App.8a.4 Weeks after the opinion issued, Petitioners asked the Fifth Circuit to stay its mandate and effectively reinstate the district court’s injunction. The Fifth Circuit denied Petit",2024.0
term_24,23-1122,20240923142525884_23-1122_Amici_Brief.pdf,10,1256,costs,False,True,oyees to maintain and monitor the process. Courts have already recognized the significant costs associated with verifying users—with estimates indicating millions of dollars in costs pe,2024.0
term_24,23-1122,20240923142525884_23-1122_Amici_Brief.pdf,10,1343,costs,False,True,"nt costs associated with verifying users—with estimates indicating millions of dollars in costs per month. See, e.g., Free Speech Coalition, Inc. v. Rokita, No. 1:24-cv-00980, 2024 WL 3",2024.0
term_24,23-1122,20240923142525884_23-1122_Amici_Brief.pdf,11,49,costs,False,True,. Courts have already recognized the significant costs associated with verifying users—with estimates indicating millions of dollars in costs pe,2024.0
term_24,23-1122,20241122173613684_130721_Amicus_Brief.pdf,19,820,mandate,False,True," I), 535 U.S. 234 (2002), and Ashcroft v. ACLU (Ashcroft II), 542 U.S. 656 (2004), do not mandate otherwise.",2024.0
term_24,23-1127,20240415111013331_Wisconsin_Bell_v._U.S._ex_rel._Heath_-_Petition_for_Certiorari.pdf,2,564,mandate,False,True,"eath v. Wisconsin Bell, Inc., No. 08-cv-724 (E.D. Wis.) (judgment entered Sept. 18, 2012; mandate issued reversing judgment Sept. 19, 2014; judgment entered Mar. 23, 2022).",2024.0
term_24,23-1127,20240415111013331_Wisconsin_Bell_v._U.S._ex_rel._Heath_-_Petition_for_Certiorari.pdf,10,228,opinion_of_the_court,False,True,of the United States Court of Appeals for the Seventh Circuit. OPINIONS BELOW The amended opinion of the court of appeals (Pet. App. 1a) is reported at 92 F.4th 654. The original opinion of the court ,2024.0
term_24,23-1127,20240415111013331_Wisconsin_Bell_v._U.S._ex_rel._Heath_-_Petition_for_Certiorari.pdf,10,317,opinion_of_the_court,False,True, opinion of the court of appeals (Pet. App. 1a) is reported at 92 F.4th 654. The original opinion of the court of appeals (Pet App. 32a) is reported at 75 F.4th 778. The decision and order of the dist,2024.0
term_24,23-1127,20240415111013331_Wisconsin_Bell_v._U.S._ex_rel._Heath_-_Petition_for_Certiorari.pdf,30,1282,mandate,False,True,"6, 2024. Pet. App. 1a, 62a. The court granted Wisconsin Bell’s consent motion to stay its mandate pending this petition",2024.0
term_24,23-1127,20240415111013331_Wisconsin_Bell_v._U.S._ex_rel._Heath_-_Petition_for_Certiorari.pdf,30,1090,petition_for_rehearing,False,True,"tution payments. Pet. App. 23a, 29a, 30a. After requesting a response to Wisconsin Bell’s petition for rehearing en banc, the court denied rehearing and issued its amended opinion on January 16, 2024.",2024.0
term_24,23-1127,20240415111013331_Wisconsin_Bell_v._U.S._ex_rel._Heath_-_Petition_for_Certiorari.pdf,31,267,mandate,False,True,"6, 2024. Pet. App. 1a, 62a. The court granted Wisconsin Bell’s consent motion to stay its mandate pending this petition. REASONS FOR GRANTING THE PETITION The Seventh Circuit’s decision c",2024.0
term_24,23-1127,20240415111013331_Wisconsin_Bell_v._U.S._ex_rel._Heath_-_Petition_for_Certiorari.pdf,31,75,petition_for_rehearing,False,True,". Pet. App. 23a, 29a, 30a. After requesting a response to Wisconsin Bell’s petition for rehearing en banc, the court denied rehearing and issued its amended opinion on January 16, 2024. P",2024.0
term_24,23-1127,20240415111025629_Wisconsin_Bell_v._U.S._ex_rel._Heath_-_Petition_Appendix.pdf,0,1098,petition_for_rehearing,False,True,"man, Judge. _________________ ARGUED FEBRUARY 9, 2023 — DECIDED AUGUST 2, 2023 AMENDED ON PETITION FOR REHEARING JANUARY 16, 2024 ________________ Before EASTERBROOK, HAMILTON, and LEE, Circuit Judges",2024.0
term_24,23-1127,20240415111025629_Wisconsin_Bell_v._U.S._ex_rel._Heath_-_Petition_Appendix.pdf,1,1173,petition_for_rehearing,False,True,ase for trial. We are issuing this amended opinion upon consideration of Wisconsin Bell’s petition for rehearing and denial of its petition for rehearing en banc. I,2024.0
term_24,23-1127,20240415111025629_Wisconsin_Bell_v._U.S._ex_rel._Heath_-_Petition_Appendix.pdf,1,1214,petition_for_rehearing,False,True,d opinion upon consideration of Wisconsin Bell’s petition for rehearing and denial of its petition for rehearing en banc. I,2024.0
term_24,23-1127,20240415111025629_Wisconsin_Bell_v._U.S._ex_rel._Heath_-_Petition_Appendix.pdf,2,208,petition_for_rehearing,False,True,"d opinion upon consideration of Wisconsin Bell’s petition for rehearing and denial of its petition for rehearing en banc. I. Factual and Procedural Background In 1996, Congress created the E-rate prog",2024.0
term_24,23-1127,20240415111025629_Wisconsin_Bell_v._U.S._ex_rel._Heath_-_Petition_Appendix.pdf,37,1333,petition_for_rehearing,False,True,ulated to all judges of this court in regular active service considering Wisconsin Bell’s petition for rehearing en banc and Heath’s answer to it,2024.0
term_24,23-1127,20240415111025629_Wisconsin_Bell_v._U.S._ex_rel._Heath_-_Petition_Appendix.pdf,57,1072,judgment_is,True,False,"ly to the Universal Service Fund administered by the USAC. For the foregoing reasons, the judgment of the district court is REVERSED and the case is REMANDED to the district court for further proceedi",2024.0
term_24,23-1127,20240415111025629_Wisconsin_Bell_v._U.S._ex_rel._Heath_-_Petition_Appendix.pdf,57,746,petition_for_rehearing,False,True,"lved at trial. 75 F.4th 778, 789. Upon further consideration prompted by Wisconsin Bell’s petition for rehearing and rehearing en banc, we conclude that the government funds issue can be resolved as a",2024.0
term_24,23-1127,20240415111025629_Wisconsin_Bell_v._U.S._ex_rel._Heath_-_Petition_Appendix.pdf,94,838,judgment_is,True,False,e payments at issue. We decline to aﬃrm the grant of summary judgment on this ground. The judgment of the district court is REVERSED and the case is REMANDED to the district court for further proceedi,2024.0
term_24,23-1127,20240415111025629_Wisconsin_Bell_v._U.S._ex_rel._Heath_-_Petition_Appendix.pdf,112,1136,petition_for_rehearing,False,True,"delman, INC., Judge. Defendant-Appellee. ORDER Upon consideration of Defendant-Appellee’s petition for rehearing en banc filed on August 30, 2023 and Relator-Appellant’s answer filed on October 4, 202",2024.0
term_24,23-1127,20240501152800093_No._23-1127_Brief.pdf,9,100,mandate,False,True,"T OF THE CASE For over a decade, Petitioner Wisconsin Bell deliberately ignored a federal mandate requiring it to provide schools and libraries with favorable pricing for telecommunicatio",2024.0
term_24,23-1127,20240501152800093_No._23-1127_Brief.pdf,9,864,mandate,False,True,"s Court to rescue it from the consequences of its decision to ignore the favorablepricing mandate, arguing that the government did not actually provide any of the funds for its own multib",2024.0
term_24,23-1127,20240501152800093_No._23-1127_Brief.pdf,13,874,mandate,False,True,"g the fundamental nature of E-rate funding, which is available solely due to a government mandate to fund and implement a federal program created by Congress. The Seventh Circuit properly",2024.0
term_24,23-1127,20240501152800093_No._23-1127_Brief.pdf,13,1366,mandate,False,True,th (“Heath”) alleges that Wisconsin Bell intentionally chose to disregard a clear federal mandate requiring it to give preferential pricing to schools and libraries for services funded by,2024.0
term_24,23-1127,20240501152800093_No._23-1127_Brief.pdf,23,1095,petition_for_rehearing,False,True,"ubsequently, citing Wisconsin Bell’s disclaimer of any disputed facts on the issue in its petition for rehearing en banc, the Seventh Circuit resolved the issue as a matter of law against Wisconsin Be",2024.0
term_24,23-1127,20240510065224330_WLF_Amicus_-_Wisconsin_Bell_v._US_ex_rel_Heath.pdf,14,279,costs,False,True,"CA liability for one mistake in a mortgage application. This likewise will raise mortgage costs for all Americans. II. The FCA has been on the books for over 160 years. That whole time,",2024.0
term_24,23-1127,20240510065224330_WLF_Amicus_-_Wisconsin_Bell_v._US_ex_rel_Heath.pdf,14,420,costs,False,True,"e books for over 160 years. That whole time, it has covered only fraudulent activity that costs the government money. Here, Wisconsin Bell’s alleged fraud did not cost the federal fisc ",2024.0
term_24,23-1127,20240813114125161_Wisconsin_Bell_v._U.S._ex_rel._Heath_-_Joint_Appendix.pdf,148,1322,costs,False,True,"der the False Claims Act; c. for all damages suffered by the United States, together with costs and all available preand postjudgment interest; d. that Relator be awarded the maximum am",2024.0
term_24,23-1127,20240813114125161_Wisconsin_Bell_v._U.S._ex_rel._Heath_-_Joint_Appendix.pdf,149,100,costs,False,True," judgment be granted for Relator and the United States and against Wisconsin Bell for all costs, including, but not limited to, court costs, expert fees, investigative expenses, other c",2024.0
term_24,23-1127,20240813114125161_Wisconsin_Bell_v._U.S._ex_rel._Heath_-_Joint_Appendix.pdf,149,144,costs,False,True,"ted States and against Wisconsin Bell for all costs, including, but not limited to, court costs, expert fees, investigative expenses, other costs incurred in investigating and prosecuti",2024.0
term_24,23-1127,20240813114125161_Wisconsin_Bell_v._U.S._ex_rel._Heath_-_Joint_Appendix.pdf,149,194,costs,False,True,"s, including, but not limited to, court costs, expert fees, investigative expenses, other costs incurred in investigating and prosecuting this matter, and all attorneys’ fees incurred b",2024.0
term_24,23-1127,20240813114125161_Wisconsin_Bell_v._U.S._ex_rel._Heath_-_Joint_Appendix.pdf,150,606,judgment_is,True,True,"rt No: 2:08-cv-00724-LA Eastern District of Wisconsin District Judge Lynn Adelman
 85 The judgment of the district court is REVERSED, with costs, and the case is REMANDED to the district court for fur",2024.0
term_24,23-1127,20240813114125161_Wisconsin_Bell_v._U.S._ex_rel._Heath_-_Joint_Appendix.pdf,150,655,costs,False,True,"nsin District Judge Lynn Adelman
 85 The judgment of the district court is REVERSED, with costs, and the case is REMANDED to the district court for further proceedings consistent with t",2024.0
term_24,23-1127,20240813114125161_Wisconsin_Bell_v._U.S._ex_rel._Heath_-_Joint_Appendix.pdf,151,7,judgment_is,True,False,"85 The judgment of the district court is REVERSED, with costs, and the case is REMANDED to the district court for further proceedings consi",2024.0
term_24,23-1127,20240813114125161_Wisconsin_Bell_v._U.S._ex_rel._Heath_-_Joint_Appendix.pdf,151,916,judgment_is,True,True,"rt No: 2:08-cv-00724-LA Eastern District of Wisconsin District Judge Lynn Adelman
 87 The judgment of the district court is REVERSED, with costs, and the case is REMANDED to the district court for fur",2024.0
term_24,23-1127,20240813114125161_Wisconsin_Bell_v._U.S._ex_rel._Heath_-_Joint_Appendix.pdf,151,499,judgment_issued,True,True,"rborn Street www.ca7.uscourts.gov Chicago, Illinois 60604 AMENDED FINAL JUDGMENT Original Judgment Issued on August 2, 2023 Amended on January 16, 2024 Before FRANK H. EASTERBROOK, Circuit Judge ",2024.0
term_24,23-1127,20240814160739259_WLF_Amicus_-_Wisconsin_Bell_v._US_ex_rel_Heath.pdf,12,1217,costs,False,True,ders could face possible FCA liability for one error on a form. This would raise mortgage costs for all Americans and place homeownership out of reach for many Americans. II. The FCA ha,2024.0
term_24,23-1127,20240814160739259_WLF_Amicus_-_Wisconsin_Bell_v._US_ex_rel_Heath.pdf,12,1400,costs,False,True,"has been on the books for over 160 years. That whole time, it has covered only fraud that costs the government money. Here, Wisconsin Bell’s alleged fraud did not cost the treasury a pe",2024.0
term_24,23-1201,20240506143840931_Devas_Pet._App.pdf,0,722,petition_for_rehearing,False,True,"36a Appendix E: Order of the United States Court of Appeals for the Ninth Circuit Denying Petition for Rehearing En Banc (Feb. 6, 2024) ............... 42a
 1a APPENDIX A NOT FOR PUBLICATION UNITED ST",2024.0
term_24,23-1201,20240506143840931_Devas_Pet._App.pdf,58,291,so_ordered,True,False,"ing; and (5) The Clerk is directed to send a copy of this Order to all counsel of record. IT IS SO ORDERED. Dated this 27th day of October, 2020. /s/ Thomas S. Zilly Thomas S. Zilly United States ",2024.0
term_24,23-1201,20240506143840931_Devas_Pet._App.pdf,67,736,so_ordered,True,False,"howing.2 (2) The Clerk is directed to send a copy of this Order to all counsel of record. IT IS SO ORDERED. Dated this 3rd day of January, 2022. /s/ Thomas S. Zilly Thomas S. Zilly United States D",2024.0
term_24,23-1201,20241211173819783_23-1201_24-17_acProfessorIngridWuerthBrunk.pdf,35,852,mandate,False,True,ates are not “persons” is correct (or at least well settled under stare decisis) does not mandate the equal treatment of states and foreign states. Katzenbach rests on the specific relati,2024.0
term_24,23-1226,20240517122525155_McLaughlin_Petition_Appendix.pdf,29,911,so_ordered,True,False,"re record in this case, the Court orders the “Stand-Alone Fax Machine Class” DECERTIFIED. IT IS SO ORDERED. Dated: 10/15/2021 /s/ Haywood S. Gilliam, Jr. HAYWOOD S. GILLIAM, JR. United States Dist",2024.0
term_24,23-1226,20240517122525155_McLaughlin_Petition_Appendix.pdf,33,95,so_ordered,True,False," 23aAccordingly, the Court enters summary judgment against the Online Fax Services Class. IT IS SO ORDERED. Dated: August 13, 2021 /s/ Haywood S. Gilliam, Jr. HAYWOOD S. GILLIAM, JR. United States",2024.0
term_24,23-1226,20240517122525155_McLaughlin_Petition_Appendix.pdf,72,1439,so_ordered,True,False,"notice, the parties are DIRECTED to submit their separate statements by January 19, 2021. IT IS SO ORDERED.",2024.0
term_24,23-1229,20240520193733559_Calumet_-_Pet_-final.pdf,8,712,opinion_of_the_court,False,True, the United States Court of Appeals for the Fifth Circuit in this case. OPINION BELOW The opinion of the court of appeals (Pet. App. 1a-43a) is reported at 86 F.4th 1121. JURISDICTION The judgment of ,2024.0
term_24,23-1229,20240520193733559_Calumet_-_Pet_-final.pdf,17,1046,costs,False,True,"g the gasoline and diesel fuel they produce at the market price, which reflects these RIN costs.” Id. at 249a. EPA further concluded that “RINs are generally and widely available in an ",2024.0
term_24,23-1229,20240520193733559_Calumet_-_Pet_-final.pdf,21,1132,costs,False,True,"ory language. The court characterized the agency’s position as requiring that “compliance costs must be the sole cause of ” hardship, id. at 23a, and it disagreed on the ground that har",2024.0
term_24,23-1229,20240520194011773_CalumetApp.-Raynor.pdf,24,455,costs,False,True,findings as to the ability of any of the thirty-six petitioning refineries to recover the costs of RFS compliance” and “did not adjust its statutory interpretation and economic theory t,2024.0
term_24,23-1229,20240520194011773_CalumetApp.-Raynor.pdf,38,941,mandate,False,True," United States Supreme Court’s decision in HollyFrontier . . . we previously recalled our mandate and vacated our judgment in this case.”). 33 In its brief, EPA asserts it “indicat[ed] th",2024.0
term_24,23-1229,20240520194011773_CalumetApp.-Raynor.pdf,38,1290,mandate,False,True,"d not clarify otherwise.” See EPA’s Motion for Clarification of the Court’s July 29, 2021 Mandate, RFA II, No. 18-9533, Doc. 010110564301, at 6-7 (Aug. 19, 2021) (“RFA II Motion”)",2024.0
term_24,23-1229,20240520194011773_CalumetApp.-Raynor.pdf,47,217,costs,False,True,"ce disproportionate economic hardship attributable to a combination of (1) RFS compliance costs and (2) economic factors other than RFS compliance costs. Second, EPA’s approach to defin",2024.0
term_24,23-1229,20240520194011773_CalumetApp.-Raynor.pdf,47,274,costs,False,True,"ombination of (1) RFS compliance costs and (2) economic factors other than RFS compliance costs. Second, EPA’s approach to defining “disproportionate economic hardship” is misguided. Th",2024.0
term_24,23-1229,20240520194011773_CalumetApp.-Raynor.pdf,49,743,costs,False,True,"s unreasonable. 43 The statute’s text cannot plausibly be read to say that RFS compliance costs must be the sole cause of disproportionate economic hardship. 41 See, e.g., 26 U.S.C. § 3",2024.0
term_24,23-1229,20240520194011773_CalumetApp.-Raynor.pdf,56,226,costs,False,True,o the evidence. EPA’s second finding—that all refineries can completely pass on their RIN costs— is so implausible as applied to petitioners that it cannot be ascribed to a difference i,2024.0
term_24,23-1229,20240520194011773_CalumetApp.-Raynor.pdf,59,41,costs,False,True,32a the agency to conclude that “the RIN costs and RIN discount were fully passed through to wholesale purchasers and reflected in the m,2024.0
term_24,23-1229,20240520194011773_CalumetApp.-Raynor.pdf,98,891,costs,False,True,"atutory authority to grant SREs; (2) Presenting our analysis of all available data on RFS costs and market dynamics, including our response to comments received on the Proposed Denial; ",2024.0
term_24,23-1229,20240520194011773_CalumetApp.-Raynor.pdf,137,55,mandate,False,True,"77a and on July 29, 2021, the Tenth Circuit issued its mandate in RFA. On August 19, 2021, EPA filed a motion for clarification regarding the legal effe",2024.0
term_24,23-1229,20240520194011773_CalumetApp.-Raynor.pdf,137,170,mandate,False,True," 19, 2021, EPA filed a motion for clarification regarding the legal effect of the court’s mandate. The Agency stated that, if the court concluded no further clarification was needed, EPA ",2024.0
term_24,23-1229,20240520194011773_CalumetApp.-Raynor.pdf,145,814,costs,False,True, evidence in granting three SREs without addressing EPA’s long-standing position that RIN costs are passed through by refineries and ultimately borne by consumers. After review of the c,2024.0
term_24,23-1229,20240520194011773_CalumetApp.-Raynor.pdf,400,216,mandate,False,True," not appealed by the small refineries, and on July 29, 2021, the Tenth Circuit issued its mandate in RFA. On August 19, 2021, EPA filed a motion for clarification regarding the legal effe",2024.0
term_24,23-1229,20241213170223138_23-1229_tsGrowthEnergyEtAl.pdf,91,242,mandate,False,True,a determination of nationwide scope or effect” should be reviewed deferentially. The APA “mandate[s] that judicial review 13 This remains true for an agency’s statutory interpretation unt,2024.0
term_24,23-1229,20241213185232097_23-1229tsUnitedStates.pdf,12,270,opinion_of_the_court,False,True, STATES COURT OF APPEALS FOR THE FIFTH CIRCUIT BRIEF FOR THE PETITIONER OPINION BELOW The opinion of the court of appeals (Pet. App. 1a-43a) is reported at 86 F.4th 1121. JURISDICTION The judgment of ,2024.0
term_24,23-1229,20241213185232097_23-1229tsUnitedStates.pdf,25,359,costs,False,True,"e Tenth Circuit’s analysis, EPA also analyzed whether refineries were able to pass on the costs of RFS compliance to consumers. The agency concluded that the evidence supported a rebutt",2024.0
term_24,23-1229,20241213185232097_23-1229tsUnitedStates.pdf,25,481,costs,False,True,"mers. The agency concluded that the evidence supported a rebuttable presumption that such costs “are fully passed through to consumers,” so that small refineries ordinarily would not su",2024.0
term_24,23-1229,20241213185232097_23-1229tsUnitedStates.pdf,29,364,costs,False,True,"g the gasoline and diesel fuel they produce at the market price, which reflects these RIN costs.” Id. at 249a. EPA further concluded that “RINs are generally widely available in an open",2024.0
term_24,23-1229,20241213185232097_23-1229tsUnitedStates.pdf,33,664,costs,False,True,"ory language. The court characterized the agency’s position as requiring that “compliance costs must be the sole cause of ” hardship, id. at 23a, and it disagreed on the ground that har",2024.0
term_24,23-1229,20241213185232097_23-1229tsUnitedStates.pdf,98,652,costs,False,True, that the agency’s consideration of updated economic information regarding RFS compliance costs—relating to the “RIN cost passthrough principle”—created an impermissible retroactive eff,2024.0
term_24,23-1229,20241220161044521_No._23-1229_Amicus_Brief.pdf,11,752,costs,False,True,"stering the Clean Air Act can harm all stakeholders, increasing transition and compliance costs for regulated parties, and extending periods of uncertainty while EPA’s actions remain un",2024.0
term_24,23-1229,20241220161044521_No._23-1229_Amicus_Brief.pdf,21,171,costs,False,True," used to expand business, create jobs, and develop new products”; in many contexts, those costs may instead be “passed on to consumers in the form of higher prices.” Lisa Litwiller, Why",2024.0
term_24,23-1229,20241220161044521_No._23-1229_Amicus_Brief.pdf,26,457,costs,False,True,"the court of appeals”). And regulated parties will incur higher transition and compliance costs, and all stakeholders will experience extended periods",2024.0
term_24,23-1229,20241220161044521_No._23-1229_Amicus_Brief.pdf,38,439,costs,False,True, in the regional circuits avoid burdening litigants with the higher travel and logistical costs associated with litigating challenges in D.C. And it avoids potential optical concerns th,2024.0
term_24,23-1229,20250121131718802_2025.01.21_No._23-1229_Brief_for_the_Small_Refinery_Respondents.pdf,53,972,costs,False,True,"atutory instructions, and its generalized economic hypothesis about small refineries’ RIN costs, were merely steps along the way of EPA’s individual-refinery decisionmaking process. Nei",2024.0
term_24,23-1229,20250121131718802_2025.01.21_No._23-1229_Brief_for_the_Small_Refinery_Respondents.pdf,54,403,costs,False,True,"ions based on its (erroneous) view that each refinery “is recovering its [RFS compliance] costs.” E.g., JA 280, 286, 298 (emphasis added). Under the venue instructions in Section 7607(b",2024.0
term_24,23-1229,20250121131718802_2025.01.21_No._23-1229_Brief_for_the_Small_Refinery_Respondents.pdf,77,191,costs,False,True,"refinery would suffer hardship from the RFS because each could fully pass through its RIN costs. But that was merely a hypothesis. EPA called it then an “economic theory,” Pet.App.212a ",2024.0
term_24,23-1239,20240522135142449_2024.05.22_Barnes_Pet._App..pdf,53,1072,so_ordered,True,True,"reat of harm to Felix. Accordingly, the Motion is GRANTED. This case is hereby DISMISSED. It is so ORDERED. Mar 31 2021 /s/ Alfred H. Bennett Date The Honorable Alfred H. Bennett United States Dis",2024.0
term_24,23-1239,20240624121554894_23-1239_TCRP_Amicus_Brief_Final.pdf,8,1147,mandate,False,True,"gnoring relevant facts to the expense of life” and, in so doing, contradicts this Court’s mandate in Garner. Barnes v. Felix, 91 F.4th 393, 400–01 (5th Cir. 2024) (Higginbotham, J., concu",2024.0
term_24,23-1239,20240814162023791_23-1239_Brief_in_Opposition.pdf,130,857,so_ordered,True,True,"p Barnes from fleeing. Accordingly, the Motion is GRANTED. This case is hereby DISMISSED. It is so ORDERED. August 29, 2022 Date /s/ Alfred H. Bennett The Honorable Alfred H. Bennett United States",2024.0
term_24,23-1239,20241120091256905_130653_tst_brief.pdf,7,1205,mandate,False,True,"gnoring relevant facts to the expense of life” and, in so doing, contradicts this Court’s mandate in Garner. Barnes v. Felix, 91 F.4th 393, 400–01 (5th Cir. 2024) (Higginbotham, J., concu",2024.0
term_24,23-1259,20241209152617191_No._23-1259_Joint_Appendix_Volume_1_of_2.pdf,4,477,petition_for_rehearing,False,True,"T Data, Inc., No. 22-4 (December 8, 2023) . . . . . . . App. 161 Appendix I Order Denying Petition For Rehearing En Banc in the United States Court of Appeals for the Second Circuit, Mandala, et al. v",2024.0
term_24,23-1259,20241209152632359_No._23-1259_Joint_Appendix_Volume_2_of_2.pdf,4,477,petition_for_rehearing,False,True,"T Data, Inc., No. 22-4 (December 8, 2023) . . . . . . . App. 161 Appendix I Order Denying Petition For Rehearing En Banc in the United States Court of Appeals for the Second Circuit, Mandala, et al. v",2024.0
term_24,23-1270,20241112104847006_23-1270_Response.pdf,6,275,opinion_of_the_court,False,True,TATES COURT OF APPEALS FOR THE FOURTH CIRCUIT BRIEF FOR THE RESPONDENT OPINIONS BELOW The opinion of the court of appeals (Pet. App. 1a-6a) is not published in the Federal Reporter but is available at,2024.0
term_24,23-1270,20250103164128736_23-1270tsUnitedStates.pdf,17,282,opinion_of_the_court,False,True, FOR THE FOURTH CIRCUIT BRIEF FOR THE RESPONDENT SUPPORTING PETITIONER OPINIONS BELOW The opinion of the court of appeals (Pet. App. 1a-6a) is not published in the Federal Reporter but is available at,2024.0
term_24,23-1270,20250117175324098_23-1270_Petition_Appendix-Redacted.pdf,2,1017,mandate,False,True," of the Board’s decision. We later placed this appeal in abeyance for the issuance of the mandate in Martinez v. Garland, No. 22-1221 (4th Cir.). The mandate in Martinez has issued, and s",2024.0
term_24,23-1270,20250117175324098_23-1270_Petition_Appendix-Redacted.pdf,2,1077,mandate,False,True,"yance for the issuance of the mandate in Martinez v. Garland, No. 22-1221 (4th Cir.). The mandate in Martinez has issued, and so Riley’s case has been removed from abeyance.",2024.0
term_24,23-1275,20240603115351724_2024.06.03_USSC_Petition_for_Writ_of_Certiorari.pdf,194,1340,judgment_is,True,False," reaching what we think is a legally impermissible result. For the foregoing reasons, the judgment of the district court is AFFIRMED.",2024.0
term_24,23-1275,20240603115351724_2024.06.03_USSC_Petition_for_Writ_of_Certiorari.pdf,197,1154,so_ordered,True,False,"a Medicaid Program on the grounds it is an abortion clinic or provides abortion services. IT IS SO ORDERED. Signed this 14th day of December 2020, in Columbia, South Carolina. s/ Mary Geiger Lewis",2024.0
term_24,23-1275,20240603115351724_2024.06.03_USSC_Petition_for_Writ_of_Certiorari.pdf,218,255,so_ordered,True,False,"fter receiving the draft order to submit any comments on the proposed order to the Court. IT IS SO ORDERED. Signed this 17th day of September 2020, in Columbia, South Carolina. s/ Mary Geiger Lewi",2024.0
term_24,23-1275,20240603115351724_2024.06.03_USSC_Petition_for_Writ_of_Certiorari.pdf,292,541,judgment_is,True,False, the mandate that alone makes the Third Branch a distinctive organ of our government. The judgment of the district court is affirmed. AFFIRMED,2024.0
term_24,23-1275,20240603115351724_2024.06.03_USSC_Petition_for_Writ_of_Certiorari.pdf,339,1039,so_ordered,True,False,"with the Clerk of Court for the District of South Carolina by Tuesday, September 4, 2018. IT IS SO ORDERED. Signed this 28th day of August 2018 in Columbia, South Carolina. s/ Mary Geiger Lewis MA",2024.0
term_24,23-1275,20240827142643820_Kerr_v_PPSAT_-_Brief_in_Oppposition_PDFA.pdf,8,764,opinion_of_the_court,False,True,ted States Court of Appeals for the Fourth Circuit BRIEF IN OPPOSITION OPINIONS BELOW The opinion of the court of appeals (Pet. App. 1a36a) is reported at 95 F.4th 152. The opinion of the district cou,2024.0
term_24,23-1275,20250203121200212_23-1275_Joint_Appendix.pdf,81,782,so_ordered,True,False,"hearing date that occurs between Monday, February 03, 2020 and Friday, March 27, 2020 AND IT IS SO ORDERED. COLUMBIA, South Carolina May 28, 2019",2024.0
term_24,23-1300,20240612144746118_NRC_Pet_f.pdf,13,556,opinion_of_the_court,False,True,"the United States Court of Appeals for the Fifth Circuit in this case. OPINIONS BELOW The opinion of the court of appeals (App., infra, 1a30a) is reported at 78 F.4th 827. The order of the court of ap",2024.0
term_24,23-1300,20240612144746118_NRC_Pet_f.pdf,130,434,petition_for_rehearing,False,True,"Filed: Mar. 14, 2024] Appeal from the Nuclear Regulatory Commission Agency No. 72-1050 ON PETITION FOR REHEARING EN BANC Before JONES, HO, and WILSON, Circuit Judges. PER CURIAM: The court having been",2024.0
term_24,23-1300,20240712124113123_2024-07-12_NEI_Amicus_Brief_-_SCOTUS_FINAL.pdf,13,745,costs,False,True,r-related issues; the facilities at issue would substantially reduce rather than increase costs; and no one disputes the legality of storing spent nuclear fuel at decommissioned sites w,2024.0
term_24,23-1300,20240712124113123_2024-07-12_NEI_Amicus_Brief_-_SCOTUS_FINAL.pdf,34,294,costs,False,True,"ghly inefficient. That is because each reactor site is responsible for staffing and other costs associated with meeting security, monitoring, maintenance, and other requirements for spe",2024.0
term_24,23-1300,20240712124113123_2024-07-12_NEI_Amicus_Brief_-_SCOTUS_FINAL.pdf,34,1162,costs,False,True,"21-1048 (D.C. Cir. filed June 23, 2022) (NRC noting that annual operation and maintenance costs for storing spent fuel at decommissioned reactor sites are ten times greater than those a",2024.0
term_24,23-1300,20240712124113123_2024-07-12_NEI_Amicus_Brief_-_SCOTUS_FINAL.pdf,35,537,costs,False,True,"different reactors—thus creates enormous efficiencies and reduces overall fuel management costs, especially for spent fuel currently stored at decommissioned reactor sites. Indeed, in t",2024.0
term_24,23-1300,20240712124113123_2024-07-12_NEI_Amicus_Brief_-_SCOTUS_FINAL.pdf,50,114,costs,False,True,"ming the authority to license storage facilities that would significantly reduce economic costs as compared to storing spent nuclear fuel at existing reactor sites, see pp.14-15, supra.",2024.0
term_24,23-1300,20240821145554833_Docket_Nos._23-1300_and_23-1312_Brief_in_Opposition.pdf,1,234,mandate,False,True, that its own rules insulate it from judicial review of its compliance with a legislative mandate on where to store the nation’s nuclear waste—a question Congress has already answered. In,2024.0
term_24,23-1300,20240821145554833_Docket_Nos._23-1300_and_23-1312_Brief_in_Opposition.pdf,80,605,costs,False,True,"not be inferred from general purposes because “no legislation pursues its purposes at all costs.” Rodriguez v. United States, 480 U.S. 522, 525-26 (1987) (per curiam). Agencies thus can",2024.0
term_24,23-1300,20241202175525383_23-1300tsUnitedStates.pdf,20,1015,opinion_of_the_court,False,True,URT OF APPEALS FOR THE FIFTH CIRCUIT BRIEF FOR THE FEDERAL PETITIONERS OPINIONS BELOW The opinion of the court of appeals (Pet. App. 1a-30a) is reported at 78 F.4th 827. The order of the court of appe,2024.0
term_24,23-1300,20241202181431894_NRC_JA_vf.pdf,117,184,costs,False,True," decommissioned shutdown sites in order to return the land to greenfield status; reducing costs related to surveillance, maintenance, emergency preparedness, and physical security at cu",2024.0
term_24,23-1300,20241209140609181_Nos._23-1300_23-1312_Amicus_Brief.pdf,15,745,costs,False,True,r-related issues; the facilities at issue would substantially reduce rather than increase costs; and no one disputes the legality of storing spent nuclear fuel at decommissioned sites w,2024.0
term_24,23-1300,20241209140609181_Nos._23-1300_23-1312_Amicus_Brief.pdf,35,617,costs,False,True,"ghly inefficient. That is because each reactor site is responsible for staffing and other costs associated with meeting security, monitoring, maintenance, and other requirements for spe",2024.0
term_24,23-1300,20241209140609181_Nos._23-1300_23-1312_Amicus_Brief.pdf,37,15,costs,False,True,15 maintenance costs for storing spent fuel at decommissioned reactor sites are ten times greater than those a,2024.0
term_24,23-1300,20241209140609181_Nos._23-1300_23-1312_Amicus_Brief.pdf,37,403,costs,False,True,"different reactors—thus creates enormous efficiencies and reduces overall fuel management costs, especially for spent fuel currently stored at decommissioned reactor sites. Indeed, in t",2024.0
term_24,23-1300,20241209140609181_Nos._23-1300_23-1312_Amicus_Brief.pdf,51,678,costs,False,True,"ming the authority to license storage facilities that would significantly reduce economic costs as compared to storing spent nuclear fuel at existing reactor sites, see pp.14-15, supra.",2024.0
term_24,23-1324,20240617144408924_Richards_Petition_Final.pdf,1,1179,judgment_issued,True,True," al. v. Perttu, 2:20cv-00076, Report and Recommendation on Defendant’s motion for summary judgment issued December 3, 2021 (recommending granting Defendant’s motion for summary judgment).",2024.0
term_24,23-1324,20240617144408924_Richards_Petition_Final.pdf,4,459,judgment_issued,True,False,"of Michigan Case No. 2:20-cv-76 Order Adopting Report and Recommendation Granting Summary Judgment Issued March 22, 2022 .................................... 22a–28a United States District Court ",2024.0
term_24,23-1324,20240617144408924_Richards_Petition_Final.pdf,4,613,judgment_issued,True,False,"... 22a–28a United States District Court Western District of Michigan Case No. 2:20-cv-76 Judgment Issued March 22, 2022 ............................................ 29a United States District Co",2024.0
term_24,23-1324,20240617144408924_Richards_Petition_Final.pdf,4,836,judgment_issued,True,False,"igan Case No. 2:20-cv-76 Report and Recommendation Following Bench Trial to Grant Summary Judgment Issued December 2, 2021 ................................ 30a–77a
 v United States District Court",2024.0
term_24,23-1324,20240617144408924_Richards_Petition_Final.pdf,4,1048,judgment_issued,True,False," of Michigan Case No. 2:20-cv-76 Order Adopting Report and Recommendation Denying Summary Judgment Issued August 10, 2021................................... 78a–83a United States District Court W",2024.0
term_24,23-1324,20240617144408924_Richards_Petition_Final.pdf,4,1266,judgment_issued,True,False,"igan Case No. 2:20-cv-76 Report and Recommendation to Deny Defendant’s Motion for Summary Judgment Issued July 29, 2021 ..................................... 84a–102a",2024.0
term_24,23-1324,20240617144434536_Richards_Appx_FINAL_-_FINAL.pdf,0,459,judgment_issued,True,False,"of Michigan Case No. 2:20-cv-76 Order Adopting Report and Recommendation Granting Summary Judgment Issued March 22, 2022 .................................... 22a–28a United States District Court ",2024.0
term_24,23-1324,20240617144434536_Richards_Appx_FINAL_-_FINAL.pdf,0,613,judgment_issued,True,False,"... 22a–28a United States District Court Western District of Michigan Case No. 2:20-cv-76 Judgment Issued March 22, 2022 ............................................ 29a United States District Co",2024.0
term_24,23-1324,20240617144434536_Richards_Appx_FINAL_-_FINAL.pdf,0,836,judgment_issued,True,False,"igan Case No. 2:20-cv-76 Report and Recommendation Following Bench Trial to Grant Summary Judgment Issued December 2, 2021 ................................ 30a–77a
 iia United States District Cou",2024.0
term_24,23-1324,20240617144434536_Richards_Appx_FINAL_-_FINAL.pdf,0,1050,judgment_issued,True,False," of Michigan Case No. 2:20-cv-76 Order Adopting Report and Recommendation Denying Summary Judgment Issued August 10, 2021................................... 78a–83a United States District Court W",2024.0
term_24,23-1324,20240617144434536_Richards_Appx_FINAL_-_FINAL.pdf,0,1268,judgment_issued,True,False,"igan Case No. 2:20-cv-76 Report and Recommendation to Deny Defendant’s Motion for Summary Judgment Issued July 29, 2021 ..................................... 84a–102a",2024.0
term_24,23-1324,20240617144434536_Richards_Appx_FINAL_-_FINAL.pdf,36,616,judgment_is,True,False,"ted on the briefs without oral argument. IN CONSIDERATION THEREOF, it is ORDERED that the judgment of the district court is REVERSED, and the case is REMANDED for further proceedings consistent with t",2024.0
term_24,23-1324,20241202140602901_23-1324_Richards_JA_11-21-2024_A.pdf,2,321,judgment_issued,True,False,"igan Case No. 2:20-cv-76 Report and Recommendation to Deny Defendant’s Motion for Summary Judgment Issued July 29, 2021 ..................................... 84a–102a United States District Court",2024.0
term_24,23-1324,20241202140602901_23-1324_Richards_JA_11-21-2024_A.pdf,2,533,judgment_issued,True,False," of Michigan Case No. 2:20-cv-76 Order Adopting Report and Recommendation Denying Summary Judgment Issued August 10, 2021................................... 78a–83a United States District Court W",2024.0
term_24,23-1324,20241202140602901_23-1324_Richards_JA_11-21-2024_A.pdf,2,751,judgment_issued,True,False,"igan Case No. 2:20-cv-76 Report and Recommendation Following Bench Trial to Grant Summary Judgment Issued December 2, 2021 ................................ 30a–77a United States District Court We",2024.0
term_24,23-1324,20241202140602901_23-1324_Richards_JA_11-21-2024_A.pdf,2,903,judgment_issued,True,False,"... 30a–77a United States District Court Western District of Michigan Case No. 2:20-cv-76 Judgment Issued March 22, 2022 ............................................ 29a
 iii United States Distri",2024.0
term_24,23-1324,20241202140602901_23-1324_Richards_JA_11-21-2024_A.pdf,2,1124,judgment_issued,True,False,"of Michigan Case No. 2:20-cv-76 Order Adopting Report and Recommendation Granting Summary Judgment Issued March 22, 2022 .................................... 22a–28a United States Court of Appeal",2024.0
term_24,23-1345,20241014172638735_Rivers_BIO_FINAL.pdf,22,952,mandate,False,True,"the Fifth Circuit to assess the basis of Rivers’ new claims, had he complied with AEDPA’s mandate that he move for authorization. See 28 U.S.C. § 2244(b). Such an analysis under § 2244(b)",2024.0
term_24,23-1345,20241014172638735_Rivers_BIO_FINAL.pdf,22,322,petition_for_rehearing,False,True,econd or successive application shall not be appealable and shall not be the subject of a petition for rehearing or for a writ of certiorari.”). Because this limitation represents the “maximum” conser,2024.0
term_24,23-1345,20250121162618507_23-1345JointAppendix_A.pdf,12,128,mandate,False,True,JUDGMENT ENTERED AND FILED. [18-11490] (NFD) [Entered: 05/13/2022 10:05 AM] 06/28/2022 99 MANDATE ISSUED. Mandate issue date satisfied. [18-11490] (RSM) [Entered: 06/28/2022 10:42 AM] * *,2024.0
term_24,23-1345,20250121162618507_23-1345JointAppendix_A.pdf,12,144,mandate,False,True, AND FILED. [18-11490] (NFD) [Entered: 05/13/2022 10:05 AM] 06/28/2022 99 MANDATE ISSUED. Mandate issue date satisfied. [18-11490] (RSM) [Entered: 06/28/2022 10:42 AM] * * * 02/03/2023 10,2024.0
term_24,23-1345,20250121162618507_23-1345JointAppendix_A.pdf,13,714,mandate,False,True,"/2024 89 PUBLISHED OPINION FILED. [2111031 Affirmed ] Judge: PR , Judge: CES , Judge: JLD Mandate issue date is 05/07/2024 [21-11031] (CAS) [Entered: 04/15/2024 09:29 AM] 04/15/2024 90 JU",2024.0
term_24,23-1345,20250121162618507_23-1345JointAppendix_A.pdf,14,39,mandate,False,True,16 DATE NO. PROCEEDINGS 05/15/2024 105 MANDATE ISSUED. Mandate issue date satisfied. [21-11031] (CAS) [Entered: 05/15/2024 09:40 AM] * *,2024.0
term_24,23-1345,20250121162618507_23-1345JointAppendix_A.pdf,14,55,mandate,False,True,"16 DATE NO. PROCEEDINGS 05/15/2024 105 MANDATE ISSUED. Mandate issue date satisfied. [21-11031] (CAS) [Entered: 05/15/2024 09:40 AM] * * *
 17 UNITED ST",2024.0
term_24,23-1345,20250121162618507_23-1345JointAppendix_A.pdf,40,764,judgment_issued,True,False," and cannot be used to raise arguments which could, and should, have been made before the judgment issued.” Schiller v. Physicians Resource Group Inc., 342 F.3d 563, 567 (5th Cir. 2003) (internal",2024.0
term_24,23-1345,20250121162618507_23-1345JointAppendix_A.pdf,136,850,judgment_issued,True,True,"0967 In re: Danny Rivers USDC No. 7:21-CV-12 Dear Ms. Mitchell, Enclosed is a copy of the judgment issued as the mandate. Sincerely, LYLE W. CAYCE, Clerk By: /s/ Melissa B. Courseault Melissa B. ",2024.0
term_24,23-1345,20250121162618507_23-1345JointAppendix_A.pdf,136,873,mandate,False,True,"s USDC No. 7:21-CV-12 Dear Ms. Mitchell, Enclosed is a copy of the judgment issued as the mandate. Sincerely, LYLE W. CAYCE, Clerk By: /s/ Melissa B. Courseault Melissa B. Courseault, Dep",2024.0
term_24,23-167,20230817162636291_44010_pdf_LaCour_app.pdf,338,25,notice_formal_revision,True,False,App. 222 REL: 09/26/2008 Notice: This opinion is subject to formal revision before publication in the advance sheets of Southern Reporter. Readers are requested to n,2024.0
term_24,23-191,20230828101518662_Williams_v._Washington_Cert_Petition.pdf,58,33,notice_formal_revision,True,False,"1a APPENDIX A Rel: June 30, 2023 Notice: This opinion is subject to formal revision before publication in the advance sheets of Southern Reporter. Readers are requested to n",2024.0
term_24,23-365,20231003113235969_Horn_Petition_for_Certiorari_-_Appendix.pdf,120,4,so_ordered,True,False,"67a IT IS SO ORDERED. Dated: September 16, 2020 Rochester, New York Frank P. Geraci, Jr. HON. FRANK P. GERACI,",2024.0
term_24,23-365,20231003113235969_Horn_Petition_for_Certiorari_-_Appendix.pdf,120,1008,mandate,False,True,". See ECF No. 92. That appeal has since been dismissed, and the Second Circuit issued its mandate on November 12, 2019. See Horn v. Medical Marijuana, Inc., No. 19-1437, ECF No. 45 (dated",2024.0
term_24,23-365,20231003113235969_Horn_Petition_for_Certiorari_-_Appendix.pdf,120,1303,mandate,False,True,"c. 21, 2017) (stating that jurisdiction returns to the district court after appeal once a mandate is issued).",2024.0
term_24,23-365,20231003113235969_Horn_Petition_for_Certiorari_-_Appendix.pdf,140,883,so_ordered,True,False,"ill schedule a status conference to hear from the parties on the progress of this action. IT IS SO ORDERED. Dated: November 21, 2019 Rochester, New York Frank P. Geraci, Jr. HON. FRANK P. GERACI, ",2024.0
term_24,23-365,20231003113235969_Horn_Petition_for_Certiorari_-_Appendix.pdf,205,151,so_ordered,True,False,"ill schedule a status conference to hear from the parties on the progress of this action. IT IS SO ORDERED. Dated: April 17, 2019 Rochester, New York Frank P. Geraci, Jr. HON. FRANK P. GERACI, JR.",2024.0
term_24,23-365,20240318134952387_23-365_Horn_BIO.pdf,46,860,judgment_issued,True,False,"t claims again set to begin, petitioners seek review of an order vacating a partial final judgment issued following a sua sponte grant of partial summary judgment on the basis of a motion in limi",2024.0
term_24,23-365,20240716131727340_Hemp_Roundtable_-_US_Supreme_Court_Amicus_Brief_-_final_-_PDFA.pdf,17,519,costs,False,True,upt halt when hemp was classified as marijuana.23 The Marihuana Tax Act of 1937 increased costs within the supply chain and the simultaneous fight against drugs led to the misconception,2024.0
term_24,23-477,20231106140806851_US_v._Skrmetti_Pet._App..pdf,249,199,so_ordered,True,False," the reasons stated herein, the Court in its discretion DENIES the Motion (Doc. No. 170). IT IS SO ORDERED. /s/ ELI RICHARDSON ELI RICHARDSON UNITED STATES DISTRICT JUDGE 2 The Court’s finding tha",2024.0
term_24,23-477,20231106140806851_US_v._Skrmetti_Pet._App..pdf,426,926,so_ordered,True,False,case is referred to the assigned Magistrate Judge for further customized case management. IT IS SO ORDERED. ELI RICHARDSON ELI RICHARDSON UNITED STATES DISTRICT JUDGE,2024.0
term_24,23-583,20240501130725385_23-583_Petition_and_Appendix.pdf,14,234,opinion_of_the_court,False,True, United States Court of Appeals for the Eleventh Circuit in this case. OPINIONS BELOW The opinion of the court of appeals is reported at 75 F.4th 1157 (11th Cir. 2023). App. 1a-11a. The district court,2024.0
term_24,23-583,20240501172546511_23-583_Bouarfa_Opp_-_final.pdf,8,285,opinion_of_the_court,False,True,PEALS FOR THE ELEVENTH CIRCUIT BRIEF FOR THE RESPONDENTS IN OPPOSITION OPINIONS BELOW The opinion of the court of appeals (Pet. App. 1a-11a) is reported at 75 F.4th 1157. The order of the district cou,2024.0
term_24,23-621,20231120150525389_Stinnie_PFC_Appendix_final.pdf,145,979,so_ordered,True,False,"e accompanying Memorandum Opinion to all counsel of record and to Magistrate Judge Hoppe. It is so ORDERED. Entered this 4th day of June, 2021.",2024.0
term_24,23-621,20231120150525389_Stinnie_PFC_Appendix_final.pdf,162,1076,so_ordered,True,False,"s’ petition for attorneys’ fees and litigation expenses. An appropriate Order will issue. It is so ORDERED. Entered this 4th day of June, 2021.",2024.0
term_24,23-621,20240620153253332_Stinnie_Merits_Brief_Final.pdf,76,744,judgment_issued,True,False,". 1, 4 (1988) (rejecting attorney’s fees under § 1988 because “[t]he case was moot before judgment issued, and the judgment therefore afforded the plaintiffs no relief whatsoever”). The “subseque",2024.0
term_24,23-621,20240620153404250_JA_Final.pdf,478,820,so_ordered,True,False,state Plaintiffs’ driver’s licenses if there are no other restrictions on their licenses. It is so ORDERED. The Clerk of Court is hereby directed to send a certified copy of this Order to all coun,2024.0
term_24,23-621,20240620153404250_JA_Final.pdf,582,1154,so_ordered,True,False,"CF No. 276, is hereby STAYED pending further order of this Court. The case is not stayed. It is so ORDERED. ENTERED: October 5, 2023 Joel C. Hoppe United States Magistrate Judge",2024.0
term_24,23-621,20240627171808039_No_23-621_Amicus_Brief_of_Univ_of_Florida_Bd_of_Trustees.pdf,37,529,judgment_issued,True,False,"ed from prison before the judgment—were not prevailing parties. “The case was moot before judgment issued, and the judgment therefore afforded the plaintiffs no relief whatsoever.” Id. at 4. And,",2024.0
term_24,23-677,20231219145610120_2_Wullschleger_-_Final_Appendix_PDF_A.pdf,45,88,so_ordered,True,True,"26a ORDERED that this case be remanded to the Circuit Court of Jackson County Missouri. IT IS SO ORDERED. s/ Gary A. Fenner GARY A. FENNER, JUDGE UNITED STATES DISTRICT COURT DATED: June 13, 201",2024.0
term_24,23-677,20231219145610120_2_Wullschleger_-_Final_Appendix_PDF_A.pdf,71,889,so_ordered,True,False,"on. For this reason and the reasons stated above, Plaintiffs’ Motion to Remand is DENIED. IT IS SO ORDERED. s/ Gary A. Fenner GARY A. FENNER, JUDGE UNITED STATES DISTRICT COURT DATED: May 21, 2021",2024.0
term_24,23-677,20231219145610120_2_Wullschleger_-_Final_Appendix_PDF_A.pdf,94,1317,so_ordered,True,False," alleged a civil conspiracy claim. Accordingly, Defendants’ Motion to Dismiss is GRANTED. IT IS SO ORDERED. s/ Gary A. Fenner GARY A. FENNER, JUDGE UNITED STATES DISTRICT COURT DATED: March 22, 20",2024.0
term_24,23-677,20231219145610120_2_Wullschleger_-_Final_Appendix_PDF_A.pdf,95,400,petition_for_rehearing,False,True,urt for the Western District of Missouri - Kansas City (4:19-cv-00235-GAF) ———— ORDER The petition for rehearing en banc is denied. The petition for rehearing by the panel is also denied. Judges Collo,2024.0
term_24,23-677,20231219145610120_2_Wullschleger_-_Final_Appendix_PDF_A.pdf,95,446,petition_for_rehearing,False,True,sas City (4:19-cv-00235-GAF) ———— ORDER The petition for rehearing en banc is denied. The petition for rehearing by the panel is also denied. Judges Colloton and Shepherd would grant the petition for ,2024.0
term_24,23-677,20231219145610120_2_Wullschleger_-_Final_Appendix_PDF_A.pdf,95,543,petition_for_rehearing,False,True,n for rehearing by the panel is also denied. Judges Colloton and Shepherd would grant the petition for rehearing en banc. Judges Gruender and Grasz did not participate in the consideration or decision,2024.0
term_24,23-713,20231229124320086_Bufkin_Cert_Petition.pdf,4,1036,opinion_of_the_court,False,True,"deral Circuit (Aug. 9, 2023) ...................................... 13a APPENDIX C Bufkin Opinion of the Court of Appeals for Veterans Claims (July 27, 2021) ................................ 18a APPEN",2024.0
term_24,23-713,20231229124320086_Bufkin_Cert_Petition.pdf,4,1161,opinion_of_the_court,False,True," Veterans Claims (July 27, 2021) ................................ 18a APPENDIX D Thornton Opinion of the Court of Appeals for Veterans Claims (June 11, 2021) ................................ 32a",2024.0
term_24,23-713,20231229124327060_Bufkin_Cert_Petition_Appendix.pdf,0,285,opinion_of_the_court,False,True,"deral Circuit (Aug. 9, 2023) ...................................... 13a APPENDIX C Bufkin Opinion of the Court of Appeals for Veterans Claims (July 27, 2021) ................................ 18a APPEN",2024.0
term_24,23-713,20231229124327060_Bufkin_Cert_Petition_Appendix.pdf,0,410,opinion_of_the_court,False,True," Veterans Claims (July 27, 2021) ................................ 18a APPENDIX D Thornton Opinion of the Court of Appeals for Veterans Claims (June 11, 2021) ................................ 32a APPEN",2024.0
term_24,23-713,20231229124327060_Bufkin_Cert_Petition_Appendix.pdf,25,73,slip_op,False,True,"16a underlying facts and address the benefit of the doubt rule.” Bufkin, slip op. at 7-9. Because Mr. Thornton’s preferred interpretation of § 7261(b)(1) was rejected in B",2024.0
term_24,23-713,20231229124327060_Bufkin_Cert_Petition_Appendix.pdf,25,387,costs,False,True,"ecision of the Veterans Court, and we thus affirm the Veterans Court’s decision. AFFIRMED COSTS No costs.
 17a APPENDIX C Designated for electronic publication only UNITED STATES COURT ",2024.0
term_24,23-713,20231229124327060_Bufkin_Cert_Petition_Appendix.pdf,25,396,costs,False,True,"f the Veterans Court, and we thus affirm the Veterans Court’s decision. AFFIRMED COSTS No costs.
 17a APPENDIX C Designated for electronic publication only UNITED STATES COURT OF APPEAL",2024.0
term_24,23-713,20240201162147074_Brief_of_Amicus_Curiae_NLSVCC.pdf,27,958,mandate,False,True,on the facts and circumstances of the case. The Veterans Court misconstrued the statutory mandate to “take due account” of the application of the benefit-of-the-doubt rule when it failed ,2024.0
term_24,23-713,20240202095120184_23-713_Amicus_Brief_of_Military-Veterans_Advocacy.pdf,8,240,mandate,False,True,"cuit eviscerated that protection. According to the Federal Circuit, § 7261(b)(1) does not mandate that the Veterans Court conduct any review of whether the benefit of the doubt rule recit",2024.0
term_24,23-713,20240702172041406_2024.07.02_Amicus_Brief.pdf,27,625,mandate,False,True, of the case. The Veterans Court and Federal Circuit similarly misconstrued the statutory mandate to “take due account” of the application of the benefit-of-the-doubt rule when it failed ,2024.0
term_24,23-713,20240709160359770_Bufkin_v._McDonough_-_FCBA_Amicus_Brief.pdf,42,977,mandate,False,True,"n 7261(b)(1) in Bufkin Rests Upon Flawed Reasoning. In holding that § 7261(b)(1) does not mandate any review “beyond ... clear error review,” the Federal Circuit relied in part on § 7261(",2024.0
term_24,23-715,20231229150204531_Advocate_Christ_Petition_Final.pdf,20,296,opinion_of_the_court,False,True, the United States Court of Appeals for the D.C. Circuit in this case. OPINIONS BELOW The opinion of the court of appeals (App. 1-17) is reported at 80 F.4th 346. The opinion of the district court (Ap,2024.0
term_24,23-715,20240418191021996_23-715_Advocate_Christ--Br_in_Opp.pdf,5,329,opinion_of_the_court,False,True,HE DISTRICT OF COLUMBIA CIRCUIT BRIEF FOR THE RESPONDENT IN OPPOSITION OPINIONS BELOW The opinion of the court of appeals (Pet. App. 1-17) is reported at 80 F.4th 346. The opinion of the district cour,2024.0
term_24,23-715,20240807142533100_Advocate_Christ_Opening_Brief.pdf,25,19,opinion_of_the_court,False,True,OPINIONS BELOW The opinion of the court of appeals (Pet. App. 1-17) is reported at 80 F.4th 346. The opinion of the district cour,2024.0
term_24,23-715,20240814114939693_23-715_AHA_Amicus_Brief.pdf,44,296,slip_op,False,True,"“body of experience and informed judgment,” Loper Bright v. Raimondo, 603 U.S. __ (2024) (slip op. 25) (quoting Skidmore v. Swift & Co, 323 U.S. 134, 140 (1944)), than with paying as littl",2024.0
term_24,23-715,20240919170003750_23-715bsUnitedStates.pdf,15,304,opinion_of_the_court,False,True, APPEALS FOR THE DISTRICT OF COLUMBIA CIRCUIT BRIEF FOR THE RESPONDENT OPINIONS BELOW The opinion of the court of appeals (Pet. App. 1-17) is reported at 80 F.4th 346. The opinion of the district cour,2024.0
term_24,23-7483,20240830100114610_23-7483_Esteras--Br_in_Opp.pdf,3,35,opinion_of_the_court,False,True,"2 In petitioner Jaimez’s case, the opinion of the court of appeals (Pet. App. 53a-58a) is reported at 95 F.4th 1004. The order of the district co",2024.0
term_24,23-7483,20240830100114610_23-7483_Esteras--Br_in_Opp.pdf,13,989,petition_for_rehearing,False,True,"ate that the panel had erred. Id. at 28a-29a. The court of appeals later denied Esteras’s petition for rehearing of the panel’s amended order. Pet. App. 30a-34a. Judge Moore, joined by Judge Stranch, ",2024.0
term_24,23-7483,20241210070551859_No._23-7483_Brief_for_the_Petitioners.pdf,8,294,petition_for_rehearing,False,True, 88 F.4th 1163 (6th Cir. 2023). The order of the court of appeals denying Esteras’s first petition for rehearing en banc (JA 136a-149a) is reported at 88 F.4th 1170 (6th Cir. 2023). The order of the c,2024.0
term_24,23-7483,20241210070551859_No._23-7483_Brief_for_the_Petitioners.pdf,8,445,petition_for_rehearing,False,True,88 F.4th 1170 (6th Cir. 2023). The order of the court of appeals denying Esteras’s second petition for rehearing en banc (JA 150a-154a) is reported at 95 F.4th 454 (6th Cir. 2024). The order of the di,2024.0
term_24,23-7483,20241210070551859_No._23-7483_Brief_for_the_Petitioners.pdf,8,1146,petition_for_rehearing,False,True,"court of appeals initially entered judgment on August 16, 2023. The court denied a timely petition for rehearing and entered an amended order and judgment on December 20, 2023. The court denied a seco",2024.0
term_24,23-7483,20241210070551859_No._23-7483_Brief_for_the_Petitioners.pdf,8,1266,petition_for_rehearing,False,True,"ered an amended order and judgment on December 20, 2023. The court denied a second timely petition for rehearing on March 7, 2024. In United States v. Jaimez, the court of appeals entered judgment on ",2024.0
term_24,23-7483,20241210070551859_No._23-7483_Brief_for_the_Petitioners.pdf,8,633,opinion_of_the_court,False,True,"er of the district court (JA 110a-116a) is not published. In United States v. Jaimez, the opinion of the court of appeals (JA 229a-236a) is reported at 95 F.4th 1004 (6th Cir. 2024). The order of the ",2024.0
term_24,23-7483,20241210070742693_No._23-7483_Joint_Appendix.pdf,101,969,so_ordered,True,False,"ndition of mental health treatment is reimposed to include an anger management component. IT IS SO ORDERED. May 9, 2023 /s/ Benita Y. Pearson Date Benita Y. Pearson United States District Judge",2024.0
term_24,23-7483,20241210070742693_No._23-7483_Joint_Appendix.pdf,130,314,petition_for_rehearing,False,True,"ppellee, v. EDGARDO ESTERAS, Defendant-Appellant. Decided and Filed: December 20, 2023 On Petition for Rehearing En Banc United States District Court for the Northern District of Ohio at Youngstown. N",2024.0
term_24,23-7483,20241210070742693_No._23-7483_Joint_Appendix.pdf,155,268,petition_for_rehearing,False,True,"UNITED STATES OF AMERICA, Plaintiff-Appellee, v. EDGARDO ESTERAS, Defendant-Appellant. On Petition for Rehearing En Banc. United States District Court for the Northern District of Ohio at Youngstown. ",2024.0
term_24,23-7483,20241210070742693_No._23-7483_Joint_Appendix.pdf,156,904,petition_for_rehearing,False,True,"88 F.4th 1170, 1171-76 (6th Cir. 2023) (Moore, J., dissenting). I would grant the current petition for rehearing because United States v. Lewis, 498 F.3d 393 (6th Cir. 2007), and the amended panel ord",2024.0
term_24,23-7483,20241210070742693_No._23-7483_Joint_Appendix.pdf,157,611,petition_for_rehearing,False,True," denial of rehearing en banc), I respectfully dissent from the denial of Esteras’s Second Petition for Rehearing En Banc. I would grant the petition because the question raised is of exceptional impor",2024.0
term_24,23-7483,20241210070742693_No._23-7483_Joint_Appendix.pdf,266,489,so_ordered,True,False," numbers CR-21-666036 -A and CR-23678409-A. The Court does not order further supervision. IT IS SO ORDERED. /s/ Patricia A. Gaugha Patricia A. Gaugha United States District Court Date: June 29, 20",2024.0
term_24,23-753,20240108152337022_2024-01-08_SF_Petition_for_Writ_of_Certiorari.pdf,3,316,petition_for_rehearing,False,True,"ironmental Protection Agency, No. 21-70282 (9th Cir.), judgment entered on July 31, 2023; petition for rehearing en banc denied on October 10, 2023.",2024.0
term_24,23-753,20240108152337022_2024-01-08_SF_Petition_for_Writ_of_Certiorari.pdf,7,509,petition_for_rehearing,False,True,"1, 2020 ............. App. 402 U.S. Court of Appeals for the Ninth Circuit, Order Denying Petition for Rehearing En Banc, October 10, 2023 ........................................... App. 487 Text of ",2024.0
term_24,23-753,20240108152710663_2024-01-08_SF_Appendix_Volume_1.pdf,2,244,petition_for_rehearing,False,True,"1, 2020 ............. App. 402 U.S. Court of Appeals for the Ninth Circuit, Order Denying Petition for Rehearing En Banc, October 10, 2023 ........................................... App. 487 Text of ",2024.0
term_24,23-753,20240108152710663_2024-01-08_SF_Appendix_Volume_1.pdf,3,917,opinion_of_the_court,False,True,etition for review of a final order of the U.S. * This summary constitutes no part of the opinion of the court. It has been prepared by court staff for the convenience of the reader.,2024.0
term_24,23-753,20240108152710663_2024-01-08_SF_Appendix_Volume_1.pdf,93,782,costs,False,True,"and municipalities with federal funding to cover significant portions of the construction costs for projects that “demonstrate[d] a new or improved method of preventing, reducing, and e",2024.0
term_24,23-753,20240108152710663_2024-01-08_SF_Appendix_Volume_1.pdf,95,619,costs,False,True,to an average of one overflow event per year” and to submit a “study to better define the costs and water quality benefits of facilities designed to achieve various overflow frequencies,2024.0
term_24,23-753,20240108152724603_2024-01-08_SF_Appendix_Volume_2.pdf,2,244,petition_for_rehearing,False,True,"1, 2020 ............. App. 402 U.S. Court of Appeals for the Ninth Circuit, Order Denying Petition for Rehearing En Banc, October 10, 2023 ........................................... App. 487 Text of ",2024.0
term_24,23-753,20240108152724603_2024-01-08_SF_Appendix_Volume_2.pdf,167,432,syllabus,False,True," December 1, 2020 ----------------------------------------------------------------------- Syllabus The City and County of San Francisco (“San Francisco”) petitioned the Environmental Appea",2024.0
term_24,23-753,20240108152724603_2024-01-08_SF_Appendix_Volume_2.pdf,168,235,held_colon,False,True,"characterization of the joint authorization to discharge as two permits, rather than one. Held: San Francisco has not demonstrated that review is warranted on any of the grounds present",2024.0
term_24,23-753,20240108152724603_2024-01-08_SF_Appendix_Volume_2.pdf,195,1246,costs,False,True,year to an average of 1 overflow per year and to conduct a study to better understand the costs and benefits associated with various overflow frequencies. Cal. State Water Resources Con,2024.0
term_24,23-753,20240108152724603_2024-01-08_SF_Appendix_Volume_2.pdf,323,1289,costs,False,True,"date the LTCP, which include “identify[ing]” alternatives, “evaluat[ing]” feasibility and costs, and “consider[ing]” costs relative to benefits for water quality and other public benefi",2024.0
term_24,23-753,20240108152724603_2024-01-08_SF_Appendix_Volume_2.pdf,323,1316,costs,False,True,"e “identify[ing]” alternatives, “evaluat[ing]” feasibility and costs, and “consider[ing]” costs relative to benefits for water quality and other public benefits).39 Pet. at 30-31",2024.0
term_24,23-753,20240108152724603_2024-01-08_SF_Appendix_Volume_2.pdf,326,310,petition_for_rehearing,False,True,", Respondent. Before: W. FLETCHER, GOULD, and COLLINS, Circuit Judges. Petitioner filed a petition for rehearing en banc on September 14, 2023 (Dkt. Entry 68). Judge Gould has voted to deny the petiti",2024.0
term_24,23-753,20240108152724603_2024-01-08_SF_Appendix_Volume_2.pdf,392,299,mandate,False,True,"o Comment B.12: San Francisco commented that there is no statutory or regulatory basis to mandate San Francisco to “reduce” combined sewer discharges, especially if simply for the sake of",2024.0
term_24,23-753,20240108152724603_2024-01-08_SF_Appendix_Volume_2.pdf,417,979,mandate,False,True,"rting requirements also implement State law, the costs of compliance would not be a State mandate subject to reimbursement because these costs would fall within San Francisco’s fee author",2024.0
term_24,23-753,20240108152724603_2024-01-08_SF_Appendix_Volume_2.pdf,417,1210,mandate,False,True,") [exempting fees or charges for sewer services]; Gov. Code §§ 17556, subd. (d) (no State mandate where the local agency has authority to levy fees sufficient to pay for the mandated prog",2024.0
term_24,23-753,20240108152724603_2024-01-08_SF_Appendix_Volume_2.pdf,417,938,costs,False,True,"o the extent that the monitoring and reporting requirements also implement State law, the costs of compliance would not be a State mandate subject to reimbursement because these costs w",2024.0
term_24,23-753,20240108152724603_2024-01-08_SF_Appendix_Volume_2.pdf,417,1026,costs,False,True,"e costs of compliance would not be a State mandate subject to reimbursement because these costs would fall within San Francisco’s fee authority. Cal. Const., art. XIII D, § 6, subd. (c)",2024.0
term_24,23-753,20240108152724603_2024-01-08_SF_Appendix_Volume_2.pdf,424,726,costs,False,True,"t D.2: This new monitoring would cost more than $400, 000 over the next five years. These costs do not include property acquisition, sampler maintenance, and false starts (mobilization ",2024.0
term_24,23-753,20240412155930151_City_of_SF_041224.4_final.pdf,5,300,opinion_of_the_court,False,True,F APPEALS FOR THE NINTH CIRCUIT BRIEF FOR THE RESPONDENT IN OPPOSITION OPINIONS BELOW The opinion of the court of appeals (Pet. App. 1-76) is reported at 75 F.4th 1074. The order of the Environmental ,2024.0
term_24,23-753,20240719152803044_23-753_Joint_Appendix.pdf,3,516,petition_for_rehearing,False,True," 2020 ................ App.402 U.S. Court of Appeals for the Ninth Circuit, Order Denying Petition for Rehearing En Banc, October 10, 2023 .............................. App.487 United States Environm",2024.0
term_24,23-753,20240719164138682_23-753_Brief_of_Petitioner.pdf,102,973,mandate,False,True,"hasis in original)); see also Arkansas, 503 U.S. at 108 (CWA has never been construed to “mandate[ ] a complete ban on discharges into a waterway that is [already] in violation of [water ",2024.0
term_24,23-7809,20240709134251955_24.07.09.BIO.cert.petition.application.stay.pdf,5,431,mandate,False,True,"rrez v. Saenz, et al., No. 21-70009 (5th Cir. June 7, 2024) (order denying motion to stay mandate) Gutierrez v. Saenz, et al., No. 1:19-CV-185 (S.D. Tex. June 18, 2024) (order dismissing ",2024.0
term_24,23-7809,20240709134251955_24.07.09.BIO.cert.petition.application.stay.pdf,5,312,petition_for_rehearing,False,True,"judgment) Gutierrez v. Saenz, et al., No. 21-70009 (5th Cir. May 29, 2024) (order denying petition for rehearing) Gutierrez v. Saenz, et al., No. 21-70009 (5th Cir. June 7, 2024) (order denying motion",2024.0
term_24,23-7809,20240709134251955_24.07.09.BIO.cert.petition.application.stay.pdf,17,1216,slip_op,False,True,"ied from “massive blows to the left side of the face.” Gutierrez v. State, No. AP-73,462, slip op. at 2–3 (Tex. Crim. App. Jan. 16, 2002). II. Facts Relevant to Punishment and the Sentenci",2024.0
term_24,23-7809,20240709134251955_24.07.09.BIO.cert.petition.application.stay.pdf,21,406,slip_op,False,True," conviction was affirmed on direct appeal by the TCCA. Gutierrez v. State, No. AP-73,462, slip op. at 21. The TCCA thereafter denied Gutierrez state habeas relief. Ex parte Gutierrez, No. ",2024.0
term_24,23-7809,20240709134251955_24.07.09.BIO.cert.petition.application.stay.pdf,29,929,mandate,False,True,"ifth Circuit denied Gutierrez’s petition for rehearing and his motion to stay issuance of mandate.6 Order, Gutierrez v. Saenz, et al, No. 21-70009 (5th Cir. June 7, 2024), ECF No. 148-2; ",2024.0
term_24,23-7809,20240709134251955_24.07.09.BIO.cert.petition.application.stay.pdf,29,871,petition_for_rehearing,False,True,"nded the case for the complaint to be dismissed. Id. The Fifth Circuit denied Gutierrez’s petition for rehearing and his motion to stay issuance of mandate.6 Order, Gutierrez v. Saenz, et al, No. 21-7",2024.0
term_24,23-7809,20240709134251955_24.07.09.BIO.cert.petition.application.stay.pdf,29,1029,petition_for_rehearing,False,True,"Order, Gutierrez v. Saenz, et al, No. 21-70009 (5th Cir. June 7, 2024), ECF No. 148-2; On Petition for Rehearing and Rehearing En Banc, Gutierrez v. Saenz, et al., No. 21-70009 (5th Cir. May 29, 2024)",2024.0
term_24,23-7809,20241203152356657_23-7809_Joint_Appendix_Volume_1_of_2.pdf,5,789,petition_for_rehearing,False,True,"e United States District Court for the Southern District of Texas USDC No. 1:19-CV-185 ON PETITION FOR REHEARING AND REHEARING EN BANC Before Southwick, Haynes, and Higginson, Circuit Judges.
 2a Appe",2024.0
term_24,23-7809,20241203152356657_23-7809_Joint_Appendix_Volume_1_of_2.pdf,6,237,petition_for_rehearing,False,True,"hat the court be polled on rehearing en banc (Fed. R. App. P. 35 and 5th Cir. R. 35), the petition for rehearing en banc is DENIED.
 3a Appendix B – Panel OrderAppendixof theB United States Court of A",2024.0
term_24,23-7809,20241203152356657_23-7809_Joint_Appendix_Volume_1_of_2.pdf,55,763,mandate,False,True,"’s favor and vacated the stay. Id. c. Supreme Court GVR When the Fifth Circuit issued its mandate, the Court regained jurisdiction over this case. Arenson v. S. Univ. Law Ctr., 963 F.2d 8",2024.0
term_24,23-7809,20241203152356657_23-7809_Joint_Appendix_Volume_1_of_2.pdf,55,964,mandate,False,True,. 1992) (“The district court regained jurisdiction over the case upon our issuance of the mandate.”). Gutierrez appealed the Fifth Circuit’s decision on grounds solely related to the exec,2024.0
term_24,23-7809,20241203152356657_23-7809_Joint_Appendix_Volume_1_of_2.pdf,100,279,mandate,False,True,"z, No. 19-8695, 2021 WL 231538, at *1 (Jan. 25, 2021). After the Fifth Circuit issued its mandate, the Court ordered the parties to outline the remaining DNA issues to be adjudicated. Dkt",2024.0
term_24,23-7809,20241203152356657_23-7809_Joint_Appendix_Volume_1_of_2.pdf,132,679,judgment_issued,True,False,"ion “cannot be used to raise arguments which could, and should, have been made before the judgment issued.” Morris v. PLIVA, Inc., 713 F.3d 774, 776 (5th Cir. 2013) (quoting Schiller v. Physician",2024.0
term_24,23-7809,20241203152356657_23-7809_Joint_Appendix_Volume_1_of_2.pdf,280,487,so_ordered,True,True,"1, is hereby GRANTED and Plaintiffs DNA claims in this case are DISMISSED WITH PREJUDICE. It is so ORDERED. SIGNED on this the day of , 2021. JUDGE PRESIDING
 192a Appendix I – Defendant’sAppendix",2024.0
term_24,23-7809,20241203152356657_23-7809_Joint_Appendix_Volume_1_of_2.pdf,329,856,so_ordered,True,True," is hereby GRANTED and Plaintiff ’s DNA claims in this case are DISMISSED WITH PREJUDICE. It is so ORDERED. SIGNED on this the day of , 2020. /s/ JUDGE PRESIDING",2024.0
term_24,23-7809,20241203152356657_23-7809_Joint_Appendix_Volume_1_of_2.pdf,524,487,so_ordered,True,False," May 15, 2012, a briefing schedule to address the issues raised in plaintiff’s complaint. It is so ORDERED. SIGNED this 2nd day of May, 2012. /s/ Fred Biery FRED BIERY CHIEF UNITED STATES DISTRICT",2024.0
term_24,23-7809,20241203152418352_23-7809_Joint_Appendix_Volume_2_of_2.pdf,13,831,slip_op,False,True,"] said that he might kill an assistant district attorney. Gutierrez v. State, No. 73,462, slip op. at 6 (Tex. Crim. App. 2002) (unpublished opinion). 2. Plaintiff’s punishment evidence The",2024.0
term_24,23-7809,20241203152418352_23-7809_Joint_Appendix_Volume_2_of_2.pdf,14,1119,slip_op,False,True,"s (CCA) upheld Plaintiff’s conviction and death sentence. Gutierrez v. State, No. 73,462, slip op. at 21. Following a remand to the trial court regarding claims of ineffective assistance o",2024.0
term_24,23-7809,20241203152418352_23-7809_Joint_Appendix_Volume_2_of_2.pdf,133,811,so_ordered,True,True,"’s Amended Complaint is hereby GRANTED and Plaintiff’s claims in this case are DISMISSED. It is so ORDERED. SIGNED on this the day of , 2020. /s/ JUDGE PRESIDING",2024.0
term_24,23-7809,20241203152418352_23-7809_Joint_Appendix_Volume_2_of_2.pdf,204,474,slip_op,False,True,"his Court affirmed the trial court’s denial of testing. Gutierrez v. State, No. AP77,089, slip op. at 18-19 (Tex. Crim. App. Feb. 26, 2020) (not designated for publication). Sometime after",2024.0
term_24,23-7809,20241203152418352_23-7809_Joint_Appendix_Volume_2_of_2.pdf,206,252,slip_op,False,True,"amentally unfair and offends procedural due process. Gutierrez v. Saenz, No. 1:19-CV-185, slip op. at 14-15 (S.D. Tex. Mar. 23, 2021). In other words, the federal district court held that ",2024.0
term_24,23-7809,20241203152418352_23-7809_Joint_Appendix_Volume_2_of_2.pdf,211,110,slip_op,False,True,"is second DNA motion in which he raised a similar argument. See Gutierrez, No. AP-77,089, slip op. at 1819. And this reasoning continues to apply here. Even if Chapter 64 applied to eviden",2024.0
term_24,23-7809,20241203152418352_23-7809_Joint_Appendix_Volume_2_of_2.pdf,211,1171,petition_for_rehearing,False,True,"rrez v. Saenz, 93 F.4th 267, 269 (5th Cir. 2024). However, he asserts that he has filed a petition for rehearing en banc and a petition for panel rehearing.4 In addition, Appellant asserts that he mig",2024.0
term_24,23-7809,20241203152418352_23-7809_Joint_Appendix_Volume_2_of_2.pdf,268,387,mandate,False,True,"’s favor and vacated the stay. Id. c. Supreme Court GVR When the Fifth Circuit issued its mandate, the Court regained jurisdiction over this case. Arenson v. S. Univ. Law Ctr., 963 F.2d 8",2024.0
term_24,23-7809,20241203152418352_23-7809_Joint_Appendix_Volume_2_of_2.pdf,268,588,mandate,False,True,. 1992) (“The district court regained jurisdiction over the case upon our issuance of the mandate.”). Gutierrez appealed the Fifth Circuit’s decision on grounds solely related to the exec,2024.0
term_24,23-7809,20241203152418352_23-7809_Joint_Appendix_Volume_2_of_2.pdf,342,640,opinion_of_the_court,False,True,"ant May 4, 2011, Delivered; May 4, 2011, Opinion Filed OPINION COCHRAN, J., delivered the opinion of the Court in which MEYERS, WOMACK, JOHNSON, KEASLER and HERVEY, JJ., joined. Appellant appeals from",2024.0
term_24,23-7809,20241203152418352_23-7809_Joint_Appendix_Volume_2_of_2.pdf,433,71,mandate,False,True,"628a Appendix U c. Supreme Court GVR When the Fifth Circuit issued its mandate, the Court regained jurisdiction over this case. Arenson v. S. Univ. Law Ctr., 963 F.2d 8",2024.0
term_24,23-824,20240129162939691_Miller_Pet_-_final.pdf,81,455,judgment_is,True,False,"on to avoid the debtor’s tax transfers made on behalf of its principals in this case. The judgment of the district court is AFFIRMED.
 15a APPENDIX B UNITED STATES DISTRICT COURT FOR THE DISTRICT OF U",2024.0
term_24,23-824,20240129162939691_Miller_Pet_-_final.pdf,83,4,so_ordered,True,False,"17a IT IS SO ORDERED. DATED this [8th] day of Sept., 2021. /s/ BRUCE S. JENKINS BRUCE S. JENKINS United States",2024.0
term_24,23-824,20240808212316792_23-824tsUnitedStates.pdf,13,235,opinion_of_the_court,False,True,STATES COURT OF APPEALS FOR THE TENTH CIRCUIT BRIEF FOR THE PETITIONER OPINIONS BELOW The opinion of the court of appeals (Pet. App. 1a-14a) is reported at 71 F.4th 1247. The memorandum decision and o,2024.0
term_24,23-825,20240129174338951_Delligatti_-_Cert_Petition_rtf.pdf,10,855,opinion_of_the_court,False,True,EALS FOR THE SECOND CIRCUIT PETITION FOR A WRIT OF CERTIORARI OPINIONS BELOW The original opinion of the court of appeals (App. 16a33a) is reported at 36 F.4th 423 (2d Cir. 2022). The amended opinion ,2024.0
term_24,23-825,20240129174338951_Delligatti_-_Cert_Petition_rtf.pdf,30,425,petition_for_rehearing,False,True,"the same month in United States v. Taylor, 142 S. Ct. 2015 (2022), Mr. Delligatti filed a petition for rehearing primarily on the basis of Taylor. See App. 4a. The court of appeals granted the petitio",2024.0
term_24,23-825,20240129174435617_Delligatti_-_FINAL_Petition_APPENDIX_rtf.pdf,5,665,mandate,False,True,"violence. See id. At 427–30. Shortly after our disposition of this appeal, but before the mandate issued, the Supreme Court issued its decision in United States v. Taylor, 142 S. Ct. 2015",2024.0
term_24,23-825,20240129174435617_Delligatti_-_FINAL_Petition_APPENDIX_rtf.pdf,5,1217,petition_for_rehearing,False,True,"or precedents affect the outcome of our prior opinion, we nevertheless grant Delligatti’s petition for rehearing, withdraw our original opinion of June 8, 2022, and issue this amended opinion, which 1",2024.0
term_24,23-825,20240129174435617_Delligatti_-_FINAL_Petition_APPENDIX_rtf.pdf,30,236,judgment_is,True,True,"est, Judge). UPON DUE CONSIDERATION, IT IS HEREBY ORDERED, ADJUDGED, AND DECREED that the judgment of the district court is AFFIRMED. Defendants-Appellants Steven Pastore and Salvatore Delligatti appe",2024.0
term_24,23-825,20240129174435617_Delligatti_-_FINAL_Petition_APPENDIX_rtf.pdf,66,688,mandate,False,True,"usory allegations of falsehood or material omission cannot support a Franks challenge; to mandate a hearing, the plaintiff must make specific allegations accompanied by an offer of proof.",2024.0
term_24,23-825,20240501190342828_23-825_Delligatti.pdf,9,259,opinion_of_the_court,False,True,ES COURT OF APPEALS FOR THE SECOND CIRCUIT BRIEF FOR THE UNITED STATES OPINIONS BELOW The opinion of the court of appeals (Pet. App. 1a-15a) is reported at 83 F.4th 113. The withdrawn opinion of the c,2024.0
term_24,23-825,20240501190342828_23-825_Delligatti.pdf,9,353,opinion_of_the_court,False,True,ion of the court of appeals (Pet. App. 1a-15a) is reported at 83 F.4th 113. The withdrawn opinion of the court of appeals is reported at 36 F.4th 423. The summary order of the court of appeals (Pet. A,2024.0
term_24,23-825,20240808124108689_Delligatti_-_Merits_Brief_-_RTF.pdf,10,250,opinion_of_the_court,False,True,RT OF APPEALS FOR THE SECOND CIRCUIT BRIEF FOR THE PETITIONER OPINIONS BELOW The original opinion of the court of appeals (Pet. App. 16a-33a) is reported at 36 F.4th 423 (2d Cir. 2022). The amended op,2024.0
term_24,23-825,20240808124108689_Delligatti_-_Merits_Brief_-_RTF.pdf,10,358,opinion_of_the_court,False,True,rt of appeals (Pet. App. 16a-33a) is reported at 36 F.4th 423 (2d Cir. 2022). The amended opinion of the court of appeals (Pet. App. 1a-15a) is reported at 83 F.4th 113 (2d Cir. 2023). JURISDICTION Th,2024.0
term_24,23-825,20240930152003979_23-825bsUnitedStates.pdf,19,244,opinion_of_the_court,False,True,ES COURT OF APPEALS FOR THE SECOND CIRCUIT BRIEF FOR THE UNITED STATES OPINIONS BELOW The opinion of the court of appeals (Pet. App. 1a-15a) is reported at 83 F.4th 113. The withdrawn opinion of the c,2024.0
term_24,23-825,20240930152003979_23-825bsUnitedStates.pdf,19,338,opinion_of_the_court,False,True,ion of the court of appeals (Pet. App. 1a-15a) is reported at 83 F.4th 113. The withdrawn opinion of the court of appeals is reported at 36 F.4th 423. The summary order of the court of appeals (Pet. A,2024.0
term_24,23-852,20240207114400858_VanDerStok_App..pdf,22,644,judgment_issued,True,False,"]ule” pending (1) this Court’s decision and (2) either denial of certiorari thereafter or judgment issued by the Supreme Court after grant of certiorari. Garland v. Vanderstok, No. 23A82, 2023 WL",2024.0
term_24,23-852,20240207114400858_VanDerStok_App..pdf,62,1191,judgment_is,True,False,"e next—yet that is exactly what ATF accomplishes through its Final Rule. Accordingly, the judgment of the district court is AFFIRMED to the extent it holds unlawful the two challenged portions of the ",2024.0
term_24,23-852,20240207114400858_VanDerStok_App..pdf,63,19,judgment_is,True,False,". Accordingly, the judgment of the district court is AFFIRMED to the extent it holds unlawful the two challenged portions of the Final Rule, and VACATE",2024.0
term_24,23-861,20240208161658162_Feliciano_-_Petition_APPENDIX_01-29-24_rtf.pdf,6,335,slip_op,False,True,"tutory definition of contingency operation.” Adams, 3 F.4th at 1378; Nordby, No. 21-2280. slip op. at 4. And for voluntary activation under 10 U.S.C. § 12301(d) to qualify as a contingency",2024.0
term_24,23-861,20240208161658162_Feliciano_-_Petition_APPENDIX_01-29-24_rtf.pdf,6,571,slip_op,False,True,"the voluntary military service and the declared national emergency.” Nordby, No. 21-2280. slip op. at 5. Mr. Feliciano has not alleged any connection between his service and the ongoing na",2024.0
term_24,23-861,20240208161658162_Feliciano_-_Petition_APPENDIX_01-29-24_rtf.pdf,8,595,slip_op,False,True," means a military operation that . . . . ”); Adams, 3 F.4th at 1378; Nordby, No. 21-2280, slip op. at 4. Moreover, after Adams was decided, Mr. Feliciano could have, but did not, file for ",2024.0
term_24,23-861,20240208161658162_Feliciano_-_Petition_APPENDIX_01-29-24_rtf.pdf,10,356,costs,False,True,"the Board properly denied differential pay. We affirm the decision of the Board. AFFIRMED COSTS No costs
 APPENDIX B [FILED: JULY 21, 2022] UNITED STATES OF AMERICA MERIT SYSTEMS PROTEC",2024.0
term_24,23-861,20240208161658162_Feliciano_-_Petition_APPENDIX_01-29-24_rtf.pdf,10,365,costs,False,True," properly denied differential pay. We affirm the decision of the Board. AFFIRMED COSTS No costs
 APPENDIX B [FILED: JULY 21, 2022] UNITED STATES OF AMERICA MERIT SYSTEMS PROTECTION BOAR",2024.0
term_24,23-861,20240208161658162_Feliciano_-_Petition_APPENDIX_01-29-24_rtf.pdf,95,353,petition_for_rehearing,False,True," of the Merit Systems Protection Board in No. AT-4324-18-0287-I-4. ___________________ ON PETITION FOR REHEARING EN BANC ___________________ Before MOORE, Chief Judge, LOURIE, DYK, PROST, REYNA, TARAN",2024.0
term_24,23-861,20240208161658162_Feliciano_-_Petition_APPENDIX_01-29-24_rtf.pdf,95,568,petition_for_rehearing,False,True,"S, STOLL, CUNNINGHAM, and STARK, Circuit Judges.1 PER CURIAM ORDER Nick Feliciano filed a petition for rehearing en banc. A response to the petition was invited by the court and filed by the Departmen",2024.0
term_24,23-861,20240513165039263_23-861_Feliciano_f.pdf,8,507,opinion_of_the_court,False,True,APPEALS FOR THE FEDERAL CIRCUIT BRIEF FOR THE RESPONDENT IN OPPOSITION OPINIONS BELOW The opinion of the court of appeals (Pet. App. 1a-6a) is not published in the Federal Reporter but is available at,2024.0
term_24,23-861,20240819120606869_Feliciano_-_Merits_Brief_and_Statutory_Addendum_Combined_-_RTF.pdf,18,240,opinion_of_the_court,False,True,"ATES COURT OF APPEALS FOR THE FEDERAL CIRCUIT BRIEF FOR THE PETITIONER OPINIONS BELOW The opinion of the court of appeals (Pet. App. 1a-6a) is unreported, but available at 2023 WL 3449138. The order o",2024.0
term_24,23-861,20240927183706485_23-861bsUnitedStates_f.pdf,16,240,opinion_of_the_court,False,True,ATES COURT OF APPEALS FOR THE FEDERAL CIRCUIT BRIEF FOR THE RESPONDENT OPINIONS BELOW The opinion of the court of appeals (Pet. App. 1a-6a) is not published in the Federal Reporter but is available at,2024.0
term_24,23-867,20240207165351670_Hungary_Petition.pdf,3,1017,mandate,False,True,"ry, No. 22-7010 (Aug. 8, 2023), petition for reh’g denied (Oct. 12, 2023), motion to stay mandate denied (Oct 31, 2023); • Simon v. Republic of Hungary, No. 20-7025 (Mar. 16, 2021); • Sim",2024.0
term_24,23-867,20240207165400244_Hungary_PFC_Apx.pdf,159,1210,mandate,False,True,"ilipp III].” Republic of Hungary v. Simon (Simon III), 141 S. Ct. 691 (2021). The Court’s mandate thus required, on remand, a decision whether the Simon plaintiffs, or any one of them, ha",2024.0
term_24,23-867,20240207165400244_Hungary_PFC_Apx.pdf,160,56,mandate,False,True,". Simon (Simon III), 141 S. Ct. 691 (2021). The Court’s mandate thus required, on remand, a decision whether the Simon plaintiffs, or any one of them, ha",2024.0
term_24,23-867,20240207165400244_Hungary_PFC_Apx.pdf,160,269,mandate,False,True,"hey were not Hungarian nationals when Hungary confiscated their property. In light of the mandate, the preservation question had to be determined because subject matter jurisdiction turne",2024.0
term_24,23-867,20240207165400244_Hungary_PFC_Apx.pdf,307,632,mandate,False,True,"arily must yield to the explicit directives of the appellate court—themselves part of the mandate. Here, the Circuit explicitly stated that on remand from Simon I, “the district court [ma",2024.0
term_24,23-900,20240216111825943_Dewberry_--_Petition_for_Writ_of_Certiorari.pdf,6,697,opinion_of_the_court,False,True,"judgment of the United States Court of Appeals for the Fourth Circuit. OPINIONS BELOW The opinion of the court of appeals (App., infra, 1a-61a) is reported at 77 F.4th 265. The order of the district c",2024.0
term_24,23-900,20240216111835057_Dewberry_--_Appendix.pdf,17,253,costs,False,True,"ts affiliates. Id. And to account for some revenues unrelated to infringement, as well as costs, the district court reduced Dewberry Engineers’ requested award of $53,719,657 by twenty ",2024.0
term_24,23-900,20240216111835057_Dewberry_--_Appendix.pdf,64,116,costs,False,True,"nging activity. Then, the court awarded Dewberry Engineers reasonable attorneys’ fees and costs as authorized by the Lanham Act. We review those decisions for an “abuse of discretion, a",2024.0
term_24,23-900,20240216111835057_Dewberry_--_Appendix.pdf,74,875,costs,False,True,urden shifted to Dewberry Group to present revenues unrelated to the infringement and the costs that should be deducted. See 15 U.S.C. § 1117(a). Dewberry Group met that burden only as ,2024.0
term_24,23-900,20240216111835057_Dewberry_--_Appendix.pdf,86,668,costs,False,True,"affiliates’ revenues and its infringing marks. Dewberry Group offered no calculations for costs, nor did it provide calculations reflecting the distinction between infringing and non-in",2024.0
term_24,23-900,20240216111835057_Dewberry_--_Appendix.pdf,113,861,costs,False,True,cted. But amounts distributed to members are not a cost. So American Rice deals with what costs can be deducted to determine an infringer’s net profits. It does not say anything about u,2024.0
term_24,23-900,20240216111835057_Dewberry_--_Appendix.pdf,147,266,costs,False,True,revenue calculations are overinclusive; and whether Defendant carried its burden to prove costs or deductions claimed. The Court addresses each of these in turn. A. The Synergistic fact,2024.0
term_24,23-900,20240216111835057_Dewberry_--_Appendix.pdf,173,491,costs,False,True,"otal award to Plaintiff by twenty percent. D. The burden was upon Dewberry Group to prove costs or deductions claimed. Finally, the Court notes that, after Dewberry Engineers establishe",2024.0
term_24,23-900,20240216111835057_Dewberry_--_Appendix.pdf,173,700,costs,False,True,"ues during the infringement period, the burden shifted to Dewberry Group to prove (1) any costs or deductions from those revenues, 15 U.S.C. § 1117(a) and (2) any revenues that had “no ",2024.0
term_24,23-900,20240216111835057_Dewberry_--_Appendix.pdf,181,530,so_ordered,True,False,"ould like any part of the Order to remain under seal, they should promptly file a motion. It is SO ORDERED. March 2 , 2022 /s/ Liam O’Grady Alexandria, Virginia Liam O’Grady United States District",2024.0
term_24,23-900,20240216111835057_Dewberry_--_Appendix.pdf,225,274,so_ordered,True,False,"ry judgment on Counts I-IV is GRANTED; Defendant’s motion for summary judgment is DENIED. It is SO ORDERED. August 11 , 2021 /s/ Liam O’Grady Alexandria. Virginia Liam O’Grady United States Distri",2024.0
term_24,23-900,20240216111835057_Dewberry_--_Appendix.pdf,225,1083,petition_for_rehearing,False,True,"ellant
 122a ______________________ O R D E R ______________________ The court denies the petition for rehearing and rehearing en banc. No judge requested a poll under Fed. R. App. P. 35 on the petiti",2024.0
term_24,23-900,20240216111835057_Dewberry_--_Appendix.pdf,225,1187,petition_for_rehearing,False,True,"ehearing and rehearing en banc. No judge requested a poll under Fed. R. App. P. 35 on the petition for rehearing en banc. Entered at the direction of the panel: Judge Gregory, Judge Thacker, and Judge",2024.0
term_24,23-900,20240508090613649_23-900_Parker.Dewberry_SA_ALL_PDFA.pdf,31,522,costs,False,True,"illfully infringed, and disgorges nearly $43 million in profits, plus attorneys’ fees and costs. The case proceeded to a three-day bench trial on damages. In awarding disgorgement of pr",2024.0
term_24,23-900,20240830124659784_Dewberry_Merits_Brief.pdf,13,515,opinion_of_the_court,False,True,ed States Court Of Appeals For The Fourth Circuit BRIEF FOR PETITIONER OPINIONS BELOW The opinion of the court of appeals (Pet. App. 1a-61a) is reported at 77 F.4th 265. The order of the district cour,2024.0
term_24,23-900,20240830125208698_Dewberry_JA.pdf,138,1390,costs,False,True,pplicable to a profit disgorgement analysis. Since it is Dewberry Group’s burden to prove costs that should be reasonably deducted from infringing sales to measure profits 11 15 U.S.C. ,2024.0
term_24,23-900,20240830125208698_Dewberry_JA.pdf,167,93,costs,False,True," IX. Expenses Reported for Dewberry Group and the Dewberry Group Properties Include Fixed Costs and Overhead 52. I understand that, in assessing a defendant’s profits from infringement,",2024.0
term_24,23-900,20240830125208698_Dewberry_JA.pdf,168,953,costs,False,True,"rry Group and for the properties in the Dewberry Group asset portfolio that reflect fixed costs, including, but not limited to, property taxes, rent, insurance, interest, and debt princ",2024.0
term_24,23-900,20240830125208698_Dewberry_JA.pdf,168,1089,costs,False,True," taxes, rent, insurance, interest, and debt principal payments. A full accounting of such costs cannot be assessed until fact discovery of Dewberry Group financial personnel has been co",2024.0
term_24,23-900,20240830125208698_Dewberry_JA.pdf,169,28,costs,False,True,. A full accounting of such costs cannot be assessed until fact discovery of Dewberry Group financial personnel has been co,2024.0
term_24,23-900,20240830125208698_Dewberry_JA.pdf,243,640,costs,False,True,"re in-depth inquiry would yield. This measure excludes certain obvious fixed and overhead costs such as Corporate Expense and Debt Service, which would have been incurred by Dewberry Gr",2024.0
term_24,23-900,20240830125208698_Dewberry_JA.pdf,263,818,costs,False,True," activities are coordinated by the same leader—John Dewberry—a portion of whose allocated costs (including Officer’s Salary, Dewberry Air—an aircraft owned by John Dewberry—and other “C",2024.0
term_24,23-900,20240830125208698_Dewberry_JA.pdf,292,418,costs,False,True,"40ဨ040 ဨ Match ဨ DEV 401K Employer 7040ဨ050 ဨ Match ဨ CO 401K Employer 7045ဨ000 10,800.00 Costs Group Health 7050ဨ000 136,236.80 Insurance Group Health 7050ဨ050 ဨ Insurance ဨ CO 100ဨ Me",2024.0
term_24,23-900,20240830125208698_Dewberry_JA.pdf,292,658,costs,False,True,"le 2018 Number 100ဨ Disability Ina (81,139.40) 7039.000 S/T & L/T HSA Employer 7051ဨ000 ဨ Costs HRA Employer 7052ဨ000 ဨ Costs 100ဨ Payroll Benefits 30,400.88 7060.000 Allocate 100ဨ Payr",2024.0
term_24,23-900,20240830125208698_Dewberry_JA.pdf,292,688,costs,False,True," Ina (81,139.40) 7039.000 S/T & L/T HSA Employer 7051ဨ000 ဨ Costs HRA Employer 7052ဨ000 ဨ Costs 100ဨ Payroll Benefits 30,400.88 7060.000 Allocate 100ဨ Payroll Benefits ဨ 5,212.49 7060.0",2024.0
term_24,23-900,20240830125208698_Dewberry_JA.pdf,296,666,costs,False,True,"ဨ050 ဨ Match ဨ CO
 266 Account Account Title 2019 Number 401K Employer 7045ဨ000 10,281.00 Costs Group Health 7050ဨ000 107,616.81 Insurance Group Health 7050ဨ050 ဨ Insurance ဨ CO 100ဨ Me",2024.0
term_24,23-900,20240830125208698_Dewberry_JA.pdf,296,857,costs,False,True,"RA ဨ 7028.000 use 100ဨ Disability Ina ဨ 7039.000 S/T & L/T HSA Employer 7051ဨ000 2,333.38 Costs HRA Employer 7052ဨ000 2,800.00 Costs Payroll 100ဨ Benefits ဨ 7060.000 Allocate 100ဨ Payro",2024.0
term_24,23-900,20240830125208698_Dewberry_JA.pdf,296,894,costs,False,True," ဨ 7039.000 S/T & L/T HSA Employer 7051ဨ000 2,333.38 Costs HRA Employer 7052ဨ000 2,800.00 Costs Payroll 100ဨ Benefits ဨ 7060.000 Allocate 100ဨ Payroll ဨ 7060.010 Benefits ဨ PM 100ဨ Payr",2024.0
term_24,23-900,20240830125208698_Dewberry_JA.pdf,301,63,costs,False,True,"276 Account Account Title 2020 Number 401K Employer 7045ဨ000 ဨ Costs Group Health 7050ဨ000 50,361.92 Insurance Group Health 7050ဨ050 2,276.11 Insurance ဨ CO 1",2024.0
term_24,23-900,20240830125208698_Dewberry_JA.pdf,301,258,costs,False,True, HRA ဨ 7028.000 use 100ဨ Disability Ina ဨ 7039.000 S/T & L/T HSA Employer 7051ဨ000 333.36 Costs HRA Employer 7052ဨ000 ဨ Costs Payroll 100ဨ Benefits ဨ 7060.000 Allocate 100ဨ Payroll ဨ 70,2024.0
term_24,23-900,20240830125208698_Dewberry_JA.pdf,301,288,costs,False,True,ility Ina ဨ 7039.000 S/T & L/T HSA Employer 7051ဨ000 333.36 Costs HRA Employer 7052ဨ000 ဨ Costs Payroll 100ဨ Benefits ဨ 7060.000 Allocate 100ဨ Payroll ဨ 7060.010 Benefits ဨ PM 100ဨ Payr,2024.0
term_24,23-900,20240830125208698_Dewberry_JA.pdf,304,1060,costs,False,True,nt Title 2018 Number 401K Em7040ဨ050 ployer Match ဨ 0.00% CO 401K Em7045ဨ000 0.48% ployer Costs Group Health 7050ဨ000 6.00% Insurance Group Health 7050ဨ050 0.00% Insurance ဨ CO 100ဨ Med,2024.0
term_24,23-900,20240830125208698_Dewberry_JA.pdf,304,1256,costs,False,True,1% 7028.000 use 100ဨ Disability Ina ဨ3.57% 7039.000 S/T & L/T HSA Employer 7051ဨ000 0.00% Costs HRA Employer 7052ဨ000 0.00% Costs Payroll 100ဨ Benefits -1.34 7060.000 Allocate 100ဨ Payr,2024.0
term_24,23-900,20240830125208698_Dewberry_JA.pdf,304,1290,costs,False,True,a ဨ3.57% 7039.000 S/T & L/T HSA Employer 7051ဨ000 0.00% Costs HRA Employer 7052ဨ000 0.00% Costs Payroll 100ဨ Benefits -1.34 7060.000 Allocate 100ဨ Payroll -3.42% 7060.010 Benefits ဨ PM ,2024.0
term_24,23-900,20240830125208698_Dewberry_JA.pdf,308,1063,costs,False,True,nt Title 2019 Number 401K 7040ဨ050 Employer 0.00% Match ဨ CO 401K 7045ဨ000 Employer 0.51% Costs Group Health 7050ဨ000 5.29% Insurance Group Health 7050ဨ050 0.00% Insurance ဨ CO 100ဨ Med,2024.0
term_24,23-900,20240830125208698_Dewberry_JA.pdf,308,1258,costs,False,True,00% 7028.000 use 100ဨ Disability Ina 0.00% 7039.000 S/T & L/T HSA Employer 7051ဨ000 0.11% Costs HRA Employer 7052ဨ000 0.14% Costs Payroll 100ဨ Benefits 0.00% 7060.000 Allocate 100ဨ Payr,2024.0
term_24,23-900,20240830125208698_Dewberry_JA.pdf,308,1292,costs,False,True,na 0.00% 7039.000 S/T & L/T HSA Employer 7051ဨ000 0.11% Costs HRA Employer 7052ဨ000 0.14% Costs Payroll 100ဨ Benefits 0.00% 7060.000 Allocate 100ဨ Payroll 0.00% 7060.010 Benefits ဨ PM 1,2024.0
term_24,23-900,20240830125208698_Dewberry_JA.pdf,312,1069,costs,False,True,nt Title 2020 Number 401K 7040ဨ050 Employer 0.14% Match ဨ CO 401K 7045ဨ000 Employer 0.00% Costs Group Health 7050ဨ000 2.61% Insurance Group Health 7050ဨ050 0.12% Insurance ဨ CO 100ဨ Med,2024.0
term_24,23-900,20240830125208698_Dewberry_JA.pdf,312,1264,costs,False,True,00% 7028.000 use 100ဨ Disability Ina 0.00% 7039.000 S/T & L/T HSA Employer 7051ဨ000 0.02% Costs HRA Employer 7052ဨ000 0.00% Costs Payroll 100ဨ Benefits 0.00% 7060.000 Allocate 100ဨ Payr,2024.0
term_24,23-900,20240830125208698_Dewberry_JA.pdf,312,1298,costs,False,True,na 0.00% 7039.000 S/T & L/T HSA Employer 7051ဨ000 0.02% Costs HRA Employer 7052ဨ000 0.00% Costs Payroll 100ဨ Benefits 0.00% 7060.000 Allocate 100ဨ Payroll 0.00% 7060.010 Benefits ဨ PM 1,2024.0
term_24,23-900,20240830125208698_Dewberry_JA.pdf,327,665,costs,False,True," profitable overall, but for which Dewberry Group, Inc. is allocated virtually all of the costs of performing the essential services, while the Ownership Entities receive the vast major",2024.0
term_24,23-900,20240830125208698_Dewberry_JA.pdf,333,581,costs,False,True,"culate profits. Infra, ¶68. Thus, Bosco undertook to identify Dewberry Group’s deductible costs in his supplemental report, so the Court would have a basis to assess profits during the ",2024.0
term_24,23-900,20240830125208698_Dewberry_JA.pdf,336,288,costs,False,True,"ues during the infringement period, the burden shifted to Dewberry Group to prove (1) any costs or deductions from those revenues, 15 U.S.C. § 1117(a) and (2) any revenues that had “no ",2024.0
term_24,23-909,20240220165304877_pet_for_cert_Kousisis_Alpha_02_20_2024.pdf,25,872,costs,False,True,"ld in its hoped-for profit, and divine the right balance of protecting against unforeseen costs while minimizing the risk of being underbid. C.A.3App.2387-2389. Buckley considered estim",2024.0
term_24,23-909,20240220165304877_pet_for_cert_Kousisis_Alpha_02_20_2024.pdf,25,1361,costs,False,True," and “work[ing] out the difference.” They “considered” a wide range of factors, estimated costs among them and Markias’s 2.25% fee among those. C.A.3App.2387-2389, 2451-2457",2024.0
term_24,23-909,20240220165304877_pet_for_cert_Kousisis_Alpha_02_20_2024.pdf,39,225,petition_for_rehearing,False,True, the initial Kousisis opinion and one week before argument in Porat. Kousisis and Alpha’s petition for rehearing en banc (filed after both) pointed out that the panel had endorsed a fraudulent inducem,2024.0
term_24,23-909,20240220165327058_appendix_to_pet_for_cert_Kousisis_Alpha_02_20_2024.pdf,3,79,opinion_of_the_court,False,True,"App. 3 ----------------------------------------------------------------------- OPINION OF THE COURT ----------------------------------------------------------------------- McKEE, Circuit Ju",2024.0
term_24,23-909,20240220165327058_appendix_to_pet_for_cert_Kousisis_Alpha_02_20_2024.pdf,84,263,costs,False,True,"munity restitution, (7) penalties, and (8) costs, including cost of prosecution and court costs.
 App. 63 UNITED STATES DISTRICT COURT Eastern District of Pennsylvania UNITED STATES JUD",2024.0
term_24,23-909,20240220165327058_appendix_to_pet_for_cert_Kousisis_Alpha_02_20_2024.pdf,96,263,costs,False,True,"munity restitution, (7) penalties, and (8) costs, including cost of prosecution and court costs.
 App. 76 IN THE UNITED STATES DISTRICT COURT FOR THE EASTERN DISTRICT OF PENNSYLVANIA UN",2024.0
term_24,23-909,20240424143743569_23-909_Kousisis_Stamatios_opp_final.pdf,6,317,opinion_of_the_court,False,True,PPEALS FOR THE THIRD CIRCUIT BRIEF FOR THE UNITED STATES IN OPPOSITION OPINIONS BELOW The opinion of the court of appeals (Pet. App. 1-41) is reported at 82 F.4th 230. A subsequent opinion of the cour,2024.0
term_24,23-909,20240819151707134_Joint_Appendix_-_Kousisis.pdf,102,714,costs,False,True,"DGE * * * * [41] Buckley did it in another case. It’s measurable in money, and indeed the costs of that difference are worth it to PennDOT, that when PennDOT lets a contract with a DBE ",2024.0
term_24,23-909,20241002184133388_23-909bsUnitedStates.pdf,12,288,opinion_of_the_court,False,True,TES COURT OF APPEALS FOR THE THIRD CIRCUIT BRIEF FOR THE UNITED STATES OPINIONS BELOW The opinion of the court of appeals (Pet. App. 1-41) is reported at 82 F.4th 230. A subsequent opinion of the cour,2024.0
term_24,23-970,20240813143621125_23-970_NVIDIA_Joint_Appendix_8-12-24_Final.pdf,51,505,costs,False,True,"routed up soon after. As each rig contains thousands of dollars in equipment, the startup costs of mining today are substantial. Mining has therefore become the domain primarily of for-",2024.0
term_24,23-970,20240813143621125_23-970_NVIDIA_Joint_Appendix_8-12-24_Final.pdf,51,745,costs,False,True,"re A. A mining rig comprised of NVIDIA GPUs Source: NVIDIA Corp. 53. Besides the hardware costs, the single greatest expense in mining cryptocurrency is electricity. The power required ",2024.0
term_24,23-970,20240813143621125_23-970_NVIDIA_Joint_Appendix_8-12-24_Final.pdf,52,360,costs,False,True," certain point, mining ceases to be profitable, no matter the location. Ignoring the sunk costs of the hardware, miners will compare their rate of return (measured as the number of toke",2024.0
term_24,23-971,20240304132406402_23_Petition.pdf,147,397,petition_for_rehearing,False,True,"efendant-Appellant. ORDER Before TYMKOVICH, MATHESON, and EID, Circuit Judges. Appellee’s petition for rehearing is denied. The petition for rehearing en banc was transmitted to all of the judges of t",2024.0
term_24,23-971,20240304132406402_23_Petition.pdf,147,435,petition_for_rehearing,False,True,"VICH, MATHESON, and EID, Circuit Judges. Appellee’s petition for rehearing is denied. The petition for rehearing en banc was transmitted to all of the judges of the court who are in regular active ser",2024.0
term_24,23-975,20240304125912077_Seven_County_Certiorari_Petition.pdf,3,182,petition_for_rehearing,False,True,"orado v. Surface Transportation Board, Nos. 22-1019 & 22-1020 (consolidated) (D.C. Cir.), petition for rehearing en banc denied on December 4, 2023  Seven County Infrastructure Coalition – Rail Const",2024.0
term_24,23-975,20240304125927184_Seven_County_Petition_Appendix.pdf,137,1116,petition_for_rehearing,False,True,"tervenor-respondents Seven County Infrastructure Coalition and Uinta Basin Railway, LLC’s petition for rehearing en banc, the responses thereto, and the absence of a request by any member of the court",2024.0
term_24,23-975,20240304125927184_Seven_County_Petition_Appendix.pdf,228,222,slip_op,False,True,"Line’s transportation benefits. Moreover, as explained in the Board’s January 5 Decision (slip op. at 5-6), the Board can grant the Coalition’s request for authority even if all issues inv",2024.0
term_24,23-975,20240304125927184_Seven_County_Petition_Appendix.pdf,250,192,slip_op,False,True,"both require the backing of, and put at risk, public funds. January 5 Decision, FD 36284, slip op. at 19 (Board Member Oberman dissenting). These concerns have been exacerbated by the Coal",2024.0
term_24,23-975,20240304125927184_Seven_County_Petition_Appendix.pdf,365,1112,slip_op,False,True,"ption—in Dearborn, Decatur, Franklin, Ripley, & Shelby Cntys., Ind., AB 459 (Sub-No. 2X), slip op. at 3 (STB served May 4, 1998) (filing rejected four days before regulatory deadline). In ",2024.0
term_24,23-975,20240304125927184_Seven_County_Petition_Appendix.pdf,381,789,costs,False,True,"e the Texas case, include inconsistent statements from the petitioner as to the project’s costs or its target future funding or financing sources, including from nonmarket sources. In s",2024.0
term_24,23-975,20240304125927184_Seven_County_Petition_Appendix.pdf,381,1090,costs,False,True,"ng under § 10901 is not required here. 10 That is not to say that any increase in project costs or uncertainty about funding sources necessitate an application, given that the ultimate ",2024.0
term_24,23-975,20240304125927184_Seven_County_Petition_Appendix.pdf,382,521,costs,False,True,"tness, additional scrutiny may be warranted. 11 In fact, the Center questions whether the costs for the project are too low because they are lower than a similar project the Utah Depart",2024.0
term_24,23-975,20240304125927184_Seven_County_Petition_Appendix.pdf,385,748,slip_op,False,True,"ry decision or the exemption itself at that time. Ken Tenn Reg’l Rail Partners, FD 36328, slip op. at 3-4.15 Here, there is also strong support from state and local entities (in addition t",2024.0
term_24,23-975,20240304125927184_Seven_County_Petition_Appendix.pdf,385,1042,slip_op,False,True,"e Board acknowledges opposition to the project, the 13 See Alaska R.R. Constr., FD 34658, slip op. at 2. Prior to 2007, the Board did not use this standard when considering whether to issu",2024.0
term_24,23-975,20240304125927184_Seven_County_Petition_Appendix.pdf,403,1105,slip_op,False,True,"ts—Construction & Operation Exemption—A Rail Line Between Levan & Salina, Utah, FD 34075, slip op. at 2 n.4 (STB served Sept. 3, 2015); Alaska Railroad— Construction & Operation Exemption—",2024.0
term_24,23-975,20240304125927184_Seven_County_Petition_Appendix.pdf,403,1277,slip_op,False,True,"ation Exemption—Rail Line Between Eielson Air Force Base & Fort Greely, Alaska, FD 34658, slip op. at 2 (STB served Oct. 4, 2007), the Coalition has failed to make that showing",2024.0
term_24,23-975,20240304125927184_Seven_County_Petition_Appendix.pdf,405,25,slip_op,False,True,"216a Partners, FD 36328, slip op. at 4. By contrast, here, though there is support from state and local entities (including",2024.0
term_24,23-975,20240828215222594_23-975tsUnitedStates.pdf,8,320,opinion_of_the_court,False,True,MBIA CIRCUIT BRIEF FOR THE FEDERAL RESPONDENTS SUPPORTING PETITIONERS1 OPINIONS BELOW The opinion of the court of appeals (Pet. App. 1a-71a) is reported at 82 F.4th 1152. The decisions of the Surface ,2024.0
term_24,23-980,20240304124120337_Meta_Petition_for_Certiorari.pdf,10,196,opinion_of_the_court,False,True," judgment of the United States Court of Appeals for the Ninth Circuit. OPINIONS BELOW The opinion of the court of appeals is reported at In re Facebook, Inc. Securities Litigation, 87 F.4th 934 (9th C",2024.0
term_24,23-980,20240304124120337_Meta_Petition_for_Certiorari.pdf,38,396,mandate,False,True," underlying analysis. See Pet.App.6a-40a. The panel granted Facebook’s motion to stay the mandate pending the filing and disposition of a petition for certiorari. C.A. Dkt. 53, at 1-2. RE",2024.0
term_24,23-980,20240304124127190_Meta_Pet._App.pdf,2,186,petition_for_rehearing,False,True,ecurities Fraud The panel filed (1) an order denying a petition for panel rehearing and a petition for rehearing en banc; and (2) an amended opinion affirming in part and reversing in part the distric,2024.0
term_24,23-980,20240304124127190_Meta_Pet._App.pdf,2,1438,opinion_of_the_court,False,True,areholders adequately pleaded falsity as to the * This summary constitutes no part of the opinion of the court,2024.0
term_24,23-980,20240304124127190_Meta_Pet._App.pdf,236,1377,so_ordered,True,False,"III. CONCLUSION Defendants’ motion to dismiss Plaintiffs’ TAC in its entirety is GRANTED. IT IS SO ORDERED. Dated: December 20, 2021 /s/ Edward J. Davila EDWARD J. DAVILA United States District Ju",2024.0
term_24,23-980,20240304124127190_Meta_Pet._App.pdf,400,1059,so_ordered,True,False,"f the Court or stipulation by the parties pursuant to Federal Rule of Civil Procedure 15. IT IS SO ORDERED. Dated: August 7, 2020 /s/ Edward J. Davila EDWARD J. DAVILA United States District Judge",2024.0
term_24,23-980,20240429164310957_23-980_Brief.pdf,46,277,petition_for_rehearing,False,True," 27, 43 (2011); see also Omnicare, 6 Facebook discussed Bondali for the first time in its petition for rehearing, but did not ask the Ninth Circuit to embrace Bondali’s supposed categorical rule. See ",2024.0
term_24,23-980,20240809133545974_23-980_petbrief.pdf,10,244,opinion_of_the_court,False,True,"TATES COURT OF APPEALS FOR THE NINTH CIRCUIT BRIEF FOR THE PETITIONERS OPINIONS BELOW The opinion of the court of appeals (Pet. App. 1a-53a), as amended, is reported at 87 F.4th 934. The opinions of t",2024.0
term_24,23-980,20240809133834012_23-980_jointappendix_vol1.pdf,72,1215,costs,False,True,"d Wylie, in substance, “‘Well, I could do it. As long as you pay for the data and pay for costs, we can do it and figure out some kind of commercial deal after so let’s just see if 71 K",2024.0
term_24,23-980,20240809133834012_23-980_jointappendix_vol1.pdf,171,19,costs,False,True,"102 survey vendor) costs for the surveys they ran.”201 This was false and Facebook knew it. In fact, GSR’s formal ",2024.0
term_24,23-980,20240809133834012_23-980_jointappendix_vol1.pdf,171,225,costs,False,True," 11, 2016 provided to Facebook showed that Cambridge Analytica (via Nix/SCL) had paid the costs of developing the Quiz App and running it— “£750,000” directly to GSR.202 Facebook had pr",2024.0
term_24,23-980,20240809133834012_23-980_jointappendix_vol1.pdf,181,514,costs,False,True,"cation to Be a Fraud—and Threatens Him with Liquidated Damages Plus “Reasonable” Fees and Costs If He Does Disclose the Truth 209. On June 22, 2016, Sandberg and Kaplan were in Washingt",2024.0
term_24,23-980,20240809133834012_23-980_jointappendix_vol1.pdf,184,541,costs,False,True,"ogan and GSR to sign, requiring them to pay all of Facebook’s “reasonable” legal fees and costs if they ever disclosed the truth to third parties like The Guardian. 214. Facebook furthe",2024.0
term_24,23-980,20240809133834012_23-980_jointappendix_vol1.pdf,413,1271,costs,False,True,rrelevant: “So we connect more people. That can be bad if they make it negative. Maybe it costs a life by exposing someone to bullies. Maybe someone dies in a terrorist attack coordinat,2024.0
term_24,23-980,20240809133834012_23-980_jointappendix_vol1.pdf,414,53,costs,False,True,. That can be bad if they make it negative. Maybe it costs a life by exposing someone to bullies. Maybe someone dies in a terrorist attack coordinat,2024.0
term_24,23-980,20240809133834012_23-980_jointappendix_vol1.pdf,571,291,costs,False,True," proceedings and other inquiries in the future, which could cause us to incur substantial costs or require us to change our business practices in a manner materially adverse to our busi",2024.0
term_24,23-980,20240809133834012_23-980_jointappendix_vol1.pdf,638,1197,costs,False,True,"h the Company’s decision to grow at the expense of protecting user privacy. The Company’s costs ballooned to $7.4 billion, a 50% increase from the prior year. Much of the increase resul",2024.0
term_24,23-980,20240809133834012_23-980_jointappendix_vol1.pdf,646,1043,costs,False,True,"rivacy missteps finally caught up with Facebook this week. . . . Worries about the rising costs of privacy regulations and controversies, along with declining growth in users and revenu",2024.0
term_24,23-980,20240809133848311_23-980_jointappendix_vol2.pdf,338,1112,costs,False,True,"tended to keep working to become GDPR compliant. To rebut this, Plaintiffs argue that the costs associated with GDPR implementation, specifically user growth and revenue costs, show tha",2024.0
term_24,23-980,20240809133848311_23-980_jointappendix_vol2.pdf,338,1192,costs,False,True," that the costs associated with GDPR implementation, specifically user growth and revenue costs, show that Facebook was not actually anywhere near being GDPR compliant. Pl. Opp. at 18",2024.0
term_24,23-980,20240809133848311_23-980_jointappendix_vol2.pdf,339,43,costs,False,True,". To rebut this, Plaintiffs argue that the costs associated with GDPR implementation, specifically user growth and revenue costs, show tha",2024.0
term_24,23-980,20240809133848311_23-980_jointappendix_vol2.pdf,350,782,so_ordered,True,False,"f the Court or stipulation by the parties pursuant to Federal Rule of Civil Procedure 15. IT IS SO ORDERED. Dated: September 25, 2019 /s/ Edward J. Davila EDWARD J. DAVILA United States District J",2024.0
term_24,23-997,20240308145439002_Stanley_v._City_of_Sanford_-_Petition_Appendix.pdf,36,408,judgment_is,True,True,late a statute by exercising the discretion specifically granted by that statute. IV. The judgment of the district court is AFFIRMED.,2024.0
term_24,23-997,20240916194411347_Stanley_Opening_Final.pdf,44,1340,mandate,False,True,"erest test applies, retirees in Lt. Stanley’s shoes satisfy it. The ADA’s “comprehensive” mandate to “eliminat[e]” discrimination, 42 U.S.C",2024.0
term_24,23-997,20240916194411347_Stanley_Opening_Final.pdf,45,134,mandate,False,True,"erest test applies, retirees in Lt. Stanley’s shoes satisfy it. The ADA’s “comprehensive” mandate to “eliminat[e]” discrimination, 42 U.S.C. § 12101(b)(1), aims not just at the “persist[e",2024.0
term_24,23-997,20240916194618704_130336_joint_appendix.pdf,37,289,judgment_is,True,True,late a statute by exercising the discretion specifically granted by that statute. IV. The judgment of the district court is AFFIRMED.,2024.0
term_24,23-997,20240923141107411_9.23.2024_Stanley_v._City_of_Sanford.pdf,33,476,costs,False,True,who retire due to disability without any legal remedy as they face staggering health care costs in retirement. III. AN ADVERSE DECISION IN THIS CASE WOULD AFFECT MILLIONS OF RETIREES WH,2024.0
term_24,23-997,20240923141107411_9.23.2024_Stanley_v._City_of_Sanford.pdf,34,856,costs,False,True,"anley, who were promised, then denied, post-employment health insurance, endure two major costs when they lose their insurance. First, they must pay out-of-pocket for health insurance u",2024.0
term_24,23-997,20240923141107411_9.23.2024_Stanley_v._City_of_Sanford.pdf,38,569,costs,False,True,arned peace of mind. Ms. Stanley and others like her should not have to pay life-altering costs because of their employers’ unlawful discrimination in post-employment fringe benefits. C,2024.0
term_24,23-997,20240923182253908_23-997tsUnitedStates.pdf,71,102,mandate,False,True,"2111(8)’s definition of “qualified individual” is “best read to impose only a conditional mandate”: “If a person has (or seeks) a job, that person must be able to perform its essential fu",2024.0
term_24,24-154,20240809124251012_CCB_Cert_Appendix_COMBINED_E-FILE_VERSION.pdf,359,851,so_ordered,True,True,"ization operated primarily for religious purposes” under Wis. Stats. § 108.02(15)(h.)(2). IT IS SO ORDERED. THIS ORDER IS FINAL FOR THE PURPOSES OF APPEAL.
 191a FILED 01-19-2021 Clerk of Court Do",2024.0
term_24,24-154,20240912141456622_Catholic_Charities_SCOTUS_amicus_2024.09.12.pdf,7,588,mandate,False,True,"Diocese of Superior to be its social ministry arm and to carry out its Catholic religious mandate to serve the poor and disadvantaged, and it is under continual control by the Diocese. Pe",2024.0
term_24,24-20,20240709101844657_No.-_Fuld-Sokolow_Petition_and_Appendix_Combined.pdf,185,530,judgment_is,True,False," was properly dismissed for lack of personal jurisdiction, pursuant to Rule 12(b)(2). The judgment of the district court is AFFIRMED.",2024.0
term_24,24-20,20240709101844657_No.-_Fuld-Sokolow_Petition_and_Appendix_Combined.pdf,192,561,mandate,False,True,"er conclusion, and the plaintiffs argue generally that the PSJVTA justifies recalling the mandate. In Fuld v. Palestine Liberation Organization, __ F.4th __, No. 22-76 (2d Cir. Sept. 8, 2",2024.0
term_24,24-20,20240709101844657_No.-_Fuld-Sokolow_Petition_and_Appendix_Combined.pdf,199,546,mandate,False,True,"sonal jurisdiction over the PLO or the PA, and as a result, no basis exists to recall the mandate in this case. I. BACKGROUND We assume familiarity with Waldman I, Waldman II, and our dec",2024.0
term_24,24-20,20240709101844657_No.-_Fuld-Sokolow_Petition_and_Appendix_Combined.pdf,215,401,mandate,False,True,"nt of a new statute might justify the exercise of our power to recall a previously issued mandate. Cf. Sargent v. Columbia Forest Prods., Inc., 75 F.3d 86, 90 (2d Cir. 1996) (noting that ",2024.0
term_24,24-20,20240709101844657_No.-_Fuld-Sokolow_Petition_and_Appendix_Combined.pdf,215,774,mandate,False,True," a variety of arguments in support of their position that “[t]his Court should recall the mandate, apply the PSJVTA in this case, and remand to the district court with instructions to rei",2024.0
term_24,24-20,20240709101844657_No.-_Fuld-Sokolow_Petition_and_Appendix_Combined.pdf,216,486,mandate,False,True," the PLO or the PA in this case. Accordingly, no basis exists to recall the November 2016 mandate that issued after Waldman I, where we determined that the plaintiffs’ claims had to be “d",2024.0
term_24,24-20,20240709101844657_No.-_Fuld-Sokolow_Petition_and_Appendix_Combined.pdf,476,1084,petition_for_rehearing,False,True,"Supp. 3d 589. Thereafter, a majority of the active judges of this Court voted to deny the petition for rehearing en banc. The purpose of this concurrence is not to reprise all of the arguments and ana",2024.0
term_24,24-20,20240709101844657_No.-_Fuld-Sokolow_Petition_and_Appendix_Combined.pdf,582,1071,petition_for_rehearing,False,True," international terrorism are able to seek redress in U.S. courts.” Intervenor-Appellant’s Petition for Rehearing En Banc at 1, Fuld v. PLO, Nos. 22-76 & 22-496 (2d Cir. Nov. 22, 2023), ECF No. 245. Th",2024.0
term_24,24-20,20250128154001234_24-20_and_24-151_Joint_Appendix_Volume_I_FINAL.pdf,402,1089,mandate,False,True,"nt. Intel. Agency, 829. F.3d 178, 189 (2d Cir. 2016) (quotation sources omitted). Where a mandate “directs a district court to conduct specific proceedings and 59 Ateyeh Dep. 42, Letter t",2024.0
term_24,24-20,20250203125156559_24-20tsUnitedStates.pdf,20,359,opinion_of_the_court,False,True,URT OF APPEALS FOR THE SECOND CIRCUIT BRIEF FOR THE FEDERAL PETITIONER OPINIONS BELOW The opinion of the court of appeals in Fuld v. Palestine Liberation Organization (Pet. App. 1a-52a) is reported at,2024.0
term_24,24-20,20250203125156559_24-20tsUnitedStates.pdf,20,488,opinion_of_the_court,False,True, v. Palestine Liberation Organization (Pet. App. 1a-52a) is reported at 82 F.4th 74.1 The opinion of the court of appeals in Waldman v. Palestine Liberation Organization (Pet. App. 53a-70a) is reporte,2024.0
term_24,24-20,20250203125156559_24-20tsUnitedStates.pdf,39,1067,mandate,False,True,"rcuit, finding neither of the ATCA’s factual predicates satisfied, declined to recall its mandate. Id. at 132a-135a. The plaintiffs filed another petition for a writ of certiorari (No. 19",2024.0
term_24,24-20,20250203125156559_24-20tsUnitedStates.pdf,48,614,mandate,False,True," Sokolow, decided the same day, the court of appeals again declined to recall its earlier mandate directing dismissal of the suit, relying on its conclusion in Fuld that the Act is uncons",2024.0
term_24,24-20,20250204132436168_24-20-24-151tsacTheChamberOfCommerceOfTheUnitedStatesOfAmerica.pdf,54,505,judgment_issued,True,False,"tions . . . is a part of the law of the land.”). And because due process requires a valid judgment issued by a court with jurisdiction, this Court has “long” considered “the principles traditiona",2024.0
term_24,24-275,20240909143614264_Parrish_Cert_Petition_Appendix.pdf,22,446,so_ordered,True,True,"mer, 138 S. Ct. at 17. Accordingly, we dismiss Parrish’s appeal for lack of jurisdiction. IT IS SO ORDERED",2024.0
term_24,24-275,20240909143614264_Parrish_Cert_Petition_Appendix.pdf,95,692,so_ordered,True,True,alse imprisonment claim WITH PREJUDICE; and DISMISSES all other claims WITHOUT PREJUDICE. It is so ORDERED. The Court DIRECTS the Clerk to transmit this Order to counsel of record and to the pro s,2024.0
term_24,24-275,20240909143614264_Parrish_Cert_Petition_Appendix.pdf,104,836,petition_for_rehearing,False,True,"Petition __________________________ ORDER __________________________ The court denies the petition for rehearing en banc.
 64a A requested poll of the court failed to produce a majority of judges in r",2024.0
term_24,24-275,20240909143614264_Parrish_Cert_Petition_Appendix.pdf,109,257,petition_for_rehearing,False,True,"e, with whom Judges WYNN, THACKER, and BERNER join, dissenting from denial of Appellant’s petition for rehearing en banc: At its core, this case requires us to determine whether access to our Court sh",2024.0
term_24,24-275,20240909143614264_Parrish_Cert_Petition_Appendix.pdf,114,504,petition_for_rehearing,False,True,"_ O R D E R ___________________ Upon consideration of submissions relative to appellant’s petition for rehearing, the court denies the motion. Judge Niemeyer and Judge Richardson voted to deny, and Ju",2024.0
term_24,24-275,20241114164356242_24-275_Parrish_.pdf,7,263,opinion_of_the_court,False,True, APPEALS FOR THE FOURTH CIRCUIT BRIEF FOR THE RESPONDENT IN OPPOSITION OPINIONS BELOW The opinion of the court of appeals (Pet. App. 1a-22a) is reported at 74 F.4th 160. An earlier opinion of the cour,2024.0
term_24,24-275,20241114164356242_24-275_Parrish_.pdf,7,354,opinion_of_the_court,False,True,pinion of the court of appeals (Pet. App. 1a-22a) is reported at 74 F.4th 160. An earlier opinion of the court of appeals (Pet. App. 56a-58a) is not published in the Federal Reporter but is reprinted ,2024.0
term_24,24-275,20250226151925416_24-275tsUnitedStates.pdf,11,252,opinion_of_the_court,False,True,EALS FOR THE FOURTH CIRCUIT BRIEF FOR RESPONDENT SUPPORTING PETITIONER OPINIONS BELOW The opinion of the court of appeals (Pet. App. 1a-22a) is reported at 74 F.4th 160. An earlier opinion of the cour,2024.0
term_24,24-275,20250226151925416_24-275tsUnitedStates.pdf,11,343,opinion_of_the_court,False,True,pinion of the court of appeals (Pet. App. 1a-22a) is reported at 74 F.4th 160. An earlier opinion of the court of appeals is reprinted at 827 Fed. Appx. 327. The order of the court of appeals denying ,2024.0
term_24,24-297,20241016141034426_130496_Brief.pdf,34,1122,costs,False,True,"mental right to control the religious upbringing of their young children or “incur[ ] the costs of alternatives” (Mahmoud, 102 F.4th at 207-208)—which may be impossible. Even though “pa",2024.0
term_24,24-297,20250310102427542_24-297_Amicus_Brief.pdf,39,119,costs,False,True,"amental right to control the religious upbringing of their young children or “incur[] the costs of alternatives” (Mahmoud, 102 F.4th at 207-208)—which may be impossible. Even though “pa",2024.0
term_24,24-297,20250310103637576_250307a_AC_Brief_for_efiling.pdf,54,830,costs,False,True,". at 405. The Montgomery County School Board has given Petitioners a choice – “additional costs” associated with private school and/or home school, or public schools with their concomit",2024.0
term_24,24-297,20250310170254001_24-297_Amicus_Brief.pdf,28,603,mandate,False,True, Exposure to Gender Ideology Constitute an Establishment of Religion. Montgomery County’s mandate that students submit to instruction in gender ideology is an establishment of religion. W,2024.0
term_24,24-304,20240913122016495_labcorp-cert-petition-appendix.pdf,15,526,petition_for_rehearing,False,True,"NDOZA, Circuit Judges, and SCHREIER,1 District Judge. Judge Mendoza has voted to deny the petition for rehearing en banc, and Judge Fletcher and Judge Schreier have recommended denying the petition fo",2024.0
term_24,24-304,20240913122016495_labcorp-cert-petition-appendix.pdf,15,625,petition_for_rehearing,False,True,"for rehearing en banc, and Judge Fletcher and Judge Schreier have recommended denying the petition for rehearing en banc. The full court was advised of the 1 The Honorable Karen E. Schreier, United St",2024.0
term_24,24-316,20250218171629934_24-316tsUnitedStates.pdf,14,302,opinion_of_the_court,False,True,TATES COURT OF APPEALS FOR THE FIFTH CIRCUIT BRIEF FOR THE PETITIONERS OPINIONS BELOW The opinion of the court of appeals (Pet. App. 1a-48a) is reported at 104 F.4th 930. The memoranda opinions and or,2024.0
term_24,24-320,20240918145130182_Soto_-_Petition_for_Writ_of_Cert.pdf,3,370,petition_for_rehearing,False,True,"llowing proceedings: Simon A. Soto v. United States, No. 22-2011 (Fed. Cir. order denying petition for rehearing en banc entered June 20, 2024) Simon A. Soto v. United States, No. 22-2011 (Fed. Cir. j",2024.0
term_24,24-320,20240918145130182_Soto_-_Petition_for_Writ_of_Cert.pdf,9,680,petition_for_rehearing,False,True,"judgment on February 12, 2024, Pet.App.1a. The Federal Circuit panel denied Soto’s timely petition for rehearing en banc on June 20, 2024, Pet.App.40a. This Court has jurisdiction to review the Federa",2024.0
term_24,24-320,20240918145130182_Soto_-_Petition_for_Writ_of_Cert.pdf,33,322,petition_for_rehearing,False,True,he GAO to address claims. See 10 U.S.C. 2 The government suggested in its response to the Petition for Rehearing before the Federal Circuit that Petitioner’s discussion of claims for back pay under 5 ,2024.0
term_24,24-320,20240918145130182_Soto_-_Petition_for_Writ_of_Cert.pdf,33,689,petition_for_rehearing,False,True,"2024). That is wrong. USERRA is codified at 38 U.S.C. § 4324(c), was not discussed in the Petition for Rehearing, and is not discussed here. 5 U.S.C. § 5596 codifies the Back Pay Act—a wholly separate",2024.0
term_24,24-320,20240918145148714_No._24-_Cert_Petition_Appendix_.pdf,20,1245,costs,False,True,istrict court for further proceedings consistent with this opinion. REVERSED AND REMANDED Costs No costs.,2024.0
term_24,24-320,20240918145148714_No._24-_Cert_Petition_Appendix_.pdf,20,1254,costs,False,True,ourt for further proceedings consistent with this opinion. REVERSED AND REMANDED Costs No costs.,2024.0
term_24,24-320,20241120144045759_24-320_Soto_Opp_final.pdf,10,328,opinion_of_the_court,False,True,EALS FOR THE FEDERAL CIRCUIT BRIEF FOR THE UNITED STATES IN OPPOSITION OPINIONS BELOW The opinion of the court of appeals (Pet. App. 1a-19a) is reported at 92 F.4th 1094. The order of the district cou,2024.0
term_24,24-354,20240930144520649_FCC_v_Consumers_Research_Petition.pdf,25,927,petition_for_rehearing,False,True,"rdinate[ly]” to the Commission. Id. at 140a. 3. The court of appeals granted respondents’ petition for rehearing en banc. See App., infra, 160a-161a. The en banc court granted respondents’ petition fo",2024.0
term_24,24-354,20240930144520649_FCC_v_Consumers_Research_Petition.pdf,77,477,petition_for_rehearing,False,True,", 2024 Petition for Review from the Federal Communications Commission Agency No. 96-45 ON PETITION FOR REHEARING EN BANC Before RICHMAN, Chief Judge, and JONES, SMITH, STEWART, ELROD, SOUTHWICK, HAYNE",2024.0
term_24,24-354,20240930144520649_FCC_v_Consumers_Research_Petition.pdf,213,258,costs,False,True," of the sewers commissioners, who were tasked with repairing riverbanks and assessing the costs to nearby landowners. See Rooke’s Case, 77 Eng. Rep. 209 (C.P. 1598) (Coke, J.). The comm",2024.0
term_24,24-354,20240930144520649_FCC_v_Consumers_Research_Petition.pdf,213,561,costs,False,True, Coke held the commissioners acted unlawfully because they were supposed to assess repair costs to “all who had land in danger.” Id. at 210. Coke explained that while “[t]he words of th,2024.0
term_24,24-354,20240930144520649_FCC_v_Consumers_Research_Petition.pdf,343,848,costs,False,True,culates the quarterly contribution factor based on the ratio of total projected quarterly costs of the universal service support mechanisms to contributors’ total pro1 See 47 C.F.R. § 5,2024.0
term_24,24-354,20240930144520649_FCC_v_Consumers_Research_Petition.pdf,358,741,costs,False,True,"ersal service support mechanisms quarterly funding requirements, projected administrative costs and the contribution base, the Commission will establish a quarterly contribution factor ",2024.0
term_24,24-354,20240930144520649_FCC_v_Consumers_Research_Petition.pdf,363,900,petition_for_rehearing,False,True,"Petition for Review from and Order of the Federal Communications Comm Agency No. 96-45 ON PETITION FOR REHEARING EN BANC (Opinion March 24, 2023, 5 Cir., 2023, 63 F.4th 441) Before RICHMAN, Chief Judg",2024.0
term_24,24-354,20250108184903404_24-354ts_FCC.pdf,33,1047,petition_for_rehearing,False,True,"rdinate[ly]” to the Commission. Id. at 140a. 3. The court of appeals granted respondents’ petition for rehearing en banc. See Pet. App. 160a-161a. By a vote of 9-7, the en banc court subsequently gran",2024.0
term_24,24-354,20250108184903404_24-354ts_FCC.pdf,146,274,costs,False,True,"ected contributions. The Commission shall approve the Administrator’s quarterly projected costs of the universal service support mechanisms, taking into account demand for support and a",2024.0
term_24,24-354,20250108184903404_24-354ts_FCC.pdf,149,346,costs,False,True,contribution factors for the following quarter will take into consideration the projected costs of the support mechanisms for that quarter and the excess contributions carried over from,2024.0
term_24,24-354,20250108184903404_24-354ts_FCC.pdf,150,270,costs,False,True,"quate to meet the amount of universal service support program payments and administrative costs for that quarter, the Administrator shall request authority from the Commission to borrow",2024.0
term_24,24-354,20250108184903404_24-354ts_FCC.pdf,150,509,costs,False,True,contributions. Subsequent contribution factors will take into consideration the projected costs of the support mechanisms and the additional costs associated with borrowing funds. (d) I,2024.0
term_24,24-354,20250108184903404_24-354ts_FCC.pdf,150,560,costs,False,True, take into consideration the projected costs of the support mechanisms and the additional costs associated with borrowing funds. (d) If a contributor fails to file a Telecommunications ,2024.0
term_24,24-354,20250108185204620_FCC_v._Consumers_Research_J.A_.pdf,19,427,costs,False,True,"d quarterly budget at least 60 days prior to the start of the quarter.5 USAC includes any costs that can be directly attributed to the High Cost, Low Income, Rural Health Care, and Scho",2024.0
term_24,24-354,20250108185204620_FCC_v._Consumers_Research_J.A_.pdf,19,703,costs,False,True,"rojected administrative expenditures of each mechanism. USAC’s remaining joint and common costs, including costs associated with the billing, collection, and disbursement of funds, are ",2024.0
term_24,24-354,20250108185204620_FCC_v._Consumers_Research_J.A_.pdf,19,720,costs,False,True,"rative expenditures of each mechanism. USAC’s remaining joint and common costs, including costs associated with the billing, collection, and disbursement of funds, are included in the p",2024.0
term_24,24-354,20250108185204620_FCC_v._Consumers_Research_J.A_.pdf,19,932,costs,False,True,"enditures of the respective support mechanisms based on USAC’s methodology for allocating costs submitted to the Commission.6 4 See 47 C.F.R. §§ 54.709(a)(3), 54.201, 54.203, 54.301-54.",2024.0
term_24,24-354,20250108185204620_FCC_v._Consumers_Research_J.A_.pdf,19,1177,costs,False,True,"n January 1, 2006, USAC implemented a revised methodology for allocating joint and common costs that was filed with the Commission on October 3, 2005. See Letter from D. Scott Barash, U",2024.0
term_24,24-354,20250108185204620_FCC_v._Consumers_Research_J.A_.pdf,19,1430,costs,False,True,05) (explaining revisions to USAC’s method for allocating joint and common administrative costs among the four Universal Service Support Mechanisms),2024.0
term_24,24-354,20250108185204620_FCC_v._Consumers_Research_J.A_.pdf,21,210,costs,False,True,"7 million and are listed for each mechanism in the chart provided below. Joint and common costs (including billing, collection, and disbursement activities) total $25.20 million and are",2024.0
term_24,24-354,20250108185204620_FCC_v._Consumers_Research_J.A_.pdf,21,490,costs,False,True,022 Administrative Expenses (in millions)—Budgeted USF Direct USAC Common Total Mechanism Costs Costs High Cost $5.98 $9.32 $15.30 Low Income 9.87 5.31 15.18 Rural 3.63 2.31 5.94 Health,2024.0
term_24,24-354,20250108185204620_FCC_v._Consumers_Research_J.A_.pdf,21,496,costs,False,True,ministrative Expenses (in millions)—Budgeted USF Direct USAC Common Total Mechanism Costs Costs High Cost $5.98 $9.32 $15.30 Low Income 9.87 5.31 15.18 Rural 3.63 2.31 5.94 Health Care ,2024.0
term_24,24-354,20250108185204620_FCC_v._Consumers_Research_J.A_.pdf,22,771,costs,False,True,ions to prevent or reduce improper payments and to project the anticipated administrative costs of such actions on a quarterly basis.9 The steps initiated by USAC include additional ove,2024.0
term_24,24-354,20250108185204620_FCC_v._Consumers_Research_J.A_.pdf,61,455,costs,False,True,"ior years, as directed by the Commission.56 The collection is inclusive of administrative costs. RURAL HEALTH CARE SUPPORT MECHANISM SUMMARY The 1Q2022 Rural Health Care Support Mechani",2024.0
term_24,24-354,20250109161556584_24-254_SHLB_et_al._Opening_Brief.pdf,59,18,mandate,False,True,25 “congressional mandate to achieve the universal service goal for broadband” and tasking the FCC with preparing a,2024.0
term_24,24-354,20250109161556584_24-254_SHLB_et_al._Opening_Brief.pdf,216,201,costs,False,True,"rstate rates, a justification of the proposed rural rate, including an itemization of the costs of providing the requested service. (2) The carrier must provide such information periodi",2024.0
term_24,24-354,20250109161556584_24-254_SHLB_et_al._Opening_Brief.pdf,241,596,costs,False,True,"n assessment of subcontractors’ performance, and an itemization of monthly administrative costs that shall include all expenses, receipts, and payments associated with the administratio",2024.0
term_24,24-354,20250109161556584_24-254_SHLB_et_al._Opening_Brief.pdf,243,11,costs,False,True,91a shared costs of administering the universal service support mechanisms and its other operations. (l) T,2024.0
term_24,24-354,20250109161556584_24-254_SHLB_et_al._Opening_Brief.pdf,248,182,costs,False,True,"ected contributions. The Commission shall approve the Administrator’s quarterly projected costs of the universal service support mechanisms, taking into account demand for support and a",2024.0
term_24,24-354,20250109161556584_24-254_SHLB_et_al._Opening_Brief.pdf,252,171,costs,False,True,"quate to meet the amount of universal service support program payments and administrative costs for that quarter, the Administrator shall request authority from the Commission to borrow",2024.0
term_24,24-354,20250109161556584_24-254_SHLB_et_al._Opening_Brief.pdf,252,410,costs,False,True,contributions. Subsequent contribution factors will take into consideration the projected costs of the support mechanisms and the additional costs associated with borrowing funds. (d) I,2024.0
term_24,24-354,20250109161556584_24-254_SHLB_et_al._Opening_Brief.pdf,252,461,costs,False,True, take into consideration the projected costs of the support mechanisms and the additional costs associated with borrowing funds. (d) If a contributor fails to file a Telecommunications ,2024.0
term_24,24-354,20250109184103303_250104a_Pet_Merits_Brief_for_efiling.pdf,31,308,costs,False,True,"quate to meet the amount of universal service support program payments and administrative costs for that quarter,” USAC must “request authority from the Commission to borrow funds comme",2024.0
term_24,24-354,20250115103512529_24-354_and_24-422_Ami_Smith_MS_as_filed_PDFA.pdf,14,286,costs,False,True,"nder the Settlements and Separations processes to reimburse these “Federal” local service costs. In 1970, the regulators and the phone companies agreed to modify the separations manual ",2024.0
term_24,24-354,20250116105502845_24-354_and_24-422_Amicus_Brief.pdf,36,740,costs,False,True,"nates unserved or underserved rural communities where the market alone cannot support the costs to deploy network infrastructure. Id. at 690–94. In 2018, the Commission conducted an auc",2024.0
term_24,24-354,20250116120853128_24-354_SIIA_USF_Merits_Amicus_Brief.pdf,12,1045,mandate,False,True,"st.” (quoting 47 U.S.C. § 254(c)). Prior to 1996, the FCC fulfilled its universal service mandate “by authorizing rates to monopoly providers sufficient to enable revenue from easy-toreac",2024.0
term_24,24-354,20250116141025575_24-354_Amicus_Brief.pdf,6,1046,costs,False,True," . . . . . . . . . . . . . . . . . . . . . . . . . . . . . . . . .23 Dori Erann, The True Costs of Fiber in the U.S., Ceragon (Jun. 22, 2023). . . . . . . . . . . . . . . . . . . . . . ",2024.0
term_24,24-354,20250116165637958_24-354_24-422_Amicus_Brief.pdf,49,1114,mandate,False,True,"althcare Program, and the Lifeline Program—are consistent with the Commission’s statutory mandate to advance universal service by (i) facilitating the deployment of communications infrast",2024.0
term_24,24-354,20250123184500817_24-354_24-422_USF_Members_of_Congress_Amicus_Brief.pdf,14,354,mandate,False,True,"entation. These guardrails not only ensure that the Commission stays within its delegated mandate, but they also allow the Commission to address ongoing changes in",2024.0
term_24,24-362,20241206174415953_24-362_Martin_opp.pdf,6,346,opinion_of_the_court,False,True,PEALS FOR THE ELEVENTH CIRCUIT BRIEF FOR THE RESPONDENTS IN OPPOSITION OPINIONS BELOW The opinion of the court of appeals (Pet. App. 2a-19a) is available at 2024 WL 1716235. The order of the district ,2024.0
term_24,24-394,20241007120954967_USSC_Petition_for_Writ_of_Certiorari.pdf,32,1147,petition_for_rehearing,False,True,"pitol Pres. Comm’n, 373 P.3d 1032, 1037 (Okla. 2015) (Taylor, J., concurring in denial of petition for rehearing)). And Respondent insisted that the Board members had violated their oaths by approving",2024.0
term_24,24-394,20241007120954967_USSC_Petition_for_Writ_of_Certiorari.pdf,95,1059,mandate,False,True,"by a governmental entity. 70 O.S. Supp. 2022, § 3-132(D). In line with the constitutional mandate, the Act requires that all charter schools be nonsectarian in their programs, admission p",2024.0
term_24,24-394,20241007120954967_USSC_Petition_for_Writ_of_Certiorari.pdf,122,1387,mandate,False,True, the Establishment Clause.12 12 The Charter School Board and St. Isidore contend that the mandate that a charter school is nonsectarian violates the Oklahoma Religious Freedom Act (“ORFA”,2024.0
term_24,24-394,20241007120954967_USSC_Petition_for_Writ_of_Certiorari.pdf,126,566,petition_for_rehearing,False,True,"andamus, we direct the Charter School Board to rescind its contract with St. Isidore. Any petition for rehearing regarding this matter shall be filed within ten (10) days of the date of this opinion. ",2024.0
term_24,24-394,20241007120954967_USSC_Petition_for_Writ_of_Certiorari.pdf,197,278,costs,False,True,nding arbitration under the commercial rules of the American Arbitration Association with costs of the arbitration to be borne by the applicant. H. If a board of education of a school d,2024.0
term_24,24-394,20241209162222548_Board_Bio_Appx_Vol_1_E_FILE_Dec_9_24.pdf,42,448,costs,False,True,"the school, or employees or contractors of the school, directly or indirectly, to recover costs of offering curriculum based programs of instruction and related services to students.",2024.0
term_24,24-394,20241209162222548_Board_Bio_Appx_Vol_1_E_FILE_Dec_9_24.pdf,53,552,costs,False,True, the Sponsors notification of intent to terminate is received by the Charter School. All costs resulting from any termination of this Contract shall be the sole responsibility of the C,2024.0
term_24,24-394,20241209162226618_Board_Bio_Appx_Vol_2_E_FILE_Dec_9_24.pdf,95,457,costs,False,True,"the school, or employees or contractors of the school, directly or indirectly, to recover costs of offering curriculum based programs of instruction and related services to students. 8.",2024.0
term_24,24-394,20241209162226618_Board_Bio_Appx_Vol_2_E_FILE_Dec_9_24.pdf,107,553,costs,False,True, the Sponsors notification of intent to terminate is received by the Charter School. All costs resulting from any termination of this contract shall be the sole responsibility of the C,2024.0
term_24,24-394,20241209162226618_Board_Bio_Appx_Vol_2_E_FILE_Dec_9_24.pdf,147,839,costs,False,True,nding arbitration under the commercial rules of the American Arbitration Association with costs of the arbitration to be borne by the proposed sponsor. Applicants for charter schools pr,2024.0
term_24,24-394,20241209162226618_Board_Bio_Appx_Vol_2_E_FILE_Dec_9_24.pdf,252,567,costs,False,True,"rged for providing copies of records in accordance with the law. Those rates will include costs for record copies, document searches and transcript rates. The rates will be posted at pr",2024.0
term_24,24-394,20241209162226618_Board_Bio_Appx_Vol_2_E_FILE_Dec_9_24.pdf,252,795,costs,False,True,rter School Board and filed with the county clerk as required by law. (D) All fees and/or costs shall be paid by the requester prior to delivery of the response to the request. All fees,2024.0
term_24,24-394,20241209162226618_Board_Bio_Appx_Vol_2_E_FILE_Dec_9_24.pdf,267,747,costs,False,True,d into evidence by the Board or the hearing officer in the same manner as other evidence. Costs of depositions shall be borne by the deposing party. (B) Subpoenas. Subpoenas for the att,2024.0
term_24,24-394,20241209162226618_Board_Bio_Appx_Vol_2_E_FILE_Dec_9_24.pdf,269,654,costs,False,True,uch time as may be necessary to secure a final ruling in the compliance proceedings. (vi) Costs of issuance and service of subpoenas. The costs covering the issuance and service of subp,2024.0
term_24,24-394,20241209162226618_Board_Bio_Appx_Vol_2_E_FILE_Dec_9_24.pdf,269,702,costs,False,True,uling in the compliance proceedings. (vi) Costs of issuance and service of subpoenas. The costs covering the issuance and service of subpoenas and all witness fees incurred on behalf of,2024.0
term_24,24-394,20241209162226618_Board_Bio_Appx_Vol_2_E_FILE_Dec_9_24.pdf,269,967,costs,False,True,"n whose behalf they are incurred, provided that the Board in its final order may tax such costs to another party if justice so requires. (j) Disqualification of a Board member or hearin",2024.0
term_24,24-394,20241209162226618_Board_Bio_Appx_Vol_2_E_FILE_Dec_9_24.pdf,278,112,petition_for_rehearing,False,True,"ting all grounds upon which the petitioner seeks reconsideration of the Boards ruling. A petition for rehearing, reopening, or reconsideration of an agency order issued pursuant to the provisions of ",2024.0
term_24,24-394,20241209162226618_Board_Bio_Appx_Vol_2_E_FILE_Dec_9_24.pdf,278,285,petition_for_rehearing,False,True,"suant to the provisions of this Section shall comply with the following procedures: (1) A petition for rehearing, reopening or reconsideration of a final order must be filed with the Board within ten ",2024.0
term_24,24-394,20241209162226618_Board_Bio_Appx_Vol_2_E_FILE_Dec_9_24.pdf,377,653,costs,False,True,"cted expertise such as accountants and auditor, general supplies and postage, and auction costs. The following School Closure Protocol will be implemented ten (10) business days after t",2024.0
term_24,24-394,20241209162226618_Board_Bio_Appx_Vol_2_E_FILE_Dec_9_24.pdf,477,1351,mandate,False,True,ahoma law when it voted to sponsor a sectarian institution. It cannot escape this Courts mandate to compel rescission of the contract for sponsorship by arguing it acted within its discr,2024.0
term_24,24-394,20250305110617503_24-394_Joint_Appendix_Volume_2.pdf,14,732,costs,False,True,l Board Community Enrollment School School External Admin Contracted Budget Base - School Costs Fee Costs VirtualRelated Cost Authorizer Fees Business Health Banking Pupil Operations Ad,2024.0
term_24,24-394,20250305110617503_24-394_Joint_Appendix_Volume_2.pdf,14,742,costs,False,True,mmunity Enrollment School School External Admin Contracted Budget Base - School Costs Fee Costs VirtualRelated Cost Authorizer Fees Business Health Banking Pupil Operations Administrati,2024.0
term_24,24-394,20250305110617503_24-394_Joint_Appendix_Volume_2.pdf,24,277,costs,False,True,rollment School School External Payroll Banking Virtual Catholic Program Seville of Staff Costs Fee AdministrationAdministrationStaff Staff Isidore Admin Instructional St. Services Serv,2024.0
term_24,24-416,20241011121844932_Zuch_101024.4.pdf,7,835,petition_for_rehearing,False,True,"orted. JURISDICTION The judgment of the court of appeals was entered on March 22, 2024. A petition for rehearing was denied on June 26, 2024 (App., infra, 68a-69a). On September 12, 2024, Justice Alit",2024.0
term_24,24-416,20241011121844932_Zuch_101024.4.pdf,7,483,opinion_of_the_court,False,True,"the United States Court of Appeals for the Third Circuit in this case. OPINIONS BELOW The opinion of the court of appeals (App., infra, 1a39a) is reported at 97 F.4th 81. The decisions of the United S",2024.0
term_24,24-416,20241011121844932_Zuch_101024.4.pdf,40,336,opinion_of_the_court,False,True,"urt Judge: Honorable Lewis R. Carluzzo Before: JORDAN, KRAUSE, and BIBAS*, Circuit Judges OPINION OF THE COURT1 JORDAN, Circuit Judge. When Congress grants taxpayers the right to challenge what the In",2024.0
term_24,24-416,20241011121844932_Zuch_101024.4.pdf,150,476,petition_for_rehearing,False,True,"United States Tax Court (IRS 1:14-25125) Tax Court Judge: Honorable Lewis R. Carluzzo SUR PETITION FOR REHEARING Present: CHAGARES, Chief Judge, JORDAN, HARDIMAN, SHWARTZ, KRAUSE, RESTREPO, BIBAS, POR",2024.0
term_24,24-416,20241011121844932_Zuch_101024.4.pdf,151,23,petition_for_rehearing,False,True,"69a for rehearing, the petition for rehearing by the panel and the Court en banc, is DENIED. BY THE COURT /s/ Kent. A. Jordan Circuit J",2024.0
term_24,24-416,20250214155043304_24-416tsUnitedStates.pdf,12,555,petition_for_rehearing,False,True,"orted. JURISDICTION The judgment of the court of appeals was entered on March 22, 2024. A petition for rehearing was denied on June 26, 2024 (Pet. App. 68a-69a). On September 12, 2024, Justice Alito e",2024.0
term_24,24-416,20250214155043304_24-416tsUnitedStates.pdf,12,241,opinion_of_the_court,False,True,STATES COURT OF APPEALS FOR THE THIRD CIRCUIT BRIEF FOR THE PETITIONER OPINIONS BELOW The opinion of the court of appeals (Pet. App. 1a-39a) is reported at 97 F.4th 81. The decisions of the United Sta,2024.0
term_24,24-656,20241217144322392_24A587_TikTok_v_Garland_Amicus_Brief_pdfa.pdf,29,283,mandate,False,True,arrowest terms that will accomplish the pin-pointed objective permitted by constitutional mandate and the essential needs of the public order.” Carroll v. President & Comm’rs of Princess ,2024.0
term_24,24-656,20241218103859536_TikTok_Brief.pdf,12,72,mandate,False,True,II. THIS APPLICATION IS A DILATORY LITIGATION TACTIC TO EVADE THE CLEAR MANDATE OF CONGRESS AS TO THE TIMING OF DIVESTURE AND SHOULD BE DENIED. The goal of this litigati,2024.0
term_24,24-7,20240807125036654_2024-08-07_FINAL_API_Cert-Stage_Amicus.pdf,32,359,mandate,False,True," together represent the latest front in the same whole-of-government regulatory effort to mandate electrification of the Nation’s vehicle fleets. See Am. Petroleum Inst. v. EPA, No. 24-11",2024.0
term_24,24-7,20240909185910874_24-7_Diamond_Alternative_Energy_v_EPA.pdf,7,325,opinion_of_the_court,False,True,ICT OF COLUMBIA CIRCUIT BRIEF FOR THE FEDERAL RESPONDENTS IN OPPOSITION OPINION BELOW The opinion of the court of appeals (Pet. App. 1a-49a) is reported at 98 F.4th 288. JURISDICTION The judgment of t,2024.0
term_24,24-7,20250203123631163_24-7_Brief_for_Amicus.pdf,36,447,mandate,False,True,"t together represent the latest front in the same whole-ofgovernment regulatory effort to mandate electrification of the Nation’s vehicle fleets. See Am. Petroleum Inst. v. EPA, No. 24-11",2024.0
term_24,24-7,20250312155904988_24-7bsUnitedStates.pdf,11,296,opinion_of_the_court,False,True, FOR THE DISTRICT OF COLUMBIA CIRCUIT BRIEF FOR THE FEDERAL RESPONDENTS OPINION BELOW The opinion of the court of appeals (Pet. App. 1a-49a) is reported at 98 F.4th 288. JURISDICTION The judgment of t,2024.0
term_24,24A884,20250328091910316_Washington_v._Trump_-_SCOTUS_Amicus_-_For_Filing.pdf,16,1433,costs,False,True," give birth in America will reduce illegal immigration. In turn, this will reduce States’ costs from illegal immigration and births by illegal aliens",2024.0
term_24,24A884,20250328091910316_Washington_v._Trump_-_SCOTUS_Amicus_-_For_Filing.pdf,44,1200,costs,False,True,"n, March 1, 1866. Cong. Globe, 39th Cong., 1St Sess. 39 (1866) 1117 (emphasis added). The costs surrounding these births harm the States in several ways. Contrary to the Plaintiffs’ cla",2024.0
term_24,24A884,20250328091910316_Washington_v._Trump_-_SCOTUS_Amicus_-_For_Filing.pdf,45,74,costs,False,True,". Cong. Globe, 39th Cong., 1St Sess. 39 (1866) 1117 (emphasis added). The costs surrounding these births harm the States in several ways. Contrary to the Plaintiffs’ cla",2024.0
term_24,24A884,20250328091910316_Washington_v._Trump_-_SCOTUS_Amicus_-_For_Filing.pdf,50,789,costs,False,True,"Committee (Jan. 11, 2024), at 2, https://perma.cc/R6VPGWBE. And that does not include the costs of every extra crime committed by an illegal immigrant that should not be in the country ",2024.0
term_24,24A884,20250328091910316_Washington_v._Trump_-_SCOTUS_Amicus_-_For_Filing.pdf,50,1310,costs,False,True,"ken Riley Act, Des Moines Register (Jan. 22, 2025), https://perma.cc/RVS4-5ZPX. The total costs to States from illegal immigration are enormous",2024.0
term_24,24A884,20250328091910316_Washington_v._Trump_-_SCOTUS_Amicus_-_For_Filing.pdf,52,486,costs,False,True,e costs of illegal immigration. Babies born in America to illegal aliens also will impose costs on the States throughout their lives. These babies likely would have been born in a diffe,2024.0
term_24,24A884,20250328091910316_Washington_v._Trump_-_SCOTUS_Amicus_-_For_Filing.pdf,52,918,costs,False,True,"re (id. at ¶¶ 63, 83), and obtain a driver’s license (id. at ¶ 65). The States will incur costs from participation in each of these programs. See Gen. Land Off. v. Biden, 71 F.4th 264, ",2024.0
term_24,24A884,20250328091910316_Washington_v._Trump_-_SCOTUS_Amicus_-_For_Filing.pdf,56,254,costs,False,True,"¶ 63, 65, 83, 85, babies that return to the United States as American citizens may create costs to States from state welfare programs, state healthcare, driver’s licenses. See Gen. Land",2024.0
term_24,24A884,20250429112810764_Trump_v_CASA_Amicus.pdf,25,315,petition_for_rehearing,False,True,"ASA de Maryland, Inc. v. Trump, 971 F.3d 220, 257–58 (4th Cir. 2020), vacated on grant of petition for rehearing en banc, 981 F.3d 311 (4th Cir. 2020) (internal citation omitted). The “small and cohes",2024.0
term_24,24A884,20250429112810764_Trump_v_CASA_Amicus.pdf,55,393,mandate,False,True," Austin, 594 F. Supp. 3d 767, 776 (N.D. Tex. 2022) (enjoining the Navy’s COVID-19 vaccine mandate post-certification). And class certification has become daily fare in federal courts, so ",2024.0
term_24,24A884,20250429182216844_24A884_24A885_24A886_Amicus_Brief.pdf,22,222,so_ordered,True,False,under the AEA are entitled to notice and an opportunity to challenge their removal. . . . It is so ordered.” Id. Justice Kavanaugh concurred to “stress[]” the Court’s unanimity on that important r,2024.0
term_25,23-1197,20240503154415792_No.-_Landor_Petition_and_Appendix_Combined.pdf,9,677,opinion_of_the_court,False,True,"the United States Court of Appeals for the Fifth Circuit in this case. OPINIONS BELOW The opinion of the court of appeals (App., infra, 1a13a) is published at 82 F.4th 337. The order of the court of a",2025.0
term_25,23-1197,20250827153433755_No._23-1197_Landor_joint_appendix.pdf,55,471,costs,False,True,"y, and punitive damages as appropriate, with interest; (3) Reasonable attorney’s fees and costs of suit pursuant to 42 U.S.C. 1988; and (4) For such other further relief as the Court ma",2025.0
term_25,23-1197,20250903151420139_23-1197_tsac_Rastafari_Scholars.pdf,11,635,mandate,False,True,", they did not merely alter his appearance in contravention of a federal court of appeals mandate. In a very real sense, they caused him to endure irreparable harm to his religious identi",2025.0
term_25,23-1209,20250828191339613_2025-08-28_Brief_for_the_Petitioners.pdf,20,946,opinion_of_the_court,False,True," and the court of appeals erred in failing to enforce that protection. OPINIONS BELOW The opinion of the court of appeals (Pet. App. 1a17a) is reported at 92 F.4th 316. In M & K Employee Solutions, th",2025.0
term_25,23-1209,20250828191647293_2025-08-28_Joint_Appendix.pdf,335,793,costs,False,True,"is Stipulation is intended to waive the right of either party to seek attorneys’ fees and costs in accordance with the statute. Dated: February 25, 2021 SCOPELITIS, GARVIN, LIGHT, HANSO",2025.0
term_25,24-1046,20250401142124829_24-_Petition.pdf,355,1268,so_ordered,True,False,"ivate properties held open to the public. The TRO Motion is DENIED in all other respects. IT IS SO ORDERED. DATED AT HONOLULU, HAWAII, August 8, 2023. /s/ Leslie E. Kobayashi Leslie E. Kobayashi U",2025.0
term_25,24-1056,20250606141828993_24-1056_Rico_Opp.pdf,5,499,opinion_of_the_court,False,True,PPEALS FOR THE NINTH CIRCUIT BRIEF FOR THE UNITED STATES IN OPPOSITION OPINIONS BELOW The opinion of the court of appeals (Pet. App. 1a-3a) is unpublished but available at 2025 WL 720900. The district,2025.0
term_25,24-1056,20250814143948147_24-1056_Rico_TS_Br._8.14.25_pdfA.pdf,111,257,mandate,False,True,Ms. Rico respectfully requests that the Court issue an expeditious decision and issue its mandate,2025.0
term_25,24-1056,20250915154205683_24-1056_--_Rico_v._U.S._with_appendix.pdf,15,235,opinion_of_the_court,False,True,TES COURT OF APPEALS FOR THE NINTH CIRCUIT BRIEF FOR THE UNITED STATES OPINIONS BELOW The opinion of the court of appeals (Pet. App. 1a-3a) is not published in the Federal Reporter but is available at,2025.0
term_25,24-1063,20250404122927341_Hunter_Pet.pdf,18,735,opinion_of_the_court,False,True, the United States Court of Appeals for the Fifth Circuit in this case. OPINION BELOW The opinion of the court of appeals (Pet.App.1a-3a) is unreported but available at 2024 WL 5003582. The district c,2025.0
term_25,24-1063,20250508125139530_Hunter_Final.pdf,23,796,costs,False,True,"sentences arising from guilty pleas saved their state “at least $855,000 in incarceration costs.”20 The study further determined that “the average state direct appeal saves around $14,7",2025.0
term_25,24-1063,20250827145414077_24-1063_--_Hunter_v_US.pdf,8,273,opinion_of_the_court,False,True,APPEALS FOR THE FIFTH CIRCUIT BRIEF FOR THE UNITED STATES IN OPPOSITION OPINION BELOW The opinion of the court of appeals (Pet. App. 1a-3a) is unreported but available at 2024 WL 5003582. JURISDICTION,2025.0
term_25,24-1063,20251204101952422_Hunter_Petitioners_Brief.pdf,18,240,opinion_of_the_court,False,True,TED STATES COURT OF APPEALS FOR THE FIFTH CIRCUIT BRIEF FOR PETITIONER OPINIONS BELOW The opinion of the court of appeals (Pet.App.1a-3a) is unreported but available at 2024 WL 5003582. The district c,2025.0
term_25,24-1063,20251211132407395_Hunter_Merits_Final.pdf,28,802,costs,False,True,"sentences arising from guilty pleas saved their state “at least $855,000 in incarceration costs.”20 The study further determined that “the average state direct appeal saves around $14,7",2025.0
term_25,24-1063,20260114182144958_24-1063bsUnitedStates.pdf,15,244,opinion_of_the_court,False,True,ATES COURT OF APPEALS FOR THE FIFTH CIRCUIT BRIEF FOR THE UNITED STATES OPINION BELOW The opinion of the court of appeals (Pet. App. 1a-3a) is available at 2024 WL 5003582. JURISDICTION The judgment o,2025.0
term_25,24-1068,20250404152744625_No._Petition.pdf,2,569,judgment_issued,True,False," denied Apr. 1, 2025). Durnell v. Monsanto Co., No. ED 112410 (Mo. Ct. App.) (opinion and judgment issued Feb. 11, 2025). Durnell v. Monsanto Co., No. 1922-CC00221 (Mo. Cir. Ct. of the City of St",2025.0
term_25,24-1068,20250404152744625_No._Petition.pdf,111,564,costs,False,True,"as and for compensatory damages, together with post judgment interest as provided by law. Costs assessed against Defendant Monsanto Company. All matters and things and controversy as be",2025.0
term_25,24-1068,20260223143213285_24-1068_Final_Monsanto_v_Durnell_JA.pdf,10,559,costs,False,True, as and for compensatory damages together with post judgment interest as provided by law. Costs assessed against Defendsnt Monsanto Company. All matters and things and controversy as be,2025.0
term_25,24-1068,20260223143213285_24-1068_Final_Monsanto_v_Durnell_JA.pdf,253,1205,costs,False,True,"as and for compensatory damages, together with post judgment interest as provided by law. Costs assessed against Monsanto Company. All matters and things and controversy as between Plai",2025.0
term_25,24-109,20241219200712778_Joint_Appendix_Volume_I.pdf,113,1195,costs,False,True,"onal districting map that remedies these violations. Plaintiffs also request all fees and costs recoverable under 42 U.S.C. § 1988. Dated this 31st day of January, 2024",2025.0
term_25,24-109,20241226174016059_335066_Brief_of_Amici.pdf,17,1360,mandate,False,True,the Middle District of Louisiana that would purportedly lead to a two-Black-majority seat mandate . . . provides conclusive direct evidence” that race predominated. Id,2025.0
term_25,24-109,20250827134212077_Callais_-_Supplemental_Opening_Merits_Brief.pdf,11,1010,mandate,False,True,"ssippi, Alabama, and Georgia, all of which have lost their maps to Section 2’s race-based mandate in this redistricting cycle alone. These violations of basic equal protection principles ",2025.0
term_25,24-109,20250827134212077_Callais_-_Supplemental_Opening_Merits_Brief.pdf,81,653,mandate,False,True,"ection 2, there is no cognizable compelling interest in complying with Section 2’s racial mandate.",2025.0
term_25,24-109,20250827134212077_Callais_-_Supplemental_Opening_Merits_Brief.pdf,88,50,mandate,False,True,"43 omitted). Section 2’s race-based redistricting mandate, therefore, is an extraordinary remedy in search of a constitutional injury—an injury tha",2025.0
term_25,24-1159,20250509131931150_appendix_Pitts_v_Mississippi.pdf,195,843,mandate,False,True,"tion” “to control [his] courtroom.” Ante at ¶44. Rather, he was acceding to a legislative mandate regarding the manner in which a witness should testify at trial. Under Hall, such mandate",2025.0
term_25,24-1234,20251212200434452_24-1234_Hemani_Opening_Brief_and_Appendix.pdf,33,241,opinion_of_the_court,False,True,TES COURT OF APPEALS FOR THE FIFTH CIRCUIT BRIEF FOR THE UNITED STATES OPINIONS BELOW The opinion of the court of appeals (Pet. App. 1a-2a) is available at 2025 WL 354982. The order of the district co,2025.0
term_25,24-1238,20251201145357842_24-1238_Joint_Appendix.pdf,9,754,costs,False,True,"easonable amount in excess of Seventy-Five Thousand Dollars ($75,000.00) plus Plaintiff’s costs of suit. PLAINTIFF DEMANDS TRIAL BY JURY COUNT II (WILLFUL AND WANTON CONDUCT OF CARIBE I",2025.0
term_25,24-1238,20251201145357842_24-1238_Joint_Appendix.pdf,15,1058,costs,False,True,"reasonable amount in excess of Seventy-Five Thousand Dollars ($75,000.00) and Plaintiff’s costs of suit. PLAINTIFF DEMANDS TRIAL BY JURY COUNT IV (VICARIOUS LIABILITY NEGLIGENCE OF C.H.",2025.0
term_25,24-1238,20251201145357842_24-1238_Joint_Appendix.pdf,34,1236,costs,False,True,"easonable amount in excess of Seventy-Five Thousand Dollars ($75,000.00) plus Plaintiff’s costs of suit. PLAINTIFF DEMANDS TRIAL BY JURY",2025.0
term_25,24-1238,20251201145357842_24-1238_Joint_Appendix.pdf,50,153,so_ordered,True,False,"ant’s Motion to Dismiss Counts IV, V and VI of Plaintiff’s Complaint is DENIED (Doc. 25). IT IS SO ORDERED. DATED: September 9, 2021 [handwritten: signature] STACI M. YANDLE United States District",2025.0
term_25,24-1238,20251208130646161_Cox_Amicus_Montgomery_v_Caribe.pdf,43,910,costs,False,True," safety. Carriers, in turn, will be incentivized to compromise safety to reduce operating costs to remain competitive. The ensuing reduction in safety will come at the expense of other ",2025.0
term_25,24-1260,20250606130022508_Watson_v._RNC_Petition_and_Appendix.pdf,120,893,judgment_is,True,False,"for voting by one day, five days, or 100 days. The State’s contrary law is preempted. The judgment of the district court is REVERSED in part and VACATED in part, and the case is REMANDED for further p",2025.0
term_25,24-1287,20250617121408066_No-_Learning_Resources_Petition_For_A_Writ_Of_Certiorari_Before_Judgment.pdf,67,1026,costs,False,True,"s, Inc. v. Trump, No. 25-5202 (D.C. Cir. June 13, 2025). There is no reason to delay. The costs of waiting for full merits opinions from the D.C. Circuit or from the Federal Circuit in ",2025.0
term_25,24-171,20240815090212089_240802a_Petition_for_efiling.pdf,5,702,judgment_issued,True,True,"EEDINGS Sony Music Entertainment v. Cox Communications, Inc., No. 1:18-cv-950 (E.D. Va.) (judgment issued Jan. 12, 2021) Sony Music Entertainment v. Cox Communications, Inc., No. 21-1168 (4th Cir",2025.0
term_25,24-171,20240815090212089_240802a_Petition_for_efiling.pdf,5,823,judgment_issued,True,True,"Sony Music Entertainment v. Cox Communications, Inc., No. 21-1168 (4th Cir.) (opinion and judgment issued Feb. 20, 2024)",2025.0
term_25,24-171,20240815090212089_240802a_Petition_for_efiling.pdf,6,225,judgment_issued,True,True,"Sony Music Entertainment v. Cox Communications, Inc., No. 21-1168 (4th Cir.) (opinion and judgment issued Feb. 20, 2024)
 vi TABLE OF CONTENTS Page QUESTIONS PRESENTED ...........................",2025.0
term_25,24-171,20240815090224506_240802a_Appendix_for_efiling.pdf,233,5,so_ordered,True,False,"142a It is SO ORDERED. [h/w signature] June 2, 2020 Liam O’Grady Alexandria, Virginia United States District Ju",2025.0
term_25,24-171,20240815090224506_240802a_Appendix_for_efiling.pdf,283,1297,so_ordered,True,False,"of further order of the Court, genuine issues of material fact preclude summary judgment. It is SO ORDERED. [h/w signature] November 27, 2019 Liam O’Grady Alexandria, Virginia United States Distri",2025.0
term_25,24-171,20250527172556075_Cox-Sony.CVSG.pdf,18,540,petition_for_rehearing,False,True,uninfluenced by the vicariousinfringement verdict. Ibid. 4. The court of appeals denied a petition for rehearing en banc. Pet. App. 134a. DISCUSSION This Court should grant certiorari to address the f,2025.0
term_25,24-345,20240924130526645_FS_Credit_Opportunities_Corp._v._Saba_Capital_Master_Fund_-_Cert_Petitio_c3424825.pdf,4,577,judgment_is,True,True,"rict Judge). UPON DUE CONSIDERATION, IT IS HEREBY ORDERED, ADJUDGED, AND DECREED that the judgment of the district court is AFFIRMED. Defendants-Appellants appeal from a judgment of the United States ",2025.0
term_25,24-345,20250903121256244_2025-09-03_No._24-345_-_Chamber_-_FS_Credit_Amicus_Brief_-_Merits.pdf,14,180,costs,False,True, here. Sanctioning this breach of the separation of powers would impose severe real-world costs on the business community—as evidenced by the history of litigation in the Second Circuit,2025.0
term_25,24-345,20250908172018181_24-345_Amicus_Brief.pdf,7,928,mandate,False,True,"vision of the ICA to remain in force is difficult to square with Section 1’s interpretive mandate. 3. Airgas, Inc. v. Air Prods. & Chems., Inc., 8 A.3d 1182, 1188 (Del. 2010). (“Corporate",2025.0
term_25,24-351,20250624154749691_24-351tsUnitedStates.pdf,12,246,opinion_of_the_court,False,True,TATES COURT OF APPEALS FOR THE FIFTH CIRCUIT BRIEF FOR THE PETITIONERS OPINIONS BELOW The opinion of the court of appeals (Pet. App. 1a-13a) is reported at 96 F.4th 799. The opinion and order of the d,2025.0
term_25,24-440,20241016171732218_Berk_--_Cert_Petition_APPENDIX_rtf.pdf,83,911,costs,False,True,"for compensatory and punitive damages in an amount in excess of $75,000 together with his costs. Respectfully submitted, _____________________ Harold R. Berk, Pro Se. 17000 SW Ambrose W",2025.0
term_25,24-440,20250527152003264_24-440--Berk-_Joint_Appendix_05-27_rtf.pdf,237,959,so_ordered,True,False,"o, tell me precisely where I might find them. Otherwise, I will need to dismiss the case. IT IS SO ORDERED this 9th day of March 2023. /s/ Richard G. Andrews United States District Judge",2025.0
term_25,24-440,20250527152003264_24-440--Berk-_Joint_Appendix_05-27_rtf.pdf,238,790,so_ordered,True,False,"laims have been dismissed or withdrawn, the Clerk of Court is directed to CLOSE the case. IT IS SO ORDERED this 4th day of April 2023. /s/ Richard G. Andrews United States District Judge 1 I GRANT",2025.0
term_25,24-440,20250806144953603_HF_Berk_v_Choy_Amicus_Br_Final.pdf,22,422,costs,False,True,"cing financial challenges face significant pressure to settle claims to reduce litigation costs. Berkeley Rice, Malpractice: Why You May Be Forced to Settle, 4 MED. ECON. 20 (Feb. 22, 2",2025.0
term_25,24-482,20241025154533002_Ellingburg_SCOTUS_Petition_for_a_Writ_of_Cert.pdf,1,465,petition_for_rehearing,False,True,"• United States v. Holsey Ellingburg, Jr., No. 23-3129 (8th Cir. Sept. 30, 2024) (denying petition for rehearing en banc). • United States v. Holsey Ellingburg, Jr., No. 23-3129 (8th Cir. Aug. 23, 202",2025.0
term_25,24-482,20241025154533002_Ellingburg_SCOTUS_Petition_for_a_Writ_of_Cert.pdf,10,706,opinion_of_the_court,False,True,he United States Court of Appeals for the Eighth Circuit in this case. OPINIONS BELOW The opinion of the court of appeals is available at 113 F.4th 839 (8th Cir. 2024). Pet.App.2a-9a. The court of app,2025.0
term_25,24-482,20241025154550719_Ellingburg_pet.app..pdf,0,1112,petition_for_rehearing,False,True,sas City (4:22-cr-00173-RK-1) _________________________________________________ ORDER The petition for rehearing en banc is denied. The petition for rehearing by the panel is also denied. September 30,2025.0
term_25,24-482,20241025154550719_Ellingburg_pet.app..pdf,0,1158,petition_for_rehearing,False,True,"_________________________________ ORDER The petition for rehearing en banc is denied. The petition for rehearing by the panel is also denied. September 30, 2024 Order Entered at the Direction of the C",2025.0
term_25,24-482,20241025154550719_Ellingburg_pet.app..pdf,23,101,so_ordered,True,False,"nclusion For these reasons, the pro se motion for order to show cause (Doc. 6) is DENIED. IT IS SO ORDERED. s/ Roseann A. Ketchmark ROSEANN A. KETCHMARK, JUDGE UNITED STATES DISTRICT COURT DATED: ",2025.0
term_25,24-482,20250207153628918_24-482_Ellingburg_opp_Final.pdf,7,275,opinion_of_the_court,False,True,PEALS FOR THE EIGHTH CIRCUIT BRIEF FOR THE UNITED STATES IN OPPOSITION OPINIONS BELOW The opinion of the court of appeals (Pet. App. 2a-9a) is reported at 113 F.4th 839. The order of the district cour,2025.0
term_25,24-482,20250623190708188_24-482_Ellingburg_Opening_Brief_final.pdf,13,539,opinion_of_the_court,False,True, FOR THE EIGHTH CIRCUIT BRIEF FOR THE UNITED STATES SUPPORTING VACATUR OPINIONS BELOW The opinion of the court of appeals (Pet. App. 2a-9a) is reported at 113 F.4th 839. The order of the district cour,2025.0
term_25,24-539,20241108125757340_USSC_Petition_for_Writ_of_Certiorari.pdf,2,1017,mandate,False,True,"ss Appeal Nos. 22-1445 and 23-1002, Chiles v. Salazar, opinion issued September 12, 2024. Mandate issued October 4, 2024. U.S. District Court for the District of Colorado, No. 1:22-cv-022",2025.0
term_25,24-539,20241213134322862_241211a_AC_Brief_for_efiling.pdf,30,512,costs,False,True,t extend only to categories of speech that survive an ad hoc balancing of relative social costs and benefits. The First Amendment itself reflects a judgment by the American people that ,2025.0
term_25,24-539,20250613103026657_250612_AC_Brief_for_efiling.pdf,27,336,costs,False,True,"ent based “ ‘upon a categorical balancing of the value of the speech against its societal costs.’ ” United States v. Stevens, 559 U.S. 460, 470 (2010) (citation omitted). That is what C",2025.0
term_25,24-539,20250613103026657_250612_AC_Brief_for_efiling.pdf,27,857,costs,False,True,t extend only to categories of speech that survive an ad hoc balancing of relative social costs and benefits. The First Amendment itself reflects a judgment by the American people that ,2025.0
term_25,24-539,20250613140010811_24-539_Amicus_Brief.pdf,22,252,mandate,False,True,vide the kind of confrontation and challenge that is required for quality counseling. The mandate of the counseling censorship law is so broad as to effectively ban any speech that could ,2025.0
term_25,24-5438,20250409163818176_Bowe_Joint_Appendix_-_FINAL.pdf,33,901,costs,False,True,", (4) fine principal, (5) community restitution, (6) fine interest (7) penalties, and (8) costs, including cost of prosecution and court costs.",2025.0
term_25,24-5438,20250414141745925_24-5438acTheNationalAssociationOfFederalDefenders.pdf,31,889,petition_for_rehearing,False,True,"urth Circuit, prisoners in just six out of 73 such cases docketed in 2024 tried to file a petition for rehearing and none a petition for certiorari. If their efforts are any guide, it seems unlikely t",2025.0
term_25,24-556,20241113102214862_No_24-_Petition.pdf,13,225,petition_for_rehearing,False,True,nsidered extraordinary and compelling. The Second Circuit subsequently denied Fernandez’s petition for rehearing en banc. The Second Circuit’s decision improperly recognized two extra-textual limitati,2025.0
term_25,24-556,20250207160417684_24-556_Fernandez.pdf,7,266,opinion_of_the_court,False,True,PEALS FOR THE SECOND CIRCUIT BRIEF FOR THE UNITED STATES IN OPPOSITION OPINIONS BELOW The opinion of the court of appeals (Pet. App. 1a-25a) is reported at 104 F.4th 420. The order of the district cou,2025.0
term_25,24-556,20250804170159276_24-556_Joint_Appendix.pdf,113,996,judgment_is,True,True,"rstein, J.). UPON DUE CONSIDERATION, IT IS HEREBY ORDERED, ADJUDGED, AND DECREED that the judgment of the district court is AFFIRMED. PRESENT: DENNIS JACOBS, ROSEMARY S. POOLER, RICHARD C. WESLEY, Cir",2025.0
term_25,24-556,20250804171506200_24-556_Brief_of_Petitioner.pdf,34,703,petition_for_rehearing,False,True,. at 16a & n.4 (internal quotations omitted).) The Second Circuit then denied Fernandez’s petition for rehearing en banc. (Id. at 40a-41a.) Prior to this Court’s grant of Fernandez’s petition for a wr,2025.0
term_25,24-556,20250925163944602_24-556bsUnitedStates.pdf,16,237,opinion_of_the_court,False,True,ES COURT OF APPEALS FOR THE SECOND CIRCUIT BRIEF FOR THE UNITED STATES OPINIONS BELOW The opinion of the court of appeals (Pet. App. 1a-25a) is reported at 104 F.4th 420. The order and opinion of the ,2025.0
term_25,24-557,20241113121417971_cert_petition_Villarreal_v_Texas.pdf,7,190,opinion_of_the_court,False,True,rari to review the judgment of the Court of Criminal Appeals of Texas. OPINIONS BELOW The opinion of the Court of Criminal Appeals of Texas will be published at --- S.W.3d --- (Tex. Crim. App. 2024) a,2025.0
term_25,24-557,20241113121433008_appendix_Villarreal_v_Texas.pdf,0,548,opinion_of_the_court,False,True,"EVIEW FROM THE FOURTH COURT OF APPEALS BEXAR COUNTY OPINION Richardson, J., delivered the opinion of the Court in which Keller, P.J., and Hervey, Yeary, Newell, and Slaughter JJ., joined. A jury convi",2025.0
term_25,24-557,20250603151113462_Brief_for_Petitioner_24-557_Villarreal_v_Texas.pdf,10,287,opinion_of_the_court,False,True, Court reverse the judgment of the Court of Criminal Appeals of Texas. OPINIONS BELOW The opinion of the Court of Criminal Appeals of Texas is published at 707 S.W.3d 138. Pet. App 2a40a. The opinion ,2025.0
term_25,24-557,20250603151113462_Brief_for_Petitioner_24-557_Villarreal_v_Texas.pdf,10,389,opinion_of_the_court,False,True,he Court of Criminal Appeals of Texas is published at 707 S.W.3d 138. Pet. App 2a40a. The opinion of the Court of Appeals of Texas is published at 596 S.W.3d 338. Pet. App. 41a-69a. JURISDICTION The j,2025.0
term_25,24-557,20250603154952134_24-557_Amicus_Brief.pdf,3,658,slip_op,False,True,", 466 U.S. 668 (1984) . . . . . . . . . . . . 12, 13 Villarreal v. State, No. PD-0048-20, slip op. (Tex. Crim. App. Oct. 9, 2024) . . . . . . . . .8, 9
 v Cited Authorities Page United Sta",2025.0
term_25,24-557,20250603154952134_24-557_Amicus_Brief.pdf,17,1044,slip_op,False,True,"way to navigate a right as important as the constitutional right to counsel.” Villarreal, slip op. at 21 (Yeary, J., concurring). This danger is not hypothetical. “The line between defense",2025.0
term_25,24-557,20250603154952134_24-557_Amicus_Brief.pdf,17,1354,slip_op,False,True,"vative effects of that ongoing testimony is a nebulous one at best.” Villarreal v. State, slip op. at 19 (Tex. Crim. App. Oct. 9, 2024)",2025.0
term_25,24-557,20250603154952134_24-557_Amicus_Brief.pdf,18,239,slip_op,False,True,"vative effects of that ongoing testimony is a nebulous one at best.” Villarreal v. State, slip op. at 19 (Tex. Crim. App. Oct. 9, 2024). Judge Yeary rightly worried that such a line would ",2025.0
term_25,24-557,20250603154952134_24-557_Amicus_Brief.pdf,19,1213,slip_op,False,True,"ce under the premise he is still “on the stand.” See Villarreal v. State, No. PD-0048-20, slip op. at 3-4 (Tex. Crim. App. Oct. 9, 2024). This reframing is deeply flawed. First, it conflat",2025.0
term_25,24-568,20241119111610479_241110a_Petition_for_efiling.pdf,10,1080,opinion_of_the_court,False,True,e United States Court of Appeals for the Seventh Circuit in this case. OPINIONS BELOW The opinion of the court of appeals (Pet.App.1a23a) is not reported but is available at 2024 U.S. App. LEXIS 21142,2025.0
term_25,24-568,20241119111610479_241110a_Petition_for_efiling.pdf,30,163,costs,False,True,".15a. b. Judge Scudder dissented. Pet.App.16a23a. “By dismissing Bost’s expected campaign costs as a self-imposed, preventative measure designed to avoid a speculative harm, the Panel f",2025.0
term_25,24-568,20241119111610479_241110a_Petition_for_efiling.pdf,30,521,costs,False,True,ing by alleging that his longstanding electionmonitoring eﬀorts will incur extra ﬁnancial costs this November due to Illinois’s extended ballot-receipt deadline.” Id. at 23a. Judge Scud,2025.0
term_25,24-568,20241119111610479_241110a_Petition_for_efiling.pdf,51,715,costs,False,True,"to both monitor and evaluate whether to object to the counting of deficient ballots. This costs … time, money, volunteers and other resources.” Id. at 67a. He “organizes and sends poll ",2025.0
term_25,24-568,20241119111610479_241110a_Petition_for_efiling.pdf,53,1097,costs,False,True,"r ways. It simply ignored Congressman Bost’s factual testimony that he has been incurring costs under Illinois’ ballot receipt law since the law was changed in 2005, 19 years ago. Pet.A",2025.0
term_25,24-568,20241119111610479_241110a_Petition_for_efiling.pdf,54,462,costs,False,True,"isses the mark.” Id. at 21a. “In Clapper, the only reason the plaintiﬀs had for incurring costs was to guard against the specter of a surveillance action that may never come.” Id. at 22",2025.0
term_25,24-568,20241119111622226_241110a_Appendix_for_efiling.pdf,29,506,costs,False,True, Illinois’s extended deadline for receiving mail-in ballots will increase Bost’s campaign costs this November—a fact that gives Bost a concrete stake in the resolution of this lawsuit—I,2025.0
term_25,24-568,20241119111622226_241110a_Appendix_for_efiling.pdf,31,128,costs,False,True," and resources, as Bost explained in his complaint and sworn declaration. In my view, the costs Congressman Bost will incur to monitor ballots after Election Day gives him “a personal s",2025.0
term_25,24-568,20241119111622226_241110a_Appendix_for_efiling.pdf,31,1032,costs,False,True,"didates.” (quoting Carson v. Simon, 978 F.3d 1051, 1058 (8th Cir. 2020))). The monitoring costs are also “imminent.” Congressman Bost has declared, in no uncertain terms, that he will s",2025.0
term_25,24-568,20241119111622226_241110a_Appendix_for_efiling.pdf,33,871,costs,False,True,"f Article III standing. II Resisting this conclusion, the Panel majority describes Bost’s costs as somehow entirely selfinﬂicted. Nothing in Illinois law, the Panel emphasizes, forces B",2025.0
term_25,24-568,20241119111622226_241110a_Appendix_for_efiling.pdf,39,354,costs,False,True,"o challenge the denial of a gun licensing permit). By dismissing Bost’s expected campaign costs as a selfimposed, preventative measure designed to avoid a speculative harm, the Panel fa",2025.0
term_25,24-568,20241119111622226_241110a_Appendix_for_efiling.pdf,41,762,costs,False,True,"man Bost’s claim is distinct. In Clapper, the only reason the plaintiﬀs had for incurring costs was to guard against the specter of a surveillance action that may never come. See FEC v.",2025.0
term_25,24-568,20241119111622226_241110a_Appendix_for_efiling.pdf,42,342,costs,False,True,"ar certainty. There will be an election this November, Congressman Bost will incur staﬃng costs to monitor the full and complete ballot count, and Illinois law will require that that co",2025.0
term_25,24-568,20241119111622226_241110a_Appendix_for_efiling.pdf,43,544,costs,False,True,ng by alleging that his longstanding election-monitoring eﬀorts will incur extra ﬁnancial costs this November due to Illinois’s extended ballot-receipt deadline. As a sitting member of ,2025.0
term_25,24-568,20241119111622226_241110a_Appendix_for_efiling.pdf,44,754,judgment_is,True,False,"cv-02754 Northern District of Illinois, Eastern Division District Judge John F. Kness The judgment of the District Court is AFFIRMED, with costs, in accordance with the decision of this court entered ",2025.0
term_25,24-568,20250722114914582_24-568_Bost_merits_opening_brief.pdf,28,73,costs,False,True,". Judge Scudder dissented as to the pocketbook injury. In his view, “the costs Congressman Bost will incur to monitor ballots after Election Day gives him ‘a personal s",2025.0
term_25,24-568,20250722114914582_24-568_Bost_merits_opening_brief.pdf,29,357,costs,False,True,"allied,” which would cost “substantial time, money and resources.” Pet.App.16a-17a. Those costs are “concrete,” “particularized,” and “imminent,” as Congressman Bost had definitively de",2025.0
term_25,24-568,20250722114914582_24-568_Bost_merits_opening_brief.pdf,72,906,costs,False,True,"6a. But now he must “run [his] campaign for fourteen additional days.” Pet.App.66a. That “costs [his] campaign time, money, volunteers and other resources.” Pet.App.67a. Congressman Bos",2025.0
term_25,24-568,20250722114914582_24-568_Bost_merits_opening_brief.pdf,74,429,costs,False,True,"ys, which requires money and resources too. Pet.App.68a. As Judge Scudder explained, “the costs Congressman Bost will incur” give him “a personal stake in th[is] dispute and a basis to ",2025.0
term_25,24-568,20250722114914582_24-568_Bost_merits_opening_brief.pdf,74,570,costs,False,True,onal stake in th[is] dispute and a basis to proceed in federal court.” Pet.App.17a. Those costs are “classic pocketbook injur[ies]” sufficient to confer standing. Tyler v. Hennepin Cnty,2025.0
term_25,24-568,20250722114914582_24-568_Bost_merits_opening_brief.pdf,83,982,costs,False,True," more like Laidlaw. Congressman Bost is not trying to “manufacture standing” by incurring costs to avoid injury from a challenged action that may never occur. Rather, he is taking “reas",2025.0
term_25,24-568,20250722114914582_24-568_Bost_merits_opening_brief.pdf,83,1295,costs,False,True,28 U.S. at 183-84). Clapper would be more relevant had Congressman Bost incurred campaign costs based on pure speculation about whether there would be any late-arriving ballots or wheth,2025.0
term_25,24-568,20250722114914582_24-568_Bost_merits_opening_brief.pdf,84,370,costs,False,True,"e, one might doubt the traceability of the injury-in-fact (14 days of additional campaign costs) to the extension of a deadline that might have no effect on any ballot of interest to th",2025.0
term_25,24-568,20250728164948396_Phyllis_Schlafly_Eagles_amicus_brief_24-568.pdf,7,230,costs,False,True,"he dissent below correctly observed that Rep. Bost has standing because of the additional costs imposed on his campaign to monitor ballot counting long after Election Day, and he also h",2025.0
term_25,24-568,20250728164948396_Phyllis_Schlafly_Eagles_amicus_brief_24-568.pdf,14,80,costs,False,True,"7 challenged law here “is a near certainty,” as Rep. Bost is compelled to incur costs to monitor ballot-counting “for an additional two weeks after Election Day.” Id. Rep. Bos",2025.0
term_25,24-568,20250729084217483_24-568_Amicus_Brief_of_The_American_Center_for_Law_and_Justice.pdf,16,412,costs,False,True,g by alleging that his longstanding electionmonitoring efforts will incur extra financial costs this November due to Illinois’s extended ballot-receipt deadline. As a sitting member of ,2025.0
term_25,24-568,20250729084217483_24-568_Amicus_Brief_of_The_American_Center_for_Law_and_Justice.pdf,17,1063,costs,False,True," Illinois’s extended deadline for receiving mail-in ballots will increase Bost’s campaign costs this November—a fact that gives Bost a concrete stake in the resolution of this lawsuit,”",2025.0
term_25,24-568,20250729084217483_24-568_Amicus_Brief_of_The_American_Center_for_Law_and_Justice.pdf,17,1330,costs,False,True,t deadline. A political candidate facing unconstitutional laws that increase his campaign costs faces tangible and discrete monetary injuries,2025.0
term_25,24-568,20250729084217483_24-568_Amicus_Brief_of_The_American_Center_for_Law_and_Justice.pdf,25,656,costs,False,True,"pointed to specific, identifiable reasons for standing, such as ballot monitoring and the costs that ensue after election day, but the Seventh Circuit ignored these facts to still concl",2025.0
term_25,24-568,20250729141950609_Bost_States_Amicus_rev2.pdf,14,276,costs,False,True,". See Uzuegbunam v. Preczewski, 592 U.S. 279, 292 (2021). Representative Bost would incur costs because of Illinois’s law extending receipt and tallying of votes past Election Day. For ",2025.0
term_25,24-568,20250729141950609_Bost_States_Amicus_rev2.pdf,14,1156,costs,False,True,"rity below thought it wasn’t Illinois law that led to Representative Bost’s poll-watching costs, but rather his own “choice to expend resources to avoid a hypothetical future … electora",2025.0
term_25,24-568,20250729155808008_24-568_Amici_Curiae_Brief.pdf,9,1039,costs,False,True,"ri in the electoral context. Third, a candidate might suffer the pocketbook injury of the costs associated with additional monitoring, like Petitioner Bost did here. A state statute tha",2025.0
term_25,24-568,20250729155808008_24-568_Amici_Curiae_Brief.pdf,10,63,costs,False,True,". Third, a candidate might suffer the pocketbook injury of the costs associated with additional monitoring, like Petitioner Bost did here. A state statute tha",2025.0
term_25,24-568,20250729155808008_24-568_Amici_Curiae_Brief.pdf,10,307,costs,False,True,onal candidate to expend resources to reduce that risk. Because the additional monitoring costs are an injury “resulting from” the “application or threatened application of an unlawful ,2025.0
term_25,24-568,20250729155808008_24-568_Amici_Curiae_Brief.pdf,23,374,costs,False,True,"example, Petitioner Bost’s rational decision to monitor votes “increase[d] [his] campaign costs,” and that gives him a “concrete stake in the resolution of this lawsuit.” Pet.App. 16a (",2025.0
term_25,24-568,20250729155808008_24-568_Amici_Curiae_Brief.pdf,27,136,mandate,False,True,"itioner Bost faced “guaranteed prospect of higher campaign costs”). While Illinois didn’t mandate monitoring, the Illinois law created an environment in which failing to monitor posed a m",2025.0
term_25,24-568,20250729155808008_24-568_Amici_Curiae_Brief.pdf,27,105,costs,False,True," (Scudder, J., dissenting) (Petitioner Bost faced “guaranteed prospect of higher campaign costs”). While Illinois didn’t mandate monitoring, the Illinois law created an environment in w",2025.0
term_25,24-568,20250729161433119_Bost_Merits_Amicus_Brief.pdf,13,1230,costs,False,True,"ufficient to obtain standing for Bost. Judge Scudder noted that Bost had in fact incurred costs for after-election monitoring since the Ballot Receipt Deadline Statute’s passage, and ha",2025.0
term_25,24-568,20250729161433119_Bost_Merits_Amicus_Brief.pdf,42,1215,costs,False,True,"tax the preventative measure they seek to take.... By dismissing Bost’s expected campaign costs as a self-imposed, preventative measure designed to avoid a speculative harm, the Panel f",2025.0
term_25,24-568,20250729163326115_250722a_AC_Brief_for_efiling.pdf,11,1320,costs,False,True," unlawful votecounting scheme, which hurt their electoral prospects, caused them to incur costs for running their campaigns for an additional two weeks, and undermined their specific in",2025.0
term_25,24-568,20250729163326115_250722a_AC_Brief_for_efiling.pdf,37,754,costs,False,True," observed in his dissent, “[i]n Clapper, the only reason the plaintiffs had for incurring costs was to guard against the specter of a surveillance action that may never come.” Bost, 114",2025.0
term_25,24-568,20250729163326115_250722a_AC_Brief_for_efiling.pdf,37,1247,costs,False,True,"ply put, “[t]here will be an election this November, Congressman Bost will incur staffing costs to monitor the full and complete ballot count, and Illinois law will require that that co",2025.0
term_25,24-568,20250729170050932_24-568_Merits_Amicus.pdf,30,281,costs,False,True, of Election Day receipt and counting of ballots. The Candidate as a competitor bears the costs differently than the general public because the,2025.0
term_25,24-568,20250729190305459_24-568tsUnitedStates.pdf,2,395,costs,False,True,il-in ballots received after election day further injures Bost by increasing his campaign costs to monitor vote counting ................ 26 1. This Court has treated costs reasonably i,2025.0
term_25,24-568,20250729190305459_24-568tsUnitedStates.pdf,2,472,costs,False,True,his campaign costs to monitor vote counting ................ 26 1. This Court has treated costs reasonably incurred to mitigate an injurious risk as fairly traceable to the conduct caus,2025.0
term_25,24-568,20250729190305459_24-568tsUnitedStates.pdf,2,662,costs,False,True,hat risk ............. 26 2. The court of appeals erred in deeming the increased campaign costs to be a self-inflicted choice ...........................................................,2025.0
term_25,24-568,20250729190305459_24-568tsUnitedStates.pdf,9,939,costs,False,True,ots creates a risk he would lose the election and causes his campaign to incur additional costs in monitoring the count and objecting to ballots that are also deficient on other grounds,2025.0
term_25,24-568,20250729190305459_24-568tsUnitedStates.pdf,19,379,costs,False,True,"both monitor and evaluate whether to object to the counting of deficient ballots,” which “costs [his] campaign time, money, volunteers[,] and other resources.” Ibid. He thus “ha[s] had ",2025.0
term_25,24-568,20250729190305459_24-568tsUnitedStates.pdf,22,333,costs,False,True, Illinois’s extended deadline for receiving mail-in ballots will increase Bost’s campaign costs.” Pet. App. 16a; see id. at 16a-23a. Judge Scudder began by noting that campaign expenses,2025.0
term_25,24-568,20250729190305459_24-568tsUnitedStates.pdf,23,368,costs,False,True,nd count such ballots.” Id. at 18a. Judge Scudder faulted the majority for treating these costs as “entirely self-inflicted” and as “an overreaction to a hypothetical possibility” of el,2025.0
term_25,24-568,20250729190305459_24-568tsUnitedStates.pdf,23,779,costs,False,True,ed that this is not like cases where standing was rejected because the plaintiff incurred costs to “shield[] against the speculative possibility of government action” being taken agains,2025.0
term_25,24-568,20250729190305459_24-568tsUnitedStates.pdf,23,1258,costs,False,True,nding to seek relief barring those ballots from being counted in order to avoid the extra costs his campaign would otherwise need to incur to monitor those additional ballots for other ,2025.0
term_25,24-568,20250729190305459_24-568tsUnitedStates.pdf,27,757,costs,False,True,. C. The State’s counting of late ballots further injures Bost by increasing his campaign costs to monitor vote counting. Because the State is extending the period for receiving mail-in,2025.0
term_25,24-568,20250729190305459_24-568tsUnitedStates.pdf,27,1249,costs,False,True,"sufficient to support Bost’s standing, because this Court has held that monetary or other costs that a plaintiff reasonably incurs to mitigate an injurious risk imposed by the defendant",2025.0
term_25,24-568,20250729190305459_24-568tsUnitedStates.pdf,27,1456,costs,False,True,traceable to that conduct. The Seventh Circuit erred in dismissing the increased campaign costs as Bost’s self-inflicted choice,2025.0
term_25,24-568,20250729190305459_24-568tsUnitedStates.pdf,28,65,costs,False,True,. The Seventh Circuit erred in dismissing the increased campaign costs as Bost’s self-inflicted choice. It is true that a plaintiff who has not suffered a concr,2025.0
term_25,24-568,20250729190305459_24-568tsUnitedStates.pdf,35,415,costs,False,True," 35-37. Moreover, the law further injures him by causing his campaign to incur additional costs for monitoring the counting of the extra ballots to mitigate the risk they pose. See Pt. ",2025.0
term_25,24-568,20250729190305459_24-568tsUnitedStates.pdf,57,122,costs,False,True,"il-In Ballots Received After Election Day Further Injures Bost By Increasing His Campaign Costs To Monitor Vote Counting The standing analysis here is particularly “straightforward,” Di",2025.0
term_25,24-568,20250729190305459_24-568tsUnitedStates.pdf,57,413,costs,False,True,"s campaign. Extending the period for receiving mail-in ballots by two weeks increases the costs incurred to monitor the counting of those ballots, which is necessary precisely because o",2025.0
term_25,24-568,20250729190305459_24-568tsUnitedStates.pdf,57,571,costs,False,True,cessary precisely because of the risk that the ballots could be decisive. “Those monetary costs are of course an injury.” Ibid. (quotation marks omitted). This Court has repeatedly held,2025.0
term_25,24-568,20250729190305459_24-568tsUnitedStates.pdf,57,690,costs,False,True,.” Ibid. (quotation marks omitted). This Court has repeatedly held that monetary or other costs reasonably incurred to mitigate an injurious risk imposed by the challenged conduct are f,2025.0
term_25,24-568,20250729190305459_24-568tsUnitedStates.pdf,57,913,costs,False,True,ould be redressed by halting that conduct). The Seventh Circuit erred in dismissing those costs as Bost’s self-inflicted choice. 1. This Court has treated costs reasonably incurred to m,2025.0
term_25,24-568,20250729190305459_24-568tsUnitedStates.pdf,57,978,costs,False,True,rred in dismissing those costs as Bost’s self-inflicted choice. 1. This Court has treated costs reasonably incurred to mitigate an injurious risk as fairly traceable to the conduct caus,2025.0
term_25,24-568,20250729190305459_24-568tsUnitedStates.pdf,59,525,costs,False,True,"bstantial risk’ that the harm will occur, which may prompt plaintiffs to reasonably incur costs to mitigate or avoid that harm.” Clapper, 568 U.S. at 414 n.5. For example, in American B",2025.0
term_25,24-568,20250729190305459_24-568tsUnitedStates.pdf,60,351,costs,False,True,"emocratic Party v. Benkiser, 459 F.3d 582, 586 (5th Cir. 2006) (holding that the campaign costs a political party would need to incur if the opposing party were allowed to belatedly cha",2025.0
term_25,24-568,20250729190305459_24-568tsUnitedStates.pdf,60,552,costs,False,True,"e supported standing to challenge the change). Here, Bost must either incur the increased costs of monitoring the late",2025.0
term_25,24-568,20250729190305459_24-568tsUnitedStates.pdf,61,590,costs,False,True,".” Shays, 414 F.3d at 89. 2. The court of appeals erred in deeming the increased campaign costs to be a self-inflicted choice The Seventh Circuit held that Bost’s increased costs for ba",2025.0
term_25,24-568,20250729190305459_24-568tsUnitedStates.pdf,61,673,costs,False,True,mpaign costs to be a self-inflicted choice The Seventh Circuit held that Bost’s increased costs for ballot monitoring are “not ‘fairly traceable’ to the Illinois ballot receipt procedur,2025.0
term_25,24-568,20250729190305459_24-568tsUnitedStates.pdf,61,1276,costs,False,True,se the election.” Id. at 11a-12a. The court thus concluded that Bost’s increased campaign costs are selfinflicted harms that could not support Article III standing under Clapper. Id. at,2025.0
term_25,24-568,20250729190305459_24-568tsUnitedStates.pdf,62,70,costs,False,True,. at 11a-12a. The court thus concluded that Bost’s increased campaign costs are selfinflicted harms that could not support Article III standing under Clapper. Id. at,2025.0
term_25,24-568,20250729190305459_24-568tsUnitedStates.pdf,65,152,costs,False,True,"n imminent Article III injury. See Pt. B.3, supra. Accordingly, Bost’s increased campaign costs “to mitigate” that risk are “reasonably incur[red]” and fairly traceable to the State’s l",2025.0
term_25,24-568,20250826100706564_Bost_-_Brief_for_Respondents_-_PDFA.pdf,12,773,costs,False,True,es to “chase” mail-in ballots and to monitor those ballots that arrive after Election Day—costs that petitioners asserted constituted an injury traceable to the challenged law. Id. at 6,2025.0
term_25,24-568,20250826100706564_Bost_-_Brief_for_Respondents_-_PDFA.pdf,92,95,costs,False,True,"rence that disadvantages him. To the extent that petitioners argue that Bost’s monitoring costs are necessary to prevent any flawed ballot from being mistakenly counted, that is indisti",2025.0
term_25,24-568,20250826100706564_Bost_-_Brief_for_Respondents_-_PDFA.pdf,92,396,costs,False,True," vote tally. Supra pp. 25-29. Thus, “allowing [petitioners] to bring this action based on costs they incurred in response to [this noncognizable harm] would be tantamount to accepting a",2025.0
term_25,24-5774,20250117191208059_24-5774_Barrett_Opp.pdf,1,812,opinion_of_the_court,False,True,_____________ BRIEF FOR THE UNITED STATES IN OPPOSITION _______________ OPINION BELOW The opinion of the court of appeals (Pet. App. 1a-70a) is reported at 102 F.4th 60. Prior decisions of the court o,2025.0
term_25,24-5774,20250523115156404_BRIEF_FOR_PETITIONER.pdf,30,1261,mandate,False,True,"(j) neither incorporates subsection (c)’s penalties nor triggers the consecutive-sentence mandate.” Id. at 462. B. Factual and Procedural Background 1. From August 2011 to January 2012, P",2025.0
term_25,24-5774,20250523115156404_BRIEF_FOR_PETITIONER.pdf,35,328,mandate,False,True,"24] neither incorporates subsection (c)’s penalties nor triggers the consecutive-sentence mandate.” 599 U.S. at 462. Barrett thus filed a supplemental brief, explaining that his judge bel",2025.0
term_25,24-5774,20250523131305155_24-5774tsUnitedStates.pdf,7,253,opinion_of_the_court,False,True,PEALS FOR THE SECOND CIRCUIT BRIEF FOR RESPONDENT SUPPORTING PETITIONER OPINION BELOW The opinion of the court of appeals (Pet. App. 1a-70a) is reported at 102 F.4th 60. Prior decisions of the court o,2025.0
term_25,24-5774,20250728134615697_Barrett_Amicus_Brief_ISO_Judgment_Below.pdf,25,350,mandate,False,True,"t’s appeal was pending, this Court decided Lora, which held that the consecutive-sentence mandate in section 924(c)(1)(D)(ii) does not apply to sentences imposed under section 924(j). 599",2025.0
term_25,24-5774,20250827100203962_REPLY_BRIEF_FOR_PETITIONER.pdf,28,1082,mandate,False,True,(j) neither incorporates subsection (c)’s penalties nor triggers the consecutive-sentence mandate.” 599 U.S. at 462. The Court pointedly took “no position” on whether “‘Section 924(j) amo,2025.0
term_25,24-621,20241204134722325_NRSC_v._FEC_Cert_Petition.pdf,23,257,costs,False,True,"ittees’ ability “to unify their political message” with their candidates, “increase their costs, create redundancies, and discourage them from communicating effectively with their candi",2025.0
term_25,24-621,20241204134728729_NRSC_v._FEC_-_Petition_Appendix.pdf,3,1328,costs,False,True,"dinated party expenditures restrict. The no-coordination requirements also increase their costs, create redundancies, and discourage them from communicating effectively with their candi",2025.0
term_25,24-621,20241204134728729_NRSC_v._FEC_-_Petition_Appendix.pdf,371,855,costs,False,True,"ively, are inflated. The FEC claims that (1) documentary evidence tends to prove that the costs of running an independent expenditure unit are lower than Plaintiffs contend, (2) expense",2025.0
term_25,24-621,20241204134728729_NRSC_v._FEC_-_Petition_Appendix.pdf,371,1046,costs,False,True,ted to advertising borne by the independent expenditure units do not constitute operating costs because such expenditures would have been made by the committees regardless “whether [it ,2025.0
term_25,24-621,20241204134728729_NRSC_v._FEC_-_Petition_Appendix.pdf,377,1000,costs,False,True,"nd the NRCC have placed uncontroverted evidence on the record tying these units and their costs solely to the coordinated party expenditure limits, (Doc. 41-1, #4036–37; Doc. 41-2, #409",2025.0
term_25,24-621,20241204134728729_NRSC_v._FEC_-_Petition_Appendix.pdf,377,1211,costs,False,True,"he Court’s discretion to find as a matter of fact that plaintiff committees have incurred costs (in the order of millions of the dollars, (Doc",2025.0
term_25,24-621,20241204134728729_NRSC_v._FEC_-_Petition_Appendix.pdf,379,158,mandate,False,True,n” on Plaintiffs’ free speech rights is a merits question beyond the scope of the Court’s mandate. All the Court finds at this stage in the litigation is that Plaintiffs have proffered ev,2025.0
term_25,24-621,20241204134728729_NRSC_v._FEC_-_Petition_Appendix.pdf,379,280,costs,False,True,"this stage in the litigation is that Plaintiffs have proffered evidence identifying those costs and risks as the result of the FECA’s coordinated party expenditure limits. With that, th",2025.0
term_25,24-621,20241204134728729_NRSC_v._FEC_-_Petition_Appendix.pdf,379,837,costs,False,True,ts Plaintiffs’ constitutional claims. And the Court will avoid characterizing advertising costs incurred by the plaintiff committees’ independent expenditure units as “operational.” But,2025.0
term_25,24-621,20241204134728729_NRSC_v._FEC_-_Petition_Appendix.pdf,379,990,costs,False,True,ture units as “operational.” But it will find that Plaintiffs have identified examples of costs and burdens the coordinated expenditure limits have imposed on the NRSC and the NRCC. Fin,2025.0
term_25,24-621,20241204134728729_NRSC_v._FEC_-_Petition_Appendix.pdf,439,365,costs,False,True," office; * * * (ix) the payment by a State or local committee of a political party of the costs of campaign materials (such as pins, bumper stickers, handbills, brochures, posters, part",2025.0
term_25,24-621,20241204134728729_NRSC_v._FEC_-_Petition_Appendix.pdf,439,638,costs,False,True,"es on behalf of nominees of such party: Provided, That– (1) such payments are not for the costs of campaign materials or activities used in connection with any broadcasting, newspaper, ",2025.0
term_25,24-621,20241204134728729_NRSC_v._FEC_-_Petition_Appendix.pdf,440,221,costs,False,True,didates; * * * (xi) the payment by a State or local committee of a political party of the costs of voter registration and get-out-the-vote activities conducted by such committee on beha,2025.0
term_25,24-621,20250106142621600_NRSC_Amicus.pdf,13,1079,costs,False,True, apply to party committees’ coordinated expenditures drawn from accounts used “to defray” costs of: (1) funding “a presidential nominating convention” (up to $20 million); (2) building ,2025.0
term_25,24-621,20250106163155192_No._24-621_Amicus_Brief.pdf,23,697,costs,False,True, And state parties are generally far less able than national party committees to bear the costs involved in making independent expenditures without running afoul of contribution limits.,2025.0
term_25,24-621,20250519155738355_24-621certresponse.pdf,7,296,opinion_of_the_court,False,True,TATES COURT OF APPEALS FOR THE SIXTH CIRCUIT BRIEF FOR THE RESPONDENTS OPINIONS BELOW The opinion of the court of appeals (Pet. App. 1a157a) is reported at 117 F.4th 389. The opinion and order of the ,2025.0
term_25,24-621,20250821144809824_24-621_NRSC_v._FEC_Merits_Brief.pdf,22,244,costs,False,True,"ittees’ ability “to unify their political message” with their candidates, “increase their costs, create redundancies, and discourage them from communicating effectively with their candi",2025.0
term_25,24-621,20250821144809824_24-621_NRSC_v._FEC_Merits_Brief.pdf,24,378,costs,False,True, their legal-proceedings accounts to pay for a vast array of candidate and campaign legal costs without limit. See JA677.,2025.0
term_25,24-621,20250821145121036_24-621_NRSC_Joint_Appendix_Volume_I.pdf,38,451,costs,False,True,"ed with a requisite level of volunteer involvement as defined by FEC regulation, then the costs of the mailer are deemed exempt from treatment as either contributions or expenditures, e",2025.0
term_25,24-621,20250821145121036_24-621_NRSC_Joint_Appendix_Volume_I.pdf,71,865,costs,False,True,"perate its IE unit, including nearly $1.2 million alone on rent and furnishings, staffing costs, and consultants”); Decl. of James David Vance (“Vance Decl.”) ¶ 12, PageID# 196 (“My cam",2025.0
term_25,24-621,20250821145121036_24-621_NRSC_Joint_Appendix_Volume_I.pdf,71,1014,costs,False,True,"e Decl.”) ¶ 12, PageID# 196 (“My campaign committee will continue to bear the burdens and costs imposed by the coordinated party expenditure limits”).) The Commission has not had the op",2025.0
term_25,24-621,20250821145121036_24-621_NRSC_Joint_Appendix_Volume_I.pdf,244,659,costs,False,True,"ety of committee operating expenses such as rent, personnel, overhead and other dayto-day costs of running the committee. Table 23 - Republican National Party Committee Operating Expend",2025.0
term_25,24-621,20250821145121036_24-621_NRSC_Joint_Appendix_Volume_I.pdf,264,1136,costs,False,True,"ections, that they are designed to elect or defeat candidates, and that they drive up the costs of elections. My constituents in Massachusetts expressed to me their concern about the im",2025.0
term_25,24-621,20250821145121036_24-621_NRSC_Joint_Appendix_Volume_I.pdf,327,1299,costs,False,True,"ostly unrecognizable among the public), diminished accountability, and increased campaign costs. There are many scholars who share my views about how the campaign finance laws are anti-",2025.0
term_25,24-621,20250821145141578_24-621_NRSC_Joint_Appendix_Volume_II.pdf,155,572,costs,False,True,"national party headquarters buildings. Id. These separate funds defray some categories of costs that party committees incur, though they are not as directly connected with electoral eff",2025.0
term_25,24-621,20250821145141578_24-621_NRSC_Joint_Appendix_Volume_II.pdf,200,752,costs,False,True,"s and candidates, the use of real or personal property, such as a community room, and the costs of invitations, food, and beverages voluntarily provided by an individual to any politica",2025.0
term_25,24-621,20250821145141578_24-621_NRSC_Joint_Appendix_Volume_II.pdf,271,1174,costs,False,True,"uted with a requisite level of volunteer involvement, as interpreted by the FEC, then the costs of the production, preparation, and distribution of the mailer are deemed exempt from tre",2025.0
term_25,24-621,20250821145141578_24-621_NRSC_Joint_Appendix_Volume_II.pdf,289,463,costs,False,True,"sponsibility, accelerated polarization, diminished accountability, and increased campaign costs, see infra Part VI.D; Mem. 27-36 (Doc. 21, PageID # 250-59). A. The Discovery Record Conf",2025.0
term_25,24-621,20250821145141578_24-621_NRSC_Joint_Appendix_Volume_II.pdf,429,1045,costs,False,True,"ively, are inflated. The FEC claims that (1) documentary evidence tends to prove that the costs of running an independent expenditure unit are lower than 12 For the same reason that the",2025.0
term_25,24-621,20250821145141578_24-621_NRSC_Joint_Appendix_Volume_II.pdf,431,131,costs,False,True,ted to advertising borne by the independent expenditure units do not constitute operating costs because such expenditures would have been made by the committees regardless “whether [it ,2025.0
term_25,24-621,20250821145141578_24-621_NRSC_Joint_Appendix_Volume_II.pdf,431,454,costs,False,True," as much as they want on coordinated expenditures, they would not have “incurred specific costs” (e.g., polling data) that are currently borne by the independent expenditure units. (Doc",2025.0
term_25,24-621,20250821145141578_24-621_NRSC_Joint_Appendix_Volume_II.pdf,436,316,costs,False,True,"he Court’s discretion to find as a matter of fact that plaintiff committees have incurred costs (in the order of millions of the dollars, (Doc. 43 ¶¶ 331, 333, #5238–39 (the FEC’s ackno",2025.0
term_25,24-621,20250821145141578_24-621_NRSC_Joint_Appendix_Volume_II.pdf,437,405,mandate,False,True,n” on Plaintiffs’ free speech rights is a merits question beyond the scope of the Court’s mandate. All the Court finds at this stage in the litigation is that Plaintiffs have proffered ev,2025.0
term_25,24-621,20250821145141578_24-621_NRSC_Joint_Appendix_Volume_II.pdf,437,127,costs,False,True,"ibutable to the coordinated expenditure units. Camara, 952 F.3d at 375. Now, whether such costs (or the risk of duplicative or harmful advertising and the bar on complete coordination a",2025.0
term_25,24-621,20250821145141578_24-621_NRSC_Joint_Appendix_Volume_II.pdf,437,527,costs,False,True,"this stage in the litigation is that Plaintiffs have proffered evidence identifying those costs and risks as the result of the FECA’s coordinated party expenditure limits. With that, th",2025.0
term_25,24-621,20250821145141578_24-621_NRSC_Joint_Appendix_Volume_II.pdf,437,1084,costs,False,True,ts Plaintiffs’ constitutional claims. And the Court will avoid characterizing advertising costs incurred by the plaintiff committees’ independent expenditure units as “operational.” But,2025.0
term_25,24-621,20250821145141578_24-621_NRSC_Joint_Appendix_Volume_II.pdf,437,1237,costs,False,True,ture units as “operational.” But it will find that Plaintiffs have identified examples of costs and burdens the coordinated expenditure limits have imposed on the NRSC and the NRCC,2025.0
term_25,24-621,20250821145141578_24-621_NRSC_Joint_Appendix_Volume_II.pdf,438,54,costs,False,True,. And the Court will avoid characterizing advertising costs incurred by the plaintiff committees’ independent expenditure units as “operational.” But,2025.0
term_25,24-621,20250821145141578_24-621_NRSC_Joint_Appendix_Volume_II.pdf,493,845,costs,False,True,"dinated party expenditures restrict. The no-coordination requirements also increase their costs, create redundancies, and discourage them from communicating effectively with their candi",2025.0
term_25,24-621,20250821162103630_24-621respbr.pdf,10,315,opinion_of_the_court,False,True,TH CIRCUIT BRIEF FOR THE FEDERAL RESPONDENTS IN SUPPORT OF PETITIONERS OPINIONS BELOW The opinion of the court of appeals (Pet. App. 1a157a) is reported at 117 F.4th 389. The opinion and order of the ,2025.0
term_25,24-621,20250821162103630_24-621respbr.pdf,128,271,costs,False,True,"not include— (viii) the payment by a State or local committee of a political party of the costs of campaign materials (such as pins, bumper stickers, handbills, brochures, posters, part",2025.0
term_25,24-621,20250821162103630_24-621respbr.pdf,128,544,costs,False,True,"es on behalf of nominees of such party: Provided, That— (1) such payments are not for the costs of campaign materials or activities used in connection with any broadcasting, newspaper, ",2025.0
term_25,24-621,20250821162103630_24-621respbr.pdf,128,1064,costs,False,True,ar candidates; (ix) the payment by a State or local committee of a political party of the costs of voter registration and getout-the-vote activities conducted by such committee on behal,2025.0
term_25,24-621,20250828105415774_24-621_Amicus_Brief.pdf,53,987,costs,False,True,"gly, some state party committees are less able than national party committees to bear the costs associated with establishing quarantined independent expenditure operations with standalo",2025.0
term_25,24-621,20250828142843855_24-621_Amicus_Brief.pdf,30,919,costs,False,True," contort their internal operations and governance, incur substantial compliance and staff costs, assume chilling legal risks, and often render their advocacy less effective—or worse, co",2025.0
term_25,24-621,20250828145840959_2025_08_28_24-621_NRSC_v_SEC_AAF_et_al_Amicus_Brief.pdf,2,945,slip_op,False,True,"...... 5, 6 National Republican Senatorial Committee v. Fed. Election Comm’n, No. 24-3501 slip op. (6th Cir. Sept. 5, 2024) .................................................... 2, 3, 9",2025.0
term_25,24-621,20250929154932437_24-621_NRSC_v_FEC_-_Democratic_Committees_Brief.pdf,45,978,costs,False,True,"d the regulatory exemptions for general “personnel, ... fundraising, and other day-to-day costs of political committees” not made on behalf of or directly attributable to a candidate, 1",2025.0
term_25,24-621,20250929171034906_2025-09-29_No._24-621_Merits_Brief_for_Court-Appointed_Amicus_Curiae.pdf,69,1061,costs,False,True,ceded that coordinated party spending includes things like “covering a candidate’s travel costs” or “staffs’ salaries.”10 Petitioners cannot ignore that reality to load the dice on the ,2025.0
term_25,24-624,20241204194008252_No._24-_Petition_for_a_Writ_of_Certiorari.pdf,77,44,opinion_of_the_court,False,True,"3a Chief Justice Mike McGrath delivered the Opinion of the Court. ¶1. Trevor Case appeals a February 24, 2023 judgment from the Third Judicial District Co",2025.0
term_25,24-699,20241227105128755_Exxon_PETITION_FOR_A_WRIT_OF_CERTIORARI.pdf,297,937,so_ordered,True,True,"f settlement (see Claim of Lisle Corporation, Claim No. CU-0644), and in the instant case it is so ordered. CERTIFICATION OF LOSS The Commission certifies that STANDARD OIL COMPANY suffered a loss",2025.0
term_25,24-699,20251205115633357_No._24-699_Amicus_Brief.pdf,27,1145,costs,False,True,"nalysis of the Costs and Compensation of the U.S. Tort System 2, 4 (2022) (examining “the costs of the legal system and the efficiency with which it delivers compensation to injured par",2025.0
term_25,24-724,20250107151459319_2._Appendix.pdf,54,430,petition_for_rehearing,False,True,"hat the court be polled on rehearing en banc (FED. R. APP. P. 35 and 5TH CIR. R. 35), the petition for rehearing en banc is DENIED. Treating the petition for rehearing en banc filed by Appellee Hain C",2025.0
term_25,24-724,20250107151459319_2._Appendix.pdf,54,485,petition_for_rehearing,False,True,"PP. P. 35 and 5TH CIR. R. 35), the petition for rehearing en banc is DENIED. Treating the petition for rehearing en banc filed by Appellee Hain Celestial Group, Incorporated as a petition for panel re",2025.0
term_25,24-724,20250107151459319_2._Appendix.pdf,54,839,petition_for_rehearing,False,True,"hat the court be polled on rehearing en banc (FED. R. APP. P. 35 and 5TH CIR. R. 35), the petition for rehearing en banc is DENIED.",2025.0
term_25,24-724,20250203084125804_24-724_Brief.pdf,6,866,costs,False,True," second chance to impose liability on a product manufacturer that already has endured the costs and burdens of district court litigation and won on the merits—is especially wasteful, tr",2025.0
term_25,24-724,20250702114654871_Hain_-_Amicus_Brief.pdf,5,812,costs,False,True," second chance to impose liability on a product manufacturer that already has endured the costs and burdens of district court litigation and won on the merits—is especially wasteful, tr",2025.0
term_25,24-724,20250707145128870_Hain_-_Merits_Amicus_Brief_-_7_July_2025.pdf,11,977,judgment_issued,True,True,"ce-canadysays-the-courts-are-making-a-dent-in-case-backlogs/. But when faced with a final judgment issued in favor of The Hain Celestial Group, Inc. (“Hain”) after a twoweek jury trial in a case ",2025.0
term_25,24-724,20250707145128870_Hain_-_Merits_Amicus_Brief_-_7_July_2025.pdf,15,396,judgment_issued,True,False,d and remanded without even considering whether there were reversible errors in the final judgment issued in Hain’s favor. See Pet. App. 23a. That holding ensures that plaintiffs in removed cases,2025.0
term_25,24-724,20250818125150493_Hain_Amicus_Brief_and_Appendix.pdf,19,891,mandate,False,True,aning if a party who continuously objected to an uncorrected categorical violation of the mandate could obtain no relief at the end of the day.” Id. This Court’s decision in Grupo Dataflu,2025.0
term_25,24-724,20250818163312926_Hain_Celestial.Amicus.pdf,20,767,judgment_issued,True,False," the rule happens to have benefited the plaintiffs, ensuring that they are not bound by a judgment issued by a court that lacked jurisdiction over their claims. But in another case, it might well",2025.0
term_25,24-724,20250818163312926_Hain_Celestial.Amicus.pdf,20,951,judgment_issued,True,False," might well benefit the defendants—and for the same reason: They too cannot be bound by a judgment issued by a court that lacked jurisdiction over the claims against them. So, if Hain had lost on",2025.0
term_25,24-758,20250113154843375_No._24-_Petition.pdf,58,649,costs,False,True, allows activists to frustrate federal immigration enforcement while imposing unnecessary costs on governments across the nation. The Court should therefore grant the petition for a wri,2025.0
term_25,24-758,20250922190811671_24-758_bsacUS_GEOGroup_final.pdf,70,1133,costs,False,True,"nsufficient to satisfy the collateral-order doctrine, Lauro Lines, 490 U.S. at 499, those costs ultimately are likely to be passed on to the government (and thus the taxpayers) in the f",2025.0
term_25,24-777,20250801101326754_24-777_Urias-Orellana_Cert_Br._final.pdf,8,281,opinion_of_the_court,False,True,STATES COURT OF APPEALS FOR THE FIRST CIRCUIT BRIEF FOR THE RESPONDENT OPINIONS BELOW The opinion of the court of appeals (Pet. App. 1a-17a) is reported at 121 F.4th 327. The decision of the Board of ,2025.0
term_25,24-777,20251009153229428_24-777bsUnitedStates.pdf,11,897,opinion_of_the_court,False,True,STATES COURT OF APPEALS FOR THE FIRST CIRCUIT BRIEF FOR THE RESPONDENT OPINIONS BELOW The opinion of the court of appeals (Pet. App. 1a-17a) is reported at 121 F.4th 327. The decision of the Board of ,2025.0
term_25,24-781,20250121112546465_USSC_Petition_for_Writ_of_Certiorari.pdf,231,814,so_ordered,True,True," lwilson@ADFLegal.org Attorneys for Defendant First Choice Women’s Resource Centers, Inc. IT IS SO ORDERED. /s/ Lisa M. Adubato HON. LISA M. ADUBATO, J.S.C.",2025.0
term_25,24-781,20250828144943847_2025_08_28_24-781_First_Choice_Womens_v_Platkin_AAF_et_al_Amicus_Brief.pdf,24,1045,costs,False,True," his bid for data, Mr. Platkin will at least have absorbed resources in the form of legal costs and time and can present the battle as part of his pro-abortion bona fides. The question ",2025.0
term_25,24-781,20250828160018954_24-781_Amicus_Brief.pdf,21,1180,costs,False,True,"on of regulatory authority to target disfavored viewpoints, imposing undue administrative costs and risking the exposure of confidential client and donor information",2025.0
term_25,24-783,20250117134254622_No._-_Petition.pdf,134,678,petition_for_rehearing,False,True,"-Appellees. BEFORE: GRIFFIN, THAPAR, and NALBANDIAN, Circuit Judges. The court received a petition for rehearing en banc. The original panel has reviewed the petition for rehearing and concludes that ",2025.0
term_25,24-783,20250117134254622_No._-_Petition.pdf,134,746,petition_for_rehearing,False,True, The court received a petition for rehearing en banc. The original panel has reviewed the petition for rehearing and concludes that the issues raised in the petition were fully considered upon the ori,2025.0
term_25,24-783,20250905133203750_Enbridge_Amicus.pdf,44,859,costs,False,True,ents in energy resources (like refineries) might be suddenly transformed into wasted sunk costs. Long-term planning might be dispensed in favor of a sudden emergency response. The kind ,2025.0
term_25,24-783,20251020170050917_Nessel.pdf,25,1006,judgment_issued,True,False,"ense structure is uniquely bureaucratic, such that a surprising and unusual default money judgment issued by a state court may require more than 30 days for the Government to properly assess its ",2025.0
term_25,24-808,20250123121951788_CORRECTED_Application_for_Writ_of_Certiorari.pdf,71,802,so_ordered,True,True,"ons of law are grounded in Sixth 77a
Circuit binding precedent. Its decision is AFFIRMED. IT IS SO ORDERED. 78a
 APPENDIX D IN THE UNITED STATES BANKRUPTCY COURT MIDDLE DISTRICT OF TENNESSEE IN RE",2025.0
term_25,24-808,20250123121951788_CORRECTED_Application_for_Writ_of_Certiorari.pdf,88,1143,so_ordered,True,False,"ied based solely on the timeliness problem. Accordingly, Coney Island’s motion is denied. IT IS SO ORDERED. 100a",2025.0
term_25,24-820,20250130155124152_certiorari_petition_-_Rutherford_v._U.S.pdf,19,141,opinion_of_the_court,False,True,f certiorari to review the judgment of the Third Circuit in this case. OPINIONS BELOW The opinion of the court of appeals (App. 1a-36a) is reported at 120 F.4th 360. The district court’s memorandum (A,2025.0
term_25,24-820,20250130155130886_certiorari_appendix_-_Rutherford_v._U.S.pdf,1,304,opinion_of_the_court,False,True,"24 _______________ Before: JORDAN, SMITH, Circuit Judges and BUMB, Chief District Judge*. OPINION OF THE COURT JORDAN, Circuit Judge. Daniel Rutherford seeks a reduction of the nearly 42.5-year senten",2025.0
term_25,24-820,20250505182918476_24-820_Rutherford_FINAL.pdf,6,255,opinion_of_the_court,False,True,TES COURT OF APPEALS FOR THE THIRD CIRCUIT BRIEF FOR THE UNITED STATES OPINIONS BELOW The opinion of the court of appeals (Pet. App. 1a-36a) is reported at 120 F.4th 360. The order of the district cou,2025.0
term_25,24-820,20250815131259309_NAACP_Rutherford_and_Carter_Amicus_Brief.pdf,20,544,mandate,False,True,"nary and compelling” reasons to reduce a defendant’s sentence. Disregarding that explicit mandate, the Third Circuit imposed its own misguided definition of “extraordinary and compelling”",2025.0
term_25,24-820,20250925182237138_24-820bsUnitedStates.pdf,17,314,opinion_of_the_court,False,True,TES COURT OF APPEALS FOR THE THIRD CIRCUIT BRIEF FOR THE UNITED STATES OPINIONS BELOW The opinion of the court of appeals in petitioner Rutherford’s case is reported at 120 F.4th 360 (Rutherford Pet. ,2025.0
term_25,24-856,20250206141615995_2025.01.31_-_Cisco_Cert_Pet_App.pdf,292,990,so_ordered,True,False,"intiffs’ federal claims and GRANTED without prejudice as to Plaintiffs’ state law claims. IT IS SO ORDERED Dated: September 5, 2014 /s/ Edward J. Davila EDWARD J. DAVILA United States District Jud",2025.0
term_25,24-856,20250206141615995_2025.01.31_-_Cisco_Cert_Pet_App.pdf,316,1341,so_ordered,True,False,") or Rule 60(b)(6) motion. Thus, for the foregoing reasons, Plaintiffs’ motion is DENIED. IT IS SO ORDERED. Dated: August 31, 2015 /s/ Edward J. Davila EDWARD J. DAVILA United States District Judg",2025.0
term_25,24-856,20250206141615995_2025.01.31_-_Cisco_Cert_Pet_App.pdf,317,583,mandate,False,True,": TASHIMA, BERZON, and CHRISTEN, Circuit Judges. Defendants-Appellees’ motion to stay the mandate pending the filing of a petition for a writ of certiorari is GRANTED. Fed. R. App. P. 41(",2025.0
term_25,24-856,20260218115211423_24-856_-_Cisco_Br_for_Petrs.pdf,13,238,opinion_of_the_court,False,True,TATES COURT OF APPEALS FOR THE NINTH CIRCUIT BRIEF FOR THE PETITIONERS OPINIONS BELOW The opinion of the court of appeals (Pet. App. 1a-94a) is reported at 73 F.4th 700. The order of the court of appe,2025.0
term_25,24-872,20250212131501188_Final_Appendix_-_State_of_Alabama.pdf,20,698,so_ordered,True,False,"enth Circuit, and remand the case for further consideration consistent with this opinion. It is so ordered. JUSTICE THOMAS and JUSTICE GORSUCH would grant the petition for a writ of certiorari and",2025.0
term_25,24-872,20250812154207088_Joint_appendix_Vol_I_for_24-872.pdf,558,304,notice_formal_revision,True,False,"of January, 2014 /s/ Callie V. S. Granade______________ UNITED STATES DISTRICT JUDGE
 427 Notice: This opinion is subject to formal revision before publication in the advance sheets of Southern Report",2025.0
term_25,24-889,20250214130650590_Petition_Appendix_-_Hikma_v_Amarin.pdf,40,1000,so_ordered,True,False,"e, they may file a motion in compliance with the Local Rules seeking leave to amend.
 24a IT IS SO ORDERED this 4th day of January 2022. /s/ Richard G. Andrews UNITED STATES DISTRICT JUDGE",2025.0
term_25,24-889,20250214130650590_Petition_Appendix_-_Hikma_v_Amarin.pdf,41,4,so_ordered,True,False,"24a IT IS SO ORDERED this 4th day of January 2022. /s/ Richard G. Andrews UNITED STATES DISTRICT JUDGE
 25a AP",2025.0
term_25,24-889,20250214130650590_Petition_Appendix_-_Hikma_v_Amarin.pdf,66,975,petition_for_rehearing,False,True," for the District of Delaware in Nos. 1:20-cv-01630-RGA-JLH, Judge Richard G. Andrews. ON PETITION FOR REHEARING EN BANC",2025.0
term_25,24-889,20250214130650590_Petition_Appendix_-_Hikma_v_Amarin.pdf,67,212,petition_for_rehearing,False,True,"ER CURIAM. O R D E R Hikma Pharmaceuticals PLC and Hikma Pharmaceuticals USA Inc. filed a petition for rehearing en banc. A response was invited by the court and filed by Amarin Pharma, Inc., Amarin P",2025.0
term_25,24-889,20250515112618670_24-889_Brief_in_Opposition.pdf,9,640,costs,False,True," Joseph A. DiMasi et al., Innovation in the Pharmaceutical Industry: New Estimates of R&D Costs, 47 J. HEALTH ECON. 20 (2016) ......................... 26
 In the Supreme Court of the U",2025.0
term_25,24-889,20260218160037196_JA_Vol_1.pdf,90,5,so_ordered,True,False,"JA65 IT IS SO ORDERED this 13th day of October, 2022. /s/ Richard G. Andrews Honorable Richard G. Andrews Unite",2025.0
term_25,24-924,20250224144415977_130984_Petition_and_Appendix.pdf,3,773,petition_for_rehearing,False,True,"encely v. Fluor Corp., No. 21-1994 (4th Cir.) — Judgment entered on October 30, 2024, and petition for rehearing en banc denied on November 26, 2024. 3) Tangen v. Fluor Intercontinental, Inc., No. 6:2",2025.0
term_25,24-924,20250224144415977_130984_Petition_and_Appendix.pdf,30,1400,petition_for_rehearing,False,True,"need or fire employees for poor job performance.” Id. The Fourth Circuit denied Hencely’s petition for rehearing en banc on November 26, 2024. App.37.",2025.0
term_25,24-924,20250224144415977_130984_Petition_and_Appendix.pdf,115,898,mandate,False,True," had effective command over security on the base.” Oral Argument at 40:10. As part of its mandate over base security, the military exercised comprehensive command over Fluor’s supervision",2025.0
term_25,24-924,20250224144415977_130984_Petition_and_Appendix.pdf,138,180,judgment_is,True,True,re entitled to sue for breach of the contracts between the U.S. Government and Fluor. The judgment of the district court is affirmed. AFFIRMED,2025.0
term_25,24-924,20250224144415977_130984_Petition_and_Appendix.pdf,140,440,petition_for_rehearing,False,True,"UOR GOVERNMENT GROUP INTERNATIONAL, INC. Defendants-Appellees. ORDER The court denies the petition for rehearing and rehearing en banc. No judge requested a poll under Fed. R. App. P. 35 on the petiti",2025.0
term_25,24-924,20250224144415977_130984_Petition_and_Appendix.pdf,192,228,so_ordered,True,False,"ary judgment based on the FTCA’s combatant activities exception (ECF No. 128) is GRANTED. IT IS SO ORDERED. /s/ Bruce Howe Hendricks United States District Judge August 11, 2021 Greenville, South ",2025.0
term_25,24-924,20250731135030431_24-924_Brief_for_Petitioner.pdf,14,847,costs,False,True,"vere, lifelong injuries. Seeking some justice for his injuries and the attendant lifelong costs, Hencely sued the government contractor—Fluor and its subsidiaries—under South Carolina l",2025.0
term_25,24-924,20250731135030431_24-924_Brief_for_Petitioner.pdf,19,85,petition_for_rehearing,False,True,"4 JURISDICTION The Fourth Circuit entered judgment on October 30, 2024, and denied a petition for rehearing en banc on November 26, 2024. Pet.App.37. Hencely timely filed a petition for a writ of c",2025.0
term_25,24-935,20250214161920501_Brock_-_Cert_Petition_Appendix.pdf,60,751,petition_for_rehearing,False,True," Curiae.
 36a ORDER Before MATHESON, BACHARACH, and PHILLIPS, Circuit Judges. Appellants’ petition for rehearing is denied. The petition for rehearing en banc was transmitted to all of the judges of t",2025.0
term_25,24-935,20250214161920501_Brock_-_Cert_Petition_Appendix.pdf,60,789,petition_for_rehearing,False,True,"ACHARACH, and PHILLIPS, Circuit Judges. Appellants’ petition for rehearing is denied. The petition for rehearing en banc was transmitted to all of the judges of the court who are in regular active ser",2025.0
term_25,24-935,20250219160940575_Brock_-_Cert_Petition.pdf,1,942,petition_for_rehearing,False,True,", No. 23-1182 (10th Cir.) (denial of motion to compel arbitration affirmed Nov. 12, 2024; petition for rehearing and rehearing en banc denied Dec. 9, 2024).",2025.0
term_25,24-935,20251204160956834_24-935_ts.pdf,1,936,petition_for_rehearing,False,True,", No. 23-1182 (10th Cir.) (denial of motion to compel arbitration affirmed Nov. 12, 2024; petition for rehearing and rehearing en banc denied Dec. 9, 2024).",2025.0
term_25,24-935,20260122095320627_Amicus_Brief.pdf,44,687,mandate,False,True,"for Flowers. In that case, Flowers invoked the MCA to seek an exemption from the overtime mandate under Section 13(b)(1) of the FLSA.63 In order to claim the MCA exemption, Flowers made a",2025.0
term_25,24-983,20250311122008726_Final_Petition_Appendix.pdf,329,429,so_ordered,True,True,"of settlement (see Claim of Lisle Corporation, Claim No. CU-0644) and in the instant case it is so ordered as follows: FROM ON October 24, 1960 $7,485,415.18 August 6, 1960 184,005.70
 146a CERTIF",2025.0
term_25,24-983,20251117202302251_No._24-983_Joint_Appendix_Volume_I.pdf,479,556,so_ordered,True,True,"of settlement (see Claim of Lisle Corporation, Claim No. CU-0644) and in the instant case it is so ordered as follows: FROM ON October 24, 1960 $7,485,415.18 August 6, 1960 184,005.70 CERTIFICATIO",2025.0
term_25,24-993,20250314105723965_Olivier_Cert._Petition.pdf,11,633,petition_for_rehearing,False,True,"App. 15a. JURISDICTION The court of appeals entered judgment on August 25, 2023. A timely petition for rehearing en banc was denied on November 14, 2024. App. 42a. On January 21, 2025, Justice Alito g",2025.0
term_25,24-993,20250314105723965_Olivier_Cert._Petition.pdf,11,212,opinion_of_the_court,False,True, judgment of the United States Court of Appeals for the Fifth Circuit. OPINIONS BELOW The opinion of the court of appeals is available at 2023 WL 5500223. App. 1a. The order from the court of appeals ,2025.0
term_25,24-993,20250314105732247_Olivier_Pet._App.pdf,24,287,mandate,False,True,"cation to the judgment. The district court denied Olivier’s claims “with prejudice.” That mandate, however, would bar Olivier from pursuing his claims even if his conviction were later “r",2025.0
term_25,24-993,20250417140900339_24-993acTheInternationalSocietyForKrishnaConsciousness.pdf,9,1178,petition_for_rehearing,False,True,onal laws should not be shielded from review. Judge Oldham’s dissent in Olivier’s case on petition for rehearing en banc well illustrates why the lower court’s application of Heck to bar Olivier’s § 1,2025.0
term_25,24-993,20250902154248179_2025.09.02_-_Olivier_Merits_Blue_Brief_-_No_24-993.pdf,14,490,petition_for_rehearing,False,True,". 15a41a. JURISDICTION The court of appeals entered judgment on August 25, 2023. A timely petition for rehearing en banc was denied on November 14, 2024. Pet. App. 42a. On January 21, 2025, Justice Al",2025.0
term_25,24-993,20250902154248179_2025.09.02_-_Olivier_Merits_Blue_Brief_-_No_24-993.pdf,14,40,opinion_of_the_court,False,True,BRIEF FOR PETITIONER OPINIONS BELOW The opinion of the court of appeals is available at 2023 WL 5500223. Pet. App. 1a-14a. The order of the court of a,2025.0
term_25,24-993,20250902154921222_2025.09.02_-_Olivier_-_Joint_Appendix_-_No_24-993.pdf,3,1014,costs,False,True,nder 28 U.S.C. §§ 2201 and 2202. And the Court has jurisdiction over Olivier’s claims for costs and attorney fees under 42 U.S.C. § 1988. 8. Venue is proper in the Southern District of ,2025.0
term_25,24-993,20250902154921222_2025.09.02_-_Olivier_-_Joint_Appendix_-_No_24-993.pdf,27,895,costs,False,True,"ising out of violation of his constitutional rights; H. That this Court award Olivier his costs and expenses of this action, including reasonable attorneys’ fees, in accordance with 42 ",2025.0
term_25,24-993,20250909125715023_24-993acTheInternationalSocietyForKrishnaConsciousness.pdf,12,391,petition_for_rehearing,False,True,elief to victims if such deterrence fails.”). Judge Oldham’s dissent in Olivier’s case on petition for rehearing en banc well illustrates why the lower court’s application of Heck to bar Olivier’s § 1,2025.0
term_25,25-112,20250728142157250_USSC_Petition_for_Writ_of_Certiorari.pdf,81,1064,judgment_is,True,False," D.C., for Amicus Project for Privacy & Surveillance Accountability, Inc. PER CURIAM: The judgment of the district court is AFFIRMED.",2025.0
term_25,25-112,20250728142157250_USSC_Petition_for_Writ_of_Certiorari.pdf,120,562,costs,False,True," reiterated that it should apply only when the “deterrence benefits” outweigh the “social costs.” Id. at 591, 126 S.Ct. 2159. The social costs here are significant. As we have explained",2025.0
term_25,25-112,20250728142157250_USSC_Petition_for_Writ_of_Certiorari.pdf,120,609,costs,False,True,"“deterrence benefits” outweigh the “social costs.” Id. at 591, 126 S.Ct. 2159. The social costs here are significant. As we have explained, geofence location data is often the only way ",2025.0
term_25,25-112,20251124174425288_Chatrie_Opp_11.24.pdf,3,566,opinion_of_the_court,False,True,PEALS FOR THE FOURTH CIRCUIT BRIEF FOR THE UNITED STATES IN OPPOSITION OPINIONS BELOW The opinion of the court of appeals (Pet. App. 1a142a) is reported at 136 F.4th 100. The prior order of the court ,2025.0
term_25,25-170,20250808130906765_Suncor_pet_app.pdf,0,653,delivered_opinion,True,False," SUNCOR ENERGY INC.; AND EXXON MOBIL CORPORATION Filed: May 12, 2025 OPINION OF THE COURT JUSTICE GABRIEL delivered the opinion of the Court. ¶1 Although this case presents substantial issues of globa",
term_25,25-197,20260114130929641_25-197_petbr.pdf,13,258,opinion_of_the_court,False,True,TATES COURT OF APPEALS FOR THE FOURTH CIRCUIT BRIEF FOR THE PETITIONER OPINIONS BELOW The opinion of the court of appeals (Pet. App. 1a-20a) is reported at 139 F.4th 344. The opinion of the district c,2025.0
term_25,25-332,20250915152741043_Trump_v._Slaughter_Amicus_Brief_for_Stay.pdf,79,1431,petition_for_rehearing,False,True,"cuit on June 20, 2025 granted a stay pending appeal and on July 30 denied the plaintiff’s petition for rehearing en banc. 79. Commonwealth of Pennsylvania v",2025.0
term_25,25-332,20250915152741043_Trump_v._Slaughter_Amicus_Brief_for_Stay.pdf,85,832,petition_for_rehearing,False,True,"und Grants. The DC Circuit vacated the PI on September 2, and plaintiff/appellees filed a petition for rehearing en banc on September 10. 95. Association of American Medical Colleges v. NIH, No. 1:25-",2025.0
term_25,25-332,20251010163717598_25-332PetrBr.pdf,22,367,slip_op,False,True,"rt to grant interim relief so that removed agency heads would remain removed. See 25A264, slip op. 1 (Sept. 22, 2025); Trump v. Boyle, 145 S. Ct. 2653 (2025); Trump v. Wilcox, 145 S. Ct. 1",2025.0
term_25,25-332,20251010164235290_Trump_v._Slaughter_JA.pdf,147,715,mandate,False,True,Defendants further argue that “prevent[ing] the President from implementing his electoral mandate through his subordinates . . . is an affront to the Constitution and to the American peop,2025.0
term_25,25-332,20251010164235290_Trump_v._Slaughter_JA.pdf,201,432,slip_op,False,True,"v. Wilcox, 605 U.S. ___, 145 S. Ct. 1415 (2025); Trump v. Boyle, 605 U.S. ___, No. 25A11, slip op. (U.S. July 23, 2025). In those cases, an extension of Humphrey’s Executor to a new contex",2025.0
term_25,25-332,20251017104044043_Slaughter_Amiucs_Brief_-_FILED.pdf,28,1137,slip_op,False,True,"es it within the Humphrey’s exception. Wilcox v. Trump, Case No. 25-5057, 2025 WL 980278, slip op. at *80 (D.C. Cir. Mar. 28, 2025) (Millet, dissenting). But the Court has been clear that ",2025.0
term_25,25-332,20251017154737924_Slaughter_Merits_Amicus_Brief.pdf,19,717,mandate,False,True,"Howell’s decision that “being ‘deprived of the ability to carry out [one’s] congressional mandate ... cannot be retroactively cured by monetary damages.’” Boyle v. Trump, 2025 U.S. Dist. ",2025.0
term_25,25-332,20251017154737924_Slaughter_Merits_Amicus_Brief.pdf,27,998,mandate,False,True,"r not pundits characterize the decisiveness of his election as sufficient to be termed a “mandate,” the President has the authority and obligation to advance the platform on which he ran.",2025.0
term_25,25-332,20251017161931664_25-332_Amicus_Brief.pdf,26,3,judgment_issued,True,False,"12 judgment issued, amicus’s term would have ended, mooting her request for reinstatement. Moreover, amicus’",2025.0
term_25,25-365,20260226175612634_25-365_Amicus_Brief.pdf,3,618,costs,False,True,"25 . . . . . .14 Lucía Félix Beltrán et al., Born Into Uncertainty: The Health and Social Costs of Ending Birthright Citizenship (Feb. 12, 2025) . . .10, 14, 15 Br. of Project Rousseau,",2025.0
term_25,25-365,20260226180722138_Brief_Amici_Curiae_of_Rule_of_Law_Society.pdf,14,1164,slip_op,False,True,"of “unchecked Presidential policymaking.” Learning Resources, Inc. v. Trump, No. 24-1287, slip op. at 10 (U.S. Feb. 20, 2026) (Roberts, C.J.). In issuing the Order, moreover, the President",2025.0
term_25,25-365,20260226180722138_Brief_Amici_Curiae_of_Rule_of_Law_Society.pdf,15,25,slip_op,False,True,". v. Trump, No. 24-1287, slip op. at 10 (U.S. Feb. 20, 2026) (Roberts, C.J.). In issuing the Order, moreover, the President",2025.0
term_25,25-365,20260226180722138_Brief_Amici_Curiae_of_Rule_of_Law_Society.pdf,48,26,slip_op,False,True,"22 v. Trump, No. 24-1287, slip op. at 10 (U.S. Feb. 20, 2026) (Roberts, C.J.) (declining to read a statute to replace “longs",2025.0
term_25,25-406,20251002153212156_FCC_v_ATT_Petition.pdf,8,688,petition_for_rehearing,False,True,"appeals issued its judgment on April 17, 2025. The court amended its opinion and denied a petition for rehearing on August 22, 2025 (App., infra, 1a22a). The jurisdiction of this Court is invoked unde",2025.0
term_25,25-406,20251002153212156_FCC_v_ATT_Petition.pdf,42,1001,petition_for_rehearing,False,True,"hat the court be polled on rehearing en banc (FED. R. APP. P. 35 and 5th CIR. R. 35), the petition for rehearing en banc is DENIED. We withdraw our previous opinion at 135 F.4th 230, and substitute th",2025.0
term_25,25-406,20251002153212156_FCC_v_ATT_Petition.pdf,180,393,mandate,False,True,"omply with the requirements of the Act and our rules, including the “reasonable measures” mandate of section 64.2010, foreseeably makes the Company liable for a forfeiture penalty under s",2025.0
term_25,25-406,20251002153212156_FCC_v_ATT_Petition.pdf,210,540,costs,False,True, Commission] arbitrarily (1) ignores the consumer benefits of LBS services and the social costs of shutting them down and (2) all but ignores the substantial data security measures AT&T,2025.0
term_25,25-406,20251205150943687_No._25-406_Response_to_Petition_For_Certiorari.pdf,24,1069,costs,False,True,"rt shrift to the “reputational harms” and other tangible risks (e.g., increased financing costs) that regulated parties indisputably suffer when they are branded violators of 3 Ignoring",2025.0
term_25,25-406,20260218142818402_25-406_and_25-567_Brief.pdf,20,1323,opinion_of_the_court,False,True," v. United States, 116 U.S. 616, 635 (1886). OPINIONS BELOW AT&T, No. 25-406: The amended opinion of the court of appeals (Pet. App. 1a-22a) is reported at 149 F.4th 491. The original opinion of the c",2025.0
term_25,25-406,20260218142818402_25-406_and_25-567_Brief.pdf,20,1417,opinion_of_the_court,False,True,ion of the court of appeals (Pet. App. 1a-22a) is reported at 149 F.4th 491. The original opinion of the court of appeals (Pet. App. 23a-45a) is reported at 135 F.4th 230,2025.0
term_25,25-406,20260218142818402_25-406_and_25-567_Brief.pdf,22,362,petition_for_rehearing,False,True,"urt of appeals was entered on April 17, 2025. That court amended its opinion and denied a petition for rehearing on August 22, 2025. The petition for a writ of certiorari was filed on October 2, 2025.",2025.0
term_25,25-406,20260218142818402_25-406_and_25-567_Brief.pdf,22,27,opinion_of_the_court,False,True,"5 Verizon, No. 25-567: The opinion of the court of appeals (Pet. App. 1a-40a) is reported at 156 F.4th 86. The final order of the Federal",2025.0
term_25,25-406,20260218142818402_25-406_and_25-567_Brief.pdf,108,118,costs,False,True,"CC’s legal interpretation in court. 3. Unpaid forfeiture orders carry still other serious costs before the Commission and other governmental entities. For starters, unresolved enforceme",2025.0
term_25,25-406,20260225124511280_Amicus_brief_of_Institute_for_Justice.pdf,25,517,costs,False,True," like those at issue here.10 Notably, agencies understand that lengthy proceedings impose costs, and agencies leverage those costs for purposes of settlement. Take IJ client ProCraft Ma",2025.0
term_25,25-406,20260225143449065_25-406_Amicus_Brief_of_Telnyx_LLC.pdf,32,46,costs,False,True,. Holding out hope for a jury imposes serious costs on entities subject to a final forfeiture order. The Commission claims the power to use p,2025.0
term_25,25-429,20260218161708389_25-429ts_Bondi_v_Lau_FILE.pdf,12,447,opinion_of_the_court,False,True,TATES COURT OF APPEALS FOR THE SECOND CIRCUIT BRIEF FOR THE PETITIONER OPINIONS BELOW The opinion of the court of appeals (Pet. App. 1a-15a) is reported at 130 F.4th 42. The decisions of the Board of ,2025.0
term_25,25-459,20251010164519322_25-_Petition_for_Writ.pdf,205,478,so_ordered,True,False,"All relief being denied, the Clerk shall enter judgment. See Fed. R. Civ. P. 58(b)(1)(C). IT IS SO ORDERED. /s/ Eli Richardson ELI RICHARDSON UNITED STATES DISTRICT JUDGE
 72a APPENDIX C — ORDER O",
term_25,25-466,20251014115810135_sripetch_--_cert._petition_--_FILED.pdf,7,915,opinion_of_the_court,False,True,"the United States Court of Appeals for the Ninth Circuit in this case. OPINIONS BELOW The opinion of the court of appeals (App., infra, 1a18a) is available at 2025 WL 2525848. The order and opinion of",2025.0
term_25,25-466,20251014115821481_sripetch_--_petition_appendix_--_FILED.pdf,62,995,so_ordered,True,True," Defendant Sripetch to the Court within (7) seven days from the date this order is filed. IT IS SO ORDERED. DATED: April 8, 2024 /s/ Marilyn L. Huff MARILYN L. HUFF, District Judge UNITED STATES D",2025.0
term_25,25-466,20251014115821481_sripetch_--_petition_appendix_--_FILED.pdf,75,552,so_ordered,True,False,", the Clerk is ordered to enter this Final Judgment forthwith and without further notice. IT IS SO ORDERED. DATED: April 17, 2024 /s/ Marilyn L. Huff MARILYN L. HUFF, District Judge UNITED STATES ",2025.0
term_25,25-466,20251115122348758_CalALTs_Amicus_Br._in_Supp._of_Pet..pdf,14,707,mandate,False,True,"t’s reasoning in Navellier, the Ninth Circuit in Sripetch ignores the other First Circuit mandate that the SEC first establish the “causal relationships between [the defendant’s] profits ",2025.0
term_25,25-466,20251204134511220_No_25-466_-_Sripetch_Amicus_Brief_-_Updated.pdf,8,391,mandate,False,True," Liu, 591 U.S. at 75). The Second Circuit’s decision in Govil faithfully implements Liu’s mandate that disgorgement remain tethered to equitable traditions, avoiding its transformation in",2025.0
term_25,25-466,20251217144305709_25-466SripetchResponse.pdf,3,610,opinion_of_the_court,False,True,STATES COURT OF APPEALS FOR THE NINTH CIRCUIT BRIEF FOR THE RESPONDENT OPINIONS BELOW The opinion of the court of appeals (Pet. App. 1a-18a) is reported at 154 F.4th 980. The order of the district cou,2025.0
term_25,25-466,20260223230227953_25-466_ts.pdf,10,384,opinion_of_the_court,False,True,STATES COURT OF APPEALS FOR THE NINTH CIRCUIT BRIEF FOR THE PETITIONER OPINIONS BELOW The opinion of the court of appeals (Pet. App. 1a-18a) is reported at 154 F.4th 980. The order and opinion of the ,2025.0
term_25,25-498,20251020175921326_Anderson_Certiorari_Appendix.pdf,58,381,so_ordered,True,False,"EJUDICE Defendants. PURSUANT TO THE STIPULATION OF DISMISSAL OF COUNT VII WITH PREJUDICE, IT IS SO ORDERED that Count VII of the above-captioned action (as set forth in the Amended Consolidated Co",
term_25,25-498,20251020175921326_Anderson_Certiorari_Appendix.pdf,158,1263,so_ordered,True,False,"§ 1024(B)(4) and 29 C.F.R. § 2550.404a-5. Thus, that cause of action remains in the case. IT IS SO ORDERED Dated: January 8, 2022 /s/ Lucy H. Koh LUCY H. KOH United States Circuit Judge8 8 Sitting",
term_25,25-5146,20251017120522185_Abouammo_opp.pdf,1,331,opinion_of_the_court,False,True,____________ BRIEF FOR THE UNITED STATES IN OPPOSITION _______________ OPINIONS BELOW The opinion of the court of appeals (Pet. App. 1a-47a) is reported at 122 F.4th 1072. An accompanying memorandum o,2025.0
term_25,25-5146,20260120114700674_No._25-5146_-_Abouammo_v._US_-_Petitioners_Brief.pdf,25,194,mandate,False,True, I. Venue was improper under this Court’s precedents. Article III and the Sixth Amendment mandate that crimes be prosecuted where they were “committed.” Proper venue thus depends on the s,2025.0
term_25,25-5146,20260120115047299_No._25-5146_-_Abouammo_v._US_-_Joint_Appendix.pdf,216,1270,so_ordered,True,False,"e to instructional error as to Counts One and Two. This order disposes of Docket No. 396. IT IS SO ORDERED. Dated December 12, 2022 /s/ Edward M. Chen EDWARD M. CHEN United States District Judge",2025.0
term_25,25-5146,20260120115047299_No._25-5146_-_Abouammo_v._US_-_Joint_Appendix.pdf,217,442,petition_for_rehearing,False,True,"ted to deny the petition for panel rehearing. Judge Lee and Judge Bress voted to deny the petition for rehearing en banc, and Judge Kane so recommended. The petition was circulated to the judges of th",2025.0
term_25,25-5146,20260219192622991_25-5146bsUnitedStates.pdf,12,227,opinion_of_the_court,False,True,TES COURT OF APPEALS FOR THE NINTH CIRCUIT BRIEF FOR THE UNITED STATES OPINIONS BELOW The opinion of the court of appeals (J.A. 1-44) is reported at 122 F.4th 1072. An accompanying memorandum of the c,2025.0
term_25,25-5,20250701145016985_Al_Otro_Lado_Pet_App.pdf,417,1188,so_ordered,True,False,"ers’ identities with Plaintiffs.
 256a The Clerk of Court is directed to close this case. IT IS SO ORDERED. DATED: August 23, 2022 /s/ CYNTHIA BASHANT Hon. CYNTHIA BASHANT United States District J",2025.0
term_25,25-5,20250701145016985_Al_Otro_Lado_Pet_App.pdf,418,56,so_ordered,True,False,"256a The Clerk of Court is directed to close this case. IT IS SO ORDERED. DATED: August 23, 2022 /s/ CYNTHIA BASHANT Hon. CYNTHIA BASHANT United States District J",2025.0
term_25,25-5,20250701145016985_Al_Otro_Lado_Pet_App.pdf,491,423,so_ordered,True,False,"s in its MSJ Opinion (ECF No. 742) and set forth herein by no later than August 22, 2022. IT IS SO ORDERED. DATED: August 5, 2022 /s/ CYNTHIA BASHANT Hon. CYNTHIA BASHANT United States District Ju",2025.0
term_25,25-5,20250701145016985_Al_Otro_Lado_Pet_App.pdf,619,760,so_ordered,True,False," disputes they believe they have reached an impasse that necessitates court intervention. IT IS SO ORDERED. DATED: August 5, 2022 /s/ CYNTHIA BASHANT CYNTHIA BASHANT United States District Judge",2025.0
term_25,25-5,20250701145016985_Al_Otro_Lado_Pet_App.pdf,736,1213,so_ordered,True,False,"appropriate remedy in this action, not to exceed 20 pages each, by October 1, 2021.
 423a IT IS SO ORDERED. DATED: September 2, 2021 /s/ CYNTHIA BASHANT Hon. CYNTHIA BASHANT United States District",2025.0
term_25,25-5,20250701145016985_Al_Otro_Lado_Pet_App.pdf,737,5,so_ordered,True,False,"423a IT IS SO ORDERED. DATED: September 2, 2021 /s/ CYNTHIA BASHANT Hon. CYNTHIA BASHANT United States District",2025.0
term_25,25-5,20250701145016985_Al_Otro_Lado_Pet_App.pdf,932,65,so_ordered,True,False,"523a stage, the Court will not grant extensions of the deadline. IT IS SO ORDERED. DATED: July 29, 2019 /s/ CYNTHIA BASHANT Hon. CYNTHIA BASHANT United States District Jud",2025.0
term_25,25-6,20250627141435446_2025-06-27_-_Keathley_-_Petition_For_Certiorari_with_appendix.pdf,5,642,petition_for_rehearing,False,True," Construction, Inc., 686 F. Supp. 3d 495 (N.D. Miss. 2023) ............ 39a Order Denying Petition for Rehearing, Keathley v. Buddy Ayers Construction, Inc., No. 24-60025 (5th Cir. Mar. 31, 2025), ECF",2025.0
term_25,25-6,20250627141435446_2025-06-27_-_Keathley_-_Petition_For_Certiorari_with_appendix.pdf,13,253,opinion_of_the_court,False,True,the United States Court of Appeals for the Fifth Circuit in this case. OPINIONS BELOW The opinion of the court of appeals (App. 1a-23a) is not reported but available at 2025 WL 673434. The court of ap,2025.0
term_25,25-6,20250627141435446_2025-06-27_-_Keathley_-_Petition_For_Certiorari_with_appendix.pdf,34,384,petition_for_rehearing,False,True,"rom the First, Seventh, Ninth, and Eleventh Circuits). c. The panel denied Mr. Keathley’s petition for rehearing. Id. at 57a. 5. In late 2024, while this case was pending, the Keathleys completed thei",2025.0
term_25,25-6,20250627141435446_2025-06-27_-_Keathley_-_Petition_For_Certiorari_with_appendix.pdf,174,1102,petition_for_rehearing,False,True,"ore HIGGINBOTHAM, STEWART, and HAYNES, Circuit Judges. PER CURIAM: IT IS ORDERED that the petition for rehearing is DENIED.",2025.0
term_25,25-6,20251212162430753_SCT_No._25-6_Keathley_Joint_Appendix.pdf,3,1046,petition_for_rehearing,False,True," Construction, Inc., 686 F. Supp. 3d 495 (N.D. Miss. 2023) ............ 39a Order Denying Petition for Rehearing, Keathley v. Buddy Ayers Construction, Inc., No. 24-60025 (5th Cir. Mar. 31, 2025), ECF",2025.0
term_25,25-6,20251212162430753_SCT_No._25-6_Keathley_Joint_Appendix.pdf,60,919,so_ordered,True,True,e Court determines a different amount following the filing of an objection to such claim. IT IS SO ORDERED. Date: 07/20/2022 /s/ Phyllis M. Jones Phyllis M. Jones U.S. Bankruptcy Judge cc: Thomas ,2025.0
term_25,25-6,20251212162430753_SCT_No._25-6_Keathley_Joint_Appendix.pdf,148,868,so_ordered,True,False,e court determines a different amount following the filing of an objection to such claim. IT IS SO ORDERED. Date: 04/20/2020 s/ Phyllis M. Jones Phyllis M. Jones U.S. Bankruptcy Judge,2025.0
term_25,25-6,20251212162430753_SCT_No._25-6_Keathley_Joint_Appendix.pdf,261,994,so_ordered,True,False,"d written Agreement and all its terms are incorporated in their entirety into this Order. IT IS SO ORDERED. Entered this the 22nd day of DECEMBER , 2022. s/ Shaterra Reed Marion WORKERS’ COMPENSAT",2025.0
term_25,25-6,20251212162430753_SCT_No._25-6_Keathley_Joint_Appendix.pdf,268,942,costs,False,True,"received a disability settlement in the amount of $22,500.00. After deduction of fees and costs, Debtors net settlement was $18,000.00. 2. Debtor’s counsel failed to obtain approval of ",2025.0
term_25,25-6,20251212162430753_SCT_No._25-6_Keathley_Joint_Appendix.pdf,269,73,so_ordered,True,False,JA-314 Trustee for distribution within thirty (30) days from this order. IT IS SO ORDERED. s/ Phyllis M. Jones Phyllis M. Jones United States Bankruptcy Judge Dated: 05/24/2023 AP,2025.0
term_25,25-83,20250718102458658_USSC_Petition_for_Writ_of_Certiorari.pdf,65,215,judgment_is,True,True,"rict Judge). UPON DUE CONSIDERATION, IT IS HEREBY ORDERED, ADJUDGED, AND DECREED that the judgment of the district court is AFFIRMED. Plaintiff-Appellant Adrian Jules and InterestedParty-Appellant Att",2025.0
term_25,25-83,20260217162302726_25-83_bs.pdf,8,864,opinion_of_the_court,False,True,ATES COURT OF APPEALS FOR THE SECOND CIRCUIT BRIEF FOR THE RESPONDENTS OPINIONS BELOW The opinion of the court of appeals (Pet. App. 1a-10a) is unreported but available at 2025 WL 1201914. The relevan,2025.0
term_25,25-95,20250722101235741_250715a_Petition_for_efiling.pdf,7,691,opinion_of_the_court,False,True, the United States Court of Appeals for the Sixth Circuit. OPINIONS BELOW The unpublished opinion of the court of appeals is (App. 1a-22a) is available at 2025 U.S. App. LEXIS 2149. The district court,2025.0
term_25,25-95,20250722101251035_250715a_Appendix_for_efiling.pdf,81,1079,petition_for_rehearing,False,True,"_______ BEFORE: McKEAGUE, KETHLEDGE, and NALBANDIAN, Circuit Judges. The court received a petition for rehearing en banc. The original panel has reviewed the petition for 64a",2025.0
term_25,25-95,20251201104412403_25-95_Merits_Brief_efiling.pdf,63,52,costs,False,True,"37 any relationship between the Government’s actual costs and the amount of the sanction is merely coincidental,” defying description as “remedial.",2025.0
term_25,25-95,20251201104412403_25-95_Merits_Brief_efiling.pdf,63,909,costs,False,True,"ven if they could make a winning bid exceeding all outstanding taxes, interest, fees, and costs to fully compensate the government for its loss. M.C.L. § 211.78k(6); M.C.L. § 211.78m(5)",2025.0
term_25,25-95,20251201105448074_25-95_JA_efiling.pdf,32,619,costs,False,True," monies beyond the amount of unpaid taxes and administrative expenses, legally-authorized costs and interest owed, and have appropriated said property in the form of equity for public u",2025.0
