Term,NaturalCourt,Docket,CaseName,DecisionDate,Justice,VoteDescription,ActualVote,WinningParty
2025,1710,23-1197,Landor v. Louisiana Department of Corrections and Public Safety,6/23/2026,JGRoberts,Majority or plurality,Respondent,Respondent/Appellee won (petitioning party did not receive a favorable disposition)
2025,1710,23-1197,Landor v. Louisiana Department of Corrections and Public Safety,6/23/2026,CThomas,Majority or plurality,Respondent,Respondent/Appellee won (petitioning party did not receive a favorable disposition)
2025,1710,23-1197,Landor v. Louisiana Department of Corrections and Public Safety,6/23/2026,SAAlito,Majority or plurality,Respondent,Respondent/Appellee won (petitioning party did not receive a favorable disposition)
2025,1710,23-1197,Landor v. Louisiana Department of Corrections and Public Safety,6/23/2026,SSotomayor,Dissent,Petitioner,Respondent/Appellee won (petitioning party did not receive a favorable disposition)
2025,1710,23-1197,Landor v. Louisiana Department of Corrections and Public Safety,6/23/2026,EKagan,Dissent,Petitioner,Respondent/Appellee won (petitioning party did not receive a favorable disposition)
2025,1710,23-1197,Landor v. Louisiana Department of Corrections and Public Safety,6/23/2026,NMGorsuch,Majority or plurality,Respondent,Respondent/Appellee won (petitioning party did not receive a favorable disposition)
2025,1710,23-1197,Landor v. Louisiana Department of Corrections and Public Safety,6/23/2026,BMKavanaugh,Majority or plurality,Respondent,Respondent/Appellee won (petitioning party did not receive a favorable disposition)
2025,1710,23-1197,Landor v. Louisiana Department of Corrections and Public Safety,6/23/2026,ACBarrett,Majority or plurality,Respondent,Respondent/Appellee won (petitioning party did not receive a favorable disposition)
2025,1710,23-1197,Landor v. Louisiana Department of Corrections and Public Safety,6/23/2026,KBJackson,Dissent,Petitioner,Respondent/Appellee won (petitioning party did not receive a favorable disposition)
2025,1710,23-1209,"M & K Employee Solutions, LLC v. Trustees of the IAM National Pension Fund",5/21/2026,JGRoberts,Majority or plurality,Respondent,Respondent/Appellee won (petitioning party did not receive a favorable disposition)
2025,1710,23-1209,"M & K Employee Solutions, LLC v. Trustees of the IAM National Pension Fund",5/21/2026,CThomas,Majority or plurality,Respondent,Respondent/Appellee won (petitioning party did not receive a favorable disposition)
2025,1710,23-1209,"M & K Employee Solutions, LLC v. Trustees of the IAM National Pension Fund",5/21/2026,SAAlito,Majority or plurality,Respondent,Respondent/Appellee won (petitioning party did not receive a favorable disposition)
2025,1710,23-1209,"M & K Employee Solutions, LLC v. Trustees of the IAM National Pension Fund",5/21/2026,SSotomayor,Majority or plurality,Respondent,Respondent/Appellee won (petitioning party did not receive a favorable disposition)
2025,1710,23-1209,"M & K Employee Solutions, LLC v. Trustees of the IAM National Pension Fund",5/21/2026,EKagan,Majority or plurality,Respondent,Respondent/Appellee won (petitioning party did not receive a favorable disposition)
2025,1710,23-1209,"M & K Employee Solutions, LLC v. Trustees of the IAM National Pension Fund",5/21/2026,NMGorsuch,Majority or plurality,Respondent,Respondent/Appellee won (petitioning party did not receive a favorable disposition)
2025,1710,23-1209,"M & K Employee Solutions, LLC v. Trustees of the IAM National Pension Fund",5/21/2026,BMKavanaugh,Majority or plurality,Respondent,Respondent/Appellee won (petitioning party did not receive a favorable disposition)
2025,1710,23-1209,"M & K Employee Solutions, LLC v. Trustees of the IAM National Pension Fund",5/21/2026,ACBarrett,Majority or plurality,Respondent,Respondent/Appellee won (petitioning party did not receive a favorable disposition)
2025,1710,23-1209,"M & K Employee Solutions, LLC v. Trustees of the IAM National Pension Fund",5/21/2026,KBJackson,Majority or plurality,Respondent,Respondent/Appellee won (petitioning party did not receive a favorable disposition)
2025,1710,24-1021,Galette v. New Jersey Transit Corporation,3/4/2026,JGRoberts,Majority or plurality,Petitioner,Petitioner/Appellant won (petitioning party received a favorable disposition)
2025,1710,24-1021,Galette v. New Jersey Transit Corporation,3/4/2026,CThomas,Majority or plurality,Petitioner,Petitioner/Appellant won (petitioning party received a favorable disposition)
2025,1710,24-1021,Galette v. New Jersey Transit Corporation,3/4/2026,SAAlito,Majority or plurality,Petitioner,Petitioner/Appellant won (petitioning party received a favorable disposition)
2025,1710,24-1021,Galette v. New Jersey Transit Corporation,3/4/2026,SSotomayor,Majority or plurality,Petitioner,Petitioner/Appellant won (petitioning party received a favorable disposition)
2025,1710,24-1021,Galette v. New Jersey Transit Corporation,3/4/2026,EKagan,Majority or plurality,Petitioner,Petitioner/Appellant won (petitioning party received a favorable disposition)
2025,1710,24-1021,Galette v. New Jersey Transit Corporation,3/4/2026,NMGorsuch,Majority or plurality,Petitioner,Petitioner/Appellant won (petitioning party received a favorable disposition)
2025,1710,24-1021,Galette v. New Jersey Transit Corporation,3/4/2026,BMKavanaugh,Majority or plurality,Petitioner,Petitioner/Appellant won (petitioning party received a favorable disposition)
2025,1710,24-1021,Galette v. New Jersey Transit Corporation,3/4/2026,ACBarrett,Majority or plurality,Petitioner,Petitioner/Appellant won (petitioning party received a favorable disposition)
2025,1710,24-1021,Galette v. New Jersey Transit Corporation,3/4/2026,KBJackson,Majority or plurality,Petitioner,Petitioner/Appellant won (petitioning party received a favorable disposition)
2025,1710,24-1046,Wolford v. Lopez,6/25/2026,JGRoberts,Majority or plurality,Petitioner,Petitioner/Appellant won (petitioning party received a favorable disposition)
2025,1710,24-1046,Wolford v. Lopez,6/25/2026,CThomas,Regular concurrence,Petitioner,Petitioner/Appellant won (petitioning party received a favorable disposition)
2025,1710,24-1046,Wolford v. Lopez,6/25/2026,SAAlito,Majority or plurality,Petitioner,Petitioner/Appellant won (petitioning party received a favorable disposition)
2025,1710,24-1046,Wolford v. Lopez,6/25/2026,SSotomayor,Dissent,Respondent,Petitioner/Appellant won (petitioning party received a favorable disposition)
2025,1710,24-1046,Wolford v. Lopez,6/25/2026,EKagan,Dissent,Respondent,Petitioner/Appellant won (petitioning party received a favorable disposition)
2025,1710,24-1046,Wolford v. Lopez,6/25/2026,NMGorsuch,Regular concurrence,Petitioner,Petitioner/Appellant won (petitioning party received a favorable disposition)
2025,1710,24-1046,Wolford v. Lopez,6/25/2026,BMKavanaugh,Majority or plurality,Petitioner,Petitioner/Appellant won (petitioning party received a favorable disposition)
2025,1710,24-1046,Wolford v. Lopez,6/25/2026,ACBarrett,Regular concurrence,Petitioner,Petitioner/Appellant won (petitioning party received a favorable disposition)
2025,1710,24-1046,Wolford v. Lopez,6/25/2026,KBJackson,Dissent,Respondent,Petitioner/Appellant won (petitioning party received a favorable disposition)
2025,1710,24-1056,Rico v. United States,3/25/2026,JGRoberts,Majority or plurality,Petitioner,Petitioner/Appellant won (petitioning party received a favorable disposition)
2025,1710,24-1056,Rico v. United States,3/25/2026,CThomas,Majority or plurality,Petitioner,Petitioner/Appellant won (petitioning party received a favorable disposition)
2025,1710,24-1056,Rico v. United States,3/25/2026,SAAlito,Dissent,Respondent,Petitioner/Appellant won (petitioning party received a favorable disposition)
2025,1710,24-1056,Rico v. United States,3/25/2026,SSotomayor,Majority or plurality,Petitioner,Petitioner/Appellant won (petitioning party received a favorable disposition)
2025,1710,24-1056,Rico v. United States,3/25/2026,EKagan,Majority or plurality,Petitioner,Petitioner/Appellant won (petitioning party received a favorable disposition)
2025,1710,24-1056,Rico v. United States,3/25/2026,NMGorsuch,Majority or plurality,Petitioner,Petitioner/Appellant won (petitioning party received a favorable disposition)
2025,1710,24-1056,Rico v. United States,3/25/2026,BMKavanaugh,Majority or plurality,Petitioner,Petitioner/Appellant won (petitioning party received a favorable disposition)
2025,1710,24-1056,Rico v. United States,3/25/2026,ACBarrett,Majority or plurality,Petitioner,Petitioner/Appellant won (petitioning party received a favorable disposition)
2025,1710,24-1056,Rico v. United States,3/25/2026,KBJackson,Majority or plurality,Petitioner,Petitioner/Appellant won (petitioning party received a favorable disposition)
2025,1710,24-1063,Hunter v. United States,6/18/2026,JGRoberts,Majority or plurality,Petitioner,Petitioner/Appellant won (petitioning party received a favorable disposition)
2025,1710,24-1063,Hunter v. United States,6/18/2026,CThomas,Dissent,Respondent,Petitioner/Appellant won (petitioning party received a favorable disposition)
2025,1710,24-1063,Hunter v. United States,6/18/2026,SAAlito,Regular concurrence,Petitioner,Petitioner/Appellant won (petitioning party received a favorable disposition)
2025,1710,24-1063,Hunter v. United States,6/18/2026,SSotomayor,Regular concurrence,Petitioner,Petitioner/Appellant won (petitioning party received a favorable disposition)
2025,1710,24-1063,Hunter v. United States,6/18/2026,EKagan,Majority or plurality,Petitioner,Petitioner/Appellant won (petitioning party received a favorable disposition)
2025,1710,24-1063,Hunter v. United States,6/18/2026,NMGorsuch,Regular concurrence,Petitioner,Petitioner/Appellant won (petitioning party received a favorable disposition)
2025,1710,24-1063,Hunter v. United States,6/18/2026,BMKavanaugh,Regular concurrence,Petitioner,Petitioner/Appellant won (petitioning party received a favorable disposition)
2025,1710,24-1063,Hunter v. United States,6/18/2026,ACBarrett,Regular concurrence,Petitioner,Petitioner/Appellant won (petitioning party received a favorable disposition)
2025,1710,24-1063,Hunter v. United States,6/18/2026,KBJackson,Regular concurrence,Petitioner,Petitioner/Appellant won (petitioning party received a favorable disposition)
2025,1710,24-1068,Monsanto Company v. Durnell,6/25/2026,JGRoberts,Majority or plurality,Petitioner,Petitioner/Appellant won (petitioning party received a favorable disposition)
2025,1710,24-1068,Monsanto Company v. Durnell,6/25/2026,CThomas,Regular concurrence,Petitioner,Petitioner/Appellant won (petitioning party received a favorable disposition)
2025,1710,24-1068,Monsanto Company v. Durnell,6/25/2026,SAAlito,Majority or plurality,Petitioner,Petitioner/Appellant won (petitioning party received a favorable disposition)
2025,1710,24-1068,Monsanto Company v. Durnell,6/25/2026,SSotomayor,Majority or plurality,Petitioner,Petitioner/Appellant won (petitioning party received a favorable disposition)
2025,1710,24-1068,Monsanto Company v. Durnell,6/25/2026,EKagan,Majority or plurality,Petitioner,Petitioner/Appellant won (petitioning party received a favorable disposition)
2025,1710,24-1068,Monsanto Company v. Durnell,6/25/2026,NMGorsuch,Dissent,Respondent,Petitioner/Appellant won (petitioning party received a favorable disposition)
2025,1710,24-1068,Monsanto Company v. Durnell,6/25/2026,BMKavanaugh,Majority or plurality,Petitioner,Petitioner/Appellant won (petitioning party received a favorable disposition)
2025,1710,24-1068,Monsanto Company v. Durnell,6/25/2026,ACBarrett,Majority or plurality,Petitioner,Petitioner/Appellant won (petitioning party received a favorable disposition)
2025,1710,24-1068,Monsanto Company v. Durnell,6/25/2026,KBJackson,Dissent,Respondent,Petitioner/Appellant won (petitioning party received a favorable disposition)
2025,1710,24-109,Louisiana v. Callais (Voting Rights Act),4/29/2026,JGRoberts,Majority or plurality,Respondent,Respondent/Appellee won (petitioning party did not receive a favorable disposition)
2025,1710,24-109,Louisiana v. Callais (Voting Rights Act),4/29/2026,CThomas,Regular concurrence,Respondent,Respondent/Appellee won (petitioning party did not receive a favorable disposition)
2025,1710,24-109,Louisiana v. Callais (Voting Rights Act),4/29/2026,SAAlito,Majority or plurality,Respondent,Respondent/Appellee won (petitioning party did not receive a favorable disposition)
2025,1710,24-109,Louisiana v. Callais (Voting Rights Act),4/29/2026,SSotomayor,Dissent,Petitioner,Respondent/Appellee won (petitioning party did not receive a favorable disposition)
2025,1710,24-109,Louisiana v. Callais (Voting Rights Act),4/29/2026,EKagan,Dissent,Petitioner,Respondent/Appellee won (petitioning party did not receive a favorable disposition)
2025,1710,24-109,Louisiana v. Callais (Voting Rights Act),4/29/2026,NMGorsuch,Regular concurrence,Respondent,Respondent/Appellee won (petitioning party did not receive a favorable disposition)
2025,1710,24-109,Louisiana v. Callais (Voting Rights Act),4/29/2026,BMKavanaugh,Majority or plurality,Respondent,Respondent/Appellee won (petitioning party did not receive a favorable disposition)
2025,1710,24-109,Louisiana v. Callais (Voting Rights Act),4/29/2026,ACBarrett,Majority or plurality,Respondent,Respondent/Appellee won (petitioning party did not receive a favorable disposition)
2025,1710,24-109,Louisiana v. Callais (Voting Rights Act),4/29/2026,KBJackson,Dissent,Petitioner,Respondent/Appellee won (petitioning party did not receive a favorable disposition)
2025,1710,24-1159,Pitts v. Mississippi,11/24/2025,JGRoberts,Majority or plurality,Petitioner,Petitioner/Appellant won (petitioning party received a favorable disposition)
2025,1710,24-1159,Pitts v. Mississippi,11/24/2025,CThomas,Majority or plurality,Petitioner,Petitioner/Appellant won (petitioning party received a favorable disposition)
2025,1710,24-1159,Pitts v. Mississippi,11/24/2025,SAAlito,Majority or plurality,Petitioner,Petitioner/Appellant won (petitioning party received a favorable disposition)
2025,1710,24-1159,Pitts v. Mississippi,11/24/2025,SSotomayor,Majority or plurality,Petitioner,Petitioner/Appellant won (petitioning party received a favorable disposition)
2025,1710,24-1159,Pitts v. Mississippi,11/24/2025,EKagan,Majority or plurality,Petitioner,Petitioner/Appellant won (petitioning party received a favorable disposition)
2025,1710,24-1159,Pitts v. Mississippi,11/24/2025,NMGorsuch,Majority or plurality,Petitioner,Petitioner/Appellant won (petitioning party received a favorable disposition)
2025,1710,24-1159,Pitts v. Mississippi,11/24/2025,BMKavanaugh,Majority or plurality,Petitioner,Petitioner/Appellant won (petitioning party received a favorable disposition)
2025,1710,24-1159,Pitts v. Mississippi,11/24/2025,ACBarrett,Majority or plurality,Petitioner,Petitioner/Appellant won (petitioning party received a favorable disposition)
2025,1710,24-1159,Pitts v. Mississippi,11/24/2025,KBJackson,Majority or plurality,Petitioner,Petitioner/Appellant won (petitioning party received a favorable disposition)
2025,1710,24-1234,United States v. Hemani,6/18/2026,JGRoberts,Majority or plurality,Respondent,Respondent/Appellee won (petitioning party did not receive a favorable disposition)
2025,1710,24-1234,United States v. Hemani,6/18/2026,CThomas,Regular concurrence,Respondent,Respondent/Appellee won (petitioning party did not receive a favorable disposition)
2025,1710,24-1234,United States v. Hemani,6/18/2026,SAAlito,Special concurrence,Respondent,Respondent/Appellee won (petitioning party did not receive a favorable disposition)
2025,1710,24-1234,United States v. Hemani,6/18/2026,SSotomayor,Regular concurrence,Respondent,Respondent/Appellee won (petitioning party did not receive a favorable disposition)
2025,1710,24-1234,United States v. Hemani,6/18/2026,EKagan,Special concurrence,Respondent,Respondent/Appellee won (petitioning party did not receive a favorable disposition)
2025,1710,24-1234,United States v. Hemani,6/18/2026,NMGorsuch,Majority or plurality,Respondent,Respondent/Appellee won (petitioning party did not receive a favorable disposition)
2025,1710,24-1234,United States v. Hemani,6/18/2026,BMKavanaugh,Majority or plurality,Respondent,Respondent/Appellee won (petitioning party did not receive a favorable disposition)
2025,1710,24-1234,United States v. Hemani,6/18/2026,ACBarrett,Majority or plurality,Respondent,Respondent/Appellee won (petitioning party did not receive a favorable disposition)
2025,1710,24-1234,United States v. Hemani,6/18/2026,KBJackson,Regular concurrence,Respondent,Respondent/Appellee won (petitioning party did not receive a favorable disposition)
2025,1710,24-1238,"Montgomery v. Caribe Transport II, LLC",5/14/2026,JGRoberts,Majority or plurality,Petitioner,Petitioner/Appellant won (petitioning party received a favorable disposition)
2025,1710,24-1238,"Montgomery v. Caribe Transport II, LLC",5/14/2026,CThomas,Majority or plurality,Petitioner,Petitioner/Appellant won (petitioning party received a favorable disposition)
2025,1710,24-1238,"Montgomery v. Caribe Transport II, LLC",5/14/2026,SAAlito,Regular concurrence,Petitioner,Petitioner/Appellant won (petitioning party received a favorable disposition)
2025,1710,24-1238,"Montgomery v. Caribe Transport II, LLC",5/14/2026,SSotomayor,Majority or plurality,Petitioner,Petitioner/Appellant won (petitioning party received a favorable disposition)
2025,1710,24-1238,"Montgomery v. Caribe Transport II, LLC",5/14/2026,EKagan,Majority or plurality,Petitioner,Petitioner/Appellant won (petitioning party received a favorable disposition)
2025,1710,24-1238,"Montgomery v. Caribe Transport II, LLC",5/14/2026,NMGorsuch,Majority or plurality,Petitioner,Petitioner/Appellant won (petitioning party received a favorable disposition)
2025,1710,24-1238,"Montgomery v. Caribe Transport II, LLC",5/14/2026,BMKavanaugh,Regular concurrence,Petitioner,Petitioner/Appellant won (petitioning party received a favorable disposition)
2025,1710,24-1238,"Montgomery v. Caribe Transport II, LLC",5/14/2026,ACBarrett,Majority or plurality,Petitioner,Petitioner/Appellant won (petitioning party received a favorable disposition)
2025,1710,24-1238,"Montgomery v. Caribe Transport II, LLC",5/14/2026,KBJackson,Majority or plurality,Petitioner,Petitioner/Appellant won (petitioning party received a favorable disposition)
2025,1710,24-1260,Watson v. Republican National Committee (Election Law),6/29/2026,JGRoberts,Majority or plurality,Petitioner,Petitioner/Appellant won (petitioning party received a favorable disposition)
2025,1710,24-1260,Watson v. Republican National Committee (Election Law),6/29/2026,CThomas,Dissent,Respondent,Petitioner/Appellant won (petitioning party received a favorable disposition)
2025,1710,24-1260,Watson v. Republican National Committee (Election Law),6/29/2026,SAAlito,Dissent,Respondent,Petitioner/Appellant won (petitioning party received a favorable disposition)
2025,1710,24-1260,Watson v. Republican National Committee (Election Law),6/29/2026,SSotomayor,Majority or plurality,Petitioner,Petitioner/Appellant won (petitioning party received a favorable disposition)
2025,1710,24-1260,Watson v. Republican National Committee (Election Law),6/29/2026,EKagan,Majority or plurality,Petitioner,Petitioner/Appellant won (petitioning party received a favorable disposition)
2025,1710,24-1260,Watson v. Republican National Committee (Election Law),6/29/2026,NMGorsuch,Dissent,Respondent,Petitioner/Appellant won (petitioning party received a favorable disposition)
2025,1710,24-1260,Watson v. Republican National Committee (Election Law),6/29/2026,BMKavanaugh,Dissent,Respondent,Petitioner/Appellant won (petitioning party received a favorable disposition)
2025,1710,24-1260,Watson v. Republican National Committee (Election Law),6/29/2026,ACBarrett,Majority or plurality,Petitioner,Petitioner/Appellant won (petitioning party received a favorable disposition)
2025,1710,24-1260,Watson v. Republican National Committee (Election Law),6/29/2026,KBJackson,Majority or plurality,Petitioner,Petitioner/Appellant won (petitioning party received a favorable disposition)
2025,1710,24-1287,"Learning Resources, Inc. v. Trump (Tariffs)",2/20/2026,JGRoberts,Majority or plurality,Petitioner,Petitioner/Appellant won (petitioning party received a favorable disposition)
2025,1710,24-1287,"Learning Resources, Inc. v. Trump (Tariffs)",2/20/2026,CThomas,Dissent,Respondent,Petitioner/Appellant won (petitioning party received a favorable disposition)
2025,1710,24-1287,"Learning Resources, Inc. v. Trump (Tariffs)",2/20/2026,SAAlito,Dissent,Respondent,Petitioner/Appellant won (petitioning party received a favorable disposition)
2025,1710,24-1287,"Learning Resources, Inc. v. Trump (Tariffs)",2/20/2026,SSotomayor,Special concurrence,Petitioner,Petitioner/Appellant won (petitioning party received a favorable disposition)
2025,1710,24-1287,"Learning Resources, Inc. v. Trump (Tariffs)",2/20/2026,EKagan,Special concurrence,Petitioner,Petitioner/Appellant won (petitioning party received a favorable disposition)
2025,1710,24-1287,"Learning Resources, Inc. v. Trump (Tariffs)",2/20/2026,NMGorsuch,Regular concurrence,Petitioner,Petitioner/Appellant won (petitioning party received a favorable disposition)
2025,1710,24-1287,"Learning Resources, Inc. v. Trump (Tariffs)",2/20/2026,BMKavanaugh,Dissent,Respondent,Petitioner/Appellant won (petitioning party received a favorable disposition)
2025,1710,24-1287,"Learning Resources, Inc. v. Trump (Tariffs)",2/20/2026,ACBarrett,Regular concurrence,Petitioner,Petitioner/Appellant won (petitioning party received a favorable disposition)
2025,1710,24-1287,"Learning Resources, Inc. v. Trump (Tariffs)",2/20/2026,KBJackson,Special concurrence,Petitioner,Petitioner/Appellant won (petitioning party received a favorable disposition)
2025,1710,24-171,"Cox Communications, Inc. v. Sony Music Entertainment",3/25/2026,JGRoberts,Majority or plurality,Petitioner,Petitioner/Appellant won (petitioning party received a favorable disposition)
2025,1710,24-171,"Cox Communications, Inc. v. Sony Music Entertainment",3/25/2026,CThomas,Majority or plurality,Petitioner,Petitioner/Appellant won (petitioning party received a favorable disposition)
2025,1710,24-171,"Cox Communications, Inc. v. Sony Music Entertainment",3/25/2026,SAAlito,Majority or plurality,Petitioner,Petitioner/Appellant won (petitioning party received a favorable disposition)
2025,1710,24-171,"Cox Communications, Inc. v. Sony Music Entertainment",3/25/2026,SSotomayor,Special concurrence,Petitioner,Petitioner/Appellant won (petitioning party received a favorable disposition)
2025,1710,24-171,"Cox Communications, Inc. v. Sony Music Entertainment",3/25/2026,EKagan,Majority or plurality,Petitioner,Petitioner/Appellant won (petitioning party received a favorable disposition)
2025,1710,24-171,"Cox Communications, Inc. v. Sony Music Entertainment",3/25/2026,NMGorsuch,Majority or plurality,Petitioner,Petitioner/Appellant won (petitioning party received a favorable disposition)
2025,1710,24-171,"Cox Communications, Inc. v. Sony Music Entertainment",3/25/2026,BMKavanaugh,Majority or plurality,Petitioner,Petitioner/Appellant won (petitioning party received a favorable disposition)
2025,1710,24-171,"Cox Communications, Inc. v. Sony Music Entertainment",3/25/2026,ACBarrett,Majority or plurality,Petitioner,Petitioner/Appellant won (petitioning party received a favorable disposition)
2025,1710,24-171,"Cox Communications, Inc. v. Sony Music Entertainment",3/25/2026,KBJackson,Special concurrence,Petitioner,Petitioner/Appellant won (petitioning party received a favorable disposition)
2025,1710,24-345,"FS Credit Opportunities Corp. v. Saba Capital Master Fund, Ltd.",6/11/2026,JGRoberts,Majority or plurality,Petitioner,Petitioner/Appellant won (petitioning party received a favorable disposition)
2025,1710,24-345,"FS Credit Opportunities Corp. v. Saba Capital Master Fund, Ltd.",6/11/2026,CThomas,Majority or plurality,Petitioner,Petitioner/Appellant won (petitioning party received a favorable disposition)
2025,1710,24-345,"FS Credit Opportunities Corp. v. Saba Capital Master Fund, Ltd.",6/11/2026,SAAlito,Majority or plurality,Petitioner,Petitioner/Appellant won (petitioning party received a favorable disposition)
2025,1710,24-345,"FS Credit Opportunities Corp. v. Saba Capital Master Fund, Ltd.",6/11/2026,SSotomayor,Dissent,Respondent,Petitioner/Appellant won (petitioning party received a favorable disposition)
2025,1710,24-345,"FS Credit Opportunities Corp. v. Saba Capital Master Fund, Ltd.",6/11/2026,EKagan,Dissent,Respondent,Petitioner/Appellant won (petitioning party received a favorable disposition)
2025,1710,24-345,"FS Credit Opportunities Corp. v. Saba Capital Master Fund, Ltd.",6/11/2026,NMGorsuch,Majority or plurality,Petitioner,Petitioner/Appellant won (petitioning party received a favorable disposition)
2025,1710,24-345,"FS Credit Opportunities Corp. v. Saba Capital Master Fund, Ltd.",6/11/2026,BMKavanaugh,Majority or plurality,Petitioner,Petitioner/Appellant won (petitioning party received a favorable disposition)
2025,1710,24-345,"FS Credit Opportunities Corp. v. Saba Capital Master Fund, Ltd.",6/11/2026,ACBarrett,Majority or plurality,Petitioner,Petitioner/Appellant won (petitioning party received a favorable disposition)
2025,1710,24-345,"FS Credit Opportunities Corp. v. Saba Capital Master Fund, Ltd.",6/11/2026,KBJackson,Dissent,Respondent,Petitioner/Appellant won (petitioning party received a favorable disposition)
2025,1710,24-351,United States Postal Service v. Konan,2/24/2026,JGRoberts,Majority or plurality,Petitioner,Petitioner/Appellant won (petitioning party received a favorable disposition)
2025,1710,24-351,United States Postal Service v. Konan,2/24/2026,CThomas,Majority or plurality,Petitioner,Petitioner/Appellant won (petitioning party received a favorable disposition)
2025,1710,24-351,United States Postal Service v. Konan,2/24/2026,SAAlito,Majority or plurality,Petitioner,Petitioner/Appellant won (petitioning party received a favorable disposition)
2025,1710,24-351,United States Postal Service v. Konan,2/24/2026,SSotomayor,Dissent,Respondent,Petitioner/Appellant won (petitioning party received a favorable disposition)
2025,1710,24-351,United States Postal Service v. Konan,2/24/2026,EKagan,Dissent,Respondent,Petitioner/Appellant won (petitioning party received a favorable disposition)
2025,1710,24-351,United States Postal Service v. Konan,2/24/2026,NMGorsuch,Dissent,Respondent,Petitioner/Appellant won (petitioning party received a favorable disposition)
2025,1710,24-351,United States Postal Service v. Konan,2/24/2026,BMKavanaugh,Majority or plurality,Petitioner,Petitioner/Appellant won (petitioning party received a favorable disposition)
2025,1710,24-351,United States Postal Service v. Konan,2/24/2026,ACBarrett,Majority or plurality,Petitioner,Petitioner/Appellant won (petitioning party received a favorable disposition)
2025,1710,24-351,United States Postal Service v. Konan,2/24/2026,KBJackson,Dissent,Respondent,Petitioner/Appellant won (petitioning party received a favorable disposition)
2025,1710,24-38,Little v. Hecox (Transgender Athletes),6/30/2026,JGRoberts,Majority or plurality,Petitioner,Petitioner/Appellant won (petitioning party received a favorable disposition)
2025,1710,24-38,Little v. Hecox (Transgender Athletes),6/30/2026,CThomas,Regular concurrence,Petitioner,Petitioner/Appellant won (petitioning party received a favorable disposition)
2025,1710,24-38,Little v. Hecox (Transgender Athletes),6/30/2026,SAAlito,Majority or plurality,Petitioner,Petitioner/Appellant won (petitioning party received a favorable disposition)
2025,1710,24-38,Little v. Hecox (Transgender Athletes),6/30/2026,SSotomayor,Dissent,Respondent,Petitioner/Appellant won (petitioning party received a favorable disposition)
2025,1710,24-38,Little v. Hecox (Transgender Athletes),6/30/2026,EKagan,Dissent,Respondent,Petitioner/Appellant won (petitioning party received a favorable disposition)
2025,1710,24-38,Little v. Hecox (Transgender Athletes),6/30/2026,NMGorsuch,Regular concurrence,Petitioner,Petitioner/Appellant won (petitioning party received a favorable disposition)
2025,1710,24-38,Little v. Hecox (Transgender Athletes),6/30/2026,BMKavanaugh,Majority or plurality,Petitioner,Petitioner/Appellant won (petitioning party received a favorable disposition)
2025,1710,24-38,Little v. Hecox (Transgender Athletes),6/30/2026,ACBarrett,Majority or plurality,Petitioner,Petitioner/Appellant won (petitioning party received a favorable disposition)
2025,1710,24-38,Little v. Hecox (Transgender Athletes),6/30/2026,KBJackson,Dissent,Respondent,Petitioner/Appellant won (petitioning party received a favorable disposition)
2025,1710,24-43,West Virginia v. B.P.J. (Transgender Athletes),6/30/2026,JGRoberts,Majority or plurality,Petitioner,Petitioner/Appellant won (petitioning party received a favorable disposition)
2025,1710,24-43,West Virginia v. B.P.J. (Transgender Athletes),6/30/2026,CThomas,Regular concurrence,Petitioner,Petitioner/Appellant won (petitioning party received a favorable disposition)
2025,1710,24-43,West Virginia v. B.P.J. (Transgender Athletes),6/30/2026,SAAlito,Majority or plurality,Petitioner,Petitioner/Appellant won (petitioning party received a favorable disposition)
2025,1710,24-43,West Virginia v. B.P.J. (Transgender Athletes),6/30/2026,SSotomayor,Dissent,Respondent,Petitioner/Appellant won (petitioning party received a favorable disposition)
2025,1710,24-43,West Virginia v. B.P.J. (Transgender Athletes),6/30/2026,EKagan,Dissent,Respondent,Petitioner/Appellant won (petitioning party received a favorable disposition)
2025,1710,24-43,West Virginia v. B.P.J. (Transgender Athletes),6/30/2026,NMGorsuch,Regular concurrence,Petitioner,Petitioner/Appellant won (petitioning party received a favorable disposition)
2025,1710,24-43,West Virginia v. B.P.J. (Transgender Athletes),6/30/2026,BMKavanaugh,Majority or plurality,Petitioner,Petitioner/Appellant won (petitioning party received a favorable disposition)
2025,1710,24-43,West Virginia v. B.P.J. (Transgender Athletes),6/30/2026,ACBarrett,Majority or plurality,Petitioner,Petitioner/Appellant won (petitioning party received a favorable disposition)
2025,1710,24-43,West Virginia v. B.P.J. (Transgender Athletes),6/30/2026,KBJackson,Dissent,Respondent,Petitioner/Appellant won (petitioning party received a favorable disposition)
2025,1710,24-440,Berk v. Choy,1/20/2026,JGRoberts,Majority or plurality,Petitioner,Petitioner/Appellant won (petitioning party received a favorable disposition)
2025,1710,24-440,Berk v. Choy,1/20/2026,CThomas,Majority or plurality,Petitioner,Petitioner/Appellant won (petitioning party received a favorable disposition)
2025,1710,24-440,Berk v. Choy,1/20/2026,SAAlito,Majority or plurality,Petitioner,Petitioner/Appellant won (petitioning party received a favorable disposition)
2025,1710,24-440,Berk v. Choy,1/20/2026,SSotomayor,Majority or plurality,Petitioner,Petitioner/Appellant won (petitioning party received a favorable disposition)
2025,1710,24-440,Berk v. Choy,1/20/2026,EKagan,Majority or plurality,Petitioner,Petitioner/Appellant won (petitioning party received a favorable disposition)
2025,1710,24-440,Berk v. Choy,1/20/2026,NMGorsuch,Majority or plurality,Petitioner,Petitioner/Appellant won (petitioning party received a favorable disposition)
2025,1710,24-440,Berk v. Choy,1/20/2026,BMKavanaugh,Majority or plurality,Petitioner,Petitioner/Appellant won (petitioning party received a favorable disposition)
2025,1710,24-440,Berk v. Choy,1/20/2026,ACBarrett,Majority or plurality,Petitioner,Petitioner/Appellant won (petitioning party received a favorable disposition)
2025,1710,24-440,Berk v. Choy,1/20/2026,KBJackson,Special concurrence,Petitioner,Petitioner/Appellant won (petitioning party received a favorable disposition)
2025,1710,24-482,Ellingburg v. United States,1/20/2026,JGRoberts,Majority or plurality,Petitioner,Petitioner/Appellant won (petitioning party received a favorable disposition)
2025,1710,24-482,Ellingburg v. United States,1/20/2026,CThomas,Regular concurrence,Petitioner,Petitioner/Appellant won (petitioning party received a favorable disposition)
2025,1710,24-482,Ellingburg v. United States,1/20/2026,SAAlito,Majority or plurality,Petitioner,Petitioner/Appellant won (petitioning party received a favorable disposition)
2025,1710,24-482,Ellingburg v. United States,1/20/2026,SSotomayor,Majority or plurality,Petitioner,Petitioner/Appellant won (petitioning party received a favorable disposition)
2025,1710,24-482,Ellingburg v. United States,1/20/2026,EKagan,Majority or plurality,Petitioner,Petitioner/Appellant won (petitioning party received a favorable disposition)
2025,1710,24-482,Ellingburg v. United States,1/20/2026,NMGorsuch,Regular concurrence,Petitioner,Petitioner/Appellant won (petitioning party received a favorable disposition)
2025,1710,24-482,Ellingburg v. United States,1/20/2026,BMKavanaugh,Majority or plurality,Petitioner,Petitioner/Appellant won (petitioning party received a favorable disposition)
2025,1710,24-482,Ellingburg v. United States,1/20/2026,ACBarrett,Majority or plurality,Petitioner,Petitioner/Appellant won (petitioning party received a favorable disposition)
2025,1710,24-482,Ellingburg v. United States,1/20/2026,KBJackson,Majority or plurality,Petitioner,Petitioner/Appellant won (petitioning party received a favorable disposition)
2025,1710,24-539,Chiles v. Salazar (Conversion Therapy),3/31/2026,JGRoberts,Majority or plurality,Petitioner,Petitioner/Appellant won (petitioning party received a favorable disposition)
2025,1710,24-539,Chiles v. Salazar (Conversion Therapy),3/31/2026,CThomas,Majority or plurality,Petitioner,Petitioner/Appellant won (petitioning party received a favorable disposition)
2025,1710,24-539,Chiles v. Salazar (Conversion Therapy),3/31/2026,SAAlito,Majority or plurality,Petitioner,Petitioner/Appellant won (petitioning party received a favorable disposition)
2025,1710,24-539,Chiles v. Salazar (Conversion Therapy),3/31/2026,SSotomayor,Regular concurrence,Petitioner,Petitioner/Appellant won (petitioning party received a favorable disposition)
2025,1710,24-539,Chiles v. Salazar (Conversion Therapy),3/31/2026,EKagan,Regular concurrence,Petitioner,Petitioner/Appellant won (petitioning party received a favorable disposition)
2025,1710,24-539,Chiles v. Salazar (Conversion Therapy),3/31/2026,NMGorsuch,Majority or plurality,Petitioner,Petitioner/Appellant won (petitioning party received a favorable disposition)
2025,1710,24-539,Chiles v. Salazar (Conversion Therapy),3/31/2026,BMKavanaugh,Majority or plurality,Petitioner,Petitioner/Appellant won (petitioning party received a favorable disposition)
2025,1710,24-539,Chiles v. Salazar (Conversion Therapy),3/31/2026,ACBarrett,Majority or plurality,Petitioner,Petitioner/Appellant won (petitioning party received a favorable disposition)
2025,1710,24-539,Chiles v. Salazar (Conversion Therapy),3/31/2026,KBJackson,Dissent,Respondent,Petitioner/Appellant won (petitioning party received a favorable disposition)
2025,1710,24-5438,Bowe v. United States,1/9/2026,JGRoberts,Majority or plurality,Petitioner,Petitioner/Appellant won (petitioning party received a favorable disposition)
2025,1710,24-5438,Bowe v. United States,1/9/2026,CThomas,Dissent,Respondent,Petitioner/Appellant won (petitioning party received a favorable disposition)
2025,1710,24-5438,Bowe v. United States,1/9/2026,SAAlito,Dissent,Respondent,Petitioner/Appellant won (petitioning party received a favorable disposition)
2025,1710,24-5438,Bowe v. United States,1/9/2026,SSotomayor,Majority or plurality,Petitioner,Petitioner/Appellant won (petitioning party received a favorable disposition)
2025,1710,24-5438,Bowe v. United States,1/9/2026,EKagan,Majority or plurality,Petitioner,Petitioner/Appellant won (petitioning party received a favorable disposition)
2025,1710,24-5438,Bowe v. United States,1/9/2026,NMGorsuch,Dissent,Respondent,Petitioner/Appellant won (petitioning party received a favorable disposition)
2025,1710,24-5438,Bowe v. United States,1/9/2026,BMKavanaugh,Majority or plurality,Petitioner,Petitioner/Appellant won (petitioning party received a favorable disposition)
2025,1710,24-5438,Bowe v. United States,1/9/2026,ACBarrett,Dissent,Respondent,Petitioner/Appellant won (petitioning party received a favorable disposition)
2025,1710,24-5438,Bowe v. United States,1/9/2026,KBJackson,Regular concurrence,Petitioner,Petitioner/Appellant won (petitioning party received a favorable disposition)
2025,1710,24-556,Fernandez v. United States,5/28/2026,JGRoberts,Majority or plurality,Respondent,Respondent/Appellee won (petitioning party did not receive a favorable disposition)
2025,1710,24-556,Fernandez v. United States,5/28/2026,CThomas,Majority or plurality,Respondent,Respondent/Appellee won (petitioning party did not receive a favorable disposition)
2025,1710,24-556,Fernandez v. United States,5/28/2026,SAAlito,Majority or plurality,Respondent,Respondent/Appellee won (petitioning party did not receive a favorable disposition)
2025,1710,24-556,Fernandez v. United States,5/28/2026,SSotomayor,Special concurrence,Respondent,Respondent/Appellee won (petitioning party did not receive a favorable disposition)
2025,1710,24-556,Fernandez v. United States,5/28/2026,EKagan,Special concurrence,Respondent,Respondent/Appellee won (petitioning party did not receive a favorable disposition)
2025,1710,24-556,Fernandez v. United States,5/28/2026,NMGorsuch,Majority or plurality,Respondent,Respondent/Appellee won (petitioning party did not receive a favorable disposition)
2025,1710,24-556,Fernandez v. United States,5/28/2026,BMKavanaugh,Majority or plurality,Respondent,Respondent/Appellee won (petitioning party did not receive a favorable disposition)
2025,1710,24-556,Fernandez v. United States,5/28/2026,ACBarrett,Majority or plurality,Respondent,Respondent/Appellee won (petitioning party did not receive a favorable disposition)
2025,1710,24-556,Fernandez v. United States,5/28/2026,KBJackson,Dissent,Petitioner,Respondent/Appellee won (petitioning party did not receive a favorable disposition)
2025,1710,24-557,Villarreal v. Texas,2/25/2026,JGRoberts,Majority or plurality,Respondent,Respondent/Appellee won (petitioning party did not receive a favorable disposition)
2025,1710,24-557,Villarreal v. Texas,2/25/2026,CThomas,Special concurrence,Respondent,Respondent/Appellee won (petitioning party did not receive a favorable disposition)
2025,1710,24-557,Villarreal v. Texas,2/25/2026,SAAlito,Regular concurrence,Respondent,Respondent/Appellee won (petitioning party did not receive a favorable disposition)
2025,1710,24-557,Villarreal v. Texas,2/25/2026,SSotomayor,Majority or plurality,Respondent,Respondent/Appellee won (petitioning party did not receive a favorable disposition)
2025,1710,24-557,Villarreal v. Texas,2/25/2026,EKagan,Majority or plurality,Respondent,Respondent/Appellee won (petitioning party did not receive a favorable disposition)
2025,1710,24-557,Villarreal v. Texas,2/25/2026,NMGorsuch,Special concurrence,Respondent,Respondent/Appellee won (petitioning party did not receive a favorable disposition)
2025,1710,24-557,Villarreal v. Texas,2/25/2026,BMKavanaugh,Majority or plurality,Respondent,Respondent/Appellee won (petitioning party did not receive a favorable disposition)
2025,1710,24-557,Villarreal v. Texas,2/25/2026,ACBarrett,Majority or plurality,Respondent,Respondent/Appellee won (petitioning party did not receive a favorable disposition)
2025,1710,24-557,Villarreal v. Texas,2/25/2026,KBJackson,Majority or plurality,Respondent,Respondent/Appellee won (petitioning party did not receive a favorable disposition)
2025,1710,24-568,Bost v. Illinois State Board of Elections,1/14/2026,JGRoberts,Majority or plurality,Petitioner,Petitioner/Appellant won (petitioning party received a favorable disposition)
2025,1710,24-568,Bost v. Illinois State Board of Elections,1/14/2026,CThomas,Majority or plurality,Petitioner,Petitioner/Appellant won (petitioning party received a favorable disposition)
2025,1710,24-568,Bost v. Illinois State Board of Elections,1/14/2026,SAAlito,Majority or plurality,Petitioner,Petitioner/Appellant won (petitioning party received a favorable disposition)
2025,1710,24-568,Bost v. Illinois State Board of Elections,1/14/2026,SSotomayor,Dissent,Respondent,Petitioner/Appellant won (petitioning party received a favorable disposition)
2025,1710,24-568,Bost v. Illinois State Board of Elections,1/14/2026,EKagan,Special concurrence,Petitioner,Petitioner/Appellant won (petitioning party received a favorable disposition)
2025,1710,24-568,Bost v. Illinois State Board of Elections,1/14/2026,NMGorsuch,Majority or plurality,Petitioner,Petitioner/Appellant won (petitioning party received a favorable disposition)
2025,1710,24-568,Bost v. Illinois State Board of Elections,1/14/2026,BMKavanaugh,Majority or plurality,Petitioner,Petitioner/Appellant won (petitioning party received a favorable disposition)
2025,1710,24-568,Bost v. Illinois State Board of Elections,1/14/2026,ACBarrett,Special concurrence,Petitioner,Petitioner/Appellant won (petitioning party received a favorable disposition)
2025,1710,24-568,Bost v. Illinois State Board of Elections,1/14/2026,KBJackson,Dissent,Respondent,Petitioner/Appellant won (petitioning party received a favorable disposition)
2025,1710,24-5774,Barrett v. United States,1/14/2026,JGRoberts,Majority or plurality,Petitioner,Petitioner/Appellant won (petitioning party received a favorable disposition)
2025,1710,24-5774,Barrett v. United States,1/14/2026,CThomas,Majority or plurality,Petitioner,Petitioner/Appellant won (petitioning party received a favorable disposition)
2025,1710,24-5774,Barrett v. United States,1/14/2026,SAAlito,Majority or plurality,Petitioner,Petitioner/Appellant won (petitioning party received a favorable disposition)
2025,1710,24-5774,Barrett v. United States,1/14/2026,SSotomayor,Majority or plurality,Petitioner,Petitioner/Appellant won (petitioning party received a favorable disposition)
2025,1710,24-5774,Barrett v. United States,1/14/2026,EKagan,Majority or plurality,Petitioner,Petitioner/Appellant won (petitioning party received a favorable disposition)
2025,1710,24-5774,Barrett v. United States,1/14/2026,NMGorsuch,Regular concurrence,Petitioner,Petitioner/Appellant won (petitioning party received a favorable disposition)
2025,1710,24-5774,Barrett v. United States,1/14/2026,BMKavanaugh,Majority or plurality,Petitioner,Petitioner/Appellant won (petitioning party received a favorable disposition)
2025,1710,24-5774,Barrett v. United States,1/14/2026,ACBarrett,Majority or plurality,Petitioner,Petitioner/Appellant won (petitioning party received a favorable disposition)
2025,1710,24-5774,Barrett v. United States,1/14/2026,KBJackson,Majority or plurality,Petitioner,Petitioner/Appellant won (petitioning party received a favorable disposition)
2025,1710,24-621,National Republican Senatorial Committee v. Federal Election Commission (Campaign Finance),6/30/2026,JGRoberts,Majority or plurality,Petitioner,Petitioner/Appellant won (petitioning party received a favorable disposition)
2025,1710,24-621,National Republican Senatorial Committee v. Federal Election Commission (Campaign Finance),6/30/2026,CThomas,Majority or plurality,Petitioner,Petitioner/Appellant won (petitioning party received a favorable disposition)
2025,1710,24-621,National Republican Senatorial Committee v. Federal Election Commission (Campaign Finance),6/30/2026,SAAlito,Majority or plurality,Petitioner,Petitioner/Appellant won (petitioning party received a favorable disposition)
2025,1710,24-621,National Republican Senatorial Committee v. Federal Election Commission (Campaign Finance),6/30/2026,SSotomayor,Dissent,Respondent,Petitioner/Appellant won (petitioning party received a favorable disposition)
2025,1710,24-621,National Republican Senatorial Committee v. Federal Election Commission (Campaign Finance),6/30/2026,EKagan,Dissent,Respondent,Petitioner/Appellant won (petitioning party received a favorable disposition)
2025,1710,24-621,National Republican Senatorial Committee v. Federal Election Commission (Campaign Finance),6/30/2026,NMGorsuch,Majority or plurality,Petitioner,Petitioner/Appellant won (petitioning party received a favorable disposition)
2025,1710,24-621,National Republican Senatorial Committee v. Federal Election Commission (Campaign Finance),6/30/2026,BMKavanaugh,Majority or plurality,Petitioner,Petitioner/Appellant won (petitioning party received a favorable disposition)
2025,1710,24-621,National Republican Senatorial Committee v. Federal Election Commission (Campaign Finance),6/30/2026,ACBarrett,Majority or plurality,Petitioner,Petitioner/Appellant won (petitioning party received a favorable disposition)
2025,1710,24-621,National Republican Senatorial Committee v. Federal Election Commission (Campaign Finance),6/30/2026,KBJackson,Dissent,Respondent,Petitioner/Appellant won (petitioning party received a favorable disposition)
2025,1710,24-624,Case v. Montana,1/14/2026,JGRoberts,Majority or plurality,Respondent,Respondent/Appellee won (petitioning party did not receive a favorable disposition)
2025,1710,24-624,Case v. Montana,1/14/2026,CThomas,Majority or plurality,Respondent,Respondent/Appellee won (petitioning party did not receive a favorable disposition)
2025,1710,24-624,Case v. Montana,1/14/2026,SAAlito,Majority or plurality,Respondent,Respondent/Appellee won (petitioning party did not receive a favorable disposition)
2025,1710,24-624,Case v. Montana,1/14/2026,SSotomayor,Regular concurrence,Respondent,Respondent/Appellee won (petitioning party did not receive a favorable disposition)
2025,1710,24-624,Case v. Montana,1/14/2026,EKagan,Majority or plurality,Respondent,Respondent/Appellee won (petitioning party did not receive a favorable disposition)
2025,1710,24-624,Case v. Montana,1/14/2026,NMGorsuch,Regular concurrence,Respondent,Respondent/Appellee won (petitioning party did not receive a favorable disposition)
2025,1710,24-624,Case v. Montana,1/14/2026,BMKavanaugh,Majority or plurality,Respondent,Respondent/Appellee won (petitioning party did not receive a favorable disposition)
2025,1710,24-624,Case v. Montana,1/14/2026,ACBarrett,Majority or plurality,Respondent,Respondent/Appellee won (petitioning party did not receive a favorable disposition)
2025,1710,24-624,Case v. Montana,1/14/2026,KBJackson,Majority or plurality,Respondent,Respondent/Appellee won (petitioning party did not receive a favorable disposition)
2025,1710,24-699,"Exxon Mobil Corp. v. Corporación Cimex, S.A.",6/23/2026,JGRoberts,Majority or plurality,Petitioner,Petitioner/Appellant won (petitioning party received a favorable disposition)
2025,1710,24-699,"Exxon Mobil Corp. v. Corporación Cimex, S.A.",6/23/2026,CThomas,Majority or plurality,Petitioner,Petitioner/Appellant won (petitioning party received a favorable disposition)
2025,1710,24-699,"Exxon Mobil Corp. v. Corporación Cimex, S.A.",6/23/2026,SAAlito,Majority or plurality,Petitioner,Petitioner/Appellant won (petitioning party received a favorable disposition)
2025,1710,24-699,"Exxon Mobil Corp. v. Corporación Cimex, S.A.",6/23/2026,SSotomayor,Dissent,Respondent,Petitioner/Appellant won (petitioning party received a favorable disposition)
2025,1710,24-699,"Exxon Mobil Corp. v. Corporación Cimex, S.A.",6/23/2026,EKagan,Dissent,Respondent,Petitioner/Appellant won (petitioning party received a favorable disposition)
2025,1710,24-699,"Exxon Mobil Corp. v. Corporación Cimex, S.A.",6/23/2026,NMGorsuch,Majority or plurality,Petitioner,Petitioner/Appellant won (petitioning party received a favorable disposition)
2025,1710,24-699,"Exxon Mobil Corp. v. Corporación Cimex, S.A.",6/23/2026,BMKavanaugh,Majority or plurality,Petitioner,Petitioner/Appellant won (petitioning party received a favorable disposition)
2025,1710,24-699,"Exxon Mobil Corp. v. Corporación Cimex, S.A.",6/23/2026,ACBarrett,Majority or plurality,Petitioner,Petitioner/Appellant won (petitioning party received a favorable disposition)
2025,1710,24-699,"Exxon Mobil Corp. v. Corporación Cimex, S.A.",6/23/2026,KBJackson,Dissent,Respondent,Petitioner/Appellant won (petitioning party received a favorable disposition)
2025,1710,24-724,"The Hain Celestial Group, Inc. v. Palmquist",2/24/2026,JGRoberts,Majority or plurality,Respondent,Respondent/Appellee won (petitioning party did not receive a favorable disposition)
2025,1710,24-724,"The Hain Celestial Group, Inc. v. Palmquist",2/24/2026,CThomas,Regular concurrence,Respondent,Respondent/Appellee won (petitioning party did not receive a favorable disposition)
2025,1710,24-724,"The Hain Celestial Group, Inc. v. Palmquist",2/24/2026,SAAlito,Majority or plurality,Respondent,Respondent/Appellee won (petitioning party did not receive a favorable disposition)
2025,1710,24-724,"The Hain Celestial Group, Inc. v. Palmquist",2/24/2026,SSotomayor,Majority or plurality,Respondent,Respondent/Appellee won (petitioning party did not receive a favorable disposition)
2025,1710,24-724,"The Hain Celestial Group, Inc. v. Palmquist",2/24/2026,EKagan,Majority or plurality,Respondent,Respondent/Appellee won (petitioning party did not receive a favorable disposition)
2025,1710,24-724,"The Hain Celestial Group, Inc. v. Palmquist",2/24/2026,NMGorsuch,Majority or plurality,Respondent,Respondent/Appellee won (petitioning party did not receive a favorable disposition)
2025,1710,24-724,"The Hain Celestial Group, Inc. v. Palmquist",2/24/2026,BMKavanaugh,Majority or plurality,Respondent,Respondent/Appellee won (petitioning party did not receive a favorable disposition)
2025,1710,24-724,"The Hain Celestial Group, Inc. v. Palmquist",2/24/2026,ACBarrett,Majority or plurality,Respondent,Respondent/Appellee won (petitioning party did not receive a favorable disposition)
2025,1710,24-724,"The Hain Celestial Group, Inc. v. Palmquist",2/24/2026,KBJackson,Majority or plurality,Respondent,Respondent/Appellee won (petitioning party did not receive a favorable disposition)
2025,1710,24-7351,Pitchford v. Cain,5/28/2026,JGRoberts,Majority or plurality,Petitioner,Petitioner/Appellant won (petitioning party received a favorable disposition)
2025,1710,24-7351,Pitchford v. Cain,5/28/2026,CThomas,Dissent,Respondent,Petitioner/Appellant won (petitioning party received a favorable disposition)
2025,1710,24-7351,Pitchford v. Cain,5/28/2026,SAAlito,Dissent,Respondent,Petitioner/Appellant won (petitioning party received a favorable disposition)
2025,1710,24-7351,Pitchford v. Cain,5/28/2026,SSotomayor,Majority or plurality,Petitioner,Petitioner/Appellant won (petitioning party received a favorable disposition)
2025,1710,24-7351,Pitchford v. Cain,5/28/2026,EKagan,Majority or plurality,Petitioner,Petitioner/Appellant won (petitioning party received a favorable disposition)
2025,1710,24-7351,Pitchford v. Cain,5/28/2026,NMGorsuch,Dissent,Respondent,Petitioner/Appellant won (petitioning party received a favorable disposition)
2025,1710,24-7351,Pitchford v. Cain,5/28/2026,BMKavanaugh,Majority or plurality,Petitioner,Petitioner/Appellant won (petitioning party received a favorable disposition)
2025,1710,24-7351,Pitchford v. Cain,5/28/2026,ACBarrett,Dissent,Respondent,Petitioner/Appellant won (petitioning party received a favorable disposition)
2025,1710,24-7351,Pitchford v. Cain,5/28/2026,KBJackson,Majority or plurality,Petitioner,Petitioner/Appellant won (petitioning party received a favorable disposition)
2025,1710,24-758,"The GEO Group, Inc. v. Menocal",2/25/2026,JGRoberts,Majority or plurality,Respondent,Respondent/Appellee won (petitioning party did not receive a favorable disposition)
2025,1710,24-758,"The GEO Group, Inc. v. Menocal",2/25/2026,CThomas,Special concurrence,Respondent,Respondent/Appellee won (petitioning party did not receive a favorable disposition)
2025,1710,24-758,"The GEO Group, Inc. v. Menocal",2/25/2026,SAAlito,Special concurrence,Respondent,Respondent/Appellee won (petitioning party did not receive a favorable disposition)
2025,1710,24-758,"The GEO Group, Inc. v. Menocal",2/25/2026,SSotomayor,Majority or plurality,Respondent,Respondent/Appellee won (petitioning party did not receive a favorable disposition)
2025,1710,24-758,"The GEO Group, Inc. v. Menocal",2/25/2026,EKagan,Majority or plurality,Respondent,Respondent/Appellee won (petitioning party did not receive a favorable disposition)
2025,1710,24-758,"The GEO Group, Inc. v. Menocal",2/25/2026,NMGorsuch,Majority or plurality,Respondent,Respondent/Appellee won (petitioning party did not receive a favorable disposition)
2025,1710,24-758,"The GEO Group, Inc. v. Menocal",2/25/2026,BMKavanaugh,Majority or plurality,Respondent,Respondent/Appellee won (petitioning party did not receive a favorable disposition)
2025,1710,24-758,"The GEO Group, Inc. v. Menocal",2/25/2026,ACBarrett,Majority or plurality,Respondent,Respondent/Appellee won (petitioning party did not receive a favorable disposition)
2025,1710,24-758,"The GEO Group, Inc. v. Menocal",2/25/2026,KBJackson,Majority or plurality,Respondent,Respondent/Appellee won (petitioning party did not receive a favorable disposition)
2025,1710,24-777,Urias-Orellana v. Bondi,3/4/2026,JGRoberts,Majority or plurality,Respondent,Respondent/Appellee won (petitioning party did not receive a favorable disposition)
2025,1710,24-777,Urias-Orellana v. Bondi,3/4/2026,CThomas,Majority or plurality,Respondent,Respondent/Appellee won (petitioning party did not receive a favorable disposition)
2025,1710,24-777,Urias-Orellana v. Bondi,3/4/2026,SAAlito,Majority or plurality,Respondent,Respondent/Appellee won (petitioning party did not receive a favorable disposition)
2025,1710,24-777,Urias-Orellana v. Bondi,3/4/2026,SSotomayor,Majority or plurality,Respondent,Respondent/Appellee won (petitioning party did not receive a favorable disposition)
2025,1710,24-777,Urias-Orellana v. Bondi,3/4/2026,EKagan,Majority or plurality,Respondent,Respondent/Appellee won (petitioning party did not receive a favorable disposition)
2025,1710,24-777,Urias-Orellana v. Bondi,3/4/2026,NMGorsuch,Majority or plurality,Respondent,Respondent/Appellee won (petitioning party did not receive a favorable disposition)
2025,1710,24-777,Urias-Orellana v. Bondi,3/4/2026,BMKavanaugh,Majority or plurality,Respondent,Respondent/Appellee won (petitioning party did not receive a favorable disposition)
2025,1710,24-777,Urias-Orellana v. Bondi,3/4/2026,ACBarrett,Majority or plurality,Respondent,Respondent/Appellee won (petitioning party did not receive a favorable disposition)
2025,1710,24-777,Urias-Orellana v. Bondi,3/4/2026,KBJackson,Majority or plurality,Respondent,Respondent/Appellee won (petitioning party did not receive a favorable disposition)
2025,1710,24-781,"First Choice Women’s Resource Centers, Inc. v. Davenport",4/29/2026,JGRoberts,Majority or plurality,Petitioner,Petitioner/Appellant won (petitioning party received a favorable disposition)
2025,1710,24-781,"First Choice Women’s Resource Centers, Inc. v. Davenport",4/29/2026,CThomas,Majority or plurality,Petitioner,Petitioner/Appellant won (petitioning party received a favorable disposition)
2025,1710,24-781,"First Choice Women’s Resource Centers, Inc. v. Davenport",4/29/2026,SAAlito,Majority or plurality,Petitioner,Petitioner/Appellant won (petitioning party received a favorable disposition)
2025,1710,24-781,"First Choice Women’s Resource Centers, Inc. v. Davenport",4/29/2026,SSotomayor,Majority or plurality,Petitioner,Petitioner/Appellant won (petitioning party received a favorable disposition)
2025,1710,24-781,"First Choice Women’s Resource Centers, Inc. v. Davenport",4/29/2026,EKagan,Majority or plurality,Petitioner,Petitioner/Appellant won (petitioning party received a favorable disposition)
2025,1710,24-781,"First Choice Women’s Resource Centers, Inc. v. Davenport",4/29/2026,NMGorsuch,Majority or plurality,Petitioner,Petitioner/Appellant won (petitioning party received a favorable disposition)
2025,1710,24-781,"First Choice Women’s Resource Centers, Inc. v. Davenport",4/29/2026,BMKavanaugh,Majority or plurality,Petitioner,Petitioner/Appellant won (petitioning party received a favorable disposition)
2025,1710,24-781,"First Choice Women’s Resource Centers, Inc. v. Davenport",4/29/2026,ACBarrett,Majority or plurality,Petitioner,Petitioner/Appellant won (petitioning party received a favorable disposition)
2025,1710,24-781,"First Choice Women’s Resource Centers, Inc. v. Davenport",4/29/2026,KBJackson,Majority or plurality,Petitioner,Petitioner/Appellant won (petitioning party received a favorable disposition)
2025,1710,24-783,"Enbridge Energy, LP v. Nessel",4/22/2026,JGRoberts,Majority or plurality,Respondent,Respondent/Appellee won (petitioning party did not receive a favorable disposition)
2025,1710,24-783,"Enbridge Energy, LP v. Nessel",4/22/2026,CThomas,Majority or plurality,Respondent,Respondent/Appellee won (petitioning party did not receive a favorable disposition)
2025,1710,24-783,"Enbridge Energy, LP v. Nessel",4/22/2026,SAAlito,Majority or plurality,Respondent,Respondent/Appellee won (petitioning party did not receive a favorable disposition)
2025,1710,24-783,"Enbridge Energy, LP v. Nessel",4/22/2026,SSotomayor,Majority or plurality,Respondent,Respondent/Appellee won (petitioning party did not receive a favorable disposition)
2025,1710,24-783,"Enbridge Energy, LP v. Nessel",4/22/2026,EKagan,Majority or plurality,Respondent,Respondent/Appellee won (petitioning party did not receive a favorable disposition)
2025,1710,24-783,"Enbridge Energy, LP v. Nessel",4/22/2026,NMGorsuch,Majority or plurality,Respondent,Respondent/Appellee won (petitioning party did not receive a favorable disposition)
2025,1710,24-783,"Enbridge Energy, LP v. Nessel",4/22/2026,BMKavanaugh,Majority or plurality,Respondent,Respondent/Appellee won (petitioning party did not receive a favorable disposition)
2025,1710,24-783,"Enbridge Energy, LP v. Nessel",4/22/2026,ACBarrett,Majority or plurality,Respondent,Respondent/Appellee won (petitioning party did not receive a favorable disposition)
2025,1710,24-783,"Enbridge Energy, LP v. Nessel",4/22/2026,KBJackson,Majority or plurality,Respondent,Respondent/Appellee won (petitioning party did not receive a favorable disposition)
2025,1710,24-808,"Coney Island Auto Parts Unlimited, Inc. v. Burton",1/20/2026,JGRoberts,Majority or plurality,Respondent,Respondent/Appellee won (petitioning party did not receive a favorable disposition)
2025,1710,24-808,"Coney Island Auto Parts Unlimited, Inc. v. Burton",1/20/2026,CThomas,Majority or plurality,Respondent,Respondent/Appellee won (petitioning party did not receive a favorable disposition)
2025,1710,24-808,"Coney Island Auto Parts Unlimited, Inc. v. Burton",1/20/2026,SAAlito,Majority or plurality,Respondent,Respondent/Appellee won (petitioning party did not receive a favorable disposition)
2025,1710,24-808,"Coney Island Auto Parts Unlimited, Inc. v. Burton",1/20/2026,SSotomayor,Special concurrence,Respondent,Respondent/Appellee won (petitioning party did not receive a favorable disposition)
2025,1710,24-808,"Coney Island Auto Parts Unlimited, Inc. v. Burton",1/20/2026,EKagan,Majority or plurality,Respondent,Respondent/Appellee won (petitioning party did not receive a favorable disposition)
2025,1710,24-808,"Coney Island Auto Parts Unlimited, Inc. v. Burton",1/20/2026,NMGorsuch,Majority or plurality,Respondent,Respondent/Appellee won (petitioning party did not receive a favorable disposition)
2025,1710,24-808,"Coney Island Auto Parts Unlimited, Inc. v. Burton",1/20/2026,BMKavanaugh,Majority or plurality,Respondent,Respondent/Appellee won (petitioning party did not receive a favorable disposition)
2025,1710,24-808,"Coney Island Auto Parts Unlimited, Inc. v. Burton",1/20/2026,ACBarrett,Majority or plurality,Respondent,Respondent/Appellee won (petitioning party did not receive a favorable disposition)
2025,1710,24-808,"Coney Island Auto Parts Unlimited, Inc. v. Burton",1/20/2026,KBJackson,Majority or plurality,Respondent,Respondent/Appellee won (petitioning party did not receive a favorable disposition)
2025,1710,24-813,"Chevron USA Inc. v. Plaquemines Parish, Louisiana",4/17/2026,JGRoberts,Majority or plurality,Petitioner,Petitioner/Appellant won (petitioning party received a favorable disposition)
2025,1710,24-813,"Chevron USA Inc. v. Plaquemines Parish, Louisiana",4/17/2026,CThomas,Majority or plurality,Petitioner,Petitioner/Appellant won (petitioning party received a favorable disposition)
2025,1710,24-813,"Chevron USA Inc. v. Plaquemines Parish, Louisiana",4/17/2026,SSotomayor,Majority or plurality,Petitioner,Petitioner/Appellant won (petitioning party received a favorable disposition)
2025,1710,24-813,"Chevron USA Inc. v. Plaquemines Parish, Louisiana",4/17/2026,EKagan,Majority or plurality,Petitioner,Petitioner/Appellant won (petitioning party received a favorable disposition)
2025,1710,24-813,"Chevron USA Inc. v. Plaquemines Parish, Louisiana",4/17/2026,NMGorsuch,Majority or plurality,Petitioner,Petitioner/Appellant won (petitioning party received a favorable disposition)
2025,1710,24-813,"Chevron USA Inc. v. Plaquemines Parish, Louisiana",4/17/2026,BMKavanaugh,Majority or plurality,Petitioner,Petitioner/Appellant won (petitioning party received a favorable disposition)
2025,1710,24-813,"Chevron USA Inc. v. Plaquemines Parish, Louisiana",4/17/2026,ACBarrett,Majority or plurality,Petitioner,Petitioner/Appellant won (petitioning party received a favorable disposition)
2025,1710,24-813,"Chevron USA Inc. v. Plaquemines Parish, Louisiana",4/17/2026,KBJackson,Special concurrence,Petitioner,Petitioner/Appellant won (petitioning party received a favorable disposition)
2025,1710,24-820,Rutherford v. United States,5/28/2026,JGRoberts,Majority or plurality,Respondent,Respondent/Appellee won (petitioning party did not receive a favorable disposition)
2025,1710,24-820,Rutherford v. United States,5/28/2026,CThomas,Majority or plurality,Respondent,Respondent/Appellee won (petitioning party did not receive a favorable disposition)
2025,1710,24-820,Rutherford v. United States,5/28/2026,SAAlito,Majority or plurality,Respondent,Respondent/Appellee won (petitioning party did not receive a favorable disposition)
2025,1710,24-820,Rutherford v. United States,5/28/2026,SSotomayor,Dissent,Petitioner,Respondent/Appellee won (petitioning party did not receive a favorable disposition)
2025,1710,24-820,Rutherford v. United States,5/28/2026,EKagan,Dissent,Petitioner,Respondent/Appellee won (petitioning party did not receive a favorable disposition)
2025,1710,24-820,Rutherford v. United States,5/28/2026,NMGorsuch,Majority or plurality,Respondent,Respondent/Appellee won (petitioning party did not receive a favorable disposition)
2025,1710,24-820,Rutherford v. United States,5/28/2026,BMKavanaugh,Majority or plurality,Respondent,Respondent/Appellee won (petitioning party did not receive a favorable disposition)
2025,1710,24-820,Rutherford v. United States,5/28/2026,ACBarrett,Majority or plurality,Respondent,Respondent/Appellee won (petitioning party did not receive a favorable disposition)
2025,1710,24-820,Rutherford v. United States,5/28/2026,KBJackson,Dissent,Petitioner,Respondent/Appellee won (petitioning party did not receive a favorable disposition)
2025,1710,24-856,"Cisco Systems, Inc. v. Doe I",6/23/2026,JGRoberts,Majority or plurality,Petitioner,Petitioner/Appellant won (petitioning party received a favorable disposition)
2025,1710,24-856,"Cisco Systems, Inc. v. Doe I",6/23/2026,CThomas,Majority or plurality,Petitioner,Petitioner/Appellant won (petitioning party received a favorable disposition)
2025,1710,24-856,"Cisco Systems, Inc. v. Doe I",6/23/2026,SAAlito,Majority or plurality,Petitioner,Petitioner/Appellant won (petitioning party received a favorable disposition)
2025,1710,24-856,"Cisco Systems, Inc. v. Doe I",6/23/2026,SSotomayor,Dissent,Respondent,Petitioner/Appellant won (petitioning party received a favorable disposition)
2025,1710,24-856,"Cisco Systems, Inc. v. Doe I",6/23/2026,EKagan,Dissent,Respondent,Petitioner/Appellant won (petitioning party received a favorable disposition)
2025,1710,24-856,"Cisco Systems, Inc. v. Doe I",6/23/2026,NMGorsuch,Majority or plurality,Petitioner,Petitioner/Appellant won (petitioning party received a favorable disposition)
2025,1710,24-856,"Cisco Systems, Inc. v. Doe I",6/23/2026,BMKavanaugh,Majority or plurality,Petitioner,Petitioner/Appellant won (petitioning party received a favorable disposition)
2025,1710,24-856,"Cisco Systems, Inc. v. Doe I",6/23/2026,ACBarrett,Majority or plurality,Petitioner,Petitioner/Appellant won (petitioning party received a favorable disposition)
2025,1710,24-856,"Cisco Systems, Inc. v. Doe I",6/23/2026,KBJackson,Dissent,Respondent,Petitioner/Appellant won (petitioning party received a favorable disposition)
2025,1710,24-872,Hamm v. Smith (Capital Punishment),5/21/2026,JGRoberts,Dissent,Petitioner,Respondent/Appellee won (petitioning party did not receive a favorable disposition)
2025,1710,24-872,Hamm v. Smith (Capital Punishment),5/21/2026,CThomas,Dissent,Petitioner,Respondent/Appellee won (petitioning party did not receive a favorable disposition)
2025,1710,24-872,Hamm v. Smith (Capital Punishment),5/21/2026,SAAlito,Dissent,Petitioner,Respondent/Appellee won (petitioning party did not receive a favorable disposition)
2025,1710,24-872,Hamm v. Smith (Capital Punishment),5/21/2026,SSotomayor,Regular concurrence,Respondent,Respondent/Appellee won (petitioning party did not receive a favorable disposition)
2025,1710,24-872,Hamm v. Smith (Capital Punishment),5/21/2026,EKagan,Majority or plurality,Respondent,Respondent/Appellee won (petitioning party did not receive a favorable disposition)
2025,1710,24-872,Hamm v. Smith (Capital Punishment),5/21/2026,NMGorsuch,Dissent,Petitioner,Respondent/Appellee won (petitioning party did not receive a favorable disposition)
2025,1710,24-872,Hamm v. Smith (Capital Punishment),5/21/2026,BMKavanaugh,Majority or plurality,Respondent,Respondent/Appellee won (petitioning party did not receive a favorable disposition)
2025,1710,24-872,Hamm v. Smith (Capital Punishment),5/21/2026,ACBarrett,Majority or plurality,Respondent,Respondent/Appellee won (petitioning party did not receive a favorable disposition)
2025,1710,24-872,Hamm v. Smith (Capital Punishment),5/21/2026,KBJackson,Regular concurrence,Respondent,Respondent/Appellee won (petitioning party did not receive a favorable disposition)
2025,1710,24-889,"Hikma Pharmaceuticals USA Inc. v. Amarin Pharma, Inc.",6/4/2026,JGRoberts,Majority or plurality,Petitioner,Petitioner/Appellant won (petitioning party received a favorable disposition)
2025,1710,24-889,"Hikma Pharmaceuticals USA Inc. v. Amarin Pharma, Inc.",6/4/2026,CThomas,Majority or plurality,Petitioner,Petitioner/Appellant won (petitioning party received a favorable disposition)
2025,1710,24-889,"Hikma Pharmaceuticals USA Inc. v. Amarin Pharma, Inc.",6/4/2026,SAAlito,Majority or plurality,Petitioner,Petitioner/Appellant won (petitioning party received a favorable disposition)
2025,1710,24-889,"Hikma Pharmaceuticals USA Inc. v. Amarin Pharma, Inc.",6/4/2026,SSotomayor,Majority or plurality,Petitioner,Petitioner/Appellant won (petitioning party received a favorable disposition)
2025,1710,24-889,"Hikma Pharmaceuticals USA Inc. v. Amarin Pharma, Inc.",6/4/2026,EKagan,Majority or plurality,Petitioner,Petitioner/Appellant won (petitioning party received a favorable disposition)
2025,1710,24-889,"Hikma Pharmaceuticals USA Inc. v. Amarin Pharma, Inc.",6/4/2026,NMGorsuch,Majority or plurality,Petitioner,Petitioner/Appellant won (petitioning party received a favorable disposition)
2025,1710,24-889,"Hikma Pharmaceuticals USA Inc. v. Amarin Pharma, Inc.",6/4/2026,BMKavanaugh,Majority or plurality,Petitioner,Petitioner/Appellant won (petitioning party received a favorable disposition)
2025,1710,24-889,"Hikma Pharmaceuticals USA Inc. v. Amarin Pharma, Inc.",6/4/2026,ACBarrett,Majority or plurality,Petitioner,Petitioner/Appellant won (petitioning party received a favorable disposition)
2025,1710,24-889,"Hikma Pharmaceuticals USA Inc. v. Amarin Pharma, Inc.",6/4/2026,KBJackson,Majority or plurality,Petitioner,Petitioner/Appellant won (petitioning party received a favorable disposition)
2025,1710,24-924,Hencely v. Fluor Corporation,4/22/2026,JGRoberts,Dissent,Respondent,Petitioner/Appellant won (petitioning party received a favorable disposition)
2025,1710,24-924,Hencely v. Fluor Corporation,4/22/2026,CThomas,Majority or plurality,Petitioner,Petitioner/Appellant won (petitioning party received a favorable disposition)
2025,1710,24-924,Hencely v. Fluor Corporation,4/22/2026,SAAlito,Dissent,Respondent,Petitioner/Appellant won (petitioning party received a favorable disposition)
2025,1710,24-924,Hencely v. Fluor Corporation,4/22/2026,SSotomayor,Majority or plurality,Petitioner,Petitioner/Appellant won (petitioning party received a favorable disposition)
2025,1710,24-924,Hencely v. Fluor Corporation,4/22/2026,EKagan,Majority or plurality,Petitioner,Petitioner/Appellant won (petitioning party received a favorable disposition)
2025,1710,24-924,Hencely v. Fluor Corporation,4/22/2026,NMGorsuch,Majority or plurality,Petitioner,Petitioner/Appellant won (petitioning party received a favorable disposition)
2025,1710,24-924,Hencely v. Fluor Corporation,4/22/2026,BMKavanaugh,Dissent,Respondent,Petitioner/Appellant won (petitioning party received a favorable disposition)
2025,1710,24-924,Hencely v. Fluor Corporation,4/22/2026,ACBarrett,Majority or plurality,Petitioner,Petitioner/Appellant won (petitioning party received a favorable disposition)
2025,1710,24-924,Hencely v. Fluor Corporation,4/22/2026,KBJackson,Majority or plurality,Petitioner,Petitioner/Appellant won (petitioning party received a favorable disposition)
2025,1710,24-935,"Flowers Foods, Inc. v. Brock",5/28/2026,JGRoberts,Majority or plurality,Respondent,Respondent/Appellee won (petitioning party did not receive a favorable disposition)
2025,1710,24-935,"Flowers Foods, Inc. v. Brock",5/28/2026,CThomas,Majority or plurality,Respondent,Respondent/Appellee won (petitioning party did not receive a favorable disposition)
2025,1710,24-935,"Flowers Foods, Inc. v. Brock",5/28/2026,SAAlito,Majority or plurality,Respondent,Respondent/Appellee won (petitioning party did not receive a favorable disposition)
2025,1710,24-935,"Flowers Foods, Inc. v. Brock",5/28/2026,SSotomayor,Majority or plurality,Respondent,Respondent/Appellee won (petitioning party did not receive a favorable disposition)
2025,1710,24-935,"Flowers Foods, Inc. v. Brock",5/28/2026,EKagan,Majority or plurality,Respondent,Respondent/Appellee won (petitioning party did not receive a favorable disposition)
2025,1710,24-935,"Flowers Foods, Inc. v. Brock",5/28/2026,NMGorsuch,Majority or plurality,Respondent,Respondent/Appellee won (petitioning party did not receive a favorable disposition)
2025,1710,24-935,"Flowers Foods, Inc. v. Brock",5/28/2026,BMKavanaugh,Majority or plurality,Respondent,Respondent/Appellee won (petitioning party did not receive a favorable disposition)
2025,1710,24-935,"Flowers Foods, Inc. v. Brock",5/28/2026,ACBarrett,Majority or plurality,Respondent,Respondent/Appellee won (petitioning party did not receive a favorable disposition)
2025,1710,24-935,"Flowers Foods, Inc. v. Brock",5/28/2026,KBJackson,Majority or plurality,Respondent,Respondent/Appellee won (petitioning party did not receive a favorable disposition)
2025,1710,24-983,"Havana Docks Corporation v. Royal Caribbean Cruises, Ltd.",5/21/2026,JGRoberts,Majority or plurality,Petitioner,Petitioner/Appellant won (petitioning party received a favorable disposition)
2025,1710,24-983,"Havana Docks Corporation v. Royal Caribbean Cruises, Ltd.",5/21/2026,CThomas,Majority or plurality,Petitioner,Petitioner/Appellant won (petitioning party received a favorable disposition)
2025,1710,24-983,"Havana Docks Corporation v. Royal Caribbean Cruises, Ltd.",5/21/2026,SAAlito,Majority or plurality,Petitioner,Petitioner/Appellant won (petitioning party received a favorable disposition)
2025,1710,24-983,"Havana Docks Corporation v. Royal Caribbean Cruises, Ltd.",5/21/2026,SSotomayor,Regular concurrence,Petitioner,Petitioner/Appellant won (petitioning party received a favorable disposition)
2025,1710,24-983,"Havana Docks Corporation v. Royal Caribbean Cruises, Ltd.",5/21/2026,EKagan,Dissent,Respondent,Petitioner/Appellant won (petitioning party received a favorable disposition)
2025,1710,24-983,"Havana Docks Corporation v. Royal Caribbean Cruises, Ltd.",5/21/2026,NMGorsuch,Majority or plurality,Petitioner,Petitioner/Appellant won (petitioning party received a favorable disposition)
2025,1710,24-983,"Havana Docks Corporation v. Royal Caribbean Cruises, Ltd.",5/21/2026,BMKavanaugh,Regular concurrence,Petitioner,Petitioner/Appellant won (petitioning party received a favorable disposition)
2025,1710,24-983,"Havana Docks Corporation v. Royal Caribbean Cruises, Ltd.",5/21/2026,ACBarrett,Majority or plurality,Petitioner,Petitioner/Appellant won (petitioning party received a favorable disposition)
2025,1710,24-983,"Havana Docks Corporation v. Royal Caribbean Cruises, Ltd.",5/21/2026,KBJackson,Majority or plurality,Petitioner,Petitioner/Appellant won (petitioning party received a favorable disposition)
2025,1710,24-993,"Olivier v. City of Brandon, Mississippi",3/20/2026,JGRoberts,Majority or plurality,Petitioner,Petitioner/Appellant won (petitioning party received a favorable disposition)
2025,1710,24-993,"Olivier v. City of Brandon, Mississippi",3/20/2026,CThomas,Majority or plurality,Petitioner,Petitioner/Appellant won (petitioning party received a favorable disposition)
2025,1710,24-993,"Olivier v. City of Brandon, Mississippi",3/20/2026,SAAlito,Majority or plurality,Petitioner,Petitioner/Appellant won (petitioning party received a favorable disposition)
2025,1710,24-993,"Olivier v. City of Brandon, Mississippi",3/20/2026,SSotomayor,Majority or plurality,Petitioner,Petitioner/Appellant won (petitioning party received a favorable disposition)
2025,1710,24-993,"Olivier v. City of Brandon, Mississippi",3/20/2026,EKagan,Majority or plurality,Petitioner,Petitioner/Appellant won (petitioning party received a favorable disposition)
2025,1710,24-993,"Olivier v. City of Brandon, Mississippi",3/20/2026,NMGorsuch,Majority or plurality,Petitioner,Petitioner/Appellant won (petitioning party received a favorable disposition)
2025,1710,24-993,"Olivier v. City of Brandon, Mississippi",3/20/2026,BMKavanaugh,Majority or plurality,Petitioner,Petitioner/Appellant won (petitioning party received a favorable disposition)
2025,1710,24-993,"Olivier v. City of Brandon, Mississippi",3/20/2026,ACBarrett,Majority or plurality,Petitioner,Petitioner/Appellant won (petitioning party received a favorable disposition)
2025,1710,24-993,"Olivier v. City of Brandon, Mississippi",3/20/2026,KBJackson,Majority or plurality,Petitioner,Petitioner/Appellant won (petitioning party received a favorable disposition)
2025,1710,25-1083,Mullin v. Doe,6/25/2026,JGRoberts,Majority or plurality,Petitioner,Petitioner/Appellant won (petitioning party received a favorable disposition)
2025,1710,25-1083,Mullin v. Doe,6/25/2026,CThomas,Regular concurrence,Petitioner,Petitioner/Appellant won (petitioning party received a favorable disposition)
2025,1710,25-1083,Mullin v. Doe,6/25/2026,SAAlito,Majority or plurality,Petitioner,Petitioner/Appellant won (petitioning party received a favorable disposition)
2025,1710,25-1083,Mullin v. Doe,6/25/2026,SSotomayor,Dissent,Respondent,Petitioner/Appellant won (petitioning party received a favorable disposition)
2025,1710,25-1083,Mullin v. Doe,6/25/2026,EKagan,Dissent,Respondent,Petitioner/Appellant won (petitioning party received a favorable disposition)
2025,1710,25-1083,Mullin v. Doe,6/25/2026,NMGorsuch,Majority or plurality,Petitioner,Petitioner/Appellant won (petitioning party received a favorable disposition)
2025,1710,25-1083,Mullin v. Doe,6/25/2026,BMKavanaugh,Majority or plurality,Petitioner,Petitioner/Appellant won (petitioning party received a favorable disposition)
2025,1710,25-1083,Mullin v. Doe,6/25/2026,ACBarrett,Majority or plurality,Petitioner,Petitioner/Appellant won (petitioning party received a favorable disposition)
2025,1710,25-1083,Mullin v. Doe,6/25/2026,KBJackson,Dissent,Respondent,Petitioner/Appellant won (petitioning party received a favorable disposition)
2025,1710,25-112,Chatrie v. United States,6/29/2026,JGRoberts,Majority or plurality,Petitioner,Petitioner/Appellant won (petitioning party received a favorable disposition)
2025,1710,25-112,Chatrie v. United States,6/29/2026,CThomas,Dissent,Respondent,Petitioner/Appellant won (petitioning party received a favorable disposition)
2025,1710,25-112,Chatrie v. United States,6/29/2026,SAAlito,Dissent,Respondent,Petitioner/Appellant won (petitioning party received a favorable disposition)
2025,1710,25-112,Chatrie v. United States,6/29/2026,SSotomayor,Regular concurrence,Petitioner,Petitioner/Appellant won (petitioning party received a favorable disposition)
2025,1710,25-112,Chatrie v. United States,6/29/2026,EKagan,Majority or plurality,Petitioner,Petitioner/Appellant won (petitioning party received a favorable disposition)
2025,1710,25-112,Chatrie v. United States,6/29/2026,NMGorsuch,Special concurrence,Petitioner,Petitioner/Appellant won (petitioning party received a favorable disposition)
2025,1710,25-112,Chatrie v. United States,6/29/2026,BMKavanaugh,Majority or plurality,Petitioner,Petitioner/Appellant won (petitioning party received a favorable disposition)
2025,1710,25-112,Chatrie v. United States,6/29/2026,ACBarrett,Dissent,Respondent,Petitioner/Appellant won (petitioning party received a favorable disposition)
2025,1710,25-112,Chatrie v. United States,6/29/2026,KBJackson,Regular concurrence,Petitioner,Petitioner/Appellant won (petitioning party received a favorable disposition)
2025,1710,25-180,"Doe v. Dynamic Physical Therapy, LLC",12/8/2025,JGRoberts,Majority or plurality,Petitioner,Petitioner/Appellant won (petitioning party received a favorable disposition)
2025,1710,25-180,"Doe v. Dynamic Physical Therapy, LLC",12/8/2025,CThomas,Majority or plurality,Petitioner,Petitioner/Appellant won (petitioning party received a favorable disposition)
2025,1710,25-180,"Doe v. Dynamic Physical Therapy, LLC",12/8/2025,SAAlito,Majority or plurality,Petitioner,Petitioner/Appellant won (petitioning party received a favorable disposition)
2025,1710,25-180,"Doe v. Dynamic Physical Therapy, LLC",12/8/2025,SSotomayor,Majority or plurality,Petitioner,Petitioner/Appellant won (petitioning party received a favorable disposition)
2025,1710,25-180,"Doe v. Dynamic Physical Therapy, LLC",12/8/2025,EKagan,Majority or plurality,Petitioner,Petitioner/Appellant won (petitioning party received a favorable disposition)
2025,1710,25-180,"Doe v. Dynamic Physical Therapy, LLC",12/8/2025,NMGorsuch,Majority or plurality,Petitioner,Petitioner/Appellant won (petitioning party received a favorable disposition)
2025,1710,25-180,"Doe v. Dynamic Physical Therapy, LLC",12/8/2025,BMKavanaugh,Majority or plurality,Petitioner,Petitioner/Appellant won (petitioning party received a favorable disposition)
2025,1710,25-180,"Doe v. Dynamic Physical Therapy, LLC",12/8/2025,ACBarrett,Majority or plurality,Petitioner,Petitioner/Appellant won (petitioning party received a favorable disposition)
2025,1710,25-180,"Doe v. Dynamic Physical Therapy, LLC",12/8/2025,KBJackson,Majority or plurality,Petitioner,Petitioner/Appellant won (petitioning party received a favorable disposition)
2025,1710,25-197,T. M. v. University of Maryland Medical System Corp.,6/18/2026,JGRoberts,Dissent,Petitioner,Respondent/Appellee won (petitioning party did not receive a favorable disposition)
2025,1710,25-197,T. M. v. University of Maryland Medical System Corp.,6/18/2026,CThomas,Regular concurrence,Respondent,Respondent/Appellee won (petitioning party did not receive a favorable disposition)
2025,1710,25-197,T. M. v. University of Maryland Medical System Corp.,6/18/2026,SAAlito,Majority or plurality,Respondent,Respondent/Appellee won (petitioning party did not receive a favorable disposition)
2025,1710,25-197,T. M. v. University of Maryland Medical System Corp.,6/18/2026,SSotomayor,Majority or plurality,Respondent,Respondent/Appellee won (petitioning party did not receive a favorable disposition)
2025,1710,25-197,T. M. v. University of Maryland Medical System Corp.,6/18/2026,EKagan,Dissent,Petitioner,Respondent/Appellee won (petitioning party did not receive a favorable disposition)
2025,1710,25-197,T. M. v. University of Maryland Medical System Corp.,6/18/2026,NMGorsuch,Dissent,Petitioner,Respondent/Appellee won (petitioning party did not receive a favorable disposition)
2025,1710,25-197,T. M. v. University of Maryland Medical System Corp.,6/18/2026,BMKavanaugh,Majority or plurality,Respondent,Respondent/Appellee won (petitioning party did not receive a favorable disposition)
2025,1710,25-197,T. M. v. University of Maryland Medical System Corp.,6/18/2026,ACBarrett,Dissent,Petitioner,Respondent/Appellee won (petitioning party did not receive a favorable disposition)
2025,1710,25-197,T. M. v. University of Maryland Medical System Corp.,6/18/2026,KBJackson,Majority or plurality,Respondent,Respondent/Appellee won (petitioning party did not receive a favorable disposition)
2025,1710,25-248,District of Columbia v. R.W.,4/20/2026,JGRoberts,Majority or plurality,Petitioner,Petitioner/Appellant won (petitioning party received a favorable disposition)
2025,1710,25-248,District of Columbia v. R.W.,4/20/2026,CThomas,Majority or plurality,Petitioner,Petitioner/Appellant won (petitioning party received a favorable disposition)
2025,1710,25-248,District of Columbia v. R.W.,4/20/2026,SAAlito,Majority or plurality,Petitioner,Petitioner/Appellant won (petitioning party received a favorable disposition)
2025,1710,25-248,District of Columbia v. R.W.,4/20/2026,SSotomayor,Dissent,Respondent,Petitioner/Appellant won (petitioning party received a favorable disposition)
2025,1710,25-248,District of Columbia v. R.W.,4/20/2026,EKagan,Majority or plurality,Petitioner,Petitioner/Appellant won (petitioning party received a favorable disposition)
2025,1710,25-248,District of Columbia v. R.W.,4/20/2026,NMGorsuch,Majority or plurality,Petitioner,Petitioner/Appellant won (petitioning party received a favorable disposition)
2025,1710,25-248,District of Columbia v. R.W.,4/20/2026,BMKavanaugh,Majority or plurality,Petitioner,Petitioner/Appellant won (petitioning party received a favorable disposition)
2025,1710,25-248,District of Columbia v. R.W.,4/20/2026,ACBarrett,Majority or plurality,Petitioner,Petitioner/Appellant won (petitioning party received a favorable disposition)
2025,1710,25-248,District of Columbia v. R.W.,4/20/2026,KBJackson,Dissent,Respondent,Petitioner/Appellant won (petitioning party received a favorable disposition)
2025,1710,25-297,Zorn v. Linton,3/23/2026,JGRoberts,Majority or plurality,Petitioner,Petitioner/Appellant won (petitioning party received a favorable disposition)
2025,1710,25-297,Zorn v. Linton,3/23/2026,CThomas,Majority or plurality,Petitioner,Petitioner/Appellant won (petitioning party received a favorable disposition)
2025,1710,25-297,Zorn v. Linton,3/23/2026,SAAlito,Majority or plurality,Petitioner,Petitioner/Appellant won (petitioning party received a favorable disposition)
2025,1710,25-297,Zorn v. Linton,3/23/2026,SSotomayor,Dissent,Respondent,Petitioner/Appellant won (petitioning party received a favorable disposition)
2025,1710,25-297,Zorn v. Linton,3/23/2026,EKagan,Dissent,Respondent,Petitioner/Appellant won (petitioning party received a favorable disposition)
2025,1710,25-297,Zorn v. Linton,3/23/2026,NMGorsuch,Majority or plurality,Petitioner,Petitioner/Appellant won (petitioning party received a favorable disposition)
2025,1710,25-297,Zorn v. Linton,3/23/2026,BMKavanaugh,Majority or plurality,Petitioner,Petitioner/Appellant won (petitioning party received a favorable disposition)
2025,1710,25-297,Zorn v. Linton,3/23/2026,ACBarrett,Majority or plurality,Petitioner,Petitioner/Appellant won (petitioning party received a favorable disposition)
2025,1710,25-297,Zorn v. Linton,3/23/2026,KBJackson,Dissent,Respondent,Petitioner/Appellant won (petitioning party received a favorable disposition)
2025,1710,25-332,Trump v. Slaughter (Independent Agencies),6/29/2026,JGRoberts,Majority or plurality,Petitioner,Petitioner/Appellant won (petitioning party received a favorable disposition)
2025,1710,25-332,Trump v. Slaughter (Independent Agencies),6/29/2026,CThomas,Majority or plurality,Petitioner,Petitioner/Appellant won (petitioning party received a favorable disposition)
2025,1710,25-332,Trump v. Slaughter (Independent Agencies),6/29/2026,SAAlito,Majority or plurality,Petitioner,Petitioner/Appellant won (petitioning party received a favorable disposition)
2025,1710,25-332,Trump v. Slaughter (Independent Agencies),6/29/2026,SSotomayor,Dissent,Respondent,Petitioner/Appellant won (petitioning party received a favorable disposition)
2025,1710,25-332,Trump v. Slaughter (Independent Agencies),6/29/2026,EKagan,Dissent,Respondent,Petitioner/Appellant won (petitioning party received a favorable disposition)
2025,1710,25-332,Trump v. Slaughter (Independent Agencies),6/29/2026,NMGorsuch,Regular concurrence,Petitioner,Petitioner/Appellant won (petitioning party received a favorable disposition)
2025,1710,25-332,Trump v. Slaughter (Independent Agencies),6/29/2026,BMKavanaugh,Majority or plurality,Petitioner,Petitioner/Appellant won (petitioning party received a favorable disposition)
2025,1710,25-332,Trump v. Slaughter (Independent Agencies),6/29/2026,ACBarrett,Majority or plurality,Petitioner,Petitioner/Appellant won (petitioning party received a favorable disposition)
2025,1710,25-332,Trump v. Slaughter (Independent Agencies),6/29/2026,KBJackson,Dissent,Respondent,Petitioner/Appellant won (petitioning party received a favorable disposition)
2025,1710,25-365,Trump v. Barbara (Birthright Citizenship),6/30/2026,JGRoberts,Majority or plurality,Respondent,Respondent/Appellee won (petitioning party did not receive a favorable disposition)
2025,1710,25-365,Trump v. Barbara (Birthright Citizenship),6/30/2026,CThomas,Dissent,Petitioner,Respondent/Appellee won (petitioning party did not receive a favorable disposition)
2025,1710,25-365,Trump v. Barbara (Birthright Citizenship),6/30/2026,SAAlito,Dissent,Petitioner,Respondent/Appellee won (petitioning party did not receive a favorable disposition)
2025,1710,25-365,Trump v. Barbara (Birthright Citizenship),6/30/2026,SSotomayor,Regular concurrence,Respondent,Respondent/Appellee won (petitioning party did not receive a favorable disposition)
2025,1710,25-365,Trump v. Barbara (Birthright Citizenship),6/30/2026,EKagan,Majority or plurality,Respondent,Respondent/Appellee won (petitioning party did not receive a favorable disposition)
2025,1710,25-365,Trump v. Barbara (Birthright Citizenship),6/30/2026,NMGorsuch,Dissent,Petitioner,Respondent/Appellee won (petitioning party did not receive a favorable disposition)
2025,1710,25-365,Trump v. Barbara (Birthright Citizenship),6/30/2026,BMKavanaugh,Special concurrence,Respondent,Respondent/Appellee won (petitioning party did not receive a favorable disposition)
2025,1710,25-365,Trump v. Barbara (Birthright Citizenship),6/30/2026,ACBarrett,Majority or plurality,Respondent,Respondent/Appellee won (petitioning party did not receive a favorable disposition)
2025,1710,25-365,Trump v. Barbara (Birthright Citizenship),6/30/2026,KBJackson,Regular concurrence,Respondent,Respondent/Appellee won (petitioning party did not receive a favorable disposition)
2025,1710,25-406,"Federal Communications Commission v. AT&T, Inc.",6/4/2026,JGRoberts,Majority or plurality,Petitioner,Petitioner/Appellant won (petitioning party received a favorable disposition)
2025,1710,25-406,"Federal Communications Commission v. AT&T, Inc.",6/4/2026,CThomas,Dissent,Respondent,Petitioner/Appellant won (petitioning party received a favorable disposition)
2025,1710,25-406,"Federal Communications Commission v. AT&T, Inc.",6/4/2026,SAAlito,Majority or plurality,Petitioner,Petitioner/Appellant won (petitioning party received a favorable disposition)
2025,1710,25-406,"Federal Communications Commission v. AT&T, Inc.",6/4/2026,SSotomayor,Majority or plurality,Petitioner,Petitioner/Appellant won (petitioning party received a favorable disposition)
2025,1710,25-406,"Federal Communications Commission v. AT&T, Inc.",6/4/2026,EKagan,Majority or plurality,Petitioner,Petitioner/Appellant won (petitioning party received a favorable disposition)
2025,1710,25-406,"Federal Communications Commission v. AT&T, Inc.",6/4/2026,NMGorsuch,Majority or plurality,Petitioner,Petitioner/Appellant won (petitioning party received a favorable disposition)
2025,1710,25-406,"Federal Communications Commission v. AT&T, Inc.",6/4/2026,BMKavanaugh,Majority or plurality,Petitioner,Petitioner/Appellant won (petitioning party received a favorable disposition)
2025,1710,25-406,"Federal Communications Commission v. AT&T, Inc.",6/4/2026,ACBarrett,Majority or plurality,Petitioner,Petitioner/Appellant won (petitioning party received a favorable disposition)
2025,1710,25-406,"Federal Communications Commission v. AT&T, Inc.",6/4/2026,KBJackson,Majority or plurality,Petitioner,Petitioner/Appellant won (petitioning party received a favorable disposition)
2025,1710,25-429,Blanche v. Lau,6/23/2026,JGRoberts,Majority or plurality,Petitioner,Petitioner/Appellant won (petitioning party received a favorable disposition)
2025,1710,25-429,Blanche v. Lau,6/23/2026,CThomas,Majority or plurality,Petitioner,Petitioner/Appellant won (petitioning party received a favorable disposition)
2025,1710,25-429,Blanche v. Lau,6/23/2026,SAAlito,Majority or plurality,Petitioner,Petitioner/Appellant won (petitioning party received a favorable disposition)
2025,1710,25-429,Blanche v. Lau,6/23/2026,SSotomayor,Dissent,Respondent,Petitioner/Appellant won (petitioning party received a favorable disposition)
2025,1710,25-429,Blanche v. Lau,6/23/2026,EKagan,Dissent,Respondent,Petitioner/Appellant won (petitioning party received a favorable disposition)
2025,1710,25-429,Blanche v. Lau,6/23/2026,NMGorsuch,Majority or plurality,Petitioner,Petitioner/Appellant won (petitioning party received a favorable disposition)
2025,1710,25-429,Blanche v. Lau,6/23/2026,BMKavanaugh,Majority or plurality,Petitioner,Petitioner/Appellant won (petitioning party received a favorable disposition)
2025,1710,25-429,Blanche v. Lau,6/23/2026,ACBarrett,Majority or plurality,Petitioner,Petitioner/Appellant won (petitioning party received a favorable disposition)
2025,1710,25-429,Blanche v. Lau,6/23/2026,KBJackson,Dissent,Respondent,Petitioner/Appellant won (petitioning party received a favorable disposition)
2025,1710,25-466,Sripetch v. Securities and Exchange Commission,6/4/2026,JGRoberts,Majority or plurality,Respondent,Respondent/Appellee won (petitioning party did not receive a favorable disposition)
2025,1710,25-466,Sripetch v. Securities and Exchange Commission,6/4/2026,CThomas,Regular concurrence,Respondent,Respondent/Appellee won (petitioning party did not receive a favorable disposition)
2025,1710,25-466,Sripetch v. Securities and Exchange Commission,6/4/2026,SAAlito,Majority or plurality,Respondent,Respondent/Appellee won (petitioning party did not receive a favorable disposition)
2025,1710,25-466,Sripetch v. Securities and Exchange Commission,6/4/2026,SSotomayor,Majority or plurality,Respondent,Respondent/Appellee won (petitioning party did not receive a favorable disposition)
2025,1710,25-466,Sripetch v. Securities and Exchange Commission,6/4/2026,EKagan,Majority or plurality,Respondent,Respondent/Appellee won (petitioning party did not receive a favorable disposition)
2025,1710,25-466,Sripetch v. Securities and Exchange Commission,6/4/2026,NMGorsuch,Majority or plurality,Respondent,Respondent/Appellee won (petitioning party did not receive a favorable disposition)
2025,1710,25-466,Sripetch v. Securities and Exchange Commission,6/4/2026,BMKavanaugh,Majority or plurality,Respondent,Respondent/Appellee won (petitioning party did not receive a favorable disposition)
2025,1710,25-466,Sripetch v. Securities and Exchange Commission,6/4/2026,ACBarrett,Majority or plurality,Respondent,Respondent/Appellee won (petitioning party did not receive a favorable disposition)
2025,1710,25-466,Sripetch v. Securities and Exchange Commission,6/4/2026,KBJackson,Majority or plurality,Respondent,Respondent/Appellee won (petitioning party did not receive a favorable disposition)
2025,1710,25-5,Mullin v. Al Otro Lado,6/25/2026,JGRoberts,Majority or plurality,Petitioner,Petitioner/Appellant won (petitioning party received a favorable disposition)
2025,1710,25-5,Mullin v. Al Otro Lado,6/25/2026,CThomas,Regular concurrence,Petitioner,Petitioner/Appellant won (petitioning party received a favorable disposition)
2025,1710,25-5,Mullin v. Al Otro Lado,6/25/2026,SAAlito,Majority or plurality,Petitioner,Petitioner/Appellant won (petitioning party received a favorable disposition)
2025,1710,25-5,Mullin v. Al Otro Lado,6/25/2026,SSotomayor,Dissent,Respondent,Petitioner/Appellant won (petitioning party received a favorable disposition)
2025,1710,25-5,Mullin v. Al Otro Lado,6/25/2026,EKagan,Dissent,Respondent,Petitioner/Appellant won (petitioning party received a favorable disposition)
2025,1710,25-5,Mullin v. Al Otro Lado,6/25/2026,NMGorsuch,Majority or plurality,Petitioner,Petitioner/Appellant won (petitioning party received a favorable disposition)
2025,1710,25-5,Mullin v. Al Otro Lado,6/25/2026,BMKavanaugh,Majority or plurality,Petitioner,Petitioner/Appellant won (petitioning party received a favorable disposition)
2025,1710,25-5,Mullin v. Al Otro Lado,6/25/2026,ACBarrett,Majority or plurality,Petitioner,Petitioner/Appellant won (petitioning party received a favorable disposition)
2025,1710,25-5,Mullin v. Al Otro Lado,6/25/2026,KBJackson,Dissent,Respondent,Petitioner/Appellant won (petitioning party received a favorable disposition)
2025,1710,25-51,Klein v. Martin,1/26/2026,JGRoberts,Majority or plurality,Petitioner,Petitioner/Appellant won (petitioning party received a favorable disposition)
2025,1710,25-51,Klein v. Martin,1/26/2026,CThomas,Majority or plurality,Petitioner,Petitioner/Appellant won (petitioning party received a favorable disposition)
2025,1710,25-51,Klein v. Martin,1/26/2026,SAAlito,Majority or plurality,Petitioner,Petitioner/Appellant won (petitioning party received a favorable disposition)
2025,1710,25-51,Klein v. Martin,1/26/2026,SSotomayor,Majority or plurality,Petitioner,Petitioner/Appellant won (petitioning party received a favorable disposition)
2025,1710,25-51,Klein v. Martin,1/26/2026,EKagan,Majority or plurality,Petitioner,Petitioner/Appellant won (petitioning party received a favorable disposition)
2025,1710,25-51,Klein v. Martin,1/26/2026,NMGorsuch,Majority or plurality,Petitioner,Petitioner/Appellant won (petitioning party received a favorable disposition)
2025,1710,25-51,Klein v. Martin,1/26/2026,BMKavanaugh,Majority or plurality,Petitioner,Petitioner/Appellant won (petitioning party received a favorable disposition)
2025,1710,25-51,Klein v. Martin,1/26/2026,ACBarrett,Majority or plurality,Petitioner,Petitioner/Appellant won (petitioning party received a favorable disposition)
2025,1710,25-51,Klein v. Martin,1/26/2026,KBJackson,Dissent,Respondent,Petitioner/Appellant won (petitioning party received a favorable disposition)
2025,1710,25-5146,Abouammo v. United States,6/11/2026,JGRoberts,Majority or plurality,Petitioner,Petitioner/Appellant won (petitioning party received a favorable disposition)
2025,1710,25-5146,Abouammo v. United States,6/11/2026,CThomas,Majority or plurality,Petitioner,Petitioner/Appellant won (petitioning party received a favorable disposition)
2025,1710,25-5146,Abouammo v. United States,6/11/2026,SAAlito,Majority or plurality,Petitioner,Petitioner/Appellant won (petitioning party received a favorable disposition)
2025,1710,25-5146,Abouammo v. United States,6/11/2026,SSotomayor,Majority or plurality,Petitioner,Petitioner/Appellant won (petitioning party received a favorable disposition)
2025,1710,25-5146,Abouammo v. United States,6/11/2026,EKagan,Majority or plurality,Petitioner,Petitioner/Appellant won (petitioning party received a favorable disposition)
2025,1710,25-5146,Abouammo v. United States,6/11/2026,NMGorsuch,Majority or plurality,Petitioner,Petitioner/Appellant won (petitioning party received a favorable disposition)
2025,1710,25-5146,Abouammo v. United States,6/11/2026,BMKavanaugh,Majority or plurality,Petitioner,Petitioner/Appellant won (petitioning party received a favorable disposition)
2025,1710,25-5146,Abouammo v. United States,6/11/2026,ACBarrett,Majority or plurality,Petitioner,Petitioner/Appellant won (petitioning party received a favorable disposition)
2025,1710,25-5146,Abouammo v. United States,6/11/2026,KBJackson,Majority or plurality,Petitioner,Petitioner/Appellant won (petitioning party received a favorable disposition)
2025,1710,25-52,Clark v. Sweeney,11/24/2025,JGRoberts,Majority or plurality,Petitioner,Petitioner/Appellant won (petitioning party received a favorable disposition)
2025,1710,25-52,Clark v. Sweeney,11/24/2025,CThomas,Majority or plurality,Petitioner,Petitioner/Appellant won (petitioning party received a favorable disposition)
2025,1710,25-52,Clark v. Sweeney,11/24/2025,SAAlito,Majority or plurality,Petitioner,Petitioner/Appellant won (petitioning party received a favorable disposition)
2025,1710,25-52,Clark v. Sweeney,11/24/2025,SSotomayor,Majority or plurality,Petitioner,Petitioner/Appellant won (petitioning party received a favorable disposition)
2025,1710,25-52,Clark v. Sweeney,11/24/2025,EKagan,Majority or plurality,Petitioner,Petitioner/Appellant won (petitioning party received a favorable disposition)
2025,1710,25-52,Clark v. Sweeney,11/24/2025,NMGorsuch,Majority or plurality,Petitioner,Petitioner/Appellant won (petitioning party received a favorable disposition)
2025,1710,25-52,Clark v. Sweeney,11/24/2025,BMKavanaugh,Majority or plurality,Petitioner,Petitioner/Appellant won (petitioning party received a favorable disposition)
2025,1710,25-52,Clark v. Sweeney,11/24/2025,ACBarrett,Majority or plurality,Petitioner,Petitioner/Appellant won (petitioning party received a favorable disposition)
2025,1710,25-52,Clark v. Sweeney,11/24/2025,KBJackson,Majority or plurality,Petitioner,Petitioner/Appellant won (petitioning party received a favorable disposition)
2025,1710,25-6,"Keathley v. Buddy Ayers Construction, Inc.",6/11/2026,JGRoberts,Majority or plurality,Petitioner,Petitioner/Appellant won (petitioning party received a favorable disposition)
2025,1710,25-6,"Keathley v. Buddy Ayers Construction, Inc.",6/11/2026,CThomas,Regular concurrence,Petitioner,Petitioner/Appellant won (petitioning party received a favorable disposition)
2025,1710,25-6,"Keathley v. Buddy Ayers Construction, Inc.",6/11/2026,SAAlito,Majority or plurality,Petitioner,Petitioner/Appellant won (petitioning party received a favorable disposition)
2025,1710,25-6,"Keathley v. Buddy Ayers Construction, Inc.",6/11/2026,SSotomayor,Regular concurrence,Petitioner,Petitioner/Appellant won (petitioning party received a favorable disposition)
2025,1710,25-6,"Keathley v. Buddy Ayers Construction, Inc.",6/11/2026,EKagan,Majority or plurality,Petitioner,Petitioner/Appellant won (petitioning party received a favorable disposition)
2025,1710,25-6,"Keathley v. Buddy Ayers Construction, Inc.",6/11/2026,NMGorsuch,Regular concurrence,Petitioner,Petitioner/Appellant won (petitioning party received a favorable disposition)
2025,1710,25-6,"Keathley v. Buddy Ayers Construction, Inc.",6/11/2026,BMKavanaugh,Majority or plurality,Petitioner,Petitioner/Appellant won (petitioning party received a favorable disposition)
2025,1710,25-6,"Keathley v. Buddy Ayers Construction, Inc.",6/11/2026,ACBarrett,Majority or plurality,Petitioner,Petitioner/Appellant won (petitioning party received a favorable disposition)
2025,1710,25-6,"Keathley v. Buddy Ayers Construction, Inc.",6/11/2026,KBJackson,Majority or plurality,Petitioner,Petitioner/Appellant won (petitioning party received a favorable disposition)
2025,1710,25-767,Margolin v. National Association of Immigration Judges,5/26/2026,JGRoberts,Majority or plurality,Petitioner,Petitioner/Appellant won (petitioning party received a favorable disposition)
2025,1710,25-767,Margolin v. National Association of Immigration Judges,5/26/2026,CThomas,Regular concurrence,Petitioner,Petitioner/Appellant won (petitioning party received a favorable disposition)
2025,1710,25-767,Margolin v. National Association of Immigration Judges,5/26/2026,SAAlito,Majority or plurality,Petitioner,Petitioner/Appellant won (petitioning party received a favorable disposition)
2025,1710,25-767,Margolin v. National Association of Immigration Judges,5/26/2026,SSotomayor,Majority or plurality,Petitioner,Petitioner/Appellant won (petitioning party received a favorable disposition)
2025,1710,25-767,Margolin v. National Association of Immigration Judges,5/26/2026,EKagan,Majority or plurality,Petitioner,Petitioner/Appellant won (petitioning party received a favorable disposition)
2025,1710,25-767,Margolin v. National Association of Immigration Judges,5/26/2026,NMGorsuch,Majority or plurality,Petitioner,Petitioner/Appellant won (petitioning party received a favorable disposition)
2025,1710,25-767,Margolin v. National Association of Immigration Judges,5/26/2026,BMKavanaugh,Majority or plurality,Petitioner,Petitioner/Appellant won (petitioning party received a favorable disposition)
2025,1710,25-767,Margolin v. National Association of Immigration Judges,5/26/2026,ACBarrett,Regular concurrence,Petitioner,Petitioner/Appellant won (petitioning party received a favorable disposition)
2025,1710,25-767,Margolin v. National Association of Immigration Judges,5/26/2026,KBJackson,Majority or plurality,Petitioner,Petitioner/Appellant won (petitioning party received a favorable disposition)
2025,1710,25-83,Jules v. Andre Balazs Properties,5/14/2026,JGRoberts,Majority or plurality,Respondent,Respondent/Appellee won (petitioning party did not receive a favorable disposition)
2025,1710,25-83,Jules v. Andre Balazs Properties,5/14/2026,CThomas,Majority or plurality,Respondent,Respondent/Appellee won (petitioning party did not receive a favorable disposition)
2025,1710,25-83,Jules v. Andre Balazs Properties,5/14/2026,SAAlito,Majority or plurality,Respondent,Respondent/Appellee won (petitioning party did not receive a favorable disposition)
2025,1710,25-83,Jules v. Andre Balazs Properties,5/14/2026,SSotomayor,Majority or plurality,Respondent,Respondent/Appellee won (petitioning party did not receive a favorable disposition)
2025,1710,25-83,Jules v. Andre Balazs Properties,5/14/2026,EKagan,Majority or plurality,Respondent,Respondent/Appellee won (petitioning party did not receive a favorable disposition)
2025,1710,25-83,Jules v. Andre Balazs Properties,5/14/2026,NMGorsuch,Majority or plurality,Respondent,Respondent/Appellee won (petitioning party did not receive a favorable disposition)
2025,1710,25-83,Jules v. Andre Balazs Properties,5/14/2026,BMKavanaugh,Majority or plurality,Respondent,Respondent/Appellee won (petitioning party did not receive a favorable disposition)
2025,1710,25-83,Jules v. Andre Balazs Properties,5/14/2026,ACBarrett,Majority or plurality,Respondent,Respondent/Appellee won (petitioning party did not receive a favorable disposition)
2025,1710,25-83,Jules v. Andre Balazs Properties,5/14/2026,KBJackson,Majority or plurality,Respondent,Respondent/Appellee won (petitioning party did not receive a favorable disposition)
2025,1710,25-95,"Pung v. Isabella County, Michigan",6/23/2026,JGRoberts,Majority or plurality,Petitioner,Petitioner/Appellant won (petitioning party received a favorable disposition)
2025,1710,25-95,"Pung v. Isabella County, Michigan",6/23/2026,CThomas,Special concurrence,Petitioner,Petitioner/Appellant won (petitioning party received a favorable disposition)
2025,1710,25-95,"Pung v. Isabella County, Michigan",6/23/2026,SAAlito,Majority or plurality,Petitioner,Petitioner/Appellant won (petitioning party received a favorable disposition)
2025,1710,25-95,"Pung v. Isabella County, Michigan",6/23/2026,SSotomayor,Regular concurrence,Petitioner,Petitioner/Appellant won (petitioning party received a favorable disposition)
2025,1710,25-95,"Pung v. Isabella County, Michigan",6/23/2026,EKagan,Majority or plurality,Petitioner,Petitioner/Appellant won (petitioning party received a favorable disposition)
2025,1710,25-95,"Pung v. Isabella County, Michigan",6/23/2026,NMGorsuch,Special concurrence,Petitioner,Petitioner/Appellant won (petitioning party received a favorable disposition)
2025,1710,25-95,"Pung v. Isabella County, Michigan",6/23/2026,BMKavanaugh,Majority or plurality,Petitioner,Petitioner/Appellant won (petitioning party received a favorable disposition)
2025,1710,25-95,"Pung v. Isabella County, Michigan",6/23/2026,ACBarrett,Majority or plurality,Petitioner,Petitioner/Appellant won (petitioning party received a favorable disposition)
2025,1710,25-95,"Pung v. Isabella County, Michigan",6/23/2026,KBJackson,Regular concurrence,Petitioner,Petitioner/Appellant won (petitioning party received a favorable disposition)
2025,1710,25A312,Trump v. Cook (Independent Agencies),6/29/2026,JGRoberts,Majority or plurality,Respondent,Respondent/Appellee won (petitioning party did not receive a favorable disposition)
2025,1710,25A312,Trump v. Cook (Independent Agencies),6/29/2026,CThomas,Dissent,Petitioner,Respondent/Appellee won (petitioning party did not receive a favorable disposition)
2025,1710,25A312,Trump v. Cook (Independent Agencies),6/29/2026,SAAlito,Dissent,Petitioner,Respondent/Appellee won (petitioning party did not receive a favorable disposition)
2025,1710,25A312,Trump v. Cook (Independent Agencies),6/29/2026,SSotomayor,Majority or plurality,Respondent,Respondent/Appellee won (petitioning party did not receive a favorable disposition)
2025,1710,25A312,Trump v. Cook (Independent Agencies),6/29/2026,EKagan,Majority or plurality,Respondent,Respondent/Appellee won (petitioning party did not receive a favorable disposition)
2025,1710,25A312,Trump v. Cook (Independent Agencies),6/29/2026,NMGorsuch,Dissent,Petitioner,Respondent/Appellee won (petitioning party did not receive a favorable disposition)
2025,1710,25A312,Trump v. Cook (Independent Agencies),6/29/2026,BMKavanaugh,Regular concurrence,Respondent,Respondent/Appellee won (petitioning party did not receive a favorable disposition)
2025,1710,25A312,Trump v. Cook (Independent Agencies),6/29/2026,ACBarrett,Dissent,Petitioner,Respondent/Appellee won (petitioning party did not receive a favorable disposition)
2025,1710,25A312,Trump v. Cook (Independent Agencies),6/29/2026,KBJackson,Regular concurrence,Respondent,Respondent/Appellee won (petitioning party did not receive a favorable disposition)
