Term,NaturalCourt,Docket,CaseName,DecisionDate,Justice,VoteDescription,WinningParty
2023,1710,22-340,PULSIFER v. UNITED STATES,3/15/2024,JGRoberts,Majority or plurality,Respondent/Appellee won (petitioning party did not receive a favorable disposition)
2023,1710,22-340,PULSIFER v. UNITED STATES,3/15/2024,CThomas,Majority or plurality,Respondent/Appellee won (petitioning party did not receive a favorable disposition)
2023,1710,22-340,PULSIFER v. UNITED STATES,3/15/2024,SAAlito,Majority or plurality,Respondent/Appellee won (petitioning party did not receive a favorable disposition)
2023,1710,22-340,PULSIFER v. UNITED STATES,3/15/2024,SSotomayor,Dissent,Respondent/Appellee won (petitioning party did not receive a favorable disposition)
2023,1710,22-340,PULSIFER v. UNITED STATES,3/15/2024,EKagan,Majority or plurality,Respondent/Appellee won (petitioning party did not receive a favorable disposition)
2023,1710,22-340,PULSIFER v. UNITED STATES,3/15/2024,NMGorsuch,Dissent,Respondent/Appellee won (petitioning party did not receive a favorable disposition)
2023,1710,22-340,PULSIFER v. UNITED STATES,3/15/2024,BMKavanaugh,Majority or plurality,Respondent/Appellee won (petitioning party did not receive a favorable disposition)
2023,1710,22-340,PULSIFER v. UNITED STATES,3/15/2024,ACBarrett,Majority or plurality,Respondent/Appellee won (petitioning party did not receive a favorable disposition)
2023,1710,22-340,PULSIFER v. UNITED STATES,3/15/2024,KBJackson,Dissent,Respondent/Appellee won (petitioning party did not receive a favorable disposition)
2023,1710,22-448,"CONSUMER FINANCIAL PROTECTION BUREAU v. COMMUNITY FINANCIAL SERVICES ASSOCIATION OF AMERICA, LIMITED",5/16/2024,JGRoberts,Majority or plurality,Petitioner/Appellant won (petitioning party received a favorable disposition)
2023,1710,22-448,"CONSUMER FINANCIAL PROTECTION BUREAU v. COMMUNITY FINANCIAL SERVICES ASSOCIATION OF AMERICA, LIMITED",5/16/2024,CThomas,Majority or plurality,Petitioner/Appellant won (petitioning party received a favorable disposition)
2023,1710,22-448,"CONSUMER FINANCIAL PROTECTION BUREAU v. COMMUNITY FINANCIAL SERVICES ASSOCIATION OF AMERICA, LIMITED",5/16/2024,SAAlito,Dissent,Petitioner/Appellant won (petitioning party received a favorable disposition)
2023,1710,22-448,"CONSUMER FINANCIAL PROTECTION BUREAU v. COMMUNITY FINANCIAL SERVICES ASSOCIATION OF AMERICA, LIMITED",5/16/2024,SSotomayor,Regular concurrence,Petitioner/Appellant won (petitioning party received a favorable disposition)
2023,1710,22-448,"CONSUMER FINANCIAL PROTECTION BUREAU v. COMMUNITY FINANCIAL SERVICES ASSOCIATION OF AMERICA, LIMITED",5/16/2024,EKagan,Regular concurrence,Petitioner/Appellant won (petitioning party received a favorable disposition)
2023,1710,22-448,"CONSUMER FINANCIAL PROTECTION BUREAU v. COMMUNITY FINANCIAL SERVICES ASSOCIATION OF AMERICA, LIMITED",5/16/2024,NMGorsuch,Dissent,Petitioner/Appellant won (petitioning party received a favorable disposition)
2023,1710,22-448,"CONSUMER FINANCIAL PROTECTION BUREAU v. COMMUNITY FINANCIAL SERVICES ASSOCIATION OF AMERICA, LIMITED",5/16/2024,BMKavanaugh,Regular concurrence,Petitioner/Appellant won (petitioning party received a favorable disposition)
2023,1710,22-448,"CONSUMER FINANCIAL PROTECTION BUREAU v. COMMUNITY FINANCIAL SERVICES ASSOCIATION OF AMERICA, LIMITED",5/16/2024,ACBarrett,Regular concurrence,Petitioner/Appellant won (petitioning party received a favorable disposition)
2023,1710,22-448,"CONSUMER FINANCIAL PROTECTION BUREAU v. COMMUNITY FINANCIAL SERVICES ASSOCIATION OF AMERICA, LIMITED",5/16/2024,KBJackson,Regular concurrence,Petitioner/Appellant won (petitioning party received a favorable disposition)
2023,1710,22-429,"ACHESON HOTELS, LLC v. LAUFER",12/5/2023,JGRoberts,Majority or plurality,Petitioner/Appellant won (petitioning party received a favorable disposition)
2023,1710,22-429,"ACHESON HOTELS, LLC v. LAUFER",12/5/2023,CThomas,Special concurrence,Petitioner/Appellant won (petitioning party received a favorable disposition)
2023,1710,22-429,"ACHESON HOTELS, LLC v. LAUFER",12/5/2023,SAAlito,Majority or plurality,Petitioner/Appellant won (petitioning party received a favorable disposition)
2023,1710,22-429,"ACHESON HOTELS, LLC v. LAUFER",12/5/2023,SSotomayor,Majority or plurality,Petitioner/Appellant won (petitioning party received a favorable disposition)
2023,1710,22-429,"ACHESON HOTELS, LLC v. LAUFER",12/5/2023,EKagan,Majority or plurality,Petitioner/Appellant won (petitioning party received a favorable disposition)
2023,1710,22-429,"ACHESON HOTELS, LLC v. LAUFER",12/5/2023,NMGorsuch,Majority or plurality,Petitioner/Appellant won (petitioning party received a favorable disposition)
2023,1710,22-429,"ACHESON HOTELS, LLC v. LAUFER",12/5/2023,BMKavanaugh,Majority or plurality,Petitioner/Appellant won (petitioning party received a favorable disposition)
2023,1710,22-429,"ACHESON HOTELS, LLC v. LAUFER",12/5/2023,ACBarrett,Majority or plurality,Petitioner/Appellant won (petitioning party received a favorable disposition)
2023,1710,22-429,"ACHESON HOTELS, LLC v. LAUFER",12/5/2023,KBJackson,Special concurrence,Petitioner/Appellant won (petitioning party received a favorable disposition)
2023,1710,22-660,"MURRAY v. UBS SECURITIES, LLC",2/8/2024,JGRoberts,Majority or plurality,Petitioner/Appellant won (petitioning party received a favorable disposition)
2023,1710,22-660,"MURRAY v. UBS SECURITIES, LLC",2/8/2024,CThomas,Majority or plurality,Petitioner/Appellant won (petitioning party received a favorable disposition)
2023,1710,22-660,"MURRAY v. UBS SECURITIES, LLC",2/8/2024,SAAlito,Regular concurrence,Petitioner/Appellant won (petitioning party received a favorable disposition)
2023,1710,22-660,"MURRAY v. UBS SECURITIES, LLC",2/8/2024,SSotomayor,Majority or plurality,Petitioner/Appellant won (petitioning party received a favorable disposition)
2023,1710,22-660,"MURRAY v. UBS SECURITIES, LLC",2/8/2024,EKagan,Majority or plurality,Petitioner/Appellant won (petitioning party received a favorable disposition)
2023,1710,22-660,"MURRAY v. UBS SECURITIES, LLC",2/8/2024,NMGorsuch,Majority or plurality,Petitioner/Appellant won (petitioning party received a favorable disposition)
2023,1710,22-660,"MURRAY v. UBS SECURITIES, LLC",2/8/2024,BMKavanaugh,Majority or plurality,Petitioner/Appellant won (petitioning party received a favorable disposition)
2023,1710,22-660,"MURRAY v. UBS SECURITIES, LLC",2/8/2024,ACBarrett,Regular concurrence,Petitioner/Appellant won (petitioning party received a favorable disposition)
2023,1710,22-660,"MURRAY v. UBS SECURITIES, LLC",2/8/2024,KBJackson,Majority or plurality,Petitioner/Appellant won (petitioning party received a favorable disposition)
2023,1710,22-500,"GREAT LAKES INSURANCE SE v. RAIDERS RETREAT REALTY CO., LLC",2/21/2024,JGRoberts,Majority or plurality,Petitioner/Appellant won (petitioning party received a favorable disposition)
2023,1710,22-500,"GREAT LAKES INSURANCE SE v. RAIDERS RETREAT REALTY CO., LLC",2/21/2024,CThomas,Regular concurrence,Petitioner/Appellant won (petitioning party received a favorable disposition)
2023,1710,22-500,"GREAT LAKES INSURANCE SE v. RAIDERS RETREAT REALTY CO., LLC",2/21/2024,SAAlito,Majority or plurality,Petitioner/Appellant won (petitioning party received a favorable disposition)
2023,1710,22-500,"GREAT LAKES INSURANCE SE v. RAIDERS RETREAT REALTY CO., LLC",2/21/2024,SSotomayor,Majority or plurality,Petitioner/Appellant won (petitioning party received a favorable disposition)
2023,1710,22-500,"GREAT LAKES INSURANCE SE v. RAIDERS RETREAT REALTY CO., LLC",2/21/2024,EKagan,Majority or plurality,Petitioner/Appellant won (petitioning party received a favorable disposition)
2023,1710,22-500,"GREAT LAKES INSURANCE SE v. RAIDERS RETREAT REALTY CO., LLC",2/21/2024,NMGorsuch,Majority or plurality,Petitioner/Appellant won (petitioning party received a favorable disposition)
2023,1710,22-500,"GREAT LAKES INSURANCE SE v. RAIDERS RETREAT REALTY CO., LLC",2/21/2024,BMKavanaugh,Majority or plurality,Petitioner/Appellant won (petitioning party received a favorable disposition)
2023,1710,22-500,"GREAT LAKES INSURANCE SE v. RAIDERS RETREAT REALTY CO., LLC",2/21/2024,ACBarrett,Majority or plurality,Petitioner/Appellant won (petitioning party received a favorable disposition)
2023,1710,22-500,"GREAT LAKES INSURANCE SE v. RAIDERS RETREAT REALTY CO., LLC",2/21/2024,KBJackson,Majority or plurality,Petitioner/Appellant won (petitioning party received a favorable disposition)
2023,1710,22-807,ALEXANDER v. SOUTH CAROLINA STATE CONFERENCE OF THE NAACP,5/23/2024,JGRoberts,Majority or plurality,Petitioner/Appellant won (petitioning party received a favorable disposition)
2023,1710,22-807,ALEXANDER v. SOUTH CAROLINA STATE CONFERENCE OF THE NAACP,5/23/2024,CThomas,Regular concurrence,Petitioner/Appellant won (petitioning party received a favorable disposition)
2023,1710,22-807,ALEXANDER v. SOUTH CAROLINA STATE CONFERENCE OF THE NAACP,5/23/2024,SAAlito,Majority or plurality,Petitioner/Appellant won (petitioning party received a favorable disposition)
2023,1710,22-807,ALEXANDER v. SOUTH CAROLINA STATE CONFERENCE OF THE NAACP,5/23/2024,SSotomayor,Dissent,Petitioner/Appellant won (petitioning party received a favorable disposition)
2023,1710,22-807,ALEXANDER v. SOUTH CAROLINA STATE CONFERENCE OF THE NAACP,5/23/2024,EKagan,Dissent,Petitioner/Appellant won (petitioning party received a favorable disposition)
2023,1710,22-807,ALEXANDER v. SOUTH CAROLINA STATE CONFERENCE OF THE NAACP,5/23/2024,NMGorsuch,Majority or plurality,Petitioner/Appellant won (petitioning party received a favorable disposition)
2023,1710,22-807,ALEXANDER v. SOUTH CAROLINA STATE CONFERENCE OF THE NAACP,5/23/2024,BMKavanaugh,Majority or plurality,Petitioner/Appellant won (petitioning party received a favorable disposition)
2023,1710,22-807,ALEXANDER v. SOUTH CAROLINA STATE CONFERENCE OF THE NAACP,5/23/2024,ACBarrett,Majority or plurality,Petitioner/Appellant won (petitioning party received a favorable disposition)
2023,1710,22-807,ALEXANDER v. SOUTH CAROLINA STATE CONFERENCE OF THE NAACP,5/23/2024,KBJackson,Dissent,Petitioner/Appellant won (petitioning party received a favorable disposition)
2023,1710,22-585,CULLEY v. MARSHALL,5/9/2024,JGRoberts,Majority or plurality,Respondent/Appellee won (petitioning party did not receive a favorable disposition)
2023,1710,22-585,CULLEY v. MARSHALL,5/9/2024,CThomas,Regular concurrence,Respondent/Appellee won (petitioning party did not receive a favorable disposition)
2023,1710,22-585,CULLEY v. MARSHALL,5/9/2024,SAAlito,Majority or plurality,Respondent/Appellee won (petitioning party did not receive a favorable disposition)
2023,1710,22-585,CULLEY v. MARSHALL,5/9/2024,SSotomayor,Dissent,Respondent/Appellee won (petitioning party did not receive a favorable disposition)
2023,1710,22-585,CULLEY v. MARSHALL,5/9/2024,EKagan,Dissent,Respondent/Appellee won (petitioning party did not receive a favorable disposition)
2023,1710,22-585,CULLEY v. MARSHALL,5/9/2024,NMGorsuch,Regular concurrence,Respondent/Appellee won (petitioning party did not receive a favorable disposition)
2023,1710,22-585,CULLEY v. MARSHALL,5/9/2024,BMKavanaugh,Majority or plurality,Respondent/Appellee won (petitioning party did not receive a favorable disposition)
2023,1710,22-585,CULLEY v. MARSHALL,5/9/2024,ACBarrett,Majority or plurality,Respondent/Appellee won (petitioning party did not receive a favorable disposition)
2023,1710,22-585,CULLEY v. MARSHALL,5/9/2024,KBJackson,Dissent,Respondent/Appellee won (petitioning party did not receive a favorable disposition)
2023,1710,22-611,LINDKE v. FREED,3/15/2024,JGRoberts,Majority or plurality,Petitioner/Appellant won (petitioning party received a favorable disposition)
2023,1710,22-611,LINDKE v. FREED,3/15/2024,CThomas,Majority or plurality,Petitioner/Appellant won (petitioning party received a favorable disposition)
2023,1710,22-611,LINDKE v. FREED,3/15/2024,SAAlito,Majority or plurality,Petitioner/Appellant won (petitioning party received a favorable disposition)
2023,1710,22-611,LINDKE v. FREED,3/15/2024,SSotomayor,Majority or plurality,Petitioner/Appellant won (petitioning party received a favorable disposition)
2023,1710,22-611,LINDKE v. FREED,3/15/2024,EKagan,Majority or plurality,Petitioner/Appellant won (petitioning party received a favorable disposition)
2023,1710,22-611,LINDKE v. FREED,3/15/2024,NMGorsuch,Majority or plurality,Petitioner/Appellant won (petitioning party received a favorable disposition)
2023,1710,22-611,LINDKE v. FREED,3/15/2024,BMKavanaugh,Majority or plurality,Petitioner/Appellant won (petitioning party received a favorable disposition)
2023,1710,22-611,LINDKE v. FREED,3/15/2024,ACBarrett,Majority or plurality,Petitioner/Appellant won (petitioning party received a favorable disposition)
2023,1710,22-611,LINDKE v. FREED,3/15/2024,KBJackson,Majority or plurality,Petitioner/Appellant won (petitioning party received a favorable disposition)
2023,1710,22-324,O'CONNOR-RATCLIFF v. GARNIER,3/15/2024,JGRoberts,Majority or plurality,Petitioner/Appellant won (petitioning party received a favorable disposition)
2023,1710,22-324,O'CONNOR-RATCLIFF v. GARNIER,3/15/2024,CThomas,Majority or plurality,Petitioner/Appellant won (petitioning party received a favorable disposition)
2023,1710,22-324,O'CONNOR-RATCLIFF v. GARNIER,3/15/2024,SAAlito,Majority or plurality,Petitioner/Appellant won (petitioning party received a favorable disposition)
2023,1710,22-324,O'CONNOR-RATCLIFF v. GARNIER,3/15/2024,SSotomayor,Majority or plurality,Petitioner/Appellant won (petitioning party received a favorable disposition)
2023,1710,22-324,O'CONNOR-RATCLIFF v. GARNIER,3/15/2024,EKagan,Majority or plurality,Petitioner/Appellant won (petitioning party received a favorable disposition)
2023,1710,22-324,O'CONNOR-RATCLIFF v. GARNIER,3/15/2024,NMGorsuch,Majority or plurality,Petitioner/Appellant won (petitioning party received a favorable disposition)
2023,1710,22-324,O'CONNOR-RATCLIFF v. GARNIER,3/15/2024,BMKavanaugh,Majority or plurality,Petitioner/Appellant won (petitioning party received a favorable disposition)
2023,1710,22-324,O'CONNOR-RATCLIFF v. GARNIER,3/15/2024,ACBarrett,Majority or plurality,Petitioner/Appellant won (petitioning party received a favorable disposition)
2023,1710,22-324,O'CONNOR-RATCLIFF v. GARNIER,3/15/2024,KBJackson,Majority or plurality,Petitioner/Appellant won (petitioning party received a favorable disposition)
2023,1710,22-704,VIDAL v. ELSTER,6/13/2024,JGRoberts,Regular concurrence,Petitioner/Appellant won (petitioning party received a favorable disposition)
2023,1710,22-704,VIDAL v. ELSTER,6/13/2024,CThomas,Judgment of the Court,Petitioner/Appellant won (petitioning party received a favorable disposition)
2023,1710,22-704,VIDAL v. ELSTER,6/13/2024,SAAlito,Majority or plurality,Petitioner/Appellant won (petitioning party received a favorable disposition)
2023,1710,22-704,VIDAL v. ELSTER,6/13/2024,SSotomayor,Special concurrence,Petitioner/Appellant won (petitioning party received a favorable disposition)
2023,1710,22-704,VIDAL v. ELSTER,6/13/2024,EKagan,Special concurrence,Petitioner/Appellant won (petitioning party received a favorable disposition)
2023,1710,22-704,VIDAL v. ELSTER,6/13/2024,NMGorsuch,Majority or plurality,Petitioner/Appellant won (petitioning party received a favorable disposition)
2023,1710,22-704,VIDAL v. ELSTER,6/13/2024,BMKavanaugh,Regular concurrence,Petitioner/Appellant won (petitioning party received a favorable disposition)
2023,1710,22-704,VIDAL v. ELSTER,6/13/2024,ACBarrett,Regular concurrence,Petitioner/Appellant won (petitioning party received a favorable disposition)
2023,1710,22-704,VIDAL v. ELSTER,6/13/2024,KBJackson,Special concurrence,Petitioner/Appellant won (petitioning party received a favorable disposition)
2023,1710,22-846,DEPARTMENT OF AGRICULTURE RURAL DEVELOPMENT RURAL HOUSING SERVICE v. KIRTZ,2/8/2024,JGRoberts,Majority or plurality,Respondent/Appellee won (petitioning party did not receive a favorable disposition)
2023,1710,22-846,DEPARTMENT OF AGRICULTURE RURAL DEVELOPMENT RURAL HOUSING SERVICE v. KIRTZ,2/8/2024,CThomas,Majority or plurality,Respondent/Appellee won (petitioning party did not receive a favorable disposition)
2023,1710,22-846,DEPARTMENT OF AGRICULTURE RURAL DEVELOPMENT RURAL HOUSING SERVICE v. KIRTZ,2/8/2024,SAAlito,Majority or plurality,Respondent/Appellee won (petitioning party did not receive a favorable disposition)
2023,1710,22-846,DEPARTMENT OF AGRICULTURE RURAL DEVELOPMENT RURAL HOUSING SERVICE v. KIRTZ,2/8/2024,SSotomayor,Majority or plurality,Respondent/Appellee won (petitioning party did not receive a favorable disposition)
2023,1710,22-846,DEPARTMENT OF AGRICULTURE RURAL DEVELOPMENT RURAL HOUSING SERVICE v. KIRTZ,2/8/2024,EKagan,Majority or plurality,Respondent/Appellee won (petitioning party did not receive a favorable disposition)
2023,1710,22-846,DEPARTMENT OF AGRICULTURE RURAL DEVELOPMENT RURAL HOUSING SERVICE v. KIRTZ,2/8/2024,NMGorsuch,Majority or plurality,Respondent/Appellee won (petitioning party did not receive a favorable disposition)
2023,1710,22-846,DEPARTMENT OF AGRICULTURE RURAL DEVELOPMENT RURAL HOUSING SERVICE v. KIRTZ,2/8/2024,BMKavanaugh,Majority or plurality,Respondent/Appellee won (petitioning party did not receive a favorable disposition)
2023,1710,22-846,DEPARTMENT OF AGRICULTURE RURAL DEVELOPMENT RURAL HOUSING SERVICE v. KIRTZ,2/8/2024,ACBarrett,Majority or plurality,Respondent/Appellee won (petitioning party did not receive a favorable disposition)
2023,1710,22-846,DEPARTMENT OF AGRICULTURE RURAL DEVELOPMENT RURAL HOUSING SERVICE v. KIRTZ,2/8/2024,KBJackson,Majority or plurality,Respondent/Appellee won (petitioning party did not receive a favorable disposition)
2023,1710,22-915,UNITED STATES v. RAHIMI,6/21/2024,JGRoberts,Majority or plurality,Petitioner/Appellant won (petitioning party received a favorable disposition)
2023,1710,22-915,UNITED STATES v. RAHIMI,6/21/2024,CThomas,Dissent,Petitioner/Appellant won (petitioning party received a favorable disposition)
2023,1710,22-915,UNITED STATES v. RAHIMI,6/21/2024,SAAlito,Majority or plurality,Petitioner/Appellant won (petitioning party received a favorable disposition)
2023,1710,22-915,UNITED STATES v. RAHIMI,6/21/2024,SSotomayor,Regular concurrence,Petitioner/Appellant won (petitioning party received a favorable disposition)
2023,1710,22-915,UNITED STATES v. RAHIMI,6/21/2024,EKagan,Regular concurrence,Petitioner/Appellant won (petitioning party received a favorable disposition)
2023,1710,22-915,UNITED STATES v. RAHIMI,6/21/2024,NMGorsuch,Regular concurrence,Petitioner/Appellant won (petitioning party received a favorable disposition)
2023,1710,22-915,UNITED STATES v. RAHIMI,6/21/2024,BMKavanaugh,Regular concurrence,Petitioner/Appellant won (petitioning party received a favorable disposition)
2023,1710,22-915,UNITED STATES v. RAHIMI,6/21/2024,ACBarrett,Regular concurrence,Petitioner/Appellant won (petitioning party received a favorable disposition)
2023,1710,22-915,UNITED STATES v. RAHIMI,6/21/2024,KBJackson,Regular concurrence,Petitioner/Appellant won (petitioning party received a favorable disposition)
2023,1710,22-888,RUDISILL v. MCDONOUGH,4/16/2024,JGRoberts,Majority or plurality,Petitioner/Appellant won (petitioning party received a favorable disposition)
2023,1710,22-888,RUDISILL v. MCDONOUGH,4/16/2024,CThomas,Dissent,Petitioner/Appellant won (petitioning party received a favorable disposition)
2023,1710,22-888,RUDISILL v. MCDONOUGH,4/16/2024,SAAlito,Dissent,Petitioner/Appellant won (petitioning party received a favorable disposition)
2023,1710,22-888,RUDISILL v. MCDONOUGH,4/16/2024,SSotomayor,Majority or plurality,Petitioner/Appellant won (petitioning party received a favorable disposition)
2023,1710,22-888,RUDISILL v. MCDONOUGH,4/16/2024,EKagan,Majority or plurality,Petitioner/Appellant won (petitioning party received a favorable disposition)
2023,1710,22-888,RUDISILL v. MCDONOUGH,4/16/2024,NMGorsuch,Majority or plurality,Petitioner/Appellant won (petitioning party received a favorable disposition)
2023,1710,22-888,RUDISILL v. MCDONOUGH,4/16/2024,BMKavanaugh,Regular concurrence,Petitioner/Appellant won (petitioning party received a favorable disposition)
2023,1710,22-888,RUDISILL v. MCDONOUGH,4/16/2024,ACBarrett,Regular concurrence,Petitioner/Appellant won (petitioning party received a favorable disposition)
2023,1710,22-888,RUDISILL v. MCDONOUGH,4/16/2024,KBJackson,Majority or plurality,Petitioner/Appellant won (petitioning party received a favorable disposition)
2023,1710,22-193,"MULDROW v. CITY OF ST. LOUIS, MISSOURI",4/17/2024,JGRoberts,Majority or plurality,Petitioner/Appellant won (petitioning party received a favorable disposition)
2023,1710,22-193,"MULDROW v. CITY OF ST. LOUIS, MISSOURI",4/17/2024,CThomas,Special concurrence,Petitioner/Appellant won (petitioning party received a favorable disposition)
2023,1710,22-193,"MULDROW v. CITY OF ST. LOUIS, MISSOURI",4/17/2024,SAAlito,Special concurrence,Petitioner/Appellant won (petitioning party received a favorable disposition)
2023,1710,22-193,"MULDROW v. CITY OF ST. LOUIS, MISSOURI",4/17/2024,SSotomayor,Majority or plurality,Petitioner/Appellant won (petitioning party received a favorable disposition)
2023,1710,22-193,"MULDROW v. CITY OF ST. LOUIS, MISSOURI",4/17/2024,EKagan,Majority or plurality,Petitioner/Appellant won (petitioning party received a favorable disposition)
2023,1710,22-193,"MULDROW v. CITY OF ST. LOUIS, MISSOURI",4/17/2024,NMGorsuch,Majority or plurality,Petitioner/Appellant won (petitioning party received a favorable disposition)
2023,1710,22-193,"MULDROW v. CITY OF ST. LOUIS, MISSOURI",4/17/2024,BMKavanaugh,Special concurrence,Petitioner/Appellant won (petitioning party received a favorable disposition)
2023,1710,22-193,"MULDROW v. CITY OF ST. LOUIS, MISSOURI",4/17/2024,ACBarrett,Majority or plurality,Petitioner/Appellant won (petitioning party received a favorable disposition)
2023,1710,22-193,"MULDROW v. CITY OF ST. LOUIS, MISSOURI",4/17/2024,KBJackson,Majority or plurality,Petitioner/Appellant won (petitioning party received a favorable disposition)
2023,1710,22-451,LOPER BRIGHT ENTERPRISES v. RAIMONDO,6/28/2024,JGRoberts,Majority or plurality,Petitioner/Appellant won (petitioning party received a favorable disposition)
2023,1710,22-451,LOPER BRIGHT ENTERPRISES v. RAIMONDO,6/28/2024,CThomas,Regular concurrence,Petitioner/Appellant won (petitioning party received a favorable disposition)
2023,1710,22-451,LOPER BRIGHT ENTERPRISES v. RAIMONDO,6/28/2024,SAAlito,Majority or plurality,Petitioner/Appellant won (petitioning party received a favorable disposition)
2023,1710,22-451,LOPER BRIGHT ENTERPRISES v. RAIMONDO,6/28/2024,SSotomayor,Dissent,Petitioner/Appellant won (petitioning party received a favorable disposition)
2023,1710,22-451,LOPER BRIGHT ENTERPRISES v. RAIMONDO,6/28/2024,EKagan,Dissent,Petitioner/Appellant won (petitioning party received a favorable disposition)
2023,1710,22-451,LOPER BRIGHT ENTERPRISES v. RAIMONDO,6/28/2024,NMGorsuch,Regular concurrence,Petitioner/Appellant won (petitioning party received a favorable disposition)
2023,1710,22-451,LOPER BRIGHT ENTERPRISES v. RAIMONDO,6/28/2024,BMKavanaugh,Majority or plurality,Petitioner/Appellant won (petitioning party received a favorable disposition)
2023,1710,22-451,LOPER BRIGHT ENTERPRISES v. RAIMONDO,6/28/2024,ACBarrett,Majority or plurality,Petitioner/Appellant won (petitioning party received a favorable disposition)
2023,1710,22-451,LOPER BRIGHT ENTERPRISES v. RAIMONDO,6/28/2024,KBJackson,,Petitioner/Appellant won (petitioning party received a favorable disposition)
2023,1710,22-666,WILKINSON v. GARLAND,3/19/2024,JGRoberts,Dissent,Petitioner/Appellant won (petitioning party received a favorable disposition)
2023,1710,22-666,WILKINSON v. GARLAND,3/19/2024,CThomas,Dissent,Petitioner/Appellant won (petitioning party received a favorable disposition)
2023,1710,22-666,WILKINSON v. GARLAND,3/19/2024,SAAlito,Dissent,Petitioner/Appellant won (petitioning party received a favorable disposition)
2023,1710,22-666,WILKINSON v. GARLAND,3/19/2024,SSotomayor,Majority or plurality,Petitioner/Appellant won (petitioning party received a favorable disposition)
2023,1710,22-666,WILKINSON v. GARLAND,3/19/2024,EKagan,Majority or plurality,Petitioner/Appellant won (petitioning party received a favorable disposition)
2023,1710,22-666,WILKINSON v. GARLAND,3/19/2024,NMGorsuch,Majority or plurality,Petitioner/Appellant won (petitioning party received a favorable disposition)
2023,1710,22-666,WILKINSON v. GARLAND,3/19/2024,BMKavanaugh,Majority or plurality,Petitioner/Appellant won (petitioning party received a favorable disposition)
2023,1710,22-666,WILKINSON v. GARLAND,3/19/2024,ACBarrett,Majority or plurality,Petitioner/Appellant won (petitioning party received a favorable disposition)
2023,1710,22-666,WILKINSON v. GARLAND,3/19/2024,KBJackson,Special concurrence,Petitioner/Appellant won (petitioning party received a favorable disposition)
2023,1710,22-674,CAMPOS-CHAVES v. GARLAND,6/14/2024,JGRoberts,Majority or plurality,Respondent/Appellee won (petitioning party did not receive a favorable disposition)
2023,1710,22-674,CAMPOS-CHAVES v. GARLAND,6/14/2024,CThomas,Majority or plurality,Respondent/Appellee won (petitioning party did not receive a favorable disposition)
2023,1710,22-674,CAMPOS-CHAVES v. GARLAND,6/14/2024,SAAlito,Majority or plurality,Respondent/Appellee won (petitioning party did not receive a favorable disposition)
2023,1710,22-674,CAMPOS-CHAVES v. GARLAND,6/14/2024,SSotomayor,Dissent,Respondent/Appellee won (petitioning party did not receive a favorable disposition)
2023,1710,22-674,CAMPOS-CHAVES v. GARLAND,6/14/2024,EKagan,Dissent,Respondent/Appellee won (petitioning party did not receive a favorable disposition)
2023,1710,22-674,CAMPOS-CHAVES v. GARLAND,6/14/2024,NMGorsuch,Dissent,Respondent/Appellee won (petitioning party did not receive a favorable disposition)
2023,1710,22-674,CAMPOS-CHAVES v. GARLAND,6/14/2024,BMKavanaugh,Majority or plurality,Respondent/Appellee won (petitioning party did not receive a favorable disposition)
2023,1710,22-674,CAMPOS-CHAVES v. GARLAND,6/14/2024,ACBarrett,Majority or plurality,Respondent/Appellee won (petitioning party did not receive a favorable disposition)
2023,1710,22-674,CAMPOS-CHAVES v. GARLAND,6/14/2024,KBJackson,Dissent,Respondent/Appellee won (petitioning party did not receive a favorable disposition)
2023,1710,22-721,MCELRATH v. GEORGIA,2/21/2024,JGRoberts,Majority or plurality,Petitioner/Appellant won (petitioning party received a favorable disposition)
2023,1710,22-721,MCELRATH v. GEORGIA,2/21/2024,CThomas,Majority or plurality,Petitioner/Appellant won (petitioning party received a favorable disposition)
2023,1710,22-721,MCELRATH v. GEORGIA,2/21/2024,SAAlito,Regular concurrence,Petitioner/Appellant won (petitioning party received a favorable disposition)
2023,1710,22-721,MCELRATH v. GEORGIA,2/21/2024,SSotomayor,Majority or plurality,Petitioner/Appellant won (petitioning party received a favorable disposition)
2023,1710,22-721,MCELRATH v. GEORGIA,2/21/2024,EKagan,Majority or plurality,Petitioner/Appellant won (petitioning party received a favorable disposition)
2023,1710,22-721,MCELRATH v. GEORGIA,2/21/2024,NMGorsuch,Majority or plurality,Petitioner/Appellant won (petitioning party received a favorable disposition)
2023,1710,22-721,MCELRATH v. GEORGIA,2/21/2024,BMKavanaugh,Majority or plurality,Petitioner/Appellant won (petitioning party received a favorable disposition)
2023,1710,22-721,MCELRATH v. GEORGIA,2/21/2024,ACBarrett,Majority or plurality,Petitioner/Appellant won (petitioning party received a favorable disposition)
2023,1710,22-721,MCELRATH v. GEORGIA,2/21/2024,KBJackson,Majority or plurality,Petitioner/Appellant won (petitioning party received a favorable disposition)
2023,1710,22-800,MOORE v. UNITED STATES,6/20/2024,JGRoberts,Majority or plurality,Respondent/Appellee won (petitioning party did not receive a favorable disposition)
2023,1710,22-800,MOORE v. UNITED STATES,6/20/2024,CThomas,Dissent,Respondent/Appellee won (petitioning party did not receive a favorable disposition)
2023,1710,22-800,MOORE v. UNITED STATES,6/20/2024,SAAlito,Special concurrence,Respondent/Appellee won (petitioning party did not receive a favorable disposition)
2023,1710,22-800,MOORE v. UNITED STATES,6/20/2024,SSotomayor,Majority or plurality,Respondent/Appellee won (petitioning party did not receive a favorable disposition)
2023,1710,22-800,MOORE v. UNITED STATES,6/20/2024,EKagan,Majority or plurality,Respondent/Appellee won (petitioning party did not receive a favorable disposition)
2023,1710,22-800,MOORE v. UNITED STATES,6/20/2024,NMGorsuch,Dissent,Respondent/Appellee won (petitioning party did not receive a favorable disposition)
2023,1710,22-800,MOORE v. UNITED STATES,6/20/2024,BMKavanaugh,Majority or plurality,Respondent/Appellee won (petitioning party did not receive a favorable disposition)
2023,1710,22-800,MOORE v. UNITED STATES,6/20/2024,ACBarrett,Special concurrence,Respondent/Appellee won (petitioning party did not receive a favorable disposition)
2023,1710,22-800,MOORE v. UNITED STATES,6/20/2024,KBJackson,Regular concurrence,Respondent/Appellee won (petitioning party did not receive a favorable disposition)
2023,1710,22-859,SECURITIES AND EXCHANGE COMMISSION v. JARKESY,6/27/2024,JGRoberts,Majority or plurality,Respondent/Appellee won (petitioning party did not receive a favorable disposition)
2023,1710,22-859,SECURITIES AND EXCHANGE COMMISSION v. JARKESY,6/27/2024,CThomas,Regular concurrence,Respondent/Appellee won (petitioning party did not receive a favorable disposition)
2023,1710,22-859,SECURITIES AND EXCHANGE COMMISSION v. JARKESY,6/27/2024,SAAlito,Majority or plurality,Respondent/Appellee won (petitioning party did not receive a favorable disposition)
2023,1710,22-859,SECURITIES AND EXCHANGE COMMISSION v. JARKESY,6/27/2024,SSotomayor,Dissent,Respondent/Appellee won (petitioning party did not receive a favorable disposition)
2023,1710,22-859,SECURITIES AND EXCHANGE COMMISSION v. JARKESY,6/27/2024,EKagan,Dissent,Respondent/Appellee won (petitioning party did not receive a favorable disposition)
2023,1710,22-859,SECURITIES AND EXCHANGE COMMISSION v. JARKESY,6/27/2024,NMGorsuch,Regular concurrence,Respondent/Appellee won (petitioning party did not receive a favorable disposition)
2023,1710,22-859,SECURITIES AND EXCHANGE COMMISSION v. JARKESY,6/27/2024,BMKavanaugh,Majority or plurality,Respondent/Appellee won (petitioning party did not receive a favorable disposition)
2023,1710,22-859,SECURITIES AND EXCHANGE COMMISSION v. JARKESY,6/27/2024,ACBarrett,Majority or plurality,Respondent/Appellee won (petitioning party did not receive a favorable disposition)
2023,1710,22-859,SECURITIES AND EXCHANGE COMMISSION v. JARKESY,6/27/2024,KBJackson,Dissent,Respondent/Appellee won (petitioning party did not receive a favorable disposition)
2023,1710,22-6389,BROWN v. UNITED STATES,5/23/2024,JGRoberts,Majority or plurality,Respondent/Appellee won (petitioning party did not receive a favorable disposition)
2023,1710,22-6389,BROWN v. UNITED STATES,5/23/2024,CThomas,Majority or plurality,Respondent/Appellee won (petitioning party did not receive a favorable disposition)
2023,1710,22-6389,BROWN v. UNITED STATES,5/23/2024,SAAlito,Majority or plurality,Respondent/Appellee won (petitioning party did not receive a favorable disposition)
2023,1710,22-6389,BROWN v. UNITED STATES,5/23/2024,SSotomayor,Majority or plurality,Respondent/Appellee won (petitioning party did not receive a favorable disposition)
2023,1710,22-6389,BROWN v. UNITED STATES,5/23/2024,EKagan,Dissent,Respondent/Appellee won (petitioning party did not receive a favorable disposition)
2023,1710,22-6389,BROWN v. UNITED STATES,5/23/2024,NMGorsuch,Dissent,Respondent/Appellee won (petitioning party did not receive a favorable disposition)
2023,1710,22-6389,BROWN v. UNITED STATES,5/23/2024,BMKavanaugh,Majority or plurality,Respondent/Appellee won (petitioning party did not receive a favorable disposition)
2023,1710,22-6389,BROWN v. UNITED STATES,5/23/2024,ACBarrett,Majority or plurality,Respondent/Appellee won (petitioning party did not receive a favorable disposition)
2023,1710,22-6389,BROWN v. UNITED STATES,5/23/2024,KBJackson,Dissent,Respondent/Appellee won (petitioning party did not receive a favorable disposition)
2023,1710,23-124,HARRINGTON v. PURDUE PHARMA L.P.,6/27/2024,JGRoberts,Dissent,Petitioner/Appellant won (petitioning party received a favorable disposition)
2023,1710,23-124,HARRINGTON v. PURDUE PHARMA L.P.,6/27/2024,CThomas,Majority or plurality,Petitioner/Appellant won (petitioning party received a favorable disposition)
2023,1710,23-124,HARRINGTON v. PURDUE PHARMA L.P.,6/27/2024,SAAlito,Majority or plurality,Petitioner/Appellant won (petitioning party received a favorable disposition)
2023,1710,23-124,HARRINGTON v. PURDUE PHARMA L.P.,6/27/2024,SSotomayor,Dissent,Petitioner/Appellant won (petitioning party received a favorable disposition)
2023,1710,23-124,HARRINGTON v. PURDUE PHARMA L.P.,6/27/2024,EKagan,Dissent,Petitioner/Appellant won (petitioning party received a favorable disposition)
2023,1710,23-124,HARRINGTON v. PURDUE PHARMA L.P.,6/27/2024,NMGorsuch,Majority or plurality,Petitioner/Appellant won (petitioning party received a favorable disposition)
2023,1710,23-124,HARRINGTON v. PURDUE PHARMA L.P.,6/27/2024,BMKavanaugh,Dissent,Petitioner/Appellant won (petitioning party received a favorable disposition)
2023,1710,23-124,HARRINGTON v. PURDUE PHARMA L.P.,6/27/2024,ACBarrett,Majority or plurality,Petitioner/Appellant won (petitioning party received a favorable disposition)
2023,1710,23-124,HARRINGTON v. PURDUE PHARMA L.P.,6/27/2024,KBJackson,Majority or plurality,Petitioner/Appellant won (petitioning party received a favorable disposition)
2023,1710,23-719,TRUMP v. ANDERSON,3/4/2024,JGRoberts,Majority or plurality,Petitioner/Appellant won (petitioning party received a favorable disposition)
2023,1710,23-719,TRUMP v. ANDERSON,3/4/2024,CThomas,Majority or plurality,Petitioner/Appellant won (petitioning party received a favorable disposition)
2023,1710,23-719,TRUMP v. ANDERSON,3/4/2024,SAAlito,Majority or plurality,Petitioner/Appellant won (petitioning party received a favorable disposition)
2023,1710,23-719,TRUMP v. ANDERSON,3/4/2024,SSotomayor,Special concurrence,Petitioner/Appellant won (petitioning party received a favorable disposition)
2023,1710,23-719,TRUMP v. ANDERSON,3/4/2024,EKagan,Special concurrence,Petitioner/Appellant won (petitioning party received a favorable disposition)
2023,1710,23-719,TRUMP v. ANDERSON,3/4/2024,NMGorsuch,Majority or plurality,Petitioner/Appellant won (petitioning party received a favorable disposition)
2023,1710,23-719,TRUMP v. ANDERSON,3/4/2024,BMKavanaugh,Majority or plurality,Petitioner/Appellant won (petitioning party received a favorable disposition)
2023,1710,23-719,TRUMP v. ANDERSON,3/4/2024,ACBarrett,Special concurrence,Petitioner/Appellant won (petitioning party received a favorable disposition)
2023,1710,23-719,TRUMP v. ANDERSON,3/4/2024,KBJackson,Special concurrence,Petitioner/Appellant won (petitioning party received a favorable disposition)
2023,1710,22-1178,FEDERAL BUREAU OF INVESTIGATION v. FIKRE,3/19/2024,JGRoberts,Majority or plurality,Respondent/Appellee won (petitioning party did not receive a favorable disposition)
2023,1710,22-1178,FEDERAL BUREAU OF INVESTIGATION v. FIKRE,3/19/2024,CThomas,Majority or plurality,Respondent/Appellee won (petitioning party did not receive a favorable disposition)
2023,1710,22-1178,FEDERAL BUREAU OF INVESTIGATION v. FIKRE,3/19/2024,SAAlito,Regular concurrence,Respondent/Appellee won (petitioning party did not receive a favorable disposition)
2023,1710,22-1178,FEDERAL BUREAU OF INVESTIGATION v. FIKRE,3/19/2024,SSotomayor,Majority or plurality,Respondent/Appellee won (petitioning party did not receive a favorable disposition)
2023,1710,22-1178,FEDERAL BUREAU OF INVESTIGATION v. FIKRE,3/19/2024,EKagan,Majority or plurality,Respondent/Appellee won (petitioning party did not receive a favorable disposition)
2023,1710,22-1178,FEDERAL BUREAU OF INVESTIGATION v. FIKRE,3/19/2024,NMGorsuch,Majority or plurality,Respondent/Appellee won (petitioning party did not receive a favorable disposition)
2023,1710,22-1178,FEDERAL BUREAU OF INVESTIGATION v. FIKRE,3/19/2024,BMKavanaugh,Regular concurrence,Respondent/Appellee won (petitioning party did not receive a favorable disposition)
2023,1710,22-1178,FEDERAL BUREAU OF INVESTIGATION v. FIKRE,3/19/2024,ACBarrett,Majority or plurality,Respondent/Appellee won (petitioning party did not receive a favorable disposition)
2023,1710,22-1178,FEDERAL BUREAU OF INVESTIGATION v. FIKRE,3/19/2024,KBJackson,Majority or plurality,Respondent/Appellee won (petitioning party did not receive a favorable disposition)
2023,1710,22-1074,"SHEETZ v. COUNTY OF EL DORADO, CALIFORNIA",4/12/2024,JGRoberts,Majority or plurality,Petitioner/Appellant won (petitioning party received a favorable disposition)
2023,1710,22-1074,"SHEETZ v. COUNTY OF EL DORADO, CALIFORNIA",4/12/2024,CThomas,Majority or plurality,Petitioner/Appellant won (petitioning party received a favorable disposition)
2023,1710,22-1074,"SHEETZ v. COUNTY OF EL DORADO, CALIFORNIA",4/12/2024,SAAlito,Majority or plurality,Petitioner/Appellant won (petitioning party received a favorable disposition)
2023,1710,22-1074,"SHEETZ v. COUNTY OF EL DORADO, CALIFORNIA",4/12/2024,SSotomayor,Regular concurrence,Petitioner/Appellant won (petitioning party received a favorable disposition)
2023,1710,22-1074,"SHEETZ v. COUNTY OF EL DORADO, CALIFORNIA",4/12/2024,EKagan,Regular concurrence,Petitioner/Appellant won (petitioning party received a favorable disposition)
2023,1710,22-1074,"SHEETZ v. COUNTY OF EL DORADO, CALIFORNIA",4/12/2024,NMGorsuch,Regular concurrence,Petitioner/Appellant won (petitioning party received a favorable disposition)
2023,1710,22-1074,"SHEETZ v. COUNTY OF EL DORADO, CALIFORNIA",4/12/2024,BMKavanaugh,Regular concurrence,Petitioner/Appellant won (petitioning party received a favorable disposition)
2023,1710,22-1074,"SHEETZ v. COUNTY OF EL DORADO, CALIFORNIA",4/12/2024,ACBarrett,Majority or plurality,Petitioner/Appellant won (petitioning party received a favorable disposition)
2023,1710,22-1074,"SHEETZ v. COUNTY OF EL DORADO, CALIFORNIA",4/12/2024,KBJackson,Regular concurrence,Petitioner/Appellant won (petitioning party received a favorable disposition)
2023,1710,22-1238,"OFFICE OF THE U.S. TRUSTEE v. JOHN Q. HAMMONS FALL 2006, LLC",6/14/2024,JGRoberts,Majority or plurality,Petitioner/Appellant won (petitioning party received a favorable disposition)
2023,1710,22-1238,"OFFICE OF THE U.S. TRUSTEE v. JOHN Q. HAMMONS FALL 2006, LLC",6/14/2024,CThomas,Dissent,Petitioner/Appellant won (petitioning party received a favorable disposition)
2023,1710,22-1238,"OFFICE OF THE U.S. TRUSTEE v. JOHN Q. HAMMONS FALL 2006, LLC",6/14/2024,SAAlito,Majority or plurality,Petitioner/Appellant won (petitioning party received a favorable disposition)
2023,1710,22-1238,"OFFICE OF THE U.S. TRUSTEE v. JOHN Q. HAMMONS FALL 2006, LLC",6/14/2024,SSotomayor,Majority or plurality,Petitioner/Appellant won (petitioning party received a favorable disposition)
2023,1710,22-1238,"OFFICE OF THE U.S. TRUSTEE v. JOHN Q. HAMMONS FALL 2006, LLC",6/14/2024,EKagan,Majority or plurality,Petitioner/Appellant won (petitioning party received a favorable disposition)
2023,1710,22-1238,"OFFICE OF THE U.S. TRUSTEE v. JOHN Q. HAMMONS FALL 2006, LLC",6/14/2024,NMGorsuch,Dissent,Petitioner/Appellant won (petitioning party received a favorable disposition)
2023,1710,22-1238,"OFFICE OF THE U.S. TRUSTEE v. JOHN Q. HAMMONS FALL 2006, LLC",6/14/2024,BMKavanaugh,Majority or plurality,Petitioner/Appellant won (petitioning party received a favorable disposition)
2023,1710,22-1238,"OFFICE OF THE U.S. TRUSTEE v. JOHN Q. HAMMONS FALL 2006, LLC",6/14/2024,ACBarrett,Dissent,Petitioner/Appellant won (petitioning party received a favorable disposition)
2023,1710,22-1238,"OFFICE OF THE U.S. TRUSTEE v. JOHN Q. HAMMONS FALL 2006, LLC",6/14/2024,KBJackson,Majority or plurality,Petitioner/Appellant won (petitioning party received a favorable disposition)
2023,1710,22-899,SMITH v. ARIZONA,6/21/2024,JGRoberts,Special concurrence,Petitioner/Appellant won (petitioning party received a favorable disposition)
2023,1710,22-899,SMITH v. ARIZONA,6/21/2024,CThomas,Regular concurrence,Petitioner/Appellant won (petitioning party received a favorable disposition)
2023,1710,22-899,SMITH v. ARIZONA,6/21/2024,SAAlito,Special concurrence,Petitioner/Appellant won (petitioning party received a favorable disposition)
2023,1710,22-899,SMITH v. ARIZONA,6/21/2024,SSotomayor,Majority or plurality,Petitioner/Appellant won (petitioning party received a favorable disposition)
2023,1710,22-899,SMITH v. ARIZONA,6/21/2024,EKagan,Majority or plurality,Petitioner/Appellant won (petitioning party received a favorable disposition)
2023,1710,22-899,SMITH v. ARIZONA,6/21/2024,NMGorsuch,Regular concurrence,Petitioner/Appellant won (petitioning party received a favorable disposition)
2023,1710,22-899,SMITH v. ARIZONA,6/21/2024,BMKavanaugh,Majority or plurality,Petitioner/Appellant won (petitioning party received a favorable disposition)
2023,1710,22-899,SMITH v. ARIZONA,6/21/2024,ACBarrett,Majority or plurality,Petitioner/Appellant won (petitioning party received a favorable disposition)
2023,1710,22-899,SMITH v. ARIZONA,6/21/2024,KBJackson,Majority or plurality,Petitioner/Appellant won (petitioning party received a favorable disposition)
2023,1710,22-1165,"MACQUARIE INFRASTRUCTURE CORP. v. MOAB PARTNERS, L.P.",4/12/2024,JGRoberts,Majority or plurality,Petitioner/Appellant won (petitioning party received a favorable disposition)
2023,1710,22-1165,"MACQUARIE INFRASTRUCTURE CORP. v. MOAB PARTNERS, L.P.",4/12/2024,CThomas,Majority or plurality,Petitioner/Appellant won (petitioning party received a favorable disposition)
2023,1710,22-1165,"MACQUARIE INFRASTRUCTURE CORP. v. MOAB PARTNERS, L.P.",4/12/2024,SAAlito,Majority or plurality,Petitioner/Appellant won (petitioning party received a favorable disposition)
2023,1710,22-1165,"MACQUARIE INFRASTRUCTURE CORP. v. MOAB PARTNERS, L.P.",4/12/2024,SSotomayor,Majority or plurality,Petitioner/Appellant won (petitioning party received a favorable disposition)
2023,1710,22-1165,"MACQUARIE INFRASTRUCTURE CORP. v. MOAB PARTNERS, L.P.",4/12/2024,EKagan,Majority or plurality,Petitioner/Appellant won (petitioning party received a favorable disposition)
2023,1710,22-1165,"MACQUARIE INFRASTRUCTURE CORP. v. MOAB PARTNERS, L.P.",4/12/2024,NMGorsuch,Majority or plurality,Petitioner/Appellant won (petitioning party received a favorable disposition)
2023,1710,22-1165,"MACQUARIE INFRASTRUCTURE CORP. v. MOAB PARTNERS, L.P.",4/12/2024,BMKavanaugh,Majority or plurality,Petitioner/Appellant won (petitioning party received a favorable disposition)
2023,1710,22-1165,"MACQUARIE INFRASTRUCTURE CORP. v. MOAB PARTNERS, L.P.",4/12/2024,ACBarrett,Majority or plurality,Petitioner/Appellant won (petitioning party received a favorable disposition)
2023,1710,22-1165,"MACQUARIE INFRASTRUCTURE CORP. v. MOAB PARTNERS, L.P.",4/12/2024,KBJackson,Majority or plurality,Petitioner/Appellant won (petitioning party received a favorable disposition)
2023,1710,22-913,DEVILLIER v. TEXAS,4/16/2024,JGRoberts,Majority or plurality,Petitioner/Appellant won (petitioning party received a favorable disposition)
2023,1710,22-913,DEVILLIER v. TEXAS,4/16/2024,CThomas,Majority or plurality,Petitioner/Appellant won (petitioning party received a favorable disposition)
2023,1710,22-913,DEVILLIER v. TEXAS,4/16/2024,SAAlito,Majority or plurality,Petitioner/Appellant won (petitioning party received a favorable disposition)
2023,1710,22-913,DEVILLIER v. TEXAS,4/16/2024,SSotomayor,Majority or plurality,Petitioner/Appellant won (petitioning party received a favorable disposition)
2023,1710,22-913,DEVILLIER v. TEXAS,4/16/2024,EKagan,Majority or plurality,Petitioner/Appellant won (petitioning party received a favorable disposition)
2023,1710,22-913,DEVILLIER v. TEXAS,4/16/2024,NMGorsuch,Majority or plurality,Petitioner/Appellant won (petitioning party received a favorable disposition)
2023,1710,22-913,DEVILLIER v. TEXAS,4/16/2024,BMKavanaugh,Majority or plurality,Petitioner/Appellant won (petitioning party received a favorable disposition)
2023,1710,22-913,DEVILLIER v. TEXAS,4/16/2024,ACBarrett,Majority or plurality,Petitioner/Appellant won (petitioning party received a favorable disposition)
2023,1710,22-913,DEVILLIER v. TEXAS,4/16/2024,KBJackson,Majority or plurality,Petitioner/Appellant won (petitioning party received a favorable disposition)
2023,1710,22-1008,CORNER POST v. BOARD OF GOVERNORS OF THE FEDERAL RESERVE SYSTEM,7/1/2024,JGRoberts,Majority or plurality,Petitioner/Appellant won (petitioning party received a favorable disposition)
2023,1710,22-1008,CORNER POST v. BOARD OF GOVERNORS OF THE FEDERAL RESERVE SYSTEM,7/1/2024,CThomas,Majority or plurality,Petitioner/Appellant won (petitioning party received a favorable disposition)
2023,1710,22-1008,CORNER POST v. BOARD OF GOVERNORS OF THE FEDERAL RESERVE SYSTEM,7/1/2024,SAAlito,Majority or plurality,Petitioner/Appellant won (petitioning party received a favorable disposition)
2023,1710,22-1008,CORNER POST v. BOARD OF GOVERNORS OF THE FEDERAL RESERVE SYSTEM,7/1/2024,SSotomayor,Dissent,Petitioner/Appellant won (petitioning party received a favorable disposition)
2023,1710,22-1008,CORNER POST v. BOARD OF GOVERNORS OF THE FEDERAL RESERVE SYSTEM,7/1/2024,EKagan,Dissent,Petitioner/Appellant won (petitioning party received a favorable disposition)
2023,1710,22-1008,CORNER POST v. BOARD OF GOVERNORS OF THE FEDERAL RESERVE SYSTEM,7/1/2024,NMGorsuch,Majority or plurality,Petitioner/Appellant won (petitioning party received a favorable disposition)
2023,1710,22-1008,CORNER POST v. BOARD OF GOVERNORS OF THE FEDERAL RESERVE SYSTEM,7/1/2024,BMKavanaugh,Regular concurrence,Petitioner/Appellant won (petitioning party received a favorable disposition)
2023,1710,22-1008,CORNER POST v. BOARD OF GOVERNORS OF THE FEDERAL RESERVE SYSTEM,7/1/2024,ACBarrett,Majority or plurality,Petitioner/Appellant won (petitioning party received a favorable disposition)
2023,1710,22-1008,CORNER POST v. BOARD OF GOVERNORS OF THE FEDERAL RESERVE SYSTEM,7/1/2024,KBJackson,Dissent,Petitioner/Appellant won (petitioning party received a favorable disposition)
2023,1710,23-51,"BISSONNETTE v. LEPAGE BAKERIES PARK ST., LLC",4/12/2024,JGRoberts,Majority or plurality,Petitioner/Appellant won (petitioning party received a favorable disposition)
2023,1710,23-51,"BISSONNETTE v. LEPAGE BAKERIES PARK ST., LLC",4/12/2024,CThomas,Majority or plurality,Petitioner/Appellant won (petitioning party received a favorable disposition)
2023,1710,23-51,"BISSONNETTE v. LEPAGE BAKERIES PARK ST., LLC",4/12/2024,SAAlito,Majority or plurality,Petitioner/Appellant won (petitioning party received a favorable disposition)
2023,1710,23-51,"BISSONNETTE v. LEPAGE BAKERIES PARK ST., LLC",4/12/2024,SSotomayor,Majority or plurality,Petitioner/Appellant won (petitioning party received a favorable disposition)
2023,1710,23-51,"BISSONNETTE v. LEPAGE BAKERIES PARK ST., LLC",4/12/2024,EKagan,Majority or plurality,Petitioner/Appellant won (petitioning party received a favorable disposition)
2023,1710,23-51,"BISSONNETTE v. LEPAGE BAKERIES PARK ST., LLC",4/12/2024,NMGorsuch,Majority or plurality,Petitioner/Appellant won (petitioning party received a favorable disposition)
2023,1710,23-51,"BISSONNETTE v. LEPAGE BAKERIES PARK ST., LLC",4/12/2024,BMKavanaugh,Majority or plurality,Petitioner/Appellant won (petitioning party received a favorable disposition)
2023,1710,23-51,"BISSONNETTE v. LEPAGE BAKERIES PARK ST., LLC",4/12/2024,ACBarrett,Majority or plurality,Petitioner/Appellant won (petitioning party received a favorable disposition)
2023,1710,23-51,"BISSONNETTE v. LEPAGE BAKERIES PARK ST., LLC",4/12/2024,KBJackson,Majority or plurality,Petitioner/Appellant won (petitioning party received a favorable disposition)
2023,1710,23A349,OHIO v. ENVIRONMENTAL PROTECTION AGENCY,6/27/2024,JGRoberts,Majority or plurality,Petitioner/Appellant won (petitioning party received a favorable disposition)
2023,1710,23A349,OHIO v. ENVIRONMENTAL PROTECTION AGENCY,6/27/2024,CThomas,Majority or plurality,Petitioner/Appellant won (petitioning party received a favorable disposition)
2023,1710,23A349,OHIO v. ENVIRONMENTAL PROTECTION AGENCY,6/27/2024,SAAlito,Majority or plurality,Petitioner/Appellant won (petitioning party received a favorable disposition)
2023,1710,23A349,OHIO v. ENVIRONMENTAL PROTECTION AGENCY,6/27/2024,SSotomayor,Dissent,Petitioner/Appellant won (petitioning party received a favorable disposition)
2023,1710,23A349,OHIO v. ENVIRONMENTAL PROTECTION AGENCY,6/27/2024,EKagan,Dissent,Petitioner/Appellant won (petitioning party received a favorable disposition)
2023,1710,23A349,OHIO v. ENVIRONMENTAL PROTECTION AGENCY,6/27/2024,NMGorsuch,Majority or plurality,Petitioner/Appellant won (petitioning party received a favorable disposition)
2023,1710,23A349,OHIO v. ENVIRONMENTAL PROTECTION AGENCY,6/27/2024,BMKavanaugh,Majority or plurality,Petitioner/Appellant won (petitioning party received a favorable disposition)
2023,1710,23A349,OHIO v. ENVIRONMENTAL PROTECTION AGENCY,6/27/2024,ACBarrett,Dissent,Petitioner/Appellant won (petitioning party received a favorable disposition)
2023,1710,23A349,OHIO v. ENVIRONMENTAL PROTECTION AGENCY,6/27/2024,KBJackson,Dissent,Petitioner/Appellant won (petitioning party received a favorable disposition)
2023,1710,22-1078,WARNER CHAPPELL MUSIC v. NEAL,5/9/2024,JGRoberts,Majority or plurality,Respondent/Appellee won (petitioning party did not receive a favorable disposition)
2023,1710,22-1078,WARNER CHAPPELL MUSIC v. NEAL,5/9/2024,CThomas,Dissent,Respondent/Appellee won (petitioning party did not receive a favorable disposition)
2023,1710,22-1078,WARNER CHAPPELL MUSIC v. NEAL,5/9/2024,SAAlito,Dissent,Respondent/Appellee won (petitioning party did not receive a favorable disposition)
2023,1710,22-1078,WARNER CHAPPELL MUSIC v. NEAL,5/9/2024,SSotomayor,Majority or plurality,Respondent/Appellee won (petitioning party did not receive a favorable disposition)
2023,1710,22-1078,WARNER CHAPPELL MUSIC v. NEAL,5/9/2024,EKagan,Majority or plurality,Respondent/Appellee won (petitioning party did not receive a favorable disposition)
2023,1710,22-1078,WARNER CHAPPELL MUSIC v. NEAL,5/9/2024,NMGorsuch,Dissent,Respondent/Appellee won (petitioning party did not receive a favorable disposition)
2023,1710,22-1078,WARNER CHAPPELL MUSIC v. NEAL,5/9/2024,BMKavanaugh,Majority or plurality,Respondent/Appellee won (petitioning party did not receive a favorable disposition)
2023,1710,22-1078,WARNER CHAPPELL MUSIC v. NEAL,5/9/2024,ACBarrett,Majority or plurality,Respondent/Appellee won (petitioning party did not receive a favorable disposition)
2023,1710,22-1078,WARNER CHAPPELL MUSIC v. NEAL,5/9/2024,KBJackson,Majority or plurality,Respondent/Appellee won (petitioning party did not receive a favorable disposition)
2023,1710,22-7386,MCINTOSH v. UNITED STATES,4/17/2024,JGRoberts,Majority or plurality,Respondent/Appellee won (petitioning party did not receive a favorable disposition)
2023,1710,22-7386,MCINTOSH v. UNITED STATES,4/17/2024,CThomas,Majority or plurality,Respondent/Appellee won (petitioning party did not receive a favorable disposition)
2023,1710,22-7386,MCINTOSH v. UNITED STATES,4/17/2024,SAAlito,Majority or plurality,Respondent/Appellee won (petitioning party did not receive a favorable disposition)
2023,1710,22-7386,MCINTOSH v. UNITED STATES,4/17/2024,SSotomayor,Majority or plurality,Respondent/Appellee won (petitioning party did not receive a favorable disposition)
2023,1710,22-7386,MCINTOSH v. UNITED STATES,4/17/2024,EKagan,Majority or plurality,Respondent/Appellee won (petitioning party did not receive a favorable disposition)
2023,1710,22-7386,MCINTOSH v. UNITED STATES,4/17/2024,NMGorsuch,Majority or plurality,Respondent/Appellee won (petitioning party did not receive a favorable disposition)
2023,1710,22-7386,MCINTOSH v. UNITED STATES,4/17/2024,BMKavanaugh,Majority or plurality,Respondent/Appellee won (petitioning party did not receive a favorable disposition)
2023,1710,22-7386,MCINTOSH v. UNITED STATES,4/17/2024,ACBarrett,Majority or plurality,Respondent/Appellee won (petitioning party did not receive a favorable disposition)
2023,1710,22-7386,MCINTOSH v. UNITED STATES,4/17/2024,KBJackson,Majority or plurality,Respondent/Appellee won (petitioning party did not receive a favorable disposition)
2023,1710,22-529,CANTERO v. BANK OF AMERICA,5/30/2024,JGRoberts,Majority or plurality,Petitioner/Appellant won (petitioning party received a favorable disposition)
2023,1710,22-529,CANTERO v. BANK OF AMERICA,5/30/2024,CThomas,Majority or plurality,Petitioner/Appellant won (petitioning party received a favorable disposition)
2023,1710,22-529,CANTERO v. BANK OF AMERICA,5/30/2024,SAAlito,Majority or plurality,Petitioner/Appellant won (petitioning party received a favorable disposition)
2023,1710,22-529,CANTERO v. BANK OF AMERICA,5/30/2024,SSotomayor,Majority or plurality,Petitioner/Appellant won (petitioning party received a favorable disposition)
2023,1710,22-529,CANTERO v. BANK OF AMERICA,5/30/2024,EKagan,Majority or plurality,Petitioner/Appellant won (petitioning party received a favorable disposition)
2023,1710,22-529,CANTERO v. BANK OF AMERICA,5/30/2024,NMGorsuch,Majority or plurality,Petitioner/Appellant won (petitioning party received a favorable disposition)
2023,1710,22-529,CANTERO v. BANK OF AMERICA,5/30/2024,BMKavanaugh,Majority or plurality,Petitioner/Appellant won (petitioning party received a favorable disposition)
2023,1710,22-529,CANTERO v. BANK OF AMERICA,5/30/2024,ACBarrett,Majority or plurality,Petitioner/Appellant won (petitioning party received a favorable disposition)
2023,1710,22-529,CANTERO v. BANK OF AMERICA,5/30/2024,KBJackson,Majority or plurality,Petitioner/Appellant won (petitioning party received a favorable disposition)
2023,1710,22-976,GARLAND v. CARGILL,6/14/2024,JGRoberts,Majority or plurality,Respondent/Appellee won (petitioning party did not receive a favorable disposition)
2023,1710,22-976,GARLAND v. CARGILL,6/14/2024,CThomas,Majority or plurality,Respondent/Appellee won (petitioning party did not receive a favorable disposition)
2023,1710,22-976,GARLAND v. CARGILL,6/14/2024,SAAlito,Regular concurrence,Respondent/Appellee won (petitioning party did not receive a favorable disposition)
2023,1710,22-976,GARLAND v. CARGILL,6/14/2024,SSotomayor,Dissent,Respondent/Appellee won (petitioning party did not receive a favorable disposition)
2023,1710,22-976,GARLAND v. CARGILL,6/14/2024,EKagan,Dissent,Respondent/Appellee won (petitioning party did not receive a favorable disposition)
2023,1710,22-976,GARLAND v. CARGILL,6/14/2024,NMGorsuch,Majority or plurality,Respondent/Appellee won (petitioning party did not receive a favorable disposition)
2023,1710,22-976,GARLAND v. CARGILL,6/14/2024,BMKavanaugh,Majority or plurality,Respondent/Appellee won (petitioning party did not receive a favorable disposition)
2023,1710,22-976,GARLAND v. CARGILL,6/14/2024,ACBarrett,Majority or plurality,Respondent/Appellee won (petitioning party did not receive a favorable disposition)
2023,1710,22-976,GARLAND v. CARGILL,6/14/2024,KBJackson,Dissent,Respondent/Appellee won (petitioning party did not receive a favorable disposition)
2023,1710,23-3,COINBASE v. SUSKI,5/23/2024,JGRoberts,Majority or plurality,Respondent/Appellee won (petitioning party did not receive a favorable disposition)
2023,1710,23-3,COINBASE v. SUSKI,5/23/2024,CThomas,Majority or plurality,Respondent/Appellee won (petitioning party did not receive a favorable disposition)
2023,1710,23-3,COINBASE v. SUSKI,5/23/2024,SAAlito,Majority or plurality,Respondent/Appellee won (petitioning party did not receive a favorable disposition)
2023,1710,23-3,COINBASE v. SUSKI,5/23/2024,SSotomayor,Majority or plurality,Respondent/Appellee won (petitioning party did not receive a favorable disposition)
2023,1710,23-3,COINBASE v. SUSKI,5/23/2024,EKagan,Majority or plurality,Respondent/Appellee won (petitioning party did not receive a favorable disposition)
2023,1710,23-3,COINBASE v. SUSKI,5/23/2024,NMGorsuch,Regular concurrence,Respondent/Appellee won (petitioning party did not receive a favorable disposition)
2023,1710,23-3,COINBASE v. SUSKI,5/23/2024,BMKavanaugh,Majority or plurality,Respondent/Appellee won (petitioning party did not receive a favorable disposition)
2023,1710,23-3,COINBASE v. SUSKI,5/23/2024,ACBarrett,Majority or plurality,Respondent/Appellee won (petitioning party did not receive a favorable disposition)
2023,1710,23-3,COINBASE v. SUSKI,5/23/2024,KBJackson,Majority or plurality,Respondent/Appellee won (petitioning party did not receive a favorable disposition)
2023,1710,23-411,MURTHY v. MISSOURI,6/26/2024,JGRoberts,Majority or plurality,Petitioner/Appellant won (petitioning party received a favorable disposition)
2023,1710,23-411,MURTHY v. MISSOURI,6/26/2024,CThomas,Dissent,Petitioner/Appellant won (petitioning party received a favorable disposition)
2023,1710,23-411,MURTHY v. MISSOURI,6/26/2024,SAAlito,Dissent,Petitioner/Appellant won (petitioning party received a favorable disposition)
2023,1710,23-411,MURTHY v. MISSOURI,6/26/2024,SSotomayor,Majority or plurality,Petitioner/Appellant won (petitioning party received a favorable disposition)
2023,1710,23-411,MURTHY v. MISSOURI,6/26/2024,EKagan,Majority or plurality,Petitioner/Appellant won (petitioning party received a favorable disposition)
2023,1710,23-411,MURTHY v. MISSOURI,6/26/2024,NMGorsuch,Dissent,Petitioner/Appellant won (petitioning party received a favorable disposition)
2023,1710,23-411,MURTHY v. MISSOURI,6/26/2024,BMKavanaugh,Majority or plurality,Petitioner/Appellant won (petitioning party received a favorable disposition)
2023,1710,23-411,MURTHY v. MISSOURI,6/26/2024,ACBarrett,Majority or plurality,Petitioner/Appellant won (petitioning party received a favorable disposition)
2023,1710,23-411,MURTHY v. MISSOURI,6/26/2024,KBJackson,Majority or plurality,Petitioner/Appellant won (petitioning party received a favorable disposition)
2023,1710,22-842,NATIONAL RIFLE ASSOCIATION OF AMERICA v. VULLO,5/30/2024,JGRoberts,Majority or plurality,Petitioner/Appellant won (petitioning party received a favorable disposition)
2023,1710,22-842,NATIONAL RIFLE ASSOCIATION OF AMERICA v. VULLO,5/30/2024,CThomas,Majority or plurality,Petitioner/Appellant won (petitioning party received a favorable disposition)
2023,1710,22-842,NATIONAL RIFLE ASSOCIATION OF AMERICA v. VULLO,5/30/2024,SAAlito,Majority or plurality,Petitioner/Appellant won (petitioning party received a favorable disposition)
2023,1710,22-842,NATIONAL RIFLE ASSOCIATION OF AMERICA v. VULLO,5/30/2024,SSotomayor,Majority or plurality,Petitioner/Appellant won (petitioning party received a favorable disposition)
2023,1710,22-842,NATIONAL RIFLE ASSOCIATION OF AMERICA v. VULLO,5/30/2024,EKagan,Majority or plurality,Petitioner/Appellant won (petitioning party received a favorable disposition)
2023,1710,22-842,NATIONAL RIFLE ASSOCIATION OF AMERICA v. VULLO,5/30/2024,NMGorsuch,Regular concurrence,Petitioner/Appellant won (petitioning party received a favorable disposition)
2023,1710,22-842,NATIONAL RIFLE ASSOCIATION OF AMERICA v. VULLO,5/30/2024,BMKavanaugh,Majority or plurality,Petitioner/Appellant won (petitioning party received a favorable disposition)
2023,1710,22-842,NATIONAL RIFLE ASSOCIATION OF AMERICA v. VULLO,5/30/2024,ACBarrett,Majority or plurality,Petitioner/Appellant won (petitioning party received a favorable disposition)
2023,1710,22-842,NATIONAL RIFLE ASSOCIATION OF AMERICA v. VULLO,5/30/2024,KBJackson,Regular concurrence,Petitioner/Appellant won (petitioning party received a favorable disposition)
2023,1710,23-14,DIAZ v. UNITED STATES,6/20/2024,JGRoberts,Majority or plurality,Respondent/Appellee won (petitioning party did not receive a favorable disposition)
2023,1710,23-14,DIAZ v. UNITED STATES,6/20/2024,CThomas,Majority or plurality,Respondent/Appellee won (petitioning party did not receive a favorable disposition)
2023,1710,23-14,DIAZ v. UNITED STATES,6/20/2024,SAAlito,Majority or plurality,Respondent/Appellee won (petitioning party did not receive a favorable disposition)
2023,1710,23-14,DIAZ v. UNITED STATES,6/20/2024,SSotomayor,Dissent,Respondent/Appellee won (petitioning party did not receive a favorable disposition)
2023,1710,23-14,DIAZ v. UNITED STATES,6/20/2024,EKagan,Dissent,Respondent/Appellee won (petitioning party did not receive a favorable disposition)
2023,1710,23-14,DIAZ v. UNITED STATES,6/20/2024,NMGorsuch,Dissent,Respondent/Appellee won (petitioning party did not receive a favorable disposition)
2023,1710,23-14,DIAZ v. UNITED STATES,6/20/2024,BMKavanaugh,Majority or plurality,Respondent/Appellee won (petitioning party did not receive a favorable disposition)
2023,1710,23-14,DIAZ v. UNITED STATES,6/20/2024,ACBarrett,Majority or plurality,Respondent/Appellee won (petitioning party did not receive a favorable disposition)
2023,1710,23-14,DIAZ v. UNITED STATES,6/20/2024,KBJackson,Regular concurrence,Respondent/Appellee won (petitioning party did not receive a favorable disposition)
2023,1710,22-1079,TRUCK INSURANCE EXCHANGE v. KAISER GYPSUM COMPANY,6/6/2024,JGRoberts,Majority or plurality,Petitioner/Appellant won (petitioning party received a favorable disposition)
2023,1710,22-1079,TRUCK INSURANCE EXCHANGE v. KAISER GYPSUM COMPANY,6/6/2024,CThomas,Majority or plurality,Petitioner/Appellant won (petitioning party received a favorable disposition)
2023,1710,22-1079,TRUCK INSURANCE EXCHANGE v. KAISER GYPSUM COMPANY,6/6/2024,SAAlito,,Petitioner/Appellant won (petitioning party received a favorable disposition)
2023,1710,22-1079,TRUCK INSURANCE EXCHANGE v. KAISER GYPSUM COMPANY,6/6/2024,SSotomayor,Majority or plurality,Petitioner/Appellant won (petitioning party received a favorable disposition)
2023,1710,22-1079,TRUCK INSURANCE EXCHANGE v. KAISER GYPSUM COMPANY,6/6/2024,EKagan,Majority or plurality,Petitioner/Appellant won (petitioning party received a favorable disposition)
2023,1710,22-1079,TRUCK INSURANCE EXCHANGE v. KAISER GYPSUM COMPANY,6/6/2024,NMGorsuch,Majority or plurality,Petitioner/Appellant won (petitioning party received a favorable disposition)
2023,1710,22-1079,TRUCK INSURANCE EXCHANGE v. KAISER GYPSUM COMPANY,6/6/2024,BMKavanaugh,Majority or plurality,Petitioner/Appellant won (petitioning party received a favorable disposition)
2023,1710,22-1079,TRUCK INSURANCE EXCHANGE v. KAISER GYPSUM COMPANY,6/6/2024,ACBarrett,Majority or plurality,Petitioner/Appellant won (petitioning party received a favorable disposition)
2023,1710,22-1079,TRUCK INSURANCE EXCHANGE v. KAISER GYPSUM COMPANY,6/6/2024,KBJackson,Majority or plurality,Petitioner/Appellant won (petitioning party received a favorable disposition)
2023,1710,22-1025,GONZALEZ v. TREVINO,6/20/2024,JGRoberts,Majority or plurality,Petitioner/Appellant won (petitioning party received a favorable disposition)
2023,1710,22-1025,GONZALEZ v. TREVINO,6/20/2024,CThomas,Dissent,Petitioner/Appellant won (petitioning party received a favorable disposition)
2023,1710,22-1025,GONZALEZ v. TREVINO,6/20/2024,SAAlito,Regular concurrence,Petitioner/Appellant won (petitioning party received a favorable disposition)
2023,1710,22-1025,GONZALEZ v. TREVINO,6/20/2024,SSotomayor,Regular concurrence,Petitioner/Appellant won (petitioning party received a favorable disposition)
2023,1710,22-1025,GONZALEZ v. TREVINO,6/20/2024,EKagan,Majority or plurality,Petitioner/Appellant won (petitioning party received a favorable disposition)
2023,1710,22-1025,GONZALEZ v. TREVINO,6/20/2024,NMGorsuch,Majority or plurality,Petitioner/Appellant won (petitioning party received a favorable disposition)
2023,1710,22-1025,GONZALEZ v. TREVINO,6/20/2024,BMKavanaugh,Regular concurrence,Petitioner/Appellant won (petitioning party received a favorable disposition)
2023,1710,22-1025,GONZALEZ v. TREVINO,6/20/2024,ACBarrett,Majority or plurality,Petitioner/Appellant won (petitioning party received a favorable disposition)
2023,1710,22-1025,GONZALEZ v. TREVINO,6/20/2024,KBJackson,Regular concurrence,Petitioner/Appellant won (petitioning party received a favorable disposition)
2023,1710,22O141,TEXAS v. NEW MEXICO AND COLORADO,6/21/2024,JGRoberts,Majority or plurality,Petitioner/Appellant won (petitioning party received a favorable disposition)
2023,1710,22O141,TEXAS v. NEW MEXICO AND COLORADO,6/21/2024,CThomas,Dissent,Petitioner/Appellant won (petitioning party received a favorable disposition)
2023,1710,22O141,TEXAS v. NEW MEXICO AND COLORADO,6/21/2024,SAAlito,Dissent,Petitioner/Appellant won (petitioning party received a favorable disposition)
2023,1710,22O141,TEXAS v. NEW MEXICO AND COLORADO,6/21/2024,SSotomayor,Majority or plurality,Petitioner/Appellant won (petitioning party received a favorable disposition)
2023,1710,22O141,TEXAS v. NEW MEXICO AND COLORADO,6/21/2024,EKagan,Majority or plurality,Petitioner/Appellant won (petitioning party received a favorable disposition)
2023,1710,22O141,TEXAS v. NEW MEXICO AND COLORADO,6/21/2024,NMGorsuch,Dissent,Petitioner/Appellant won (petitioning party received a favorable disposition)
2023,1710,22O141,TEXAS v. NEW MEXICO AND COLORADO,6/21/2024,BMKavanaugh,Majority or plurality,Petitioner/Appellant won (petitioning party received a favorable disposition)
2023,1710,22O141,TEXAS v. NEW MEXICO AND COLORADO,6/21/2024,ACBarrett,Dissent,Petitioner/Appellant won (petitioning party received a favorable disposition)
2023,1710,22O141,TEXAS v. NEW MEXICO AND COLORADO,6/21/2024,KBJackson,Majority or plurality,Petitioner/Appellant won (petitioning party received a favorable disposition)
2023,1710,23-250,BECERRA v. SAN CARLOS APACHE TRIBE,6/6/2024,JGRoberts,Majority or plurality,Respondent/Appellee won (petitioning party did not receive a favorable disposition)
2023,1710,23-250,BECERRA v. SAN CARLOS APACHE TRIBE,6/6/2024,CThomas,Dissent,Respondent/Appellee won (petitioning party did not receive a favorable disposition)
2023,1710,23-250,BECERRA v. SAN CARLOS APACHE TRIBE,6/6/2024,SAAlito,Dissent,Respondent/Appellee won (petitioning party did not receive a favorable disposition)
2023,1710,23-250,BECERRA v. SAN CARLOS APACHE TRIBE,6/6/2024,SSotomayor,Majority or plurality,Respondent/Appellee won (petitioning party did not receive a favorable disposition)
2023,1710,23-250,BECERRA v. SAN CARLOS APACHE TRIBE,6/6/2024,EKagan,Majority or plurality,Respondent/Appellee won (petitioning party did not receive a favorable disposition)
2023,1710,23-250,BECERRA v. SAN CARLOS APACHE TRIBE,6/6/2024,NMGorsuch,Majority or plurality,Respondent/Appellee won (petitioning party did not receive a favorable disposition)
2023,1710,23-250,BECERRA v. SAN CARLOS APACHE TRIBE,6/6/2024,BMKavanaugh,Dissent,Respondent/Appellee won (petitioning party did not receive a favorable disposition)
2023,1710,23-250,BECERRA v. SAN CARLOS APACHE TRIBE,6/6/2024,ACBarrett,Dissent,Respondent/Appellee won (petitioning party did not receive a favorable disposition)
2023,1710,23-250,BECERRA v. SAN CARLOS APACHE TRIBE,6/6/2024,KBJackson,Majority or plurality,Respondent/Appellee won (petitioning party did not receive a favorable disposition)
2023,1710,23-21,HARROW v. DEPARTMENT OF DEFENSE,5/16/2024,JGRoberts,Majority or plurality,Petitioner/Appellant won (petitioning party received a favorable disposition)
2023,1710,23-21,HARROW v. DEPARTMENT OF DEFENSE,5/16/2024,CThomas,Majority or plurality,Petitioner/Appellant won (petitioning party received a favorable disposition)
2023,1710,23-21,HARROW v. DEPARTMENT OF DEFENSE,5/16/2024,SAAlito,Majority or plurality,Petitioner/Appellant won (petitioning party received a favorable disposition)
2023,1710,23-21,HARROW v. DEPARTMENT OF DEFENSE,5/16/2024,SSotomayor,Majority or plurality,Petitioner/Appellant won (petitioning party received a favorable disposition)
2023,1710,23-21,HARROW v. DEPARTMENT OF DEFENSE,5/16/2024,EKagan,Majority or plurality,Petitioner/Appellant won (petitioning party received a favorable disposition)
2023,1710,23-21,HARROW v. DEPARTMENT OF DEFENSE,5/16/2024,NMGorsuch,Majority or plurality,Petitioner/Appellant won (petitioning party received a favorable disposition)
2023,1710,23-21,HARROW v. DEPARTMENT OF DEFENSE,5/16/2024,BMKavanaugh,Majority or plurality,Petitioner/Appellant won (petitioning party received a favorable disposition)
2023,1710,23-21,HARROW v. DEPARTMENT OF DEFENSE,5/16/2024,ACBarrett,Majority or plurality,Petitioner/Appellant won (petitioning party received a favorable disposition)
2023,1710,23-21,HARROW v. DEPARTMENT OF DEFENSE,5/16/2024,KBJackson,Majority or plurality,Petitioner/Appellant won (petitioning party received a favorable disposition)
2023,1710,23-235,FOOD AND DRUG ADMINISTRATION v. ALLIANCE FOR HIPPOCRATIC MEDICINE,6/13/2024,JGRoberts,Majority or plurality,Petitioner/Appellant won (petitioning party received a favorable disposition)
2023,1710,23-235,FOOD AND DRUG ADMINISTRATION v. ALLIANCE FOR HIPPOCRATIC MEDICINE,6/13/2024,CThomas,Regular concurrence,Petitioner/Appellant won (petitioning party received a favorable disposition)
2023,1710,23-235,FOOD AND DRUG ADMINISTRATION v. ALLIANCE FOR HIPPOCRATIC MEDICINE,6/13/2024,SAAlito,Majority or plurality,Petitioner/Appellant won (petitioning party received a favorable disposition)
2023,1710,23-235,FOOD AND DRUG ADMINISTRATION v. ALLIANCE FOR HIPPOCRATIC MEDICINE,6/13/2024,SSotomayor,Majority or plurality,Petitioner/Appellant won (petitioning party received a favorable disposition)
2023,1710,23-235,FOOD AND DRUG ADMINISTRATION v. ALLIANCE FOR HIPPOCRATIC MEDICINE,6/13/2024,EKagan,Majority or plurality,Petitioner/Appellant won (petitioning party received a favorable disposition)
2023,1710,23-235,FOOD AND DRUG ADMINISTRATION v. ALLIANCE FOR HIPPOCRATIC MEDICINE,6/13/2024,NMGorsuch,Majority or plurality,Petitioner/Appellant won (petitioning party received a favorable disposition)
2023,1710,23-235,FOOD AND DRUG ADMINISTRATION v. ALLIANCE FOR HIPPOCRATIC MEDICINE,6/13/2024,BMKavanaugh,Majority or plurality,Petitioner/Appellant won (petitioning party received a favorable disposition)
2023,1710,23-235,FOOD AND DRUG ADMINISTRATION v. ALLIANCE FOR HIPPOCRATIC MEDICINE,6/13/2024,ACBarrett,Majority or plurality,Petitioner/Appellant won (petitioning party received a favorable disposition)
2023,1710,23-235,FOOD AND DRUG ADMINISTRATION v. ALLIANCE FOR HIPPOCRATIC MEDICINE,6/13/2024,KBJackson,Majority or plurality,Petitioner/Appellant won (petitioning party received a favorable disposition)
2023,1710,23-370,ERLINGER v. UNITED STATES,6/21/2024,JGRoberts,Regular concurrence,Petitioner/Appellant won (petitioning party received a favorable disposition)
2023,1710,23-370,ERLINGER v. UNITED STATES,6/21/2024,CThomas,Regular concurrence,Petitioner/Appellant won (petitioning party received a favorable disposition)
2023,1710,23-370,ERLINGER v. UNITED STATES,6/21/2024,SAAlito,Dissent,Petitioner/Appellant won (petitioning party received a favorable disposition)
2023,1710,23-370,ERLINGER v. UNITED STATES,6/21/2024,SSotomayor,Majority or plurality,Petitioner/Appellant won (petitioning party received a favorable disposition)
2023,1710,23-370,ERLINGER v. UNITED STATES,6/21/2024,EKagan,Majority or plurality,Petitioner/Appellant won (petitioning party received a favorable disposition)
2023,1710,23-370,ERLINGER v. UNITED STATES,6/21/2024,NMGorsuch,Majority or plurality,Petitioner/Appellant won (petitioning party received a favorable disposition)
2023,1710,23-370,ERLINGER v. UNITED STATES,6/21/2024,BMKavanaugh,Dissent,Petitioner/Appellant won (petitioning party received a favorable disposition)
2023,1710,23-370,ERLINGER v. UNITED STATES,6/21/2024,ACBarrett,Majority or plurality,Petitioner/Appellant won (petitioning party received a favorable disposition)
2023,1710,23-370,ERLINGER v. UNITED STATES,6/21/2024,KBJackson,Dissent,Petitioner/Appellant won (petitioning party received a favorable disposition)
2023,1710,23-146,CONNELLY v. UNITED STATES,6/6/2024,JGRoberts,Majority or plurality,Respondent/Appellee won (petitioning party did not receive a favorable disposition)
2023,1710,23-146,CONNELLY v. UNITED STATES,6/6/2024,CThomas,Majority or plurality,Respondent/Appellee won (petitioning party did not receive a favorable disposition)
2023,1710,23-146,CONNELLY v. UNITED STATES,6/6/2024,SAAlito,Majority or plurality,Respondent/Appellee won (petitioning party did not receive a favorable disposition)
2023,1710,23-146,CONNELLY v. UNITED STATES,6/6/2024,SSotomayor,Majority or plurality,Respondent/Appellee won (petitioning party did not receive a favorable disposition)
2023,1710,23-146,CONNELLY v. UNITED STATES,6/6/2024,EKagan,Majority or plurality,Respondent/Appellee won (petitioning party did not receive a favorable disposition)
2023,1710,23-146,CONNELLY v. UNITED STATES,6/6/2024,NMGorsuch,Majority or plurality,Respondent/Appellee won (petitioning party did not receive a favorable disposition)
2023,1710,23-146,CONNELLY v. UNITED STATES,6/6/2024,BMKavanaugh,Majority or plurality,Respondent/Appellee won (petitioning party did not receive a favorable disposition)
2023,1710,23-146,CONNELLY v. UNITED STATES,6/6/2024,ACBarrett,Majority or plurality,Respondent/Appellee won (petitioning party did not receive a favorable disposition)
2023,1710,23-146,CONNELLY v. UNITED STATES,6/6/2024,KBJackson,Majority or plurality,Respondent/Appellee won (petitioning party did not receive a favorable disposition)
2023,1710,23-108,SNYDER v. UNITED STATES,6/26/2024,JGRoberts,Majority or plurality,Petitioner/Appellant won (petitioning party received a favorable disposition)
2023,1710,23-108,SNYDER v. UNITED STATES,6/26/2024,CThomas,Majority or plurality,Petitioner/Appellant won (petitioning party received a favorable disposition)
2023,1710,23-108,SNYDER v. UNITED STATES,6/26/2024,SAAlito,Majority or plurality,Petitioner/Appellant won (petitioning party received a favorable disposition)
2023,1710,23-108,SNYDER v. UNITED STATES,6/26/2024,SSotomayor,Dissent,Petitioner/Appellant won (petitioning party received a favorable disposition)
2023,1710,23-108,SNYDER v. UNITED STATES,6/26/2024,EKagan,Dissent,Petitioner/Appellant won (petitioning party received a favorable disposition)
2023,1710,23-108,SNYDER v. UNITED STATES,6/26/2024,NMGorsuch,Regular concurrence,Petitioner/Appellant won (petitioning party received a favorable disposition)
2023,1710,23-108,SNYDER v. UNITED STATES,6/26/2024,BMKavanaugh,Majority or plurality,Petitioner/Appellant won (petitioning party received a favorable disposition)
2023,1710,23-108,SNYDER v. UNITED STATES,6/26/2024,ACBarrett,Majority or plurality,Petitioner/Appellant won (petitioning party received a favorable disposition)
2023,1710,23-108,SNYDER v. UNITED STATES,6/26/2024,KBJackson,Dissent,Petitioner/Appellant won (petitioning party received a favorable disposition)
2023,1710,23-50,"CHIAVERINI v. CITY OF NAPOLEON, OHIO",6/20/2024,JGRoberts,Majority or plurality,Petitioner/Appellant won (petitioning party received a favorable disposition)
2023,1710,23-50,"CHIAVERINI v. CITY OF NAPOLEON, OHIO",6/20/2024,CThomas,Dissent,Petitioner/Appellant won (petitioning party received a favorable disposition)
2023,1710,23-50,"CHIAVERINI v. CITY OF NAPOLEON, OHIO",6/20/2024,SAAlito,Dissent,Petitioner/Appellant won (petitioning party received a favorable disposition)
2023,1710,23-50,"CHIAVERINI v. CITY OF NAPOLEON, OHIO",6/20/2024,SSotomayor,Majority or plurality,Petitioner/Appellant won (petitioning party received a favorable disposition)
2023,1710,23-50,"CHIAVERINI v. CITY OF NAPOLEON, OHIO",6/20/2024,EKagan,Majority or plurality,Petitioner/Appellant won (petitioning party received a favorable disposition)
2023,1710,23-50,"CHIAVERINI v. CITY OF NAPOLEON, OHIO",6/20/2024,NMGorsuch,Dissent,Petitioner/Appellant won (petitioning party received a favorable disposition)
2023,1710,23-50,"CHIAVERINI v. CITY OF NAPOLEON, OHIO",6/20/2024,BMKavanaugh,Majority or plurality,Petitioner/Appellant won (petitioning party received a favorable disposition)
2023,1710,23-50,"CHIAVERINI v. CITY OF NAPOLEON, OHIO",6/20/2024,ACBarrett,Majority or plurality,Petitioner/Appellant won (petitioning party received a favorable disposition)
2023,1710,23-50,"CHIAVERINI v. CITY OF NAPOLEON, OHIO",6/20/2024,KBJackson,Majority or plurality,Petitioner/Appellant won (petitioning party received a favorable disposition)
2023,1710,23-5572,FISCHER v. UNITED STATES,6/28/2024,JGRoberts,Majority or plurality,Petitioner/Appellant won (petitioning party received a favorable disposition)
2023,1710,23-5572,FISCHER v. UNITED STATES,6/28/2024,CThomas,Majority or plurality,Petitioner/Appellant won (petitioning party received a favorable disposition)
2023,1710,23-5572,FISCHER v. UNITED STATES,6/28/2024,SAAlito,Majority or plurality,Petitioner/Appellant won (petitioning party received a favorable disposition)
2023,1710,23-5572,FISCHER v. UNITED STATES,6/28/2024,SSotomayor,Dissent,Petitioner/Appellant won (petitioning party received a favorable disposition)
2023,1710,23-5572,FISCHER v. UNITED STATES,6/28/2024,EKagan,Dissent,Petitioner/Appellant won (petitioning party received a favorable disposition)
2023,1710,23-5572,FISCHER v. UNITED STATES,6/28/2024,NMGorsuch,Majority or plurality,Petitioner/Appellant won (petitioning party received a favorable disposition)
2023,1710,23-5572,FISCHER v. UNITED STATES,6/28/2024,BMKavanaugh,Majority or plurality,Petitioner/Appellant won (petitioning party received a favorable disposition)
2023,1710,23-5572,FISCHER v. UNITED STATES,6/28/2024,ACBarrett,Dissent,Petitioner/Appellant won (petitioning party received a favorable disposition)
2023,1710,23-5572,FISCHER v. UNITED STATES,6/28/2024,KBJackson,Regular concurrence,Petitioner/Appellant won (petitioning party received a favorable disposition)
2023,1710,22-982,THORNELL v. JONES,5/30/2024,JGRoberts,Majority or plurality,Petitioner/Appellant won (petitioning party received a favorable disposition)
2023,1710,22-982,THORNELL v. JONES,5/30/2024,CThomas,Majority or plurality,Petitioner/Appellant won (petitioning party received a favorable disposition)
2023,1710,22-982,THORNELL v. JONES,5/30/2024,SAAlito,Majority or plurality,Petitioner/Appellant won (petitioning party received a favorable disposition)
2023,1710,22-982,THORNELL v. JONES,5/30/2024,SSotomayor,Dissent,Petitioner/Appellant won (petitioning party received a favorable disposition)
2023,1710,22-982,THORNELL v. JONES,5/30/2024,EKagan,Dissent,Petitioner/Appellant won (petitioning party received a favorable disposition)
2023,1710,22-982,THORNELL v. JONES,5/30/2024,NMGorsuch,Majority or plurality,Petitioner/Appellant won (petitioning party received a favorable disposition)
2023,1710,22-982,THORNELL v. JONES,5/30/2024,BMKavanaugh,Majority or plurality,Petitioner/Appellant won (petitioning party received a favorable disposition)
2023,1710,22-982,THORNELL v. JONES,5/30/2024,ACBarrett,Majority or plurality,Petitioner/Appellant won (petitioning party received a favorable disposition)
2023,1710,22-982,THORNELL v. JONES,5/30/2024,KBJackson,Dissent,Petitioner/Appellant won (petitioning party received a favorable disposition)
2023,1710,23-175,"CITY OF GRANTS PASS, OREGON v. JOHNSON",6/28/2024,JGRoberts,Majority or plurality,Petitioner/Appellant won (petitioning party received a favorable disposition)
2023,1710,23-175,"CITY OF GRANTS PASS, OREGON v. JOHNSON",6/28/2024,CThomas,Regular concurrence,Petitioner/Appellant won (petitioning party received a favorable disposition)
2023,1710,23-175,"CITY OF GRANTS PASS, OREGON v. JOHNSON",6/28/2024,SAAlito,Majority or plurality,Petitioner/Appellant won (petitioning party received a favorable disposition)
2023,1710,23-175,"CITY OF GRANTS PASS, OREGON v. JOHNSON",6/28/2024,SSotomayor,Dissent,Petitioner/Appellant won (petitioning party received a favorable disposition)
2023,1710,23-175,"CITY OF GRANTS PASS, OREGON v. JOHNSON",6/28/2024,EKagan,Dissent,Petitioner/Appellant won (petitioning party received a favorable disposition)
2023,1710,23-175,"CITY OF GRANTS PASS, OREGON v. JOHNSON",6/28/2024,NMGorsuch,Majority or plurality,Petitioner/Appellant won (petitioning party received a favorable disposition)
2023,1710,23-175,"CITY OF GRANTS PASS, OREGON v. JOHNSON",6/28/2024,BMKavanaugh,Majority or plurality,Petitioner/Appellant won (petitioning party received a favorable disposition)
2023,1710,23-175,"CITY OF GRANTS PASS, OREGON v. JOHNSON",6/28/2024,ACBarrett,Majority or plurality,Petitioner/Appellant won (petitioning party received a favorable disposition)
2023,1710,23-175,"CITY OF GRANTS PASS, OREGON v. JOHNSON",6/28/2024,KBJackson,Dissent,Petitioner/Appellant won (petitioning party received a favorable disposition)
2023,1710,22-1218,SMITH v. SPIZZIRRI,5/16/2024,JGRoberts,Majority or plurality,Petitioner/Appellant won (petitioning party received a favorable disposition)
2023,1710,22-1218,SMITH v. SPIZZIRRI,5/16/2024,CThomas,Majority or plurality,Petitioner/Appellant won (petitioning party received a favorable disposition)
2023,1710,22-1218,SMITH v. SPIZZIRRI,5/16/2024,SAAlito,Majority or plurality,Petitioner/Appellant won (petitioning party received a favorable disposition)
2023,1710,22-1218,SMITH v. SPIZZIRRI,5/16/2024,SSotomayor,Majority or plurality,Petitioner/Appellant won (petitioning party received a favorable disposition)
2023,1710,22-1218,SMITH v. SPIZZIRRI,5/16/2024,EKagan,Majority or plurality,Petitioner/Appellant won (petitioning party received a favorable disposition)
2023,1710,22-1218,SMITH v. SPIZZIRRI,5/16/2024,NMGorsuch,Majority or plurality,Petitioner/Appellant won (petitioning party received a favorable disposition)
2023,1710,22-1218,SMITH v. SPIZZIRRI,5/16/2024,BMKavanaugh,Majority or plurality,Petitioner/Appellant won (petitioning party received a favorable disposition)
2023,1710,22-1218,SMITH v. SPIZZIRRI,5/16/2024,ACBarrett,Majority or plurality,Petitioner/Appellant won (petitioning party received a favorable disposition)
2023,1710,22-1218,SMITH v. SPIZZIRRI,5/16/2024,KBJackson,Majority or plurality,Petitioner/Appellant won (petitioning party received a favorable disposition)
2023,1710,23-334,DEPARTMENT OF STATE v. MUñOZ,6/21/2024,JGRoberts,Majority or plurality,Petitioner/Appellant won (petitioning party received a favorable disposition)
2023,1710,23-334,DEPARTMENT OF STATE v. MUñOZ,6/21/2024,CThomas,Majority or plurality,Petitioner/Appellant won (petitioning party received a favorable disposition)
2023,1710,23-334,DEPARTMENT OF STATE v. MUñOZ,6/21/2024,SAAlito,Majority or plurality,Petitioner/Appellant won (petitioning party received a favorable disposition)
2023,1710,23-334,DEPARTMENT OF STATE v. MUñOZ,6/21/2024,SSotomayor,Dissent,Petitioner/Appellant won (petitioning party received a favorable disposition)
2023,1710,23-334,DEPARTMENT OF STATE v. MUñOZ,6/21/2024,EKagan,Dissent,Petitioner/Appellant won (petitioning party received a favorable disposition)
2023,1710,23-334,DEPARTMENT OF STATE v. MUñOZ,6/21/2024,NMGorsuch,Special concurrence,Petitioner/Appellant won (petitioning party received a favorable disposition)
2023,1710,23-334,DEPARTMENT OF STATE v. MUñOZ,6/21/2024,BMKavanaugh,Majority or plurality,Petitioner/Appellant won (petitioning party received a favorable disposition)
2023,1710,23-334,DEPARTMENT OF STATE v. MUñOZ,6/21/2024,ACBarrett,Majority or plurality,Petitioner/Appellant won (petitioning party received a favorable disposition)
2023,1710,23-334,DEPARTMENT OF STATE v. MUñOZ,6/21/2024,KBJackson,Dissent,Petitioner/Appellant won (petitioning party received a favorable disposition)
2023,1710,23-367,STARBUCKS CORP. v. MCKINNEY,6/13/2024,JGRoberts,Majority or plurality,Petitioner/Appellant won (petitioning party received a favorable disposition)
2023,1710,23-367,STARBUCKS CORP. v. MCKINNEY,6/13/2024,CThomas,Majority or plurality,Petitioner/Appellant won (petitioning party received a favorable disposition)
2023,1710,23-367,STARBUCKS CORP. v. MCKINNEY,6/13/2024,SAAlito,Majority or plurality,Petitioner/Appellant won (petitioning party received a favorable disposition)
2023,1710,23-367,STARBUCKS CORP. v. MCKINNEY,6/13/2024,SSotomayor,Majority or plurality,Petitioner/Appellant won (petitioning party received a favorable disposition)
2023,1710,23-367,STARBUCKS CORP. v. MCKINNEY,6/13/2024,EKagan,Majority or plurality,Petitioner/Appellant won (petitioning party received a favorable disposition)
2023,1710,23-367,STARBUCKS CORP. v. MCKINNEY,6/13/2024,NMGorsuch,Majority or plurality,Petitioner/Appellant won (petitioning party received a favorable disposition)
2023,1710,23-367,STARBUCKS CORP. v. MCKINNEY,6/13/2024,BMKavanaugh,Majority or plurality,Petitioner/Appellant won (petitioning party received a favorable disposition)
2023,1710,23-367,STARBUCKS CORP. v. MCKINNEY,6/13/2024,ACBarrett,Majority or plurality,Petitioner/Appellant won (petitioning party received a favorable disposition)
2023,1710,23-367,STARBUCKS CORP. v. MCKINNEY,6/13/2024,KBJackson,Dissent,Petitioner/Appellant won (petitioning party received a favorable disposition)
2023,1710,23-726,MOYLE v. UNITED STATES,6/27/2024,JGRoberts,Regular concurrence,Respondent/Appellee won (petitioning party did not receive a favorable disposition)
2023,1710,23-726,MOYLE v. UNITED STATES,6/27/2024,CThomas,Dissent,Respondent/Appellee won (petitioning party did not receive a favorable disposition)
2023,1710,23-726,MOYLE v. UNITED STATES,6/27/2024,SAAlito,Dissent,Respondent/Appellee won (petitioning party did not receive a favorable disposition)
2023,1710,23-726,MOYLE v. UNITED STATES,6/27/2024,SSotomayor,Regular concurrence,Respondent/Appellee won (petitioning party did not receive a favorable disposition)
2023,1710,23-726,MOYLE v. UNITED STATES,6/27/2024,EKagan,Regular concurrence,Respondent/Appellee won (petitioning party did not receive a favorable disposition)
2023,1710,23-726,MOYLE v. UNITED STATES,6/27/2024,NMGorsuch,Dissent,Respondent/Appellee won (petitioning party did not receive a favorable disposition)
2023,1710,23-726,MOYLE v. UNITED STATES,6/27/2024,BMKavanaugh,Regular concurrence,Respondent/Appellee won (petitioning party did not receive a favorable disposition)
2023,1710,23-726,MOYLE v. UNITED STATES,6/27/2024,ACBarrett,Regular concurrence,Respondent/Appellee won (petitioning party did not receive a favorable disposition)
2023,1710,23-726,MOYLE v. UNITED STATES,6/27/2024,KBJackson,Special concurrence,Respondent/Appellee won (petitioning party did not receive a favorable disposition)
2023,1710,23-939,TRUMP v. UNITED STATES,7/1/2024,JGRoberts,Majority or plurality,Petitioner/Appellant won (petitioning party received a favorable disposition)
2023,1710,23-939,TRUMP v. UNITED STATES,7/1/2024,CThomas,Regular concurrence,Petitioner/Appellant won (petitioning party received a favorable disposition)
2023,1710,23-939,TRUMP v. UNITED STATES,7/1/2024,SAAlito,Majority or plurality,Petitioner/Appellant won (petitioning party received a favorable disposition)
2023,1710,23-939,TRUMP v. UNITED STATES,7/1/2024,SSotomayor,Dissent,Petitioner/Appellant won (petitioning party received a favorable disposition)
2023,1710,23-939,TRUMP v. UNITED STATES,7/1/2024,EKagan,Dissent,Petitioner/Appellant won (petitioning party received a favorable disposition)
2023,1710,23-939,TRUMP v. UNITED STATES,7/1/2024,NMGorsuch,Majority or plurality,Petitioner/Appellant won (petitioning party received a favorable disposition)
2023,1710,23-939,TRUMP v. UNITED STATES,7/1/2024,BMKavanaugh,Majority or plurality,Petitioner/Appellant won (petitioning party received a favorable disposition)
2023,1710,23-939,TRUMP v. UNITED STATES,7/1/2024,ACBarrett,Regular concurrence,Petitioner/Appellant won (petitioning party received a favorable disposition)
2023,1710,23-939,TRUMP v. UNITED STATES,7/1/2024,KBJackson,Dissent,Petitioner/Appellant won (petitioning party received a favorable disposition)
2023,1710,22-277,"MOODY v. NETCHOICE, LLC",7/1/2024,JGRoberts,Majority or plurality,Petitioner/Appellant won (petitioning party received a favorable disposition)
2023,1710,22-277,"MOODY v. NETCHOICE, LLC",7/1/2024,CThomas,Special concurrence,Petitioner/Appellant won (petitioning party received a favorable disposition)
2023,1710,22-277,"MOODY v. NETCHOICE, LLC",7/1/2024,SAAlito,Special concurrence,Petitioner/Appellant won (petitioning party received a favorable disposition)
2023,1710,22-277,"MOODY v. NETCHOICE, LLC",7/1/2024,SSotomayor,Majority or plurality,Petitioner/Appellant won (petitioning party received a favorable disposition)
2023,1710,22-277,"MOODY v. NETCHOICE, LLC",7/1/2024,EKagan,Majority or plurality,Petitioner/Appellant won (petitioning party received a favorable disposition)
2023,1710,22-277,"MOODY v. NETCHOICE, LLC",7/1/2024,NMGorsuch,Special concurrence,Petitioner/Appellant won (petitioning party received a favorable disposition)
2023,1710,22-277,"MOODY v. NETCHOICE, LLC",7/1/2024,BMKavanaugh,Majority or plurality,Petitioner/Appellant won (petitioning party received a favorable disposition)
2023,1710,22-277,"MOODY v. NETCHOICE, LLC",7/1/2024,ACBarrett,Regular concurrence,Petitioner/Appellant won (petitioning party received a favorable disposition)
2023,1710,22-277,"MOODY v. NETCHOICE, LLC",7/1/2024,KBJackson,Special concurrence,Petitioner/Appellant won (petitioning party received a favorable disposition)
2024,1710,23-583,BOUARFA v. MAYORKAS,12/10/2024,JGRoberts,Majority or plurality,Respondent/Appellee won (petitioning party did not receive a favorable disposition)
2024,1710,23-583,BOUARFA v. MAYORKAS,12/10/2024,CThomas,Majority or plurality,Respondent/Appellee won (petitioning party did not receive a favorable disposition)
2024,1710,23-583,BOUARFA v. MAYORKAS,12/10/2024,SAAlito,Majority or plurality,Respondent/Appellee won (petitioning party did not receive a favorable disposition)
2024,1710,23-583,BOUARFA v. MAYORKAS,12/10/2024,SSotomayor,Majority or plurality,Respondent/Appellee won (petitioning party did not receive a favorable disposition)
2024,1710,23-583,BOUARFA v. MAYORKAS,12/10/2024,EKagan,Majority or plurality,Respondent/Appellee won (petitioning party did not receive a favorable disposition)
2024,1710,23-583,BOUARFA v. MAYORKAS,12/10/2024,NMGorsuch,Majority or plurality,Respondent/Appellee won (petitioning party did not receive a favorable disposition)
2024,1710,23-583,BOUARFA v. MAYORKAS,12/10/2024,BMKavanaugh,Majority or plurality,Respondent/Appellee won (petitioning party did not receive a favorable disposition)
2024,1710,23-583,BOUARFA v. MAYORKAS,12/10/2024,ACBarrett,Majority or plurality,Respondent/Appellee won (petitioning party did not receive a favorable disposition)
2024,1710,23-583,BOUARFA v. MAYORKAS,12/10/2024,KBJackson,Majority or plurality,Respondent/Appellee won (petitioning party did not receive a favorable disposition)
2024,1710,23-365,"MEDICAL MARIJUANA, INC. v. HORN",4/2/2025,JGRoberts,Dissent,Respondent/Appellee won (petitioning party did not receive a favorable disposition)
2024,1710,23-365,"MEDICAL MARIJUANA, INC. v. HORN",4/2/2025,CThomas,Dissent,Respondent/Appellee won (petitioning party did not receive a favorable disposition)
2024,1710,23-365,"MEDICAL MARIJUANA, INC. v. HORN",4/2/2025,SAAlito,Dissent,Respondent/Appellee won (petitioning party did not receive a favorable disposition)
2024,1710,23-365,"MEDICAL MARIJUANA, INC. v. HORN",4/2/2025,SSotomayor,Majority or plurality,Respondent/Appellee won (petitioning party did not receive a favorable disposition)
2024,1710,23-365,"MEDICAL MARIJUANA, INC. v. HORN",4/2/2025,EKagan,Majority or plurality,Respondent/Appellee won (petitioning party did not receive a favorable disposition)
2024,1710,23-365,"MEDICAL MARIJUANA, INC. v. HORN",4/2/2025,NMGorsuch,Majority or plurality,Respondent/Appellee won (petitioning party did not receive a favorable disposition)
2024,1710,23-365,"MEDICAL MARIJUANA, INC. v. HORN",4/2/2025,BMKavanaugh,Dissent,Respondent/Appellee won (petitioning party did not receive a favorable disposition)
2024,1710,23-365,"MEDICAL MARIJUANA, INC. v. HORN",4/2/2025,ACBarrett,Majority or plurality,Respondent/Appellee won (petitioning party did not receive a favorable disposition)
2024,1710,23-365,"MEDICAL MARIJUANA, INC. v. HORN",4/2/2025,KBJackson,Regular concurrence,Respondent/Appellee won (petitioning party did not receive a favorable disposition)
2024,1710,23-1038,"FDA v. WAGES AND WHITE LION INVESTMENTS, LLC",4/2/2025,JGRoberts,Majority or plurality,Petitioner/Appellant won (petitioning party received a favorable disposition)
2024,1710,23-1038,"FDA v. WAGES AND WHITE LION INVESTMENTS, LLC",4/2/2025,CThomas,Majority or plurality,Petitioner/Appellant won (petitioning party received a favorable disposition)
2024,1710,23-1038,"FDA v. WAGES AND WHITE LION INVESTMENTS, LLC",4/2/2025,SAAlito,Majority or plurality,Petitioner/Appellant won (petitioning party received a favorable disposition)
2024,1710,23-1038,"FDA v. WAGES AND WHITE LION INVESTMENTS, LLC",4/2/2025,SSotomayor,Regular concurrence,Petitioner/Appellant won (petitioning party received a favorable disposition)
2024,1710,23-1038,"FDA v. WAGES AND WHITE LION INVESTMENTS, LLC",4/2/2025,EKagan,Majority or plurality,Petitioner/Appellant won (petitioning party received a favorable disposition)
2024,1710,23-1038,"FDA v. WAGES AND WHITE LION INVESTMENTS, LLC",4/2/2025,NMGorsuch,Majority or plurality,Petitioner/Appellant won (petitioning party received a favorable disposition)
2024,1710,23-1038,"FDA v. WAGES AND WHITE LION INVESTMENTS, LLC",4/2/2025,BMKavanaugh,Majority or plurality,Petitioner/Appellant won (petitioning party received a favorable disposition)
2024,1710,23-1038,"FDA v. WAGES AND WHITE LION INVESTMENTS, LLC",4/2/2025,ACBarrett,Majority or plurality,Petitioner/Appellant won (petitioning party received a favorable disposition)
2024,1710,23-1038,"FDA v. WAGES AND WHITE LION INVESTMENTS, LLC",4/2/2025,KBJackson,Majority or plurality,Petitioner/Appellant won (petitioning party received a favorable disposition)
2024,1710,23-191,WILLIAMS v. REED,2/21/2025,JGRoberts,Majority or plurality,Petitioner/Appellant won (petitioning party received a favorable disposition)
2024,1710,23-191,WILLIAMS v. REED,2/21/2025,CThomas,Dissent,Petitioner/Appellant won (petitioning party received a favorable disposition)
2024,1710,23-191,WILLIAMS v. REED,2/21/2025,SAAlito,Dissent,Petitioner/Appellant won (petitioning party received a favorable disposition)
2024,1710,23-191,WILLIAMS v. REED,2/21/2025,SSotomayor,Majority or plurality,Petitioner/Appellant won (petitioning party received a favorable disposition)
2024,1710,23-191,WILLIAMS v. REED,2/21/2025,EKagan,Majority or plurality,Petitioner/Appellant won (petitioning party received a favorable disposition)
2024,1710,23-191,WILLIAMS v. REED,2/21/2025,NMGorsuch,Dissent,Petitioner/Appellant won (petitioning party received a favorable disposition)
2024,1710,23-191,WILLIAMS v. REED,2/21/2025,BMKavanaugh,Majority or plurality,Petitioner/Appellant won (petitioning party received a favorable disposition)
2024,1710,23-191,WILLIAMS v. REED,2/21/2025,ACBarrett,Dissent,Petitioner/Appellant won (petitioning party received a favorable disposition)
2024,1710,23-191,WILLIAMS v. REED,2/21/2025,KBJackson,Majority or plurality,Petitioner/Appellant won (petitioning party received a favorable disposition)
2024,1710,23-852,BONDI v. VANDERSTOK,3/26/2025,JGRoberts,Majority or plurality,Petitioner/Appellant won (petitioning party received a favorable disposition)
2024,1710,23-852,BONDI v. VANDERSTOK,3/26/2025,CThomas,Dissent,Petitioner/Appellant won (petitioning party received a favorable disposition)
2024,1710,23-852,BONDI v. VANDERSTOK,3/26/2025,SAAlito,Dissent,Petitioner/Appellant won (petitioning party received a favorable disposition)
2024,1710,23-852,BONDI v. VANDERSTOK,3/26/2025,SSotomayor,Regular concurrence,Petitioner/Appellant won (petitioning party received a favorable disposition)
2024,1710,23-852,BONDI v. VANDERSTOK,3/26/2025,EKagan,Majority or plurality,Petitioner/Appellant won (petitioning party received a favorable disposition)
2024,1710,23-852,BONDI v. VANDERSTOK,3/26/2025,NMGorsuch,Majority or plurality,Petitioner/Appellant won (petitioning party received a favorable disposition)
2024,1710,23-852,BONDI v. VANDERSTOK,3/26/2025,BMKavanaugh,Regular concurrence,Petitioner/Appellant won (petitioning party received a favorable disposition)
2024,1710,23-852,BONDI v. VANDERSTOK,3/26/2025,ACBarrett,Majority or plurality,Petitioner/Appellant won (petitioning party received a favorable disposition)
2024,1710,23-852,BONDI v. VANDERSTOK,3/26/2025,KBJackson,Regular concurrence,Petitioner/Appellant won (petitioning party received a favorable disposition)
2024,1710,23-621,LACKEY v. STINNIE,2/25/2025,JGRoberts,Majority or plurality,Petitioner/Appellant won (petitioning party received a favorable disposition)
2024,1710,23-621,LACKEY v. STINNIE,2/25/2025,CThomas,Majority or plurality,Petitioner/Appellant won (petitioning party received a favorable disposition)
2024,1710,23-621,LACKEY v. STINNIE,2/25/2025,SAAlito,Majority or plurality,Petitioner/Appellant won (petitioning party received a favorable disposition)
2024,1710,23-621,LACKEY v. STINNIE,2/25/2025,SSotomayor,Dissent,Petitioner/Appellant won (petitioning party received a favorable disposition)
2024,1710,23-621,LACKEY v. STINNIE,2/25/2025,EKagan,Majority or plurality,Petitioner/Appellant won (petitioning party received a favorable disposition)
2024,1710,23-621,LACKEY v. STINNIE,2/25/2025,NMGorsuch,Majority or plurality,Petitioner/Appellant won (petitioning party received a favorable disposition)
2024,1710,23-621,LACKEY v. STINNIE,2/25/2025,BMKavanaugh,Majority or plurality,Petitioner/Appellant won (petitioning party received a favorable disposition)
2024,1710,23-621,LACKEY v. STINNIE,2/25/2025,ACBarrett,Majority or plurality,Petitioner/Appellant won (petitioning party received a favorable disposition)
2024,1710,23-621,LACKEY v. STINNIE,2/25/2025,KBJackson,Dissent,Petitioner/Appellant won (petitioning party received a favorable disposition)
2024,1710,22-7466,GLOSSIP v. OKLAHOMA,2/25/2025,JGRoberts,Majority or plurality,Petitioner/Appellant won (petitioning party received a favorable disposition)
2024,1710,22-7466,GLOSSIP v. OKLAHOMA,2/25/2025,CThomas,Dissent,Petitioner/Appellant won (petitioning party received a favorable disposition)
2024,1710,22-7466,GLOSSIP v. OKLAHOMA,2/25/2025,SAAlito,Dissent,Petitioner/Appellant won (petitioning party received a favorable disposition)
2024,1710,22-7466,GLOSSIP v. OKLAHOMA,2/25/2025,SSotomayor,Majority or plurality,Petitioner/Appellant won (petitioning party received a favorable disposition)
2024,1710,22-7466,GLOSSIP v. OKLAHOMA,2/25/2025,EKagan,Majority or plurality,Petitioner/Appellant won (petitioning party received a favorable disposition)
2024,1710,22-7466,GLOSSIP v. OKLAHOMA,2/25/2025,NMGorsuch,,Petitioner/Appellant won (petitioning party received a favorable disposition)
2024,1710,22-7466,GLOSSIP v. OKLAHOMA,2/25/2025,BMKavanaugh,Majority or plurality,Petitioner/Appellant won (petitioning party received a favorable disposition)
2024,1710,22-7466,GLOSSIP v. OKLAHOMA,2/25/2025,ACBarrett,Special concurrence,Petitioner/Appellant won (petitioning party received a favorable disposition)
2024,1710,22-7466,GLOSSIP v. OKLAHOMA,2/25/2025,KBJackson,Majority or plurality,Petitioner/Appellant won (petitioning party received a favorable disposition)
2024,1710,23-753,CITY AND COUNTY OF SAN FRANCISCO v. ENVIRONMENTAL PROTECTION AGENCY,3/4/2025,JGRoberts,Majority or plurality,Petitioner/Appellant won (petitioning party received a favorable disposition)
2024,1710,23-753,CITY AND COUNTY OF SAN FRANCISCO v. ENVIRONMENTAL PROTECTION AGENCY,3/4/2025,CThomas,Majority or plurality,Petitioner/Appellant won (petitioning party received a favorable disposition)
2024,1710,23-753,CITY AND COUNTY OF SAN FRANCISCO v. ENVIRONMENTAL PROTECTION AGENCY,3/4/2025,SAAlito,Majority or plurality,Petitioner/Appellant won (petitioning party received a favorable disposition)
2024,1710,23-753,CITY AND COUNTY OF SAN FRANCISCO v. ENVIRONMENTAL PROTECTION AGENCY,3/4/2025,SSotomayor,Dissent,Petitioner/Appellant won (petitioning party received a favorable disposition)
2024,1710,23-753,CITY AND COUNTY OF SAN FRANCISCO v. ENVIRONMENTAL PROTECTION AGENCY,3/4/2025,EKagan,Dissent,Petitioner/Appellant won (petitioning party received a favorable disposition)
2024,1710,23-753,CITY AND COUNTY OF SAN FRANCISCO v. ENVIRONMENTAL PROTECTION AGENCY,3/4/2025,NMGorsuch,Majority or plurality,Petitioner/Appellant won (petitioning party received a favorable disposition)
2024,1710,23-753,CITY AND COUNTY OF SAN FRANCISCO v. ENVIRONMENTAL PROTECTION AGENCY,3/4/2025,BMKavanaugh,Majority or plurality,Petitioner/Appellant won (petitioning party received a favorable disposition)
2024,1710,23-753,CITY AND COUNTY OF SAN FRANCISCO v. ENVIRONMENTAL PROTECTION AGENCY,3/4/2025,ACBarrett,Dissent,Petitioner/Appellant won (petitioning party received a favorable disposition)
2024,1710,23-753,CITY AND COUNTY OF SAN FRANCISCO v. ENVIRONMENTAL PROTECTION AGENCY,3/4/2025,KBJackson,Dissent,Petitioner/Appellant won (petitioning party received a favorable disposition)
2024,1710,23-713,BUFKIN v. COLLINS,3/5/2025,JGRoberts,Majority or plurality,Respondent/Appellee won (petitioning party did not receive a favorable disposition)
2024,1710,23-713,BUFKIN v. COLLINS,3/5/2025,CThomas,Majority or plurality,Respondent/Appellee won (petitioning party did not receive a favorable disposition)
2024,1710,23-713,BUFKIN v. COLLINS,3/5/2025,SAAlito,Majority or plurality,Respondent/Appellee won (petitioning party did not receive a favorable disposition)
2024,1710,23-713,BUFKIN v. COLLINS,3/5/2025,SSotomayor,Majority or plurality,Respondent/Appellee won (petitioning party did not receive a favorable disposition)
2024,1710,23-713,BUFKIN v. COLLINS,3/5/2025,EKagan,Majority or plurality,Respondent/Appellee won (petitioning party did not receive a favorable disposition)
2024,1710,23-713,BUFKIN v. COLLINS,3/5/2025,NMGorsuch,Dissent,Respondent/Appellee won (petitioning party did not receive a favorable disposition)
2024,1710,23-713,BUFKIN v. COLLINS,3/5/2025,BMKavanaugh,Majority or plurality,Respondent/Appellee won (petitioning party did not receive a favorable disposition)
2024,1710,23-713,BUFKIN v. COLLINS,3/5/2025,ACBarrett,Majority or plurality,Respondent/Appellee won (petitioning party did not receive a favorable disposition)
2024,1710,23-713,BUFKIN v. COLLINS,3/5/2025,KBJackson,Dissent,Respondent/Appellee won (petitioning party did not receive a favorable disposition)
2024,1710,23-1127,"WISCONSIN BELL v. U.S., EX REL. TODD HEATH",2/21/2025,JGRoberts,Majority or plurality,Respondent/Appellee won (petitioning party did not receive a favorable disposition)
2024,1710,23-1127,"WISCONSIN BELL v. U.S., EX REL. TODD HEATH",2/21/2025,CThomas,Regular concurrence,Respondent/Appellee won (petitioning party did not receive a favorable disposition)
2024,1710,23-1127,"WISCONSIN BELL v. U.S., EX REL. TODD HEATH",2/21/2025,SAAlito,Regular concurrence,Respondent/Appellee won (petitioning party did not receive a favorable disposition)
2024,1710,23-1127,"WISCONSIN BELL v. U.S., EX REL. TODD HEATH",2/21/2025,SSotomayor,Majority or plurality,Respondent/Appellee won (petitioning party did not receive a favorable disposition)
2024,1710,23-1127,"WISCONSIN BELL v. U.S., EX REL. TODD HEATH",2/21/2025,EKagan,Majority or plurality,Respondent/Appellee won (petitioning party did not receive a favorable disposition)
2024,1710,23-1127,"WISCONSIN BELL v. U.S., EX REL. TODD HEATH",2/21/2025,NMGorsuch,Majority or plurality,Respondent/Appellee won (petitioning party did not receive a favorable disposition)
2024,1710,23-1127,"WISCONSIN BELL v. U.S., EX REL. TODD HEATH",2/21/2025,BMKavanaugh,Regular concurrence,Respondent/Appellee won (petitioning party did not receive a favorable disposition)
2024,1710,23-1127,"WISCONSIN BELL v. U.S., EX REL. TODD HEATH",2/21/2025,ACBarrett,Majority or plurality,Respondent/Appellee won (petitioning party did not receive a favorable disposition)
2024,1710,23-1127,"WISCONSIN BELL v. U.S., EX REL. TODD HEATH",2/21/2025,KBJackson,Majority or plurality,Respondent/Appellee won (petitioning party did not receive a favorable disposition)
2024,1710,23-715,ADVOCATE CHRIST MEDICAL CENTER v. KENNEDY,4/29/2025,JGRoberts,Majority or plurality,Respondent/Appellee won (petitioning party did not receive a favorable disposition)
2024,1710,23-715,ADVOCATE CHRIST MEDICAL CENTER v. KENNEDY,4/29/2025,CThomas,Majority or plurality,Respondent/Appellee won (petitioning party did not receive a favorable disposition)
2024,1710,23-715,ADVOCATE CHRIST MEDICAL CENTER v. KENNEDY,4/29/2025,SAAlito,Majority or plurality,Respondent/Appellee won (petitioning party did not receive a favorable disposition)
2024,1710,23-715,ADVOCATE CHRIST MEDICAL CENTER v. KENNEDY,4/29/2025,SSotomayor,Dissent,Respondent/Appellee won (petitioning party did not receive a favorable disposition)
2024,1710,23-715,ADVOCATE CHRIST MEDICAL CENTER v. KENNEDY,4/29/2025,EKagan,Majority or plurality,Respondent/Appellee won (petitioning party did not receive a favorable disposition)
2024,1710,23-715,ADVOCATE CHRIST MEDICAL CENTER v. KENNEDY,4/29/2025,NMGorsuch,Majority or plurality,Respondent/Appellee won (petitioning party did not receive a favorable disposition)
2024,1710,23-715,ADVOCATE CHRIST MEDICAL CENTER v. KENNEDY,4/29/2025,BMKavanaugh,Majority or plurality,Respondent/Appellee won (petitioning party did not receive a favorable disposition)
2024,1710,23-715,ADVOCATE CHRIST MEDICAL CENTER v. KENNEDY,4/29/2025,ACBarrett,Majority or plurality,Respondent/Appellee won (petitioning party did not receive a favorable disposition)
2024,1710,23-715,ADVOCATE CHRIST MEDICAL CENTER v. KENNEDY,4/29/2025,KBJackson,Dissent,Respondent/Appellee won (petitioning party did not receive a favorable disposition)
2024,1710,23-217,E.M.D. SALES v. CARRERA,1/15/2025,JGRoberts,Majority or plurality,Petitioner/Appellant won (petitioning party received a favorable disposition)
2024,1710,23-217,E.M.D. SALES v. CARRERA,1/15/2025,CThomas,Regular concurrence,Petitioner/Appellant won (petitioning party received a favorable disposition)
2024,1710,23-217,E.M.D. SALES v. CARRERA,1/15/2025,SAAlito,Majority or plurality,Petitioner/Appellant won (petitioning party received a favorable disposition)
2024,1710,23-217,E.M.D. SALES v. CARRERA,1/15/2025,SSotomayor,Majority or plurality,Petitioner/Appellant won (petitioning party received a favorable disposition)
2024,1710,23-217,E.M.D. SALES v. CARRERA,1/15/2025,EKagan,Majority or plurality,Petitioner/Appellant won (petitioning party received a favorable disposition)
2024,1710,23-217,E.M.D. SALES v. CARRERA,1/15/2025,NMGorsuch,Regular concurrence,Petitioner/Appellant won (petitioning party received a favorable disposition)
2024,1710,23-217,E.M.D. SALES v. CARRERA,1/15/2025,BMKavanaugh,Majority or plurality,Petitioner/Appellant won (petitioning party received a favorable disposition)
2024,1710,23-217,E.M.D. SALES v. CARRERA,1/15/2025,ACBarrett,Majority or plurality,Petitioner/Appellant won (petitioning party received a favorable disposition)
2024,1710,23-217,E.M.D. SALES v. CARRERA,1/15/2025,KBJackson,Majority or plurality,Petitioner/Appellant won (petitioning party received a favorable disposition)
2024,1710,23-980,FACEBOOK v. AMALGAMATED BANK,11/22/2024,JGRoberts,Majority or plurality,Respondent/Appellee won (petitioning party did not receive a favorable disposition)
2024,1710,23-980,FACEBOOK v. AMALGAMATED BANK,11/22/2024,CThomas,Majority or plurality,Respondent/Appellee won (petitioning party did not receive a favorable disposition)
2024,1710,23-980,FACEBOOK v. AMALGAMATED BANK,11/22/2024,SAAlito,Majority or plurality,Respondent/Appellee won (petitioning party did not receive a favorable disposition)
2024,1710,23-980,FACEBOOK v. AMALGAMATED BANK,11/22/2024,SSotomayor,Majority or plurality,Respondent/Appellee won (petitioning party did not receive a favorable disposition)
2024,1710,23-980,FACEBOOK v. AMALGAMATED BANK,11/22/2024,EKagan,Majority or plurality,Respondent/Appellee won (petitioning party did not receive a favorable disposition)
2024,1710,23-980,FACEBOOK v. AMALGAMATED BANK,11/22/2024,NMGorsuch,Majority or plurality,Respondent/Appellee won (petitioning party did not receive a favorable disposition)
2024,1710,23-980,FACEBOOK v. AMALGAMATED BANK,11/22/2024,BMKavanaugh,Majority or plurality,Respondent/Appellee won (petitioning party did not receive a favorable disposition)
2024,1710,23-980,FACEBOOK v. AMALGAMATED BANK,11/22/2024,ACBarrett,Majority or plurality,Respondent/Appellee won (petitioning party did not receive a favorable disposition)
2024,1710,23-980,FACEBOOK v. AMALGAMATED BANK,11/22/2024,KBJackson,Majority or plurality,Respondent/Appellee won (petitioning party did not receive a favorable disposition)
2024,1710,23-929,VELAZQUEZ v. BONDI,4/22/2025,JGRoberts,Majority or plurality,Petitioner/Appellant won (petitioning party received a favorable disposition)
2024,1710,23-929,VELAZQUEZ v. BONDI,4/22/2025,CThomas,Dissent,Petitioner/Appellant won (petitioning party received a favorable disposition)
2024,1710,23-929,VELAZQUEZ v. BONDI,4/22/2025,SAAlito,Dissent,Petitioner/Appellant won (petitioning party received a favorable disposition)
2024,1710,23-929,VELAZQUEZ v. BONDI,4/22/2025,SSotomayor,Majority or plurality,Petitioner/Appellant won (petitioning party received a favorable disposition)
2024,1710,23-929,VELAZQUEZ v. BONDI,4/22/2025,EKagan,Majority or plurality,Petitioner/Appellant won (petitioning party received a favorable disposition)
2024,1710,23-929,VELAZQUEZ v. BONDI,4/22/2025,NMGorsuch,Majority or plurality,Petitioner/Appellant won (petitioning party received a favorable disposition)
2024,1710,23-929,VELAZQUEZ v. BONDI,4/22/2025,BMKavanaugh,Dissent,Petitioner/Appellant won (petitioning party received a favorable disposition)
2024,1710,23-929,VELAZQUEZ v. BONDI,4/22/2025,ACBarrett,Dissent,Petitioner/Appellant won (petitioning party received a favorable disposition)
2024,1710,23-929,VELAZQUEZ v. BONDI,4/22/2025,KBJackson,Majority or plurality,Petitioner/Appellant won (petitioning party received a favorable disposition)
2024,1710,23-825,DELLIGATTI v. UNITED STATES,3/21/2025,JGRoberts,Majority or plurality,Respondent/Appellee won (petitioning party did not receive a favorable disposition)
2024,1710,23-825,DELLIGATTI v. UNITED STATES,3/21/2025,CThomas,Majority or plurality,Respondent/Appellee won (petitioning party did not receive a favorable disposition)
2024,1710,23-825,DELLIGATTI v. UNITED STATES,3/21/2025,SAAlito,Majority or plurality,Respondent/Appellee won (petitioning party did not receive a favorable disposition)
2024,1710,23-825,DELLIGATTI v. UNITED STATES,3/21/2025,SSotomayor,Majority or plurality,Respondent/Appellee won (petitioning party did not receive a favorable disposition)
2024,1710,23-825,DELLIGATTI v. UNITED STATES,3/21/2025,EKagan,Majority or plurality,Respondent/Appellee won (petitioning party did not receive a favorable disposition)
2024,1710,23-825,DELLIGATTI v. UNITED STATES,3/21/2025,NMGorsuch,Dissent,Respondent/Appellee won (petitioning party did not receive a favorable disposition)
2024,1710,23-825,DELLIGATTI v. UNITED STATES,3/21/2025,BMKavanaugh,Majority or plurality,Respondent/Appellee won (petitioning party did not receive a favorable disposition)
2024,1710,23-825,DELLIGATTI v. UNITED STATES,3/21/2025,ACBarrett,Majority or plurality,Respondent/Appellee won (petitioning party did not receive a favorable disposition)
2024,1710,23-825,DELLIGATTI v. UNITED STATES,3/21/2025,KBJackson,Dissent,Respondent/Appellee won (petitioning party did not receive a favorable disposition)
2024,1710,23-970,NVIDIA CORP. v. E. OHMAN J:OR FONDER AB,12/11/2024,JGRoberts,Majority or plurality,Respondent/Appellee won (petitioning party did not receive a favorable disposition)
2024,1710,23-970,NVIDIA CORP. v. E. OHMAN J:OR FONDER AB,12/11/2024,CThomas,Majority or plurality,Respondent/Appellee won (petitioning party did not receive a favorable disposition)
2024,1710,23-970,NVIDIA CORP. v. E. OHMAN J:OR FONDER AB,12/11/2024,SAAlito,Majority or plurality,Respondent/Appellee won (petitioning party did not receive a favorable disposition)
2024,1710,23-970,NVIDIA CORP. v. E. OHMAN J:OR FONDER AB,12/11/2024,SSotomayor,Majority or plurality,Respondent/Appellee won (petitioning party did not receive a favorable disposition)
2024,1710,23-970,NVIDIA CORP. v. E. OHMAN J:OR FONDER AB,12/11/2024,EKagan,Majority or plurality,Respondent/Appellee won (petitioning party did not receive a favorable disposition)
2024,1710,23-970,NVIDIA CORP. v. E. OHMAN J:OR FONDER AB,12/11/2024,NMGorsuch,Majority or plurality,Respondent/Appellee won (petitioning party did not receive a favorable disposition)
2024,1710,23-970,NVIDIA CORP. v. E. OHMAN J:OR FONDER AB,12/11/2024,BMKavanaugh,Majority or plurality,Respondent/Appellee won (petitioning party did not receive a favorable disposition)
2024,1710,23-970,NVIDIA CORP. v. E. OHMAN J:OR FONDER AB,12/11/2024,ACBarrett,Majority or plurality,Respondent/Appellee won (petitioning party did not receive a favorable disposition)
2024,1710,23-970,NVIDIA CORP. v. E. OHMAN J:OR FONDER AB,12/11/2024,KBJackson,Majority or plurality,Respondent/Appellee won (petitioning party did not receive a favorable disposition)
2024,1710,23-824,UNITED STATES v. MILLER,3/26/2025,JGRoberts,Majority or plurality,Petitioner/Appellant won (petitioning party received a favorable disposition)
2024,1710,23-824,UNITED STATES v. MILLER,3/26/2025,CThomas,Majority or plurality,Petitioner/Appellant won (petitioning party received a favorable disposition)
2024,1710,23-824,UNITED STATES v. MILLER,3/26/2025,SAAlito,Majority or plurality,Petitioner/Appellant won (petitioning party received a favorable disposition)
2024,1710,23-824,UNITED STATES v. MILLER,3/26/2025,SSotomayor,Majority or plurality,Petitioner/Appellant won (petitioning party received a favorable disposition)
2024,1710,23-824,UNITED STATES v. MILLER,3/26/2025,EKagan,Majority or plurality,Petitioner/Appellant won (petitioning party received a favorable disposition)
2024,1710,23-824,UNITED STATES v. MILLER,3/26/2025,NMGorsuch,Dissent,Petitioner/Appellant won (petitioning party received a favorable disposition)
2024,1710,23-824,UNITED STATES v. MILLER,3/26/2025,BMKavanaugh,Majority or plurality,Petitioner/Appellant won (petitioning party received a favorable disposition)
2024,1710,23-824,UNITED STATES v. MILLER,3/26/2025,ACBarrett,Majority or plurality,Petitioner/Appellant won (petitioning party received a favorable disposition)
2024,1710,23-824,UNITED STATES v. MILLER,3/26/2025,KBJackson,Majority or plurality,Petitioner/Appellant won (petitioning party received a favorable disposition)
2024,1710,23-867,REPUBLIC OF HUNGARY v. SIMON,2/21/2025,JGRoberts,Majority or plurality,Petitioner/Appellant won (petitioning party received a favorable disposition)
2024,1710,23-867,REPUBLIC OF HUNGARY v. SIMON,2/21/2025,CThomas,Majority or plurality,Petitioner/Appellant won (petitioning party received a favorable disposition)
2024,1710,23-867,REPUBLIC OF HUNGARY v. SIMON,2/21/2025,SAAlito,Majority or plurality,Petitioner/Appellant won (petitioning party received a favorable disposition)
2024,1710,23-867,REPUBLIC OF HUNGARY v. SIMON,2/21/2025,SSotomayor,Majority or plurality,Petitioner/Appellant won (petitioning party received a favorable disposition)
2024,1710,23-867,REPUBLIC OF HUNGARY v. SIMON,2/21/2025,EKagan,Majority or plurality,Petitioner/Appellant won (petitioning party received a favorable disposition)
2024,1710,23-867,REPUBLIC OF HUNGARY v. SIMON,2/21/2025,NMGorsuch,Majority or plurality,Petitioner/Appellant won (petitioning party received a favorable disposition)
2024,1710,23-867,REPUBLIC OF HUNGARY v. SIMON,2/21/2025,BMKavanaugh,Majority or plurality,Petitioner/Appellant won (petitioning party received a favorable disposition)
2024,1710,23-867,REPUBLIC OF HUNGARY v. SIMON,2/21/2025,ACBarrett,Majority or plurality,Petitioner/Appellant won (petitioning party received a favorable disposition)
2024,1710,23-867,REPUBLIC OF HUNGARY v. SIMON,2/21/2025,KBJackson,Majority or plurality,Petitioner/Appellant won (petitioning party received a favorable disposition)
2024,1710,23-477,UNITED STATES v. SKRMETTI,6/18/2025,JGRoberts,Majority or plurality,Respondent/Appellee won (petitioning party did not receive a favorable disposition)
2024,1710,23-477,UNITED STATES v. SKRMETTI,6/18/2025,CThomas,Regular concurrence,Respondent/Appellee won (petitioning party did not receive a favorable disposition)
2024,1710,23-477,UNITED STATES v. SKRMETTI,6/18/2025,SAAlito,Special concurrence,Respondent/Appellee won (petitioning party did not receive a favorable disposition)
2024,1710,23-477,UNITED STATES v. SKRMETTI,6/18/2025,SSotomayor,Dissent,Respondent/Appellee won (petitioning party did not receive a favorable disposition)
2024,1710,23-477,UNITED STATES v. SKRMETTI,6/18/2025,EKagan,Dissent,Respondent/Appellee won (petitioning party did not receive a favorable disposition)
2024,1710,23-477,UNITED STATES v. SKRMETTI,6/18/2025,NMGorsuch,Majority or plurality,Respondent/Appellee won (petitioning party did not receive a favorable disposition)
2024,1710,23-477,UNITED STATES v. SKRMETTI,6/18/2025,BMKavanaugh,Majority or plurality,Respondent/Appellee won (petitioning party did not receive a favorable disposition)
2024,1710,23-477,UNITED STATES v. SKRMETTI,6/18/2025,ACBarrett,Regular concurrence,Respondent/Appellee won (petitioning party did not receive a favorable disposition)
2024,1710,23-477,UNITED STATES v. SKRMETTI,6/18/2025,KBJackson,Dissent,Respondent/Appellee won (petitioning party did not receive a favorable disposition)
2024,1710,23-909,KOUSISIS v. UNITED STATES,5/22/2025,JGRoberts,Majority or plurality,Respondent/Appellee won (petitioning party did not receive a favorable disposition)
2024,1710,23-909,KOUSISIS v. UNITED STATES,5/22/2025,CThomas,Regular concurrence,Respondent/Appellee won (petitioning party did not receive a favorable disposition)
2024,1710,23-909,KOUSISIS v. UNITED STATES,5/22/2025,SAAlito,Majority or plurality,Respondent/Appellee won (petitioning party did not receive a favorable disposition)
2024,1710,23-909,KOUSISIS v. UNITED STATES,5/22/2025,SSotomayor,Special concurrence,Respondent/Appellee won (petitioning party did not receive a favorable disposition)
2024,1710,23-909,KOUSISIS v. UNITED STATES,5/22/2025,EKagan,Majority or plurality,Respondent/Appellee won (petitioning party did not receive a favorable disposition)
2024,1710,23-909,KOUSISIS v. UNITED STATES,5/22/2025,NMGorsuch,Regular concurrence,Respondent/Appellee won (petitioning party did not receive a favorable disposition)
2024,1710,23-909,KOUSISIS v. UNITED STATES,5/22/2025,BMKavanaugh,Majority or plurality,Respondent/Appellee won (petitioning party did not receive a favorable disposition)
2024,1710,23-909,KOUSISIS v. UNITED STATES,5/22/2025,ACBarrett,Majority or plurality,Respondent/Appellee won (petitioning party did not receive a favorable disposition)
2024,1710,23-909,KOUSISIS v. UNITED STATES,5/22/2025,KBJackson,Majority or plurality,Respondent/Appellee won (petitioning party did not receive a favorable disposition)
2024,1710,23-861,FELICIANO v. DEPARTMENT OF TRANSPORTATION,4/30/2025,JGRoberts,Majority or plurality,Petitioner/Appellant won (petitioning party received a favorable disposition)
2024,1710,23-861,FELICIANO v. DEPARTMENT OF TRANSPORTATION,4/30/2025,CThomas,Dissent,Petitioner/Appellant won (petitioning party received a favorable disposition)
2024,1710,23-861,FELICIANO v. DEPARTMENT OF TRANSPORTATION,4/30/2025,SAAlito,Dissent,Petitioner/Appellant won (petitioning party received a favorable disposition)
2024,1710,23-861,FELICIANO v. DEPARTMENT OF TRANSPORTATION,4/30/2025,SSotomayor,Majority or plurality,Petitioner/Appellant won (petitioning party received a favorable disposition)
2024,1710,23-861,FELICIANO v. DEPARTMENT OF TRANSPORTATION,4/30/2025,EKagan,Dissent,Petitioner/Appellant won (petitioning party received a favorable disposition)
2024,1710,23-861,FELICIANO v. DEPARTMENT OF TRANSPORTATION,4/30/2025,NMGorsuch,Majority or plurality,Petitioner/Appellant won (petitioning party received a favorable disposition)
2024,1710,23-861,FELICIANO v. DEPARTMENT OF TRANSPORTATION,4/30/2025,BMKavanaugh,Majority or plurality,Petitioner/Appellant won (petitioning party received a favorable disposition)
2024,1710,23-861,FELICIANO v. DEPARTMENT OF TRANSPORTATION,4/30/2025,ACBarrett,Majority or plurality,Petitioner/Appellant won (petitioning party received a favorable disposition)
2024,1710,23-861,FELICIANO v. DEPARTMENT OF TRANSPORTATION,4/30/2025,KBJackson,Dissent,Petitioner/Appellant won (petitioning party received a favorable disposition)
2024,1710,23-975,"SEVEN COUNTY INFASTRUCTURE COALITION v. EAGLE COUNTY, COLORADO",5/29/2025,JGRoberts,Majority or plurality,Petitioner/Appellant won (petitioning party received a favorable disposition)
2024,1710,23-975,"SEVEN COUNTY INFASTRUCTURE COALITION v. EAGLE COUNTY, COLORADO",5/29/2025,CThomas,Majority or plurality,Petitioner/Appellant won (petitioning party received a favorable disposition)
2024,1710,23-975,"SEVEN COUNTY INFASTRUCTURE COALITION v. EAGLE COUNTY, COLORADO",5/29/2025,SAAlito,Majority or plurality,Petitioner/Appellant won (petitioning party received a favorable disposition)
2024,1710,23-975,"SEVEN COUNTY INFASTRUCTURE COALITION v. EAGLE COUNTY, COLORADO",5/29/2025,SSotomayor,Special concurrence,Petitioner/Appellant won (petitioning party received a favorable disposition)
2024,1710,23-975,"SEVEN COUNTY INFASTRUCTURE COALITION v. EAGLE COUNTY, COLORADO",5/29/2025,EKagan,Special concurrence,Petitioner/Appellant won (petitioning party received a favorable disposition)
2024,1710,23-975,"SEVEN COUNTY INFASTRUCTURE COALITION v. EAGLE COUNTY, COLORADO",5/29/2025,NMGorsuch,,Petitioner/Appellant won (petitioning party received a favorable disposition)
2024,1710,23-975,"SEVEN COUNTY INFASTRUCTURE COALITION v. EAGLE COUNTY, COLORADO",5/29/2025,BMKavanaugh,Majority or plurality,Petitioner/Appellant won (petitioning party received a favorable disposition)
2024,1710,23-975,"SEVEN COUNTY INFASTRUCTURE COALITION v. EAGLE COUNTY, COLORADO",5/29/2025,ACBarrett,Majority or plurality,Petitioner/Appellant won (petitioning party received a favorable disposition)
2024,1710,23-975,"SEVEN COUNTY INFASTRUCTURE COALITION v. EAGLE COUNTY, COLORADO",5/29/2025,KBJackson,Special concurrence,Petitioner/Appellant won (petitioning party received a favorable disposition)
2024,1710,23-900,DEWBERRY GROUP v. DEWBERRY ENGINEERS,2/26/2025,JGRoberts,Majority or plurality,Petitioner/Appellant won (petitioning party received a favorable disposition)
2024,1710,23-900,DEWBERRY GROUP v. DEWBERRY ENGINEERS,2/26/2025,CThomas,Majority or plurality,Petitioner/Appellant won (petitioning party received a favorable disposition)
2024,1710,23-900,DEWBERRY GROUP v. DEWBERRY ENGINEERS,2/26/2025,SAAlito,Majority or plurality,Petitioner/Appellant won (petitioning party received a favorable disposition)
2024,1710,23-900,DEWBERRY GROUP v. DEWBERRY ENGINEERS,2/26/2025,SSotomayor,Regular concurrence,Petitioner/Appellant won (petitioning party received a favorable disposition)
2024,1710,23-900,DEWBERRY GROUP v. DEWBERRY ENGINEERS,2/26/2025,EKagan,Majority or plurality,Petitioner/Appellant won (petitioning party received a favorable disposition)
2024,1710,23-900,DEWBERRY GROUP v. DEWBERRY ENGINEERS,2/26/2025,NMGorsuch,Majority or plurality,Petitioner/Appellant won (petitioning party received a favorable disposition)
2024,1710,23-900,DEWBERRY GROUP v. DEWBERRY ENGINEERS,2/26/2025,BMKavanaugh,Majority or plurality,Petitioner/Appellant won (petitioning party received a favorable disposition)
2024,1710,23-900,DEWBERRY GROUP v. DEWBERRY ENGINEERS,2/26/2025,ACBarrett,Majority or plurality,Petitioner/Appellant won (petitioning party received a favorable disposition)
2024,1710,23-900,DEWBERRY GROUP v. DEWBERRY ENGINEERS,2/26/2025,KBJackson,Majority or plurality,Petitioner/Appellant won (petitioning party received a favorable disposition)
2024,1710,23-1002,HEWITT v. UNITED STATES,6/26/2025,JGRoberts,Majority or plurality,Petitioner/Appellant won (petitioning party received a favorable disposition)
2024,1710,23-1002,HEWITT v. UNITED STATES,6/26/2025,CThomas,Dissent,Petitioner/Appellant won (petitioning party received a favorable disposition)
2024,1710,23-1002,HEWITT v. UNITED STATES,6/26/2025,SAAlito,Dissent,Petitioner/Appellant won (petitioning party received a favorable disposition)
2024,1710,23-1002,HEWITT v. UNITED STATES,6/26/2025,SSotomayor,Majority or plurality,Petitioner/Appellant won (petitioning party received a favorable disposition)
2024,1710,23-1002,HEWITT v. UNITED STATES,6/26/2025,EKagan,Majority or plurality,Petitioner/Appellant won (petitioning party received a favorable disposition)
2024,1710,23-1002,HEWITT v. UNITED STATES,6/26/2025,NMGorsuch,Majority or plurality,Petitioner/Appellant won (petitioning party received a favorable disposition)
2024,1710,23-1002,HEWITT v. UNITED STATES,6/26/2025,BMKavanaugh,Dissent,Petitioner/Appellant won (petitioning party received a favorable disposition)
2024,1710,23-1002,HEWITT v. UNITED STATES,6/26/2025,ACBarrett,Dissent,Petitioner/Appellant won (petitioning party received a favorable disposition)
2024,1710,23-1002,HEWITT v. UNITED STATES,6/26/2025,KBJackson,Majority or plurality,Petitioner/Appellant won (petitioning party received a favorable disposition)
2024,1710,23-997,"STANLEY v. CITY OF SANFORD, FLORIDA",6/20/2025,JGRoberts,Majority or plurality,Respondent/Appellee won (petitioning party did not receive a favorable disposition)
2024,1710,23-997,"STANLEY v. CITY OF SANFORD, FLORIDA",6/20/2025,CThomas,Special concurrence,Respondent/Appellee won (petitioning party did not receive a favorable disposition)
2024,1710,23-997,"STANLEY v. CITY OF SANFORD, FLORIDA",6/20/2025,SAAlito,Majority or plurality,Respondent/Appellee won (petitioning party did not receive a favorable disposition)
2024,1710,23-997,"STANLEY v. CITY OF SANFORD, FLORIDA",6/20/2025,SSotomayor,Dissent,Respondent/Appellee won (petitioning party did not receive a favorable disposition)
2024,1710,23-997,"STANLEY v. CITY OF SANFORD, FLORIDA",6/20/2025,EKagan,Majority or plurality,Respondent/Appellee won (petitioning party did not receive a favorable disposition)
2024,1710,23-997,"STANLEY v. CITY OF SANFORD, FLORIDA",6/20/2025,NMGorsuch,Majority or plurality,Respondent/Appellee won (petitioning party did not receive a favorable disposition)
2024,1710,23-997,"STANLEY v. CITY OF SANFORD, FLORIDA",6/20/2025,BMKavanaugh,Majority or plurality,Respondent/Appellee won (petitioning party did not receive a favorable disposition)
2024,1710,23-997,"STANLEY v. CITY OF SANFORD, FLORIDA",6/20/2025,ACBarrett,Special concurrence,Respondent/Appellee won (petitioning party did not receive a favorable disposition)
2024,1710,23-997,"STANLEY v. CITY OF SANFORD, FLORIDA",6/20/2025,KBJackson,Dissent,Respondent/Appellee won (petitioning party did not receive a favorable disposition)
2024,1710,23-1095,THOMPSON v. UNITED STATES,3/21/2025,JGRoberts,Majority or plurality,Petitioner/Appellant won (petitioning party received a favorable disposition)
2024,1710,23-1095,THOMPSON v. UNITED STATES,3/21/2025,CThomas,Majority or plurality,Petitioner/Appellant won (petitioning party received a favorable disposition)
2024,1710,23-1095,THOMPSON v. UNITED STATES,3/21/2025,SAAlito,Regular concurrence,Petitioner/Appellant won (petitioning party received a favorable disposition)
2024,1710,23-1095,THOMPSON v. UNITED STATES,3/21/2025,SSotomayor,Majority or plurality,Petitioner/Appellant won (petitioning party received a favorable disposition)
2024,1710,23-1095,THOMPSON v. UNITED STATES,3/21/2025,EKagan,Majority or plurality,Petitioner/Appellant won (petitioning party received a favorable disposition)
2024,1710,23-1095,THOMPSON v. UNITED STATES,3/21/2025,NMGorsuch,Majority or plurality,Petitioner/Appellant won (petitioning party received a favorable disposition)
2024,1710,23-1095,THOMPSON v. UNITED STATES,3/21/2025,BMKavanaugh,Majority or plurality,Petitioner/Appellant won (petitioning party received a favorable disposition)
2024,1710,23-1095,THOMPSON v. UNITED STATES,3/21/2025,ACBarrett,Majority or plurality,Petitioner/Appellant won (petitioning party received a favorable disposition)
2024,1710,23-1095,THOMPSON v. UNITED STATES,3/21/2025,KBJackson,Regular concurrence,Petitioner/Appellant won (petitioning party received a favorable disposition)
2024,1710,23-971,WAETZIG v. HALLIBURTON ENERGY SERVICES,2/26/2025,JGRoberts,Majority or plurality,Petitioner/Appellant won (petitioning party received a favorable disposition)
2024,1710,23-971,WAETZIG v. HALLIBURTON ENERGY SERVICES,2/26/2025,CThomas,Majority or plurality,Petitioner/Appellant won (petitioning party received a favorable disposition)
2024,1710,23-971,WAETZIG v. HALLIBURTON ENERGY SERVICES,2/26/2025,SAAlito,Majority or plurality,Petitioner/Appellant won (petitioning party received a favorable disposition)
2024,1710,23-971,WAETZIG v. HALLIBURTON ENERGY SERVICES,2/26/2025,SSotomayor,Majority or plurality,Petitioner/Appellant won (petitioning party received a favorable disposition)
2024,1710,23-971,WAETZIG v. HALLIBURTON ENERGY SERVICES,2/26/2025,EKagan,Majority or plurality,Petitioner/Appellant won (petitioning party received a favorable disposition)
2024,1710,23-971,WAETZIG v. HALLIBURTON ENERGY SERVICES,2/26/2025,NMGorsuch,Majority or plurality,Petitioner/Appellant won (petitioning party received a favorable disposition)
2024,1710,23-971,WAETZIG v. HALLIBURTON ENERGY SERVICES,2/26/2025,BMKavanaugh,Majority or plurality,Petitioner/Appellant won (petitioning party received a favorable disposition)
2024,1710,23-971,WAETZIG v. HALLIBURTON ENERGY SERVICES,2/26/2025,ACBarrett,Majority or plurality,Petitioner/Appellant won (petitioning party received a favorable disposition)
2024,1710,23-971,WAETZIG v. HALLIBURTON ENERGY SERVICES,2/26/2025,KBJackson,Majority or plurality,Petitioner/Appellant won (petitioning party received a favorable disposition)
2024,1710,23-1122,FREE SPEECH COALITION v. PAXTON,6/27/2025,JGRoberts,Majority or plurality,Respondent/Appellee won (petitioning party did not receive a favorable disposition)
2024,1710,23-1122,FREE SPEECH COALITION v. PAXTON,6/27/2025,CThomas,Majority or plurality,Respondent/Appellee won (petitioning party did not receive a favorable disposition)
2024,1710,23-1122,FREE SPEECH COALITION v. PAXTON,6/27/2025,SAAlito,Majority or plurality,Respondent/Appellee won (petitioning party did not receive a favorable disposition)
2024,1710,23-1122,FREE SPEECH COALITION v. PAXTON,6/27/2025,SSotomayor,Dissent,Respondent/Appellee won (petitioning party did not receive a favorable disposition)
2024,1710,23-1122,FREE SPEECH COALITION v. PAXTON,6/27/2025,EKagan,Dissent,Respondent/Appellee won (petitioning party did not receive a favorable disposition)
2024,1710,23-1122,FREE SPEECH COALITION v. PAXTON,6/27/2025,NMGorsuch,Majority or plurality,Respondent/Appellee won (petitioning party did not receive a favorable disposition)
2024,1710,23-1122,FREE SPEECH COALITION v. PAXTON,6/27/2025,BMKavanaugh,Majority or plurality,Respondent/Appellee won (petitioning party did not receive a favorable disposition)
2024,1710,23-1122,FREE SPEECH COALITION v. PAXTON,6/27/2025,ACBarrett,Majority or plurality,Respondent/Appellee won (petitioning party did not receive a favorable disposition)
2024,1710,23-1122,FREE SPEECH COALITION v. PAXTON,6/27/2025,KBJackson,Dissent,Respondent/Appellee won (petitioning party did not receive a favorable disposition)
2024,1710,23-1187,FOOD AND DRUG ADMINISTRATION v. R.J. REYNOLDS VAPOR CO.,6/20/2025,JGRoberts,Majority or plurality,Respondent/Appellee won (petitioning party did not receive a favorable disposition)
2024,1710,23-1187,FOOD AND DRUG ADMINISTRATION v. R.J. REYNOLDS VAPOR CO.,6/20/2025,CThomas,Majority or plurality,Respondent/Appellee won (petitioning party did not receive a favorable disposition)
2024,1710,23-1187,FOOD AND DRUG ADMINISTRATION v. R.J. REYNOLDS VAPOR CO.,6/20/2025,SAAlito,Majority or plurality,Respondent/Appellee won (petitioning party did not receive a favorable disposition)
2024,1710,23-1187,FOOD AND DRUG ADMINISTRATION v. R.J. REYNOLDS VAPOR CO.,6/20/2025,SSotomayor,Dissent,Respondent/Appellee won (petitioning party did not receive a favorable disposition)
2024,1710,23-1187,FOOD AND DRUG ADMINISTRATION v. R.J. REYNOLDS VAPOR CO.,6/20/2025,EKagan,Majority or plurality,Respondent/Appellee won (petitioning party did not receive a favorable disposition)
2024,1710,23-1187,FOOD AND DRUG ADMINISTRATION v. R.J. REYNOLDS VAPOR CO.,6/20/2025,NMGorsuch,Majority or plurality,Respondent/Appellee won (petitioning party did not receive a favorable disposition)
2024,1710,23-1187,FOOD AND DRUG ADMINISTRATION v. R.J. REYNOLDS VAPOR CO.,6/20/2025,BMKavanaugh,Majority or plurality,Respondent/Appellee won (petitioning party did not receive a favorable disposition)
2024,1710,23-1187,FOOD AND DRUG ADMINISTRATION v. R.J. REYNOLDS VAPOR CO.,6/20/2025,ACBarrett,Majority or plurality,Respondent/Appellee won (petitioning party did not receive a favorable disposition)
2024,1710,23-1187,FOOD AND DRUG ADMINISTRATION v. R.J. REYNOLDS VAPOR CO.,6/20/2025,KBJackson,Dissent,Respondent/Appellee won (petitioning party did not receive a favorable disposition)
2024,1710,23-1226,MCLAUGHLIN CHIROPRACTIC ASSOCIATES v. MCKESSON CORPORATION,6/20/2025,JGRoberts,Majority or plurality,Petitioner/Appellant won (petitioning party received a favorable disposition)
2024,1710,23-1226,MCLAUGHLIN CHIROPRACTIC ASSOCIATES v. MCKESSON CORPORATION,6/20/2025,CThomas,Majority or plurality,Petitioner/Appellant won (petitioning party received a favorable disposition)
2024,1710,23-1226,MCLAUGHLIN CHIROPRACTIC ASSOCIATES v. MCKESSON CORPORATION,6/20/2025,SAAlito,Majority or plurality,Petitioner/Appellant won (petitioning party received a favorable disposition)
2024,1710,23-1226,MCLAUGHLIN CHIROPRACTIC ASSOCIATES v. MCKESSON CORPORATION,6/20/2025,SSotomayor,Dissent,Petitioner/Appellant won (petitioning party received a favorable disposition)
2024,1710,23-1226,MCLAUGHLIN CHIROPRACTIC ASSOCIATES v. MCKESSON CORPORATION,6/20/2025,EKagan,Dissent,Petitioner/Appellant won (petitioning party received a favorable disposition)
2024,1710,23-1226,MCLAUGHLIN CHIROPRACTIC ASSOCIATES v. MCKESSON CORPORATION,6/20/2025,NMGorsuch,Majority or plurality,Petitioner/Appellant won (petitioning party received a favorable disposition)
2024,1710,23-1226,MCLAUGHLIN CHIROPRACTIC ASSOCIATES v. MCKESSON CORPORATION,6/20/2025,BMKavanaugh,Majority or plurality,Petitioner/Appellant won (petitioning party received a favorable disposition)
2024,1710,23-1226,MCLAUGHLIN CHIROPRACTIC ASSOCIATES v. MCKESSON CORPORATION,6/20/2025,ACBarrett,Majority or plurality,Petitioner/Appellant won (petitioning party received a favorable disposition)
2024,1710,23-1226,MCLAUGHLIN CHIROPRACTIC ASSOCIATES v. MCKESSON CORPORATION,6/20/2025,KBJackson,Dissent,Petitioner/Appellant won (petitioning party received a favorable disposition)
2024,1710,23-1239,BARNES v. FELIX,5/15/2025,JGRoberts,Majority or plurality,Petitioner/Appellant won (petitioning party received a favorable disposition)
2024,1710,23-1239,BARNES v. FELIX,5/15/2025,CThomas,Regular concurrence,Petitioner/Appellant won (petitioning party received a favorable disposition)
2024,1710,23-1239,BARNES v. FELIX,5/15/2025,SAAlito,Regular concurrence,Petitioner/Appellant won (petitioning party received a favorable disposition)
2024,1710,23-1239,BARNES v. FELIX,5/15/2025,SSotomayor,Majority or plurality,Petitioner/Appellant won (petitioning party received a favorable disposition)
2024,1710,23-1239,BARNES v. FELIX,5/15/2025,EKagan,Majority or plurality,Petitioner/Appellant won (petitioning party received a favorable disposition)
2024,1710,23-1239,BARNES v. FELIX,5/15/2025,NMGorsuch,Majority or plurality,Petitioner/Appellant won (petitioning party received a favorable disposition)
2024,1710,23-1239,BARNES v. FELIX,5/15/2025,BMKavanaugh,Regular concurrence,Petitioner/Appellant won (petitioning party received a favorable disposition)
2024,1710,23-1239,BARNES v. FELIX,5/15/2025,ACBarrett,Regular concurrence,Petitioner/Appellant won (petitioning party received a favorable disposition)
2024,1710,23-1239,BARNES v. FELIX,5/15/2025,KBJackson,Majority or plurality,Petitioner/Appellant won (petitioning party received a favorable disposition)
2024,1710,23-1007,CUNNINGHAM v. CORNELL UNIVERSITY,4/17/2025,JGRoberts,Majority or plurality,Petitioner/Appellant won (petitioning party received a favorable disposition)
2024,1710,23-1007,CUNNINGHAM v. CORNELL UNIVERSITY,4/17/2025,CThomas,Regular concurrence,Petitioner/Appellant won (petitioning party received a favorable disposition)
2024,1710,23-1007,CUNNINGHAM v. CORNELL UNIVERSITY,4/17/2025,SAAlito,Regular concurrence,Petitioner/Appellant won (petitioning party received a favorable disposition)
2024,1710,23-1007,CUNNINGHAM v. CORNELL UNIVERSITY,4/17/2025,SSotomayor,Majority or plurality,Petitioner/Appellant won (petitioning party received a favorable disposition)
2024,1710,23-1007,CUNNINGHAM v. CORNELL UNIVERSITY,4/17/2025,EKagan,Majority or plurality,Petitioner/Appellant won (petitioning party received a favorable disposition)
2024,1710,23-1007,CUNNINGHAM v. CORNELL UNIVERSITY,4/17/2025,NMGorsuch,Majority or plurality,Petitioner/Appellant won (petitioning party received a favorable disposition)
2024,1710,23-1007,CUNNINGHAM v. CORNELL UNIVERSITY,4/17/2025,BMKavanaugh,Regular concurrence,Petitioner/Appellant won (petitioning party received a favorable disposition)
2024,1710,23-1007,CUNNINGHAM v. CORNELL UNIVERSITY,4/17/2025,ACBarrett,Majority or plurality,Petitioner/Appellant won (petitioning party received a favorable disposition)
2024,1710,23-1007,CUNNINGHAM v. CORNELL UNIVERSITY,4/17/2025,KBJackson,Majority or plurality,Petitioner/Appellant won (petitioning party received a favorable disposition)
2024,1710,23-7809,GUTIERREZ v. SAENZ,6/26/2025,JGRoberts,Majority or plurality,Petitioner/Appellant won (petitioning party received a favorable disposition)
2024,1710,23-7809,GUTIERREZ v. SAENZ,6/26/2025,CThomas,Dissent,Petitioner/Appellant won (petitioning party received a favorable disposition)
2024,1710,23-7809,GUTIERREZ v. SAENZ,6/26/2025,SAAlito,Dissent,Petitioner/Appellant won (petitioning party received a favorable disposition)
2024,1710,23-7809,GUTIERREZ v. SAENZ,6/26/2025,SSotomayor,Majority or plurality,Petitioner/Appellant won (petitioning party received a favorable disposition)
2024,1710,23-7809,GUTIERREZ v. SAENZ,6/26/2025,EKagan,Majority or plurality,Petitioner/Appellant won (petitioning party received a favorable disposition)
2024,1710,23-7809,GUTIERREZ v. SAENZ,6/26/2025,NMGorsuch,Dissent,Petitioner/Appellant won (petitioning party received a favorable disposition)
2024,1710,23-7809,GUTIERREZ v. SAENZ,6/26/2025,BMKavanaugh,Majority or plurality,Petitioner/Appellant won (petitioning party received a favorable disposition)
2024,1710,23-7809,GUTIERREZ v. SAENZ,6/26/2025,ACBarrett,Special concurrence,Petitioner/Appellant won (petitioning party received a favorable disposition)
2024,1710,23-7809,GUTIERREZ v. SAENZ,6/26/2025,KBJackson,Majority or plurality,Petitioner/Appellant won (petitioning party received a favorable disposition)
2024,1710,23-7483,ESTERAS v. UNITED STATES,6/20/2025,JGRoberts,Majority or plurality,Petitioner/Appellant won (petitioning party received a favorable disposition)
2024,1710,23-7483,ESTERAS v. UNITED STATES,6/20/2025,CThomas,Majority or plurality,Petitioner/Appellant won (petitioning party received a favorable disposition)
2024,1710,23-7483,ESTERAS v. UNITED STATES,6/20/2025,SAAlito,Dissent,Petitioner/Appellant won (petitioning party received a favorable disposition)
2024,1710,23-7483,ESTERAS v. UNITED STATES,6/20/2025,SSotomayor,Special concurrence,Petitioner/Appellant won (petitioning party received a favorable disposition)
2024,1710,23-7483,ESTERAS v. UNITED STATES,6/20/2025,EKagan,Majority or plurality,Petitioner/Appellant won (petitioning party received a favorable disposition)
2024,1710,23-7483,ESTERAS v. UNITED STATES,6/20/2025,NMGorsuch,Dissent,Petitioner/Appellant won (petitioning party received a favorable disposition)
2024,1710,23-7483,ESTERAS v. UNITED STATES,6/20/2025,BMKavanaugh,Majority or plurality,Petitioner/Appellant won (petitioning party received a favorable disposition)
2024,1710,23-7483,ESTERAS v. UNITED STATES,6/20/2025,ACBarrett,Majority or plurality,Petitioner/Appellant won (petitioning party received a favorable disposition)
2024,1710,23-7483,ESTERAS v. UNITED STATES,6/20/2025,KBJackson,Special concurrence,Petitioner/Appellant won (petitioning party received a favorable disposition)
2024,1710,23-1324,PERTTU v. RICHARDS,6/18/2025,JGRoberts,Majority or plurality,Respondent/Appellee won (petitioning party did not receive a favorable disposition)
2024,1710,23-1324,PERTTU v. RICHARDS,6/18/2025,CThomas,Dissent,Respondent/Appellee won (petitioning party did not receive a favorable disposition)
2024,1710,23-1324,PERTTU v. RICHARDS,6/18/2025,SAAlito,Dissent,Respondent/Appellee won (petitioning party did not receive a favorable disposition)
2024,1710,23-1324,PERTTU v. RICHARDS,6/18/2025,SSotomayor,Majority or plurality,Respondent/Appellee won (petitioning party did not receive a favorable disposition)
2024,1710,23-1324,PERTTU v. RICHARDS,6/18/2025,EKagan,Majority or plurality,Respondent/Appellee won (petitioning party did not receive a favorable disposition)
2024,1710,23-1324,PERTTU v. RICHARDS,6/18/2025,NMGorsuch,Majority or plurality,Respondent/Appellee won (petitioning party did not receive a favorable disposition)
2024,1710,23-1324,PERTTU v. RICHARDS,6/18/2025,BMKavanaugh,Dissent,Respondent/Appellee won (petitioning party did not receive a favorable disposition)
2024,1710,23-1324,PERTTU v. RICHARDS,6/18/2025,ACBarrett,Dissent,Respondent/Appellee won (petitioning party did not receive a favorable disposition)
2024,1710,23-1324,PERTTU v. RICHARDS,6/18/2025,KBJackson,Majority or plurality,Respondent/Appellee won (petitioning party did not receive a favorable disposition)
2024,1710,23-1039,AMES v. OHIO DEPARTMENT OF YOUTH SERVICES,6/5/2025,JGRoberts,Majority or plurality,Petitioner/Appellant won (petitioning party received a favorable disposition)
2024,1710,23-1039,AMES v. OHIO DEPARTMENT OF YOUTH SERVICES,6/5/2025,CThomas,Regular concurrence,Petitioner/Appellant won (petitioning party received a favorable disposition)
2024,1710,23-1039,AMES v. OHIO DEPARTMENT OF YOUTH SERVICES,6/5/2025,SAAlito,Majority or plurality,Petitioner/Appellant won (petitioning party received a favorable disposition)
2024,1710,23-1039,AMES v. OHIO DEPARTMENT OF YOUTH SERVICES,6/5/2025,SSotomayor,Majority or plurality,Petitioner/Appellant won (petitioning party received a favorable disposition)
2024,1710,23-1039,AMES v. OHIO DEPARTMENT OF YOUTH SERVICES,6/5/2025,EKagan,Majority or plurality,Petitioner/Appellant won (petitioning party received a favorable disposition)
2024,1710,23-1039,AMES v. OHIO DEPARTMENT OF YOUTH SERVICES,6/5/2025,NMGorsuch,Regular concurrence,Petitioner/Appellant won (petitioning party received a favorable disposition)
2024,1710,23-1039,AMES v. OHIO DEPARTMENT OF YOUTH SERVICES,6/5/2025,BMKavanaugh,Majority or plurality,Petitioner/Appellant won (petitioning party received a favorable disposition)
2024,1710,23-1039,AMES v. OHIO DEPARTMENT OF YOUTH SERVICES,6/5/2025,ACBarrett,Majority or plurality,Petitioner/Appellant won (petitioning party received a favorable disposition)
2024,1710,23-1039,AMES v. OHIO DEPARTMENT OF YOUTH SERVICES,6/5/2025,KBJackson,Majority or plurality,Petitioner/Appellant won (petitioning party received a favorable disposition)
2024,1710,23-1201,CC/DEVAS (MAURITIUS) LIMITED v. ANTRIX CORP. LTD.,6/5/2025,JGRoberts,Majority or plurality,Petitioner/Appellant won (petitioning party received a favorable disposition)
2024,1710,23-1201,CC/DEVAS (MAURITIUS) LIMITED v. ANTRIX CORP. LTD.,6/5/2025,CThomas,Majority or plurality,Petitioner/Appellant won (petitioning party received a favorable disposition)
2024,1710,23-1201,CC/DEVAS (MAURITIUS) LIMITED v. ANTRIX CORP. LTD.,6/5/2025,SAAlito,Majority or plurality,Petitioner/Appellant won (petitioning party received a favorable disposition)
2024,1710,23-1201,CC/DEVAS (MAURITIUS) LIMITED v. ANTRIX CORP. LTD.,6/5/2025,SSotomayor,Majority or plurality,Petitioner/Appellant won (petitioning party received a favorable disposition)
2024,1710,23-1201,CC/DEVAS (MAURITIUS) LIMITED v. ANTRIX CORP. LTD.,6/5/2025,EKagan,Majority or plurality,Petitioner/Appellant won (petitioning party received a favorable disposition)
2024,1710,23-1201,CC/DEVAS (MAURITIUS) LIMITED v. ANTRIX CORP. LTD.,6/5/2025,NMGorsuch,Majority or plurality,Petitioner/Appellant won (petitioning party received a favorable disposition)
2024,1710,23-1201,CC/DEVAS (MAURITIUS) LIMITED v. ANTRIX CORP. LTD.,6/5/2025,BMKavanaugh,Majority or plurality,Petitioner/Appellant won (petitioning party received a favorable disposition)
2024,1710,23-1201,CC/DEVAS (MAURITIUS) LIMITED v. ANTRIX CORP. LTD.,6/5/2025,ACBarrett,Majority or plurality,Petitioner/Appellant won (petitioning party received a favorable disposition)
2024,1710,23-1201,CC/DEVAS (MAURITIUS) LIMITED v. ANTRIX CORP. LTD.,6/5/2025,KBJackson,Majority or plurality,Petitioner/Appellant won (petitioning party received a favorable disposition)
2024,1710,23-1259,BLOM BANK SAL v. HONICKMAN,6/5/2025,JGRoberts,Majority or plurality,Petitioner/Appellant won (petitioning party received a favorable disposition)
2024,1710,23-1259,BLOM BANK SAL v. HONICKMAN,6/5/2025,CThomas,Majority or plurality,Petitioner/Appellant won (petitioning party received a favorable disposition)
2024,1710,23-1259,BLOM BANK SAL v. HONICKMAN,6/5/2025,SAAlito,Majority or plurality,Petitioner/Appellant won (petitioning party received a favorable disposition)
2024,1710,23-1259,BLOM BANK SAL v. HONICKMAN,6/5/2025,SSotomayor,Majority or plurality,Petitioner/Appellant won (petitioning party received a favorable disposition)
2024,1710,23-1259,BLOM BANK SAL v. HONICKMAN,6/5/2025,EKagan,Majority or plurality,Petitioner/Appellant won (petitioning party received a favorable disposition)
2024,1710,23-1259,BLOM BANK SAL v. HONICKMAN,6/5/2025,NMGorsuch,Majority or plurality,Petitioner/Appellant won (petitioning party received a favorable disposition)
2024,1710,23-1259,BLOM BANK SAL v. HONICKMAN,6/5/2025,BMKavanaugh,Majority or plurality,Petitioner/Appellant won (petitioning party received a favorable disposition)
2024,1710,23-1259,BLOM BANK SAL v. HONICKMAN,6/5/2025,ACBarrett,Majority or plurality,Petitioner/Appellant won (petitioning party received a favorable disposition)
2024,1710,23-1259,BLOM BANK SAL v. HONICKMAN,6/5/2025,KBJackson,Special concurrence,Petitioner/Appellant won (petitioning party received a favorable disposition)
2024,1710,23-1141,SMITH & WESSON BRANDS v. ESTADOS UNIDOS MEXICANOS,6/5/2025,JGRoberts,Majority or plurality,Petitioner/Appellant won (petitioning party received a favorable disposition)
2024,1710,23-1141,SMITH & WESSON BRANDS v. ESTADOS UNIDOS MEXICANOS,6/5/2025,CThomas,Regular concurrence,Petitioner/Appellant won (petitioning party received a favorable disposition)
2024,1710,23-1141,SMITH & WESSON BRANDS v. ESTADOS UNIDOS MEXICANOS,6/5/2025,SAAlito,Majority or plurality,Petitioner/Appellant won (petitioning party received a favorable disposition)
2024,1710,23-1141,SMITH & WESSON BRANDS v. ESTADOS UNIDOS MEXICANOS,6/5/2025,SSotomayor,Majority or plurality,Petitioner/Appellant won (petitioning party received a favorable disposition)
2024,1710,23-1141,SMITH & WESSON BRANDS v. ESTADOS UNIDOS MEXICANOS,6/5/2025,EKagan,Majority or plurality,Petitioner/Appellant won (petitioning party received a favorable disposition)
2024,1710,23-1141,SMITH & WESSON BRANDS v. ESTADOS UNIDOS MEXICANOS,6/5/2025,NMGorsuch,Majority or plurality,Petitioner/Appellant won (petitioning party received a favorable disposition)
2024,1710,23-1141,SMITH & WESSON BRANDS v. ESTADOS UNIDOS MEXICANOS,6/5/2025,BMKavanaugh,Majority or plurality,Petitioner/Appellant won (petitioning party received a favorable disposition)
2024,1710,23-1141,SMITH & WESSON BRANDS v. ESTADOS UNIDOS MEXICANOS,6/5/2025,ACBarrett,Majority or plurality,Petitioner/Appellant won (petitioning party received a favorable disposition)
2024,1710,23-1141,SMITH & WESSON BRANDS v. ESTADOS UNIDOS MEXICANOS,6/5/2025,KBJackson,Regular concurrence,Petitioner/Appellant won (petitioning party received a favorable disposition)
2024,1710,23-1300,NUCLEAR REGULATORY COMMISSION v. TEXAS,6/18/2025,JGRoberts,Majority or plurality,Petitioner/Appellant won (petitioning party received a favorable disposition)
2024,1710,23-1300,NUCLEAR REGULATORY COMMISSION v. TEXAS,6/18/2025,CThomas,Dissent,Petitioner/Appellant won (petitioning party received a favorable disposition)
2024,1710,23-1300,NUCLEAR REGULATORY COMMISSION v. TEXAS,6/18/2025,SAAlito,Dissent,Petitioner/Appellant won (petitioning party received a favorable disposition)
2024,1710,23-1300,NUCLEAR REGULATORY COMMISSION v. TEXAS,6/18/2025,SSotomayor,Majority or plurality,Petitioner/Appellant won (petitioning party received a favorable disposition)
2024,1710,23-1300,NUCLEAR REGULATORY COMMISSION v. TEXAS,6/18/2025,EKagan,Majority or plurality,Petitioner/Appellant won (petitioning party received a favorable disposition)
2024,1710,23-1300,NUCLEAR REGULATORY COMMISSION v. TEXAS,6/18/2025,NMGorsuch,Dissent,Petitioner/Appellant won (petitioning party received a favorable disposition)
2024,1710,23-1300,NUCLEAR REGULATORY COMMISSION v. TEXAS,6/18/2025,BMKavanaugh,Majority or plurality,Petitioner/Appellant won (petitioning party received a favorable disposition)
2024,1710,23-1300,NUCLEAR REGULATORY COMMISSION v. TEXAS,6/18/2025,ACBarrett,Majority or plurality,Petitioner/Appellant won (petitioning party received a favorable disposition)
2024,1710,23-1300,NUCLEAR REGULATORY COMMISSION v. TEXAS,6/18/2025,KBJackson,Majority or plurality,Petitioner/Appellant won (petitioning party received a favorable disposition)
2024,1710,23-1067,OKLAHOMA v. ENVIRONMENTAL PROTECTION AGENCY,6/18/2025,JGRoberts,Special concurrence,Petitioner/Appellant won (petitioning party received a favorable disposition)
2024,1710,23-1067,OKLAHOMA v. ENVIRONMENTAL PROTECTION AGENCY,6/18/2025,CThomas,Majority or plurality,Petitioner/Appellant won (petitioning party received a favorable disposition)
2024,1710,23-1067,OKLAHOMA v. ENVIRONMENTAL PROTECTION AGENCY,6/18/2025,SAAlito,,Petitioner/Appellant won (petitioning party received a favorable disposition)
2024,1710,23-1067,OKLAHOMA v. ENVIRONMENTAL PROTECTION AGENCY,6/18/2025,SSotomayor,Majority or plurality,Petitioner/Appellant won (petitioning party received a favorable disposition)
2024,1710,23-1067,OKLAHOMA v. ENVIRONMENTAL PROTECTION AGENCY,6/18/2025,EKagan,Majority or plurality,Petitioner/Appellant won (petitioning party received a favorable disposition)
2024,1710,23-1067,OKLAHOMA v. ENVIRONMENTAL PROTECTION AGENCY,6/18/2025,NMGorsuch,Special concurrence,Petitioner/Appellant won (petitioning party received a favorable disposition)
2024,1710,23-1067,OKLAHOMA v. ENVIRONMENTAL PROTECTION AGENCY,6/18/2025,BMKavanaugh,Majority or plurality,Petitioner/Appellant won (petitioning party received a favorable disposition)
2024,1710,23-1067,OKLAHOMA v. ENVIRONMENTAL PROTECTION AGENCY,6/18/2025,ACBarrett,Majority or plurality,Petitioner/Appellant won (petitioning party received a favorable disposition)
2024,1710,23-1067,OKLAHOMA v. ENVIRONMENTAL PROTECTION AGENCY,6/18/2025,KBJackson,Majority or plurality,Petitioner/Appellant won (petitioning party received a favorable disposition)
2024,1710,23-1229,"ENVIRONMENTAL PROTECTION AGENCY v. CALUMET SHREVEPORT REFINING, LLC",6/18/2025,JGRoberts,Dissent,Petitioner/Appellant won (petitioning party received a favorable disposition)
2024,1710,23-1229,"ENVIRONMENTAL PROTECTION AGENCY v. CALUMET SHREVEPORT REFINING, LLC",6/18/2025,CThomas,Majority or plurality,Petitioner/Appellant won (petitioning party received a favorable disposition)
2024,1710,23-1229,"ENVIRONMENTAL PROTECTION AGENCY v. CALUMET SHREVEPORT REFINING, LLC",6/18/2025,SAAlito,Majority or plurality,Petitioner/Appellant won (petitioning party received a favorable disposition)
2024,1710,23-1229,"ENVIRONMENTAL PROTECTION AGENCY v. CALUMET SHREVEPORT REFINING, LLC",6/18/2025,SSotomayor,Majority or plurality,Petitioner/Appellant won (petitioning party received a favorable disposition)
2024,1710,23-1229,"ENVIRONMENTAL PROTECTION AGENCY v. CALUMET SHREVEPORT REFINING, LLC",6/18/2025,EKagan,Majority or plurality,Petitioner/Appellant won (petitioning party received a favorable disposition)
2024,1710,23-1229,"ENVIRONMENTAL PROTECTION AGENCY v. CALUMET SHREVEPORT REFINING, LLC",6/18/2025,NMGorsuch,Dissent,Petitioner/Appellant won (petitioning party received a favorable disposition)
2024,1710,23-1229,"ENVIRONMENTAL PROTECTION AGENCY v. CALUMET SHREVEPORT REFINING, LLC",6/18/2025,BMKavanaugh,Majority or plurality,Petitioner/Appellant won (petitioning party received a favorable disposition)
2024,1710,23-1229,"ENVIRONMENTAL PROTECTION AGENCY v. CALUMET SHREVEPORT REFINING, LLC",6/18/2025,ACBarrett,Majority or plurality,Petitioner/Appellant won (petitioning party received a favorable disposition)
2024,1710,23-1229,"ENVIRONMENTAL PROTECTION AGENCY v. CALUMET SHREVEPORT REFINING, LLC",6/18/2025,KBJackson,Majority or plurality,Petitioner/Appellant won (petitioning party received a favorable disposition)
2024,1710,23-1270,RILEY v. BONDI,6/26/2025,JGRoberts,Majority or plurality,Petitioner/Appellant won (petitioning party received a favorable disposition)
2024,1710,23-1270,RILEY v. BONDI,6/26/2025,CThomas,Regular concurrence,Petitioner/Appellant won (petitioning party received a favorable disposition)
2024,1710,23-1270,RILEY v. BONDI,6/26/2025,SAAlito,Majority or plurality,Petitioner/Appellant won (petitioning party received a favorable disposition)
2024,1710,23-1270,RILEY v. BONDI,6/26/2025,SSotomayor,Dissent,Petitioner/Appellant won (petitioning party received a favorable disposition)
2024,1710,23-1270,RILEY v. BONDI,6/26/2025,EKagan,Dissent,Petitioner/Appellant won (petitioning party received a favorable disposition)
2024,1710,23-1270,RILEY v. BONDI,6/26/2025,NMGorsuch,Dissent,Petitioner/Appellant won (petitioning party received a favorable disposition)
2024,1710,23-1270,RILEY v. BONDI,6/26/2025,BMKavanaugh,Majority or plurality,Petitioner/Appellant won (petitioning party received a favorable disposition)
2024,1710,23-1270,RILEY v. BONDI,6/26/2025,ACBarrett,Majority or plurality,Petitioner/Appellant won (petitioning party received a favorable disposition)
2024,1710,23-1270,RILEY v. BONDI,6/26/2025,KBJackson,Dissent,Petitioner/Appellant won (petitioning party received a favorable disposition)
2024,1710,24-354,FEDERAL COMMUNICATIONS COMMISSION v. CONSUMERS' RESEARCH,6/27/2025,JGRoberts,Majority or plurality,Petitioner/Appellant won (petitioning party received a favorable disposition)
2024,1710,24-354,FEDERAL COMMUNICATIONS COMMISSION v. CONSUMERS' RESEARCH,6/27/2025,CThomas,Dissent,Petitioner/Appellant won (petitioning party received a favorable disposition)
2024,1710,24-354,FEDERAL COMMUNICATIONS COMMISSION v. CONSUMERS' RESEARCH,6/27/2025,SAAlito,Dissent,Petitioner/Appellant won (petitioning party received a favorable disposition)
2024,1710,24-354,FEDERAL COMMUNICATIONS COMMISSION v. CONSUMERS' RESEARCH,6/27/2025,SSotomayor,Majority or plurality,Petitioner/Appellant won (petitioning party received a favorable disposition)
2024,1710,24-354,FEDERAL COMMUNICATIONS COMMISSION v. CONSUMERS' RESEARCH,6/27/2025,EKagan,Majority or plurality,Petitioner/Appellant won (petitioning party received a favorable disposition)
2024,1710,24-354,FEDERAL COMMUNICATIONS COMMISSION v. CONSUMERS' RESEARCH,6/27/2025,NMGorsuch,Dissent,Petitioner/Appellant won (petitioning party received a favorable disposition)
2024,1710,24-354,FEDERAL COMMUNICATIONS COMMISSION v. CONSUMERS' RESEARCH,6/27/2025,BMKavanaugh,Regular concurrence,Petitioner/Appellant won (petitioning party received a favorable disposition)
2024,1710,24-354,FEDERAL COMMUNICATIONS COMMISSION v. CONSUMERS' RESEARCH,6/27/2025,ACBarrett,Majority or plurality,Petitioner/Appellant won (petitioning party received a favorable disposition)
2024,1710,24-354,FEDERAL COMMUNICATIONS COMMISSION v. CONSUMERS' RESEARCH,6/27/2025,KBJackson,Regular concurrence,Petitioner/Appellant won (petitioning party received a favorable disposition)
2024,1710,24-656,"TIKTOK, INC. v. GARLAND",1/17/2025,JGRoberts,Majority or plurality,Respondent/Appellee won (petitioning party did not receive a favorable disposition)
2024,1710,24-656,"TIKTOK, INC. v. GARLAND",1/17/2025,CThomas,Majority or plurality,Respondent/Appellee won (petitioning party did not receive a favorable disposition)
2024,1710,24-656,"TIKTOK, INC. v. GARLAND",1/17/2025,SAAlito,Majority or plurality,Respondent/Appellee won (petitioning party did not receive a favorable disposition)
2024,1710,24-656,"TIKTOK, INC. v. GARLAND",1/17/2025,SSotomayor,Special concurrence,Respondent/Appellee won (petitioning party did not receive a favorable disposition)
2024,1710,24-656,"TIKTOK, INC. v. GARLAND",1/17/2025,EKagan,Majority or plurality,Respondent/Appellee won (petitioning party did not receive a favorable disposition)
2024,1710,24-656,"TIKTOK, INC. v. GARLAND",1/17/2025,NMGorsuch,Special concurrence,Respondent/Appellee won (petitioning party did not receive a favorable disposition)
2024,1710,24-656,"TIKTOK, INC. v. GARLAND",1/17/2025,BMKavanaugh,Majority or plurality,Respondent/Appellee won (petitioning party did not receive a favorable disposition)
2024,1710,24-656,"TIKTOK, INC. v. GARLAND",1/17/2025,ACBarrett,Majority or plurality,Respondent/Appellee won (petitioning party did not receive a favorable disposition)
2024,1710,24-656,"TIKTOK, INC. v. GARLAND",1/17/2025,KBJackson,Majority or plurality,Respondent/Appellee won (petitioning party did not receive a favorable disposition)
2024,1710,23-677,"ROYAL CANIN U.S.A., INC. v. WULLSCHLEGER",1/15/2025,JGRoberts,Majority or plurality,Respondent/Appellee won (petitioning party did not receive a favorable disposition)
2024,1710,23-677,"ROYAL CANIN U.S.A., INC. v. WULLSCHLEGER",1/15/2025,CThomas,Majority or plurality,Respondent/Appellee won (petitioning party did not receive a favorable disposition)
2024,1710,23-677,"ROYAL CANIN U.S.A., INC. v. WULLSCHLEGER",1/15/2025,SAAlito,Majority or plurality,Respondent/Appellee won (petitioning party did not receive a favorable disposition)
2024,1710,23-677,"ROYAL CANIN U.S.A., INC. v. WULLSCHLEGER",1/15/2025,SSotomayor,Majority or plurality,Respondent/Appellee won (petitioning party did not receive a favorable disposition)
2024,1710,23-677,"ROYAL CANIN U.S.A., INC. v. WULLSCHLEGER",1/15/2025,EKagan,Majority or plurality,Respondent/Appellee won (petitioning party did not receive a favorable disposition)
2024,1710,23-677,"ROYAL CANIN U.S.A., INC. v. WULLSCHLEGER",1/15/2025,NMGorsuch,Majority or plurality,Respondent/Appellee won (petitioning party did not receive a favorable disposition)
2024,1710,23-677,"ROYAL CANIN U.S.A., INC. v. WULLSCHLEGER",1/15/2025,BMKavanaugh,Majority or plurality,Respondent/Appellee won (petitioning party did not receive a favorable disposition)
2024,1710,23-677,"ROYAL CANIN U.S.A., INC. v. WULLSCHLEGER",1/15/2025,ACBarrett,Majority or plurality,Respondent/Appellee won (petitioning party did not receive a favorable disposition)
2024,1710,23-677,"ROYAL CANIN U.S.A., INC. v. WULLSCHLEGER",1/15/2025,KBJackson,Majority or plurality,Respondent/Appellee won (petitioning party did not receive a favorable disposition)
2024,1710,24-154,CATHOLIC CHARITIES BUREAU v. WISCONSIN LABOR & INDUSTRY REVIEW COMMISSION,6/5/2025,JGRoberts,Majority or plurality,Petitioner/Appellant won (petitioning party received a favorable disposition)
2024,1710,24-154,CATHOLIC CHARITIES BUREAU v. WISCONSIN LABOR & INDUSTRY REVIEW COMMISSION,6/5/2025,CThomas,Regular concurrence,Petitioner/Appellant won (petitioning party received a favorable disposition)
2024,1710,24-154,CATHOLIC CHARITIES BUREAU v. WISCONSIN LABOR & INDUSTRY REVIEW COMMISSION,6/5/2025,SAAlito,Majority or plurality,Petitioner/Appellant won (petitioning party received a favorable disposition)
2024,1710,24-154,CATHOLIC CHARITIES BUREAU v. WISCONSIN LABOR & INDUSTRY REVIEW COMMISSION,6/5/2025,SSotomayor,Majority or plurality,Petitioner/Appellant won (petitioning party received a favorable disposition)
2024,1710,24-154,CATHOLIC CHARITIES BUREAU v. WISCONSIN LABOR & INDUSTRY REVIEW COMMISSION,6/5/2025,EKagan,Majority or plurality,Petitioner/Appellant won (petitioning party received a favorable disposition)
2024,1710,24-154,CATHOLIC CHARITIES BUREAU v. WISCONSIN LABOR & INDUSTRY REVIEW COMMISSION,6/5/2025,NMGorsuch,Majority or plurality,Petitioner/Appellant won (petitioning party received a favorable disposition)
2024,1710,24-154,CATHOLIC CHARITIES BUREAU v. WISCONSIN LABOR & INDUSTRY REVIEW COMMISSION,6/5/2025,BMKavanaugh,Majority or plurality,Petitioner/Appellant won (petitioning party received a favorable disposition)
2024,1710,24-154,CATHOLIC CHARITIES BUREAU v. WISCONSIN LABOR & INDUSTRY REVIEW COMMISSION,6/5/2025,ACBarrett,Majority or plurality,Petitioner/Appellant won (petitioning party received a favorable disposition)
2024,1710,24-154,CATHOLIC CHARITIES BUREAU v. WISCONSIN LABOR & INDUSTRY REVIEW COMMISSION,6/5/2025,KBJackson,Regular concurrence,Petitioner/Appellant won (petitioning party received a favorable disposition)
2024,1710,23-1345,RIVERS v. GUERRERO,6/12/2025,JGRoberts,Majority or plurality,Respondent/Appellee won (petitioning party did not receive a favorable disposition)
2024,1710,23-1345,RIVERS v. GUERRERO,6/12/2025,CThomas,Majority or plurality,Respondent/Appellee won (petitioning party did not receive a favorable disposition)
2024,1710,23-1345,RIVERS v. GUERRERO,6/12/2025,SAAlito,Majority or plurality,Respondent/Appellee won (petitioning party did not receive a favorable disposition)
2024,1710,23-1345,RIVERS v. GUERRERO,6/12/2025,SSotomayor,Majority or plurality,Respondent/Appellee won (petitioning party did not receive a favorable disposition)
2024,1710,23-1345,RIVERS v. GUERRERO,6/12/2025,EKagan,Majority or plurality,Respondent/Appellee won (petitioning party did not receive a favorable disposition)
2024,1710,23-1345,RIVERS v. GUERRERO,6/12/2025,NMGorsuch,Majority or plurality,Respondent/Appellee won (petitioning party did not receive a favorable disposition)
2024,1710,23-1345,RIVERS v. GUERRERO,6/12/2025,BMKavanaugh,Majority or plurality,Respondent/Appellee won (petitioning party did not receive a favorable disposition)
2024,1710,23-1345,RIVERS v. GUERRERO,6/12/2025,ACBarrett,Majority or plurality,Respondent/Appellee won (petitioning party did not receive a favorable disposition)
2024,1710,23-1345,RIVERS v. GUERRERO,6/12/2025,KBJackson,Majority or plurality,Respondent/Appellee won (petitioning party did not receive a favorable disposition)
2024,1710,24-20,FULD v. PALESTINE LIBERATION ORGANIZATION,6/20/2025,JGRoberts,Majority or plurality,Petitioner/Appellant won (petitioning party received a favorable disposition)
2024,1710,24-20,FULD v. PALESTINE LIBERATION ORGANIZATION,6/20/2025,CThomas,Special concurrence,Petitioner/Appellant won (petitioning party received a favorable disposition)
2024,1710,24-20,FULD v. PALESTINE LIBERATION ORGANIZATION,6/20/2025,SAAlito,Majority or plurality,Petitioner/Appellant won (petitioning party received a favorable disposition)
2024,1710,24-20,FULD v. PALESTINE LIBERATION ORGANIZATION,6/20/2025,SSotomayor,Majority or plurality,Petitioner/Appellant won (petitioning party received a favorable disposition)
2024,1710,24-20,FULD v. PALESTINE LIBERATION ORGANIZATION,6/20/2025,EKagan,Majority or plurality,Petitioner/Appellant won (petitioning party received a favorable disposition)
2024,1710,24-20,FULD v. PALESTINE LIBERATION ORGANIZATION,6/20/2025,NMGorsuch,Special concurrence,Petitioner/Appellant won (petitioning party received a favorable disposition)
2024,1710,24-20,FULD v. PALESTINE LIBERATION ORGANIZATION,6/20/2025,BMKavanaugh,Majority or plurality,Petitioner/Appellant won (petitioning party received a favorable disposition)
2024,1710,24-20,FULD v. PALESTINE LIBERATION ORGANIZATION,6/20/2025,ACBarrett,Majority or plurality,Petitioner/Appellant won (petitioning party received a favorable disposition)
2024,1710,24-20,FULD v. PALESTINE LIBERATION ORGANIZATION,6/20/2025,KBJackson,Majority or plurality,Petitioner/Appellant won (petitioning party received a favorable disposition)
2024,1710,23-1275,MEDINA v. PLANNED PARENTHOOD SOUTH ATLANTIC,6/26/2025,JGRoberts,Majority or plurality,Petitioner/Appellant won (petitioning party received a favorable disposition)
2024,1710,23-1275,MEDINA v. PLANNED PARENTHOOD SOUTH ATLANTIC,6/26/2025,CThomas,Regular concurrence,Petitioner/Appellant won (petitioning party received a favorable disposition)
2024,1710,23-1275,MEDINA v. PLANNED PARENTHOOD SOUTH ATLANTIC,6/26/2025,SAAlito,Majority or plurality,Petitioner/Appellant won (petitioning party received a favorable disposition)
2024,1710,23-1275,MEDINA v. PLANNED PARENTHOOD SOUTH ATLANTIC,6/26/2025,SSotomayor,Dissent,Petitioner/Appellant won (petitioning party received a favorable disposition)
2024,1710,23-1275,MEDINA v. PLANNED PARENTHOOD SOUTH ATLANTIC,6/26/2025,EKagan,Dissent,Petitioner/Appellant won (petitioning party received a favorable disposition)
2024,1710,23-1275,MEDINA v. PLANNED PARENTHOOD SOUTH ATLANTIC,6/26/2025,NMGorsuch,Majority or plurality,Petitioner/Appellant won (petitioning party received a favorable disposition)
2024,1710,23-1275,MEDINA v. PLANNED PARENTHOOD SOUTH ATLANTIC,6/26/2025,BMKavanaugh,Majority or plurality,Petitioner/Appellant won (petitioning party received a favorable disposition)
2024,1710,23-1275,MEDINA v. PLANNED PARENTHOOD SOUTH ATLANTIC,6/26/2025,ACBarrett,Majority or plurality,Petitioner/Appellant won (petitioning party received a favorable disposition)
2024,1710,23-1275,MEDINA v. PLANNED PARENTHOOD SOUTH ATLANTIC,6/26/2025,KBJackson,Dissent,Petitioner/Appellant won (petitioning party received a favorable disposition)
2024,1710,24-316,KENNEDY v. BRAIDWOOD MANAGEMENT,6/27/2025,JGRoberts,Majority or plurality,Petitioner/Appellant won (petitioning party received a favorable disposition)
2024,1710,24-316,KENNEDY v. BRAIDWOOD MANAGEMENT,6/27/2025,CThomas,Dissent,Petitioner/Appellant won (petitioning party received a favorable disposition)
2024,1710,24-316,KENNEDY v. BRAIDWOOD MANAGEMENT,6/27/2025,SAAlito,Dissent,Petitioner/Appellant won (petitioning party received a favorable disposition)
2024,1710,24-316,KENNEDY v. BRAIDWOOD MANAGEMENT,6/27/2025,SSotomayor,Majority or plurality,Petitioner/Appellant won (petitioning party received a favorable disposition)
2024,1710,24-316,KENNEDY v. BRAIDWOOD MANAGEMENT,6/27/2025,EKagan,Majority or plurality,Petitioner/Appellant won (petitioning party received a favorable disposition)
2024,1710,24-316,KENNEDY v. BRAIDWOOD MANAGEMENT,6/27/2025,NMGorsuch,Dissent,Petitioner/Appellant won (petitioning party received a favorable disposition)
2024,1710,24-316,KENNEDY v. BRAIDWOOD MANAGEMENT,6/27/2025,BMKavanaugh,Majority or plurality,Petitioner/Appellant won (petitioning party received a favorable disposition)
2024,1710,24-316,KENNEDY v. BRAIDWOOD MANAGEMENT,6/27/2025,ACBarrett,Majority or plurality,Petitioner/Appellant won (petitioning party received a favorable disposition)
2024,1710,24-316,KENNEDY v. BRAIDWOOD MANAGEMENT,6/27/2025,KBJackson,Majority or plurality,Petitioner/Appellant won (petitioning party received a favorable disposition)
2024,1710,24-275,PARRISH v. UNITED STATES,6/12/2025,JGRoberts,Majority or plurality,Petitioner/Appellant won (petitioning party received a favorable disposition)
2024,1710,24-275,PARRISH v. UNITED STATES,6/12/2025,CThomas,Special concurrence,Petitioner/Appellant won (petitioning party received a favorable disposition)
2024,1710,24-275,PARRISH v. UNITED STATES,6/12/2025,SAAlito,Majority or plurality,Petitioner/Appellant won (petitioning party received a favorable disposition)
2024,1710,24-275,PARRISH v. UNITED STATES,6/12/2025,SSotomayor,Majority or plurality,Petitioner/Appellant won (petitioning party received a favorable disposition)
2024,1710,24-275,PARRISH v. UNITED STATES,6/12/2025,EKagan,Majority or plurality,Petitioner/Appellant won (petitioning party received a favorable disposition)
2024,1710,24-275,PARRISH v. UNITED STATES,6/12/2025,NMGorsuch,Dissent,Petitioner/Appellant won (petitioning party received a favorable disposition)
2024,1710,24-275,PARRISH v. UNITED STATES,6/12/2025,BMKavanaugh,Majority or plurality,Petitioner/Appellant won (petitioning party received a favorable disposition)
2024,1710,24-275,PARRISH v. UNITED STATES,6/12/2025,ACBarrett,Majority or plurality,Petitioner/Appellant won (petitioning party received a favorable disposition)
2024,1710,24-275,PARRISH v. UNITED STATES,6/12/2025,KBJackson,Special concurrence,Petitioner/Appellant won (petitioning party received a favorable disposition)
2024,1710,24-416,COMMISSIONER OF INTERNAL REVENUE v. ZUCH,6/12/2025,JGRoberts,Majority or plurality,Petitioner/Appellant won (petitioning party received a favorable disposition)
2024,1710,24-416,COMMISSIONER OF INTERNAL REVENUE v. ZUCH,6/12/2025,CThomas,Majority or plurality,Petitioner/Appellant won (petitioning party received a favorable disposition)
2024,1710,24-416,COMMISSIONER OF INTERNAL REVENUE v. ZUCH,6/12/2025,SAAlito,Majority or plurality,Petitioner/Appellant won (petitioning party received a favorable disposition)
2024,1710,24-416,COMMISSIONER OF INTERNAL REVENUE v. ZUCH,6/12/2025,SSotomayor,Majority or plurality,Petitioner/Appellant won (petitioning party received a favorable disposition)
2024,1710,24-416,COMMISSIONER OF INTERNAL REVENUE v. ZUCH,6/12/2025,EKagan,Majority or plurality,Petitioner/Appellant won (petitioning party received a favorable disposition)
2024,1710,24-416,COMMISSIONER OF INTERNAL REVENUE v. ZUCH,6/12/2025,NMGorsuch,Dissent,Petitioner/Appellant won (petitioning party received a favorable disposition)
2024,1710,24-416,COMMISSIONER OF INTERNAL REVENUE v. ZUCH,6/12/2025,BMKavanaugh,Majority or plurality,Petitioner/Appellant won (petitioning party received a favorable disposition)
2024,1710,24-416,COMMISSIONER OF INTERNAL REVENUE v. ZUCH,6/12/2025,ACBarrett,Majority or plurality,Petitioner/Appellant won (petitioning party received a favorable disposition)
2024,1710,24-416,COMMISSIONER OF INTERNAL REVENUE v. ZUCH,6/12/2025,KBJackson,Majority or plurality,Petitioner/Appellant won (petitioning party received a favorable disposition)
2024,1710,24-297,MAHMOUD v. TAYLOR,6/27/2025,JGRoberts,Majority or plurality,Petitioner/Appellant won (petitioning party received a favorable disposition)
2024,1710,24-297,MAHMOUD v. TAYLOR,6/27/2025,CThomas,Regular concurrence,Petitioner/Appellant won (petitioning party received a favorable disposition)
2024,1710,24-297,MAHMOUD v. TAYLOR,6/27/2025,SAAlito,Majority or plurality,Petitioner/Appellant won (petitioning party received a favorable disposition)
2024,1710,24-297,MAHMOUD v. TAYLOR,6/27/2025,SSotomayor,Dissent,Petitioner/Appellant won (petitioning party received a favorable disposition)
2024,1710,24-297,MAHMOUD v. TAYLOR,6/27/2025,EKagan,Dissent,Petitioner/Appellant won (petitioning party received a favorable disposition)
2024,1710,24-297,MAHMOUD v. TAYLOR,6/27/2025,NMGorsuch,Majority or plurality,Petitioner/Appellant won (petitioning party received a favorable disposition)
2024,1710,24-297,MAHMOUD v. TAYLOR,6/27/2025,BMKavanaugh,Majority or plurality,Petitioner/Appellant won (petitioning party received a favorable disposition)
2024,1710,24-297,MAHMOUD v. TAYLOR,6/27/2025,ACBarrett,Majority or plurality,Petitioner/Appellant won (petitioning party received a favorable disposition)
2024,1710,24-297,MAHMOUD v. TAYLOR,6/27/2025,KBJackson,Dissent,Petitioner/Appellant won (petitioning party received a favorable disposition)
2024,1710,24-7,DIAMOND ALTERNATIVE ENERGY LLC v. ENVIRONMENTAL PROTECTION AGENCY,6/20/2025,JGRoberts,Majority or plurality,Petitioner/Appellant won (petitioning party received a favorable disposition)
2024,1710,24-7,DIAMOND ALTERNATIVE ENERGY LLC v. ENVIRONMENTAL PROTECTION AGENCY,6/20/2025,CThomas,Majority or plurality,Petitioner/Appellant won (petitioning party received a favorable disposition)
2024,1710,24-7,DIAMOND ALTERNATIVE ENERGY LLC v. ENVIRONMENTAL PROTECTION AGENCY,6/20/2025,SAAlito,Majority or plurality,Petitioner/Appellant won (petitioning party received a favorable disposition)
2024,1710,24-7,DIAMOND ALTERNATIVE ENERGY LLC v. ENVIRONMENTAL PROTECTION AGENCY,6/20/2025,SSotomayor,Dissent,Petitioner/Appellant won (petitioning party received a favorable disposition)
2024,1710,24-7,DIAMOND ALTERNATIVE ENERGY LLC v. ENVIRONMENTAL PROTECTION AGENCY,6/20/2025,EKagan,Majority or plurality,Petitioner/Appellant won (petitioning party received a favorable disposition)
2024,1710,24-7,DIAMOND ALTERNATIVE ENERGY LLC v. ENVIRONMENTAL PROTECTION AGENCY,6/20/2025,NMGorsuch,Majority or plurality,Petitioner/Appellant won (petitioning party received a favorable disposition)
2024,1710,24-7,DIAMOND ALTERNATIVE ENERGY LLC v. ENVIRONMENTAL PROTECTION AGENCY,6/20/2025,BMKavanaugh,Majority or plurality,Petitioner/Appellant won (petitioning party received a favorable disposition)
2024,1710,24-7,DIAMOND ALTERNATIVE ENERGY LLC v. ENVIRONMENTAL PROTECTION AGENCY,6/20/2025,ACBarrett,Majority or plurality,Petitioner/Appellant won (petitioning party received a favorable disposition)
2024,1710,24-7,DIAMOND ALTERNATIVE ENERGY LLC v. ENVIRONMENTAL PROTECTION AGENCY,6/20/2025,KBJackson,Dissent,Petitioner/Appellant won (petitioning party received a favorable disposition)
2024,1710,24-320,SOTO v. UNITED STATES,6/12/2025,JGRoberts,Majority or plurality,Petitioner/Appellant won (petitioning party received a favorable disposition)
2024,1710,24-320,SOTO v. UNITED STATES,6/12/2025,CThomas,Majority or plurality,Petitioner/Appellant won (petitioning party received a favorable disposition)
2024,1710,24-320,SOTO v. UNITED STATES,6/12/2025,SAAlito,Majority or plurality,Petitioner/Appellant won (petitioning party received a favorable disposition)
2024,1710,24-320,SOTO v. UNITED STATES,6/12/2025,SSotomayor,Majority or plurality,Petitioner/Appellant won (petitioning party received a favorable disposition)
2024,1710,24-320,SOTO v. UNITED STATES,6/12/2025,EKagan,Majority or plurality,Petitioner/Appellant won (petitioning party received a favorable disposition)
2024,1710,24-320,SOTO v. UNITED STATES,6/12/2025,NMGorsuch,Majority or plurality,Petitioner/Appellant won (petitioning party received a favorable disposition)
2024,1710,24-320,SOTO v. UNITED STATES,6/12/2025,BMKavanaugh,Majority or plurality,Petitioner/Appellant won (petitioning party received a favorable disposition)
2024,1710,24-320,SOTO v. UNITED STATES,6/12/2025,ACBarrett,Majority or plurality,Petitioner/Appellant won (petitioning party received a favorable disposition)
2024,1710,24-320,SOTO v. UNITED STATES,6/12/2025,KBJackson,Majority or plurality,Petitioner/Appellant won (petitioning party received a favorable disposition)
2024,1710,24-249,"A.J.T. v. OSSEO AREA SCHOOLS, INDEPENDENT SCHOOL DISTRICT NO. 279",6/12/2025,JGRoberts,Majority or plurality,Petitioner/Appellant won (petitioning party received a favorable disposition)
2024,1710,24-249,"A.J.T. v. OSSEO AREA SCHOOLS, INDEPENDENT SCHOOL DISTRICT NO. 279",6/12/2025,CThomas,Regular concurrence,Petitioner/Appellant won (petitioning party received a favorable disposition)
2024,1710,24-249,"A.J.T. v. OSSEO AREA SCHOOLS, INDEPENDENT SCHOOL DISTRICT NO. 279",6/12/2025,SAAlito,Majority or plurality,Petitioner/Appellant won (petitioning party received a favorable disposition)
2024,1710,24-249,"A.J.T. v. OSSEO AREA SCHOOLS, INDEPENDENT SCHOOL DISTRICT NO. 279",6/12/2025,SSotomayor,Regular concurrence,Petitioner/Appellant won (petitioning party received a favorable disposition)
2024,1710,24-249,"A.J.T. v. OSSEO AREA SCHOOLS, INDEPENDENT SCHOOL DISTRICT NO. 279",6/12/2025,EKagan,Majority or plurality,Petitioner/Appellant won (petitioning party received a favorable disposition)
2024,1710,24-249,"A.J.T. v. OSSEO AREA SCHOOLS, INDEPENDENT SCHOOL DISTRICT NO. 279",6/12/2025,NMGorsuch,Majority or plurality,Petitioner/Appellant won (petitioning party received a favorable disposition)
2024,1710,24-249,"A.J.T. v. OSSEO AREA SCHOOLS, INDEPENDENT SCHOOL DISTRICT NO. 279",6/12/2025,BMKavanaugh,Regular concurrence,Petitioner/Appellant won (petitioning party received a favorable disposition)
2024,1710,24-249,"A.J.T. v. OSSEO AREA SCHOOLS, INDEPENDENT SCHOOL DISTRICT NO. 279",6/12/2025,ACBarrett,Majority or plurality,Petitioner/Appellant won (petitioning party received a favorable disposition)
2024,1710,24-249,"A.J.T. v. OSSEO AREA SCHOOLS, INDEPENDENT SCHOOL DISTRICT NO. 279",6/12/2025,KBJackson,Regular concurrence,Petitioner/Appellant won (petitioning party received a favorable disposition)
2024,1710,24-362,MARTIN v. UNITED STATES,6/12/2025,JGRoberts,Majority or plurality,Petitioner/Appellant won (petitioning party received a favorable disposition)
2024,1710,24-362,MARTIN v. UNITED STATES,6/12/2025,CThomas,Majority or plurality,Petitioner/Appellant won (petitioning party received a favorable disposition)
2024,1710,24-362,MARTIN v. UNITED STATES,6/12/2025,SAAlito,Majority or plurality,Petitioner/Appellant won (petitioning party received a favorable disposition)
2024,1710,24-362,MARTIN v. UNITED STATES,6/12/2025,SSotomayor,Regular concurrence,Petitioner/Appellant won (petitioning party received a favorable disposition)
2024,1710,24-362,MARTIN v. UNITED STATES,6/12/2025,EKagan,Majority or plurality,Petitioner/Appellant won (petitioning party received a favorable disposition)
2024,1710,24-362,MARTIN v. UNITED STATES,6/12/2025,NMGorsuch,Majority or plurality,Petitioner/Appellant won (petitioning party received a favorable disposition)
2024,1710,24-362,MARTIN v. UNITED STATES,6/12/2025,BMKavanaugh,Majority or plurality,Petitioner/Appellant won (petitioning party received a favorable disposition)
2024,1710,24-362,MARTIN v. UNITED STATES,6/12/2025,ACBarrett,Majority or plurality,Petitioner/Appellant won (petitioning party received a favorable disposition)
2024,1710,24-362,MARTIN v. UNITED STATES,6/12/2025,KBJackson,Regular concurrence,Petitioner/Appellant won (petitioning party received a favorable disposition)
2024,1710,24-304,LABORATORY CORPORATION OF AMERICA HOLDINGS v. DAVIS,6/5/2025,JGRoberts,Majority or plurality,Respondent/Appellee won (petitioning party did not receive a favorable disposition)
2024,1710,24-304,LABORATORY CORPORATION OF AMERICA HOLDINGS v. DAVIS,6/5/2025,CThomas,Majority or plurality,Respondent/Appellee won (petitioning party did not receive a favorable disposition)
2024,1710,24-304,LABORATORY CORPORATION OF AMERICA HOLDINGS v. DAVIS,6/5/2025,SAAlito,Majority or plurality,Respondent/Appellee won (petitioning party did not receive a favorable disposition)
2024,1710,24-304,LABORATORY CORPORATION OF AMERICA HOLDINGS v. DAVIS,6/5/2025,SSotomayor,Majority or plurality,Respondent/Appellee won (petitioning party did not receive a favorable disposition)
2024,1710,24-304,LABORATORY CORPORATION OF AMERICA HOLDINGS v. DAVIS,6/5/2025,EKagan,Majority or plurality,Respondent/Appellee won (petitioning party did not receive a favorable disposition)
2024,1710,24-304,LABORATORY CORPORATION OF AMERICA HOLDINGS v. DAVIS,6/5/2025,NMGorsuch,Majority or plurality,Respondent/Appellee won (petitioning party did not receive a favorable disposition)
2024,1710,24-304,LABORATORY CORPORATION OF AMERICA HOLDINGS v. DAVIS,6/5/2025,BMKavanaugh,Dissent,Respondent/Appellee won (petitioning party did not receive a favorable disposition)
2024,1710,24-304,LABORATORY CORPORATION OF AMERICA HOLDINGS v. DAVIS,6/5/2025,ACBarrett,Majority or plurality,Respondent/Appellee won (petitioning party did not receive a favorable disposition)
2024,1710,24-304,LABORATORY CORPORATION OF AMERICA HOLDINGS v. DAVIS,6/5/2025,KBJackson,Majority or plurality,Respondent/Appellee won (petitioning party did not receive a favorable disposition)
2024,1710,24-394,OKLAHOMA STATEWIDE CHARTER SCHOOL BOARD v. DRUMMOND,5/22/2025,JGRoberts,Equally divided vote,Respondent/Appellee won (petitioning party did not receive a favorable disposition)
2024,1710,24-394,OKLAHOMA STATEWIDE CHARTER SCHOOL BOARD v. DRUMMOND,5/22/2025,CThomas,Equally divided vote,Respondent/Appellee won (petitioning party did not receive a favorable disposition)
2024,1710,24-394,OKLAHOMA STATEWIDE CHARTER SCHOOL BOARD v. DRUMMOND,5/22/2025,SAAlito,Equally divided vote,Respondent/Appellee won (petitioning party did not receive a favorable disposition)
2024,1710,24-394,OKLAHOMA STATEWIDE CHARTER SCHOOL BOARD v. DRUMMOND,5/22/2025,SSotomayor,Equally divided vote,Respondent/Appellee won (petitioning party did not receive a favorable disposition)
2024,1710,24-394,OKLAHOMA STATEWIDE CHARTER SCHOOL BOARD v. DRUMMOND,5/22/2025,EKagan,Equally divided vote,Respondent/Appellee won (petitioning party did not receive a favorable disposition)
2024,1710,24-394,OKLAHOMA STATEWIDE CHARTER SCHOOL BOARD v. DRUMMOND,5/22/2025,NMGorsuch,Equally divided vote,Respondent/Appellee won (petitioning party did not receive a favorable disposition)
2024,1710,24-394,OKLAHOMA STATEWIDE CHARTER SCHOOL BOARD v. DRUMMOND,5/22/2025,BMKavanaugh,Equally divided vote,Respondent/Appellee won (petitioning party did not receive a favorable disposition)
2024,1710,24-394,OKLAHOMA STATEWIDE CHARTER SCHOOL BOARD v. DRUMMOND,5/22/2025,ACBarrett,,Respondent/Appellee won (petitioning party did not receive a favorable disposition)
2024,1710,24-394,OKLAHOMA STATEWIDE CHARTER SCHOOL BOARD v. DRUMMOND,5/22/2025,KBJackson,Equally divided vote,Respondent/Appellee won (petitioning party did not receive a favorable disposition)
2024,1710,24A884,"TRUMP, PRESIDENT OF THE UNITED STATES v. CASA, INC.",6/27/2025,JGRoberts,Majority or plurality,Petitioner/Appellant won (petitioning party received a favorable disposition)
2024,1710,24A884,"TRUMP, PRESIDENT OF THE UNITED STATES v. CASA, INC.",6/27/2025,CThomas,Regular concurrence,Petitioner/Appellant won (petitioning party received a favorable disposition)
2024,1710,24A884,"TRUMP, PRESIDENT OF THE UNITED STATES v. CASA, INC.",6/27/2025,SAAlito,Regular concurrence,Petitioner/Appellant won (petitioning party received a favorable disposition)
2024,1710,24A884,"TRUMP, PRESIDENT OF THE UNITED STATES v. CASA, INC.",6/27/2025,SSotomayor,Dissent,Petitioner/Appellant won (petitioning party received a favorable disposition)
2024,1710,24A884,"TRUMP, PRESIDENT OF THE UNITED STATES v. CASA, INC.",6/27/2025,EKagan,Dissent,Petitioner/Appellant won (petitioning party received a favorable disposition)
2024,1710,24A884,"TRUMP, PRESIDENT OF THE UNITED STATES v. CASA, INC.",6/27/2025,NMGorsuch,Regular concurrence,Petitioner/Appellant won (petitioning party received a favorable disposition)
2024,1710,24A884,"TRUMP, PRESIDENT OF THE UNITED STATES v. CASA, INC.",6/27/2025,BMKavanaugh,Regular concurrence,Petitioner/Appellant won (petitioning party received a favorable disposition)
2024,1710,24A884,"TRUMP, PRESIDENT OF THE UNITED STATES v. CASA, INC.",6/27/2025,ACBarrett,Majority or plurality,Petitioner/Appellant won (petitioning party received a favorable disposition)
2024,1710,24A884,"TRUMP, PRESIDENT OF THE UNITED STATES v. CASA, INC.",6/27/2025,KBJackson,Dissent,Petitioner/Appellant won (petitioning party received a favorable disposition)
2024,1710,23-167,HAMM v. SMITH,11/4/2024,JGRoberts,Majority or plurality,Petitioner/Appellant won (petitioning party received a favorable disposition)
2024,1710,23-167,HAMM v. SMITH,11/4/2024,CThomas,Dissent,Petitioner/Appellant won (petitioning party received a favorable disposition)
2024,1710,23-167,HAMM v. SMITH,11/4/2024,SAAlito,Majority or plurality,Petitioner/Appellant won (petitioning party received a favorable disposition)
2024,1710,23-167,HAMM v. SMITH,11/4/2024,SSotomayor,Majority or plurality,Petitioner/Appellant won (petitioning party received a favorable disposition)
2024,1710,23-167,HAMM v. SMITH,11/4/2024,EKagan,Majority or plurality,Petitioner/Appellant won (petitioning party received a favorable disposition)
2024,1710,23-167,HAMM v. SMITH,11/4/2024,NMGorsuch,Dissent,Petitioner/Appellant won (petitioning party received a favorable disposition)
2024,1710,23-167,HAMM v. SMITH,11/4/2024,BMKavanaugh,Majority or plurality,Petitioner/Appellant won (petitioning party received a favorable disposition)
2024,1710,23-167,HAMM v. SMITH,11/4/2024,ACBarrett,Majority or plurality,Petitioner/Appellant won (petitioning party received a favorable disposition)
2024,1710,23-167,HAMM v. SMITH,11/4/2024,KBJackson,Majority or plurality,Petitioner/Appellant won (petitioning party received a favorable disposition)
2024,1710,23-6573,ANDREW v. WHITE,1/21/2025,JGRoberts,Majority or plurality,Petitioner/Appellant won (petitioning party received a favorable disposition)
2024,1710,23-6573,ANDREW v. WHITE,1/21/2025,CThomas,Dissent,Petitioner/Appellant won (petitioning party received a favorable disposition)
2024,1710,23-6573,ANDREW v. WHITE,1/21/2025,SAAlito,Special concurrence,Petitioner/Appellant won (petitioning party received a favorable disposition)
2024,1710,23-6573,ANDREW v. WHITE,1/21/2025,SSotomayor,Majority or plurality,Petitioner/Appellant won (petitioning party received a favorable disposition)
2024,1710,23-6573,ANDREW v. WHITE,1/21/2025,EKagan,Majority or plurality,Petitioner/Appellant won (petitioning party received a favorable disposition)
2024,1710,23-6573,ANDREW v. WHITE,1/21/2025,NMGorsuch,Dissent,Petitioner/Appellant won (petitioning party received a favorable disposition)
2024,1710,23-6573,ANDREW v. WHITE,1/21/2025,BMKavanaugh,Majority or plurality,Petitioner/Appellant won (petitioning party received a favorable disposition)
2024,1710,23-6573,ANDREW v. WHITE,1/21/2025,ACBarrett,Majority or plurality,Petitioner/Appellant won (petitioning party received a favorable disposition)
2024,1710,23-6573,ANDREW v. WHITE,1/21/2025,KBJackson,Majority or plurality,Petitioner/Appellant won (petitioning party received a favorable disposition)
2024,1710,24-809,GOLDEY v. FIELDS,6/30/2025,JGRoberts,Majority or plurality,Petitioner/Appellant won (petitioning party received a favorable disposition)
2024,1710,24-809,GOLDEY v. FIELDS,6/30/2025,CThomas,Majority or plurality,Petitioner/Appellant won (petitioning party received a favorable disposition)
2024,1710,24-809,GOLDEY v. FIELDS,6/30/2025,SAAlito,Majority or plurality,Petitioner/Appellant won (petitioning party received a favorable disposition)
2024,1710,24-809,GOLDEY v. FIELDS,6/30/2025,SSotomayor,Majority or plurality,Petitioner/Appellant won (petitioning party received a favorable disposition)
2024,1710,24-809,GOLDEY v. FIELDS,6/30/2025,EKagan,Majority or plurality,Petitioner/Appellant won (petitioning party received a favorable disposition)
2024,1710,24-809,GOLDEY v. FIELDS,6/30/2025,NMGorsuch,Majority or plurality,Petitioner/Appellant won (petitioning party received a favorable disposition)
2024,1710,24-809,GOLDEY v. FIELDS,6/30/2025,BMKavanaugh,Majority or plurality,Petitioner/Appellant won (petitioning party received a favorable disposition)
2024,1710,24-809,GOLDEY v. FIELDS,6/30/2025,ACBarrett,Majority or plurality,Petitioner/Appellant won (petitioning party received a favorable disposition)
2024,1710,24-809,GOLDEY v. FIELDS,6/30/2025,KBJackson,Majority or plurality,Petitioner/Appellant won (petitioning party received a favorable disposition)